Workbook

Sheet Links
A1: Links e IMPORTRANGE
A2: Pegar en B el link de cada Google Sheet. La primera vez, tocar la primera celda de cada bloque y «Permitir acceso». Todos los IMPORTRANGE del libro están en esta hoja; las demás la leen.
A3: Archivo | B3: Link | G3: Qué se importa | M3: Estado
A4: Proyecciones | B4: https://docs.google.com/spreadsheets/d/1xc4xDAwSYT3l-RulPYtcePxiCninrbQGzaBUsgO0YEs/edit?gid=1764491891#gid=1764491891 | G4: Indexado Dim Técnico B27:K43, U61:U74, V61 y V63 | M4: =IF(ISERROR(B12),"Falta el link o «Permitir acceso»","OK") -> OK
A5: Aprovechamiento Manuales | B5: PEGAR ACÁ EL LINK DEL GOOGLE SHEET | G5: parametros_manuales K33, K34, K39, K40, K41 y K43 (equivalencia del rodante) | M5: =IF(ISERROR(B65),"Falta el link o «Permitir acceso»","OK") -> OK
A6: Aprovechamiento Carros | B6: PEGAR ACÁ EL LINK DEL GOOGLE SHEET | G6: parametros_carros I29, I30, I33 e I34 (equivalencia del rodante) | M6: =IF(ISERROR(B68),"Falta el link o «Permitir acceso»","OK") -> OK
A7: MRP (FLAMA_MRP) | B7: PEGAR ACÁ EL LINK DEL GOOGLE SHEET | G7: ESTACIONALIDAD C4:N6 (llegada de los sustitutos ABC nuevos) | M7: =IF(ISERROR(B54),"Falta el link o «Permitir acceso»","OK") -> OK
A10: Proyecciones · Indexado Dim Técnico!B27:K43: recargas por tipo
B11: 2026 | C11: 2027 | D11: 2028 | E11: 2029 | F11: 2030 | G11: 2031 | H11: 2032 | I11: 2033 | J11: 2034 | K11: 2035
A12: ABC 1 kg | B12: =IFERROR(__xludf.DUMMYFUNCTION("IMPORTRANGE(Links!$B$4,""Indexado Dim Técnico!B27:K43"")"),3477.482124) -> 3477.4821 | C12: =IFERROR(__xludf.DUMMYFUNCTION("""COMPUTED_VALUE"""),16970.58564) -> 16970.586 | D12: =IFERROR(__xludf.DUMMYFUNCTION("""COMPUTED_VALUE"""),30546.08951) -> 30546.09 | E12: =IFERROR(__xludf.DUMMYFUNCTION("""COMPUTED_VALUE"""),56048.31106) -> 56048.311 | F12: =IFERROR(__xludf.DUMMYFUNCTION("""COMPUTED_VALUE"""),84270.22613) -> 84270.226 | G12: =IFERROR(__xludf.DUMMYFUNCTION("""COMPUTED_VALUE"""),117407.8231) -> 117407.82 | H12: =IFERROR(__xludf.DUMMYFUNCTION("""COMPUTED_VALUE"""),147610.6356) -> 147610.64 | I12: =IFERROR(__xludf.DUMMYFUNCTION("""COMPUTED_VALUE"""),171404.3607) -> 171404.36 | J12: =IFERROR(__xludf.DUMMYFUNCTION("""COMPUTED_VALUE"""),183690.566) -> 183690.57 | K12: =IFERROR(__xludf.DUMMYFUNCTION("""COMPUTED_VALUE"""),196282.6907) -> 196282.69
A13: ABC 2,5 kg | B13: =IFERROR(__xludf.DUMMYFUNCTION("""COMPUTED_VALUE"""),329.996668) -> 329.99667 | C13: =IFERROR(__xludf.DUMMYFUNCTION("""COMPUTED_VALUE"""),1287.414024) -> 1287.414 | D13: =IFERROR(__xludf.DUMMYFUNCTION("""COMPUTED_VALUE"""),2947.169216) -> 2947.1692 | E13: =IFERROR(__xludf.DUMMYFUNCTION("""COMPUTED_VALUE"""),5426.043269) -> 5426.0433 | F13: =IFERROR(__xludf.DUMMYFUNCTION("""COMPUTED_VALUE"""),7850.875806) -> 7850.8758 | G13: =IFERROR(__xludf.DUMMYFUNCTION("""COMPUTED_VALUE"""),10423.94365) -> 10423.944 | H13: =IFERROR(__xludf.DUMMYFUNCTION("""COMPUTED_VALUE"""),12809.89571) -> 12809.896 | I13: =IFERROR(__xludf.DUMMYFUNCTION("""COMPUTED_VALUE"""),14263.06831) -> 14263.068 | J13: =IFERROR(__xludf.DUMMYFUNCTION("""COMPUTED_VALUE"""),15432.86983) -> 15432.87 | K13: =IFERROR(__xludf.DUMMYFUNCTION("""COMPUTED_VALUE"""),16620.76117) -> 16620.761
A14: ABC 5 kg | B14: =IFERROR(__xludf.DUMMYFUNCTION("""COMPUTED_VALUE"""),1950.394097) -> 1950.3941 | C14: =IFERROR(__xludf.DUMMYFUNCTION("""COMPUTED_VALUE"""),7852.61852) -> 7852.6185 | D14: =IFERROR(__xludf.DUMMYFUNCTION("""COMPUTED_VALUE"""),17775.85701) -> 17775.857 | E14: =IFERROR(__xludf.DUMMYFUNCTION("""COMPUTED_VALUE"""),33605.56835) -> 33605.568 | F14: =IFERROR(__xludf.DUMMYFUNCTION("""COMPUTED_VALUE"""),48407.57189) -> 48407.572 | G14: =IFERROR(__xludf.DUMMYFUNCTION("""COMPUTED_VALUE"""),64323.04276) -> 64323.043 | H14: =IFERROR(__xludf.DUMMYFUNCTION("""COMPUTED_VALUE"""),78721.10039) -> 78721.1 | I14: =IFERROR(__xludf.DUMMYFUNCTION("""COMPUTED_VALUE"""),87237.2124) -> 87237.212 | J14: =IFERROR(__xludf.DUMMYFUNCTION("""COMPUTED_VALUE"""),94103.66761) -> 94103.668 | K14: =IFERROR(__xludf.DUMMYFUNCTION("""COMPUTED_VALUE"""),101095.1762) -> 101095.18
A15: ABC 10 kg | B15: =IFERROR(__xludf.DUMMYFUNCTION("""COMPUTED_VALUE"""),118.343632) -> 118.34363 | C15: =IFERROR(__xludf.DUMMYFUNCTION("""COMPUTED_VALUE"""),437.716578) -> 437.71658 | D15: =IFERROR(__xludf.DUMMYFUNCTION("""COMPUTED_VALUE"""),1024.974821) -> 1024.9748 | E15: =IFERROR(__xludf.DUMMYFUNCTION("""COMPUTED_VALUE"""),1960.409862) -> 1960.4099 | F15: =IFERROR(__xludf.DUMMYFUNCTION("""COMPUTED_VALUE"""),2844.976846) -> 2844.9768 | G15: =IFERROR(__xludf.DUMMYFUNCTION("""COMPUTED_VALUE"""),3810.390622) -> 3810.3906 | H15: =IFERROR(__xludf.DUMMYFUNCTION("""COMPUTED_VALUE"""),4663.67807) -> 4663.6781 | I15: =IFERROR(__xludf.DUMMYFUNCTION("""COMPUTED_VALUE"""),5164.514584) -> 5164.5146 | J15: =IFERROR(__xludf.DUMMYFUNCTION("""COMPUTED_VALUE"""),5571.544328) -> 5571.5443 | K15: =IFERROR(__xludf.DUMMYFUNCTION("""COMPUTED_VALUE"""),5985.950855) -> 5985.9509
A16: Agua 10 l | B16: =IFERROR(__xludf.DUMMYFUNCTION("""COMPUTED_VALUE"""),159.308736) -> 159.30874 | C16: =IFERROR(__xludf.DUMMYFUNCTION("""COMPUTED_VALUE"""),643.423542) -> 643.42354 | D16: =IFERROR(__xludf.DUMMYFUNCTION("""COMPUTED_VALUE"""),1474.362741) -> 1474.3627 | E16: =IFERROR(__xludf.DUMMYFUNCTION("""COMPUTED_VALUE"""),2766.451205) -> 2766.4512 | F16: =IFERROR(__xludf.DUMMYFUNCTION("""COMPUTED_VALUE"""),3991.465221) -> 3991.4652 | G16: =IFERROR(__xludf.DUMMYFUNCTION("""COMPUTED_VALUE"""),5335.75578) -> 5335.7558 | H16: =IFERROR(__xludf.DUMMYFUNCTION("""COMPUTED_VALUE"""),6538.958887) -> 6538.9589 | I16: =IFERROR(__xludf.DUMMYFUNCTION("""COMPUTED_VALUE"""),7269.819681) -> 7269.8197 | J16: =IFERROR(__xludf.DUMMYFUNCTION("""COMPUTED_VALUE"""),7855.44139) -> 7855.4414 | K16: =IFERROR(__xludf.DUMMYFUNCTION("""COMPUTED_VALUE"""),8450.814081) -> 8450.8141
A17: AFFF 10 l | B17: =IFERROR(__xludf.DUMMYFUNCTION("""COMPUTED_VALUE"""),22.758391) -> 22.758391 | C17: =IFERROR(__xludf.DUMMYFUNCTION("""COMPUTED_VALUE"""),161.315751) -> 161.31575 | D17: =IFERROR(__xludf.DUMMYFUNCTION("""COMPUTED_VALUE"""),316.607276) -> 316.60728 | E17: =IFERROR(__xludf.DUMMYFUNCTION("""COMPUTED_VALUE"""),527.39462) -> 527.39462 | F17: =IFERROR(__xludf.DUMMYFUNCTION("""COMPUTED_VALUE"""),743.788946) -> 743.78895 | G17: =IFERROR(__xludf.DUMMYFUNCTION("""COMPUTED_VALUE"""),962.874335) -> 962.87433 | H17: =IFERROR(__xludf.DUMMYFUNCTION("""COMPUTED_VALUE"""),1194.942207) -> 1194.9422 | I17: =IFERROR(__xludf.DUMMYFUNCTION("""COMPUTED_VALUE"""),1351.617183) -> 1351.6172 | J17: =IFERROR(__xludf.DUMMYFUNCTION("""COMPUTED_VALUE"""),1477.54886) -> 1477.5489 | K17: =IFERROR(__xludf.DUMMYFUNCTION("""COMPUTED_VALUE"""),1604.441422) -> 1604.4414
A18: AFFF 50 l s/ruedas | B18: =IFERROR(__xludf.DUMMYFUNCTION("""COMPUTED_VALUE"""),11.379195) -> 11.379195 | C18: =IFERROR(__xludf.DUMMYFUNCTION("""COMPUTED_VALUE"""),83.22352) -> 83.22352 | D18: =IFERROR(__xludf.DUMMYFUNCTION("""COMPUTED_VALUE"""),164.463834) -> 164.46383 | E18: =IFERROR(__xludf.DUMMYFUNCTION("""COMPUTED_VALUE"""),281.341145) -> 281.34114 | F18: =IFERROR(__xludf.DUMMYFUNCTION("""COMPUTED_VALUE"""),398.902509) -> 398.90251 | G18: =IFERROR(__xludf.DUMMYFUNCTION("""COMPUTED_VALUE"""),514.527284) -> 514.52728 | H18: =IFERROR(__xludf.DUMMYFUNCTION("""COMPUTED_VALUE"""),629.065505) -> 629.06551 | I18: =IFERROR(__xludf.DUMMYFUNCTION("""COMPUTED_VALUE"""),711.178024) -> 711.17802 | J18: =IFERROR(__xludf.DUMMYFUNCTION("""COMPUTED_VALUE"""),773.41098) -> 773.41098 | K18: =IFERROR(__xludf.DUMMYFUNCTION("""COMPUTED_VALUE"""),836.350805) -> 836.35081
A19: BC 5 kg | B19: =IFERROR(__xludf.DUMMYFUNCTION("""COMPUTED_VALUE"""),6.827517) -> 6.827517 | C19: =IFERROR(__xludf.DUMMYFUNCTION("""COMPUTED_VALUE"""),47.073112) -> 47.073112 | D19: =IFERROR(__xludf.DUMMYFUNCTION("""COMPUTED_VALUE"""),88.889676) -> 88.889676 | E19: =IFERROR(__xludf.DUMMYFUNCTION("""COMPUTED_VALUE"""),159.502491) -> 159.50249 | F19: =IFERROR(__xludf.DUMMYFUNCTION("""COMPUTED_VALUE"""),219.796202) -> 219.7962 | G19: =IFERROR(__xludf.DUMMYFUNCTION("""COMPUTED_VALUE"""),291.869853) -> 291.86985 | H19: =IFERROR(__xludf.DUMMYFUNCTION("""COMPUTED_VALUE"""),368.844169) -> 368.84417 | I19: =IFERROR(__xludf.DUMMYFUNCTION("""COMPUTED_VALUE"""),408.408953) -> 408.40895 | J19: =IFERROR(__xludf.DUMMYFUNCTION("""COMPUTED_VALUE"""),445.781944) -> 445.78194 | K19: =IFERROR(__xludf.DUMMYFUNCTION("""COMPUTED_VALUE"""),483.479203) -> 483.4792
A20: Sales K 6 l | B20: =IFERROR(__xludf.DUMMYFUNCTION("""COMPUTED_VALUE"""),81.930207) -> 81.930207 | C20: =IFERROR(__xludf.DUMMYFUNCTION("""COMPUTED_VALUE"""),335.398855) -> 335.39886 | D20: =IFERROR(__xludf.DUMMYFUNCTION("""COMPUTED_VALUE"""),746.598352) -> 746.59835 | E20: =IFERROR(__xludf.DUMMYFUNCTION("""COMPUTED_VALUE"""),1358.899837) -> 1358.8998 | F20: =IFERROR(__xludf.DUMMYFUNCTION("""COMPUTED_VALUE"""),1961.125522) -> 1961.1255 | G20: =IFERROR(__xludf.DUMMYFUNCTION("""COMPUTED_VALUE"""),2598.541412) -> 2598.5414 | H20: =IFERROR(__xludf.DUMMYFUNCTION("""COMPUTED_VALUE"""),3197.263477) -> 3197.2635 | I20: =IFERROR(__xludf.DUMMYFUNCTION("""COMPUTED_VALUE"""),3578.539452) -> 3578.5395 | J20: =IFERROR(__xludf.DUMMYFUNCTION("""COMPUTED_VALUE"""),3870.747997) -> 3870.748 | K20: =IFERROR(__xludf.DUMMYFUNCTION("""COMPUTED_VALUE"""),4167.559622) -> 4167.5596
A21: CO₂ 2 kg | B21: =IFERROR(__xludf.DUMMYFUNCTION("""COMPUTED_VALUE"""),450.616139) -> 450.61614 | C21: =IFERROR(__xludf.DUMMYFUNCTION("""COMPUTED_VALUE"""),1697.18149) -> 1697.1815 | D21: =IFERROR(__xludf.DUMMYFUNCTION("""COMPUTED_VALUE"""),3955.196858) -> 3955.1969 | E21: =IFERROR(__xludf.DUMMYFUNCTION("""COMPUTED_VALUE"""),7561.26033) -> 7561.2603 | F21: =IFERROR(__xludf.DUMMYFUNCTION("""COMPUTED_VALUE"""),10920.14481) -> 10920.145 | G21: =IFERROR(__xludf.DUMMYFUNCTION("""COMPUTED_VALUE"""),14514.88522) -> 14514.885 | H21: =IFERROR(__xludf.DUMMYFUNCTION("""COMPUTED_VALUE"""),17746.49927) -> 17746.499 | I21: =IFERROR(__xludf.DUMMYFUNCTION("""COMPUTED_VALUE"""),19617.20546) -> 19617.205 | J21: =IFERROR(__xludf.DUMMYFUNCTION("""COMPUTED_VALUE"""),21161.80625) -> 21161.806 | K21: =IFERROR(__xludf.DUMMYFUNCTION("""COMPUTED_VALUE"""),22734.50171) -> 22734.502
A22: CO₂ 5 kg | B22: =IFERROR(__xludf.DUMMYFUNCTION("""COMPUTED_VALUE"""),125.17115) -> 125.17115 | C22: =IFERROR(__xludf.DUMMYFUNCTION("""COMPUTED_VALUE"""),643.630371) -> 643.63037 | D22: =IFERROR(__xludf.DUMMYFUNCTION("""COMPUTED_VALUE"""),1375.626719) -> 1375.6267 | E22: =IFERROR(__xludf.DUMMYFUNCTION("""COMPUTED_VALUE"""),2460.284265) -> 2460.2843 | F22: =IFERROR(__xludf.DUMMYFUNCTION("""COMPUTED_VALUE"""),3545.257683) -> 3545.2577 | G22: =IFERROR(__xludf.DUMMYFUNCTION("""COMPUTED_VALUE"""),4723.461784) -> 4723.4618 | H22: =IFERROR(__xludf.DUMMYFUNCTION("""COMPUTED_VALUE"""),5853.905178) -> 5853.9052 | I22: =IFERROR(__xludf.DUMMYFUNCTION("""COMPUTED_VALUE"""),6608.459909) -> 6608.4599 | J22: =IFERROR(__xludf.DUMMYFUNCTION("""COMPUTED_VALUE"""),7185.708397) -> 7185.7084 | K22: =IFERROR(__xludf.DUMMYFUNCTION("""COMPUTED_VALUE"""),7769.577127) -> 7769.5771
A23: HCFC/HFC 5 kg | B23: =IFERROR(__xludf.DUMMYFUNCTION("""COMPUTED_VALUE"""),18.206713) -> 18.206713 | C23: =IFERROR(__xludf.DUMMYFUNCTION("""COMPUTED_VALUE"""),112.075122) -> 112.07512 | D23: =IFERROR(__xludf.DUMMYFUNCTION("""COMPUTED_VALUE"""),230.854041) -> 230.85404 | E23: =IFERROR(__xludf.DUMMYFUNCTION("""COMPUTED_VALUE"""),400.715334) -> 400.71533 | F23: =IFERROR(__xludf.DUMMYFUNCTION("""COMPUTED_VALUE"""),574.507789) -> 574.50779 | G23: =IFERROR(__xludf.DUMMYFUNCTION("""COMPUTED_VALUE"""),754.345623) -> 754.34562 | H23: =IFERROR(__xludf.DUMMYFUNCTION("""COMPUTED_VALUE"""),944.84884) -> 944.84884 | I23: =IFERROR(__xludf.DUMMYFUNCTION("""COMPUTED_VALUE"""),1072.234671) -> 1072.2347 | J23: =IFERROR(__xludf.DUMMYFUNCTION("""COMPUTED_VALUE"""),1171.695753) -> 1171.6958 | K23: =IFERROR(__xludf.DUMMYFUNCTION("""COMPUTED_VALUE"""),1271.941099) -> 1271.9411
A24: Clase D 9 l | B24: =IFERROR(__xludf.DUMMYFUNCTION("""COMPUTED_VALUE"""),6.827517) -> 6.827517 | C24: =IFERROR(__xludf.DUMMYFUNCTION("""COMPUTED_VALUE"""),47.073112) -> 47.073112 | D24: =IFERROR(__xludf.DUMMYFUNCTION("""COMPUTED_VALUE"""),88.889676) -> 88.889676 | E24: =IFERROR(__xludf.DUMMYFUNCTION("""COMPUTED_VALUE"""),148.279182) -> 148.27918 | F24: =IFERROR(__xludf.DUMMYFUNCTION("""COMPUTED_VALUE"""),205.226053) -> 205.22605 | G24: =IFERROR(__xludf.DUMMYFUNCTION("""COMPUTED_VALUE"""),255.765145) -> 255.76514 | H24: =IFERROR(__xludf.DUMMYFUNCTION("""COMPUTED_VALUE"""),328.417902) -> 328.4179 | I24: =IFERROR(__xludf.DUMMYFUNCTION("""COMPUTED_VALUE"""),366.908071) -> 366.90807 | J24: =IFERROR(__xludf.DUMMYFUNCTION("""COMPUTED_VALUE"""),401.681707) -> 401.68171 | K24: =IFERROR(__xludf.DUMMYFUNCTION("""COMPUTED_VALUE"""),436.686782) -> 436.68678
A25: ABC 25 kg s/ruedas | B25: =IFERROR(__xludf.DUMMYFUNCTION("""COMPUTED_VALUE"""),17.637753) -> 17.637753 | C25: =IFERROR(__xludf.DUMMYFUNCTION("""COMPUTED_VALUE"""),85.987819) -> 85.987819 | D25: =IFERROR(__xludf.DUMMYFUNCTION("""COMPUTED_VALUE"""),186.869567) -> 186.86957 | E25: =IFERROR(__xludf.DUMMYFUNCTION("""COMPUTED_VALUE"""),336.583621) -> 336.58362 | F25: =IFERROR(__xludf.DUMMYFUNCTION("""COMPUTED_VALUE"""),484.132598) -> 484.1326 | G25: =IFERROR(__xludf.DUMMYFUNCTION("""COMPUTED_VALUE"""),643.220385) -> 643.22038 | H25: =IFERROR(__xludf.DUMMYFUNCTION("""COMPUTED_VALUE"""),792.431742) -> 792.43174 | I25: =IFERROR(__xludf.DUMMYFUNCTION("""COMPUTED_VALUE"""),889.677707) -> 889.67771 | J25: =IFERROR(__xludf.DUMMYFUNCTION("""COMPUTED_VALUE"""),965.31111) -> 965.31111 | K25: =IFERROR(__xludf.DUMMYFUNCTION("""COMPUTED_VALUE"""),1041.939702) -> 1041.9397
A26: ABC 50 kg s/ruedas | B26: =IFERROR(__xludf.DUMMYFUNCTION("""COMPUTED_VALUE"""),38.803056) -> 38.803056 | C26: =IFERROR(__xludf.DUMMYFUNCTION("""COMPUTED_VALUE"""),189.173203) -> 189.1732 | D26: =IFERROR(__xludf.DUMMYFUNCTION("""COMPUTED_VALUE"""),411.113048) -> 411.11305 | E26: =IFERROR(__xludf.DUMMYFUNCTION("""COMPUTED_VALUE"""),740.483966) -> 740.48397 | F26: =IFERROR(__xludf.DUMMYFUNCTION("""COMPUTED_VALUE"""),1065.091715) -> 1065.0917 | G26: =IFERROR(__xludf.DUMMYFUNCTION("""COMPUTED_VALUE"""),1415.084848) -> 1415.0848 | H26: =IFERROR(__xludf.DUMMYFUNCTION("""COMPUTED_VALUE"""),1743.349833) -> 1743.3498 | I26: =IFERROR(__xludf.DUMMYFUNCTION("""COMPUTED_VALUE"""),1957.290955) -> 1957.291 | J26: =IFERROR(__xludf.DUMMYFUNCTION("""COMPUTED_VALUE"""),2123.684441) -> 2123.6844 | K26: =IFERROR(__xludf.DUMMYFUNCTION("""COMPUTED_VALUE"""),2292.267343) -> 2292.2673
A27: ABC 70 kg s/ruedas | B27: =IFERROR(__xludf.DUMMYFUNCTION("""COMPUTED_VALUE"""),8.466121) -> 8.466121 | C27: =IFERROR(__xludf.DUMMYFUNCTION("""COMPUTED_VALUE"""),41.274153) -> 41.274153 | D27: =IFERROR(__xludf.DUMMYFUNCTION("""COMPUTED_VALUE"""),89.697392) -> 89.697392 | E27: =IFERROR(__xludf.DUMMYFUNCTION("""COMPUTED_VALUE"""),161.560138) -> 161.56014 | F27: =IFERROR(__xludf.DUMMYFUNCTION("""COMPUTED_VALUE"""),232.383647) -> 232.38365 | G27: =IFERROR(__xludf.DUMMYFUNCTION("""COMPUTED_VALUE"""),308.745785) -> 308.74579 | H27: =IFERROR(__xludf.DUMMYFUNCTION("""COMPUTED_VALUE"""),380.367236) -> 380.36724 | I27: =IFERROR(__xludf.DUMMYFUNCTION("""COMPUTED_VALUE"""),427.045299) -> 427.0453 | J27: =IFERROR(__xludf.DUMMYFUNCTION("""COMPUTED_VALUE"""),463.349333) -> 463.34933 | K27: =IFERROR(__xludf.DUMMYFUNCTION("""COMPUTED_VALUE"""),500.131057) -> 500.13106
A28: ABC 100 kg s/ruedas | B28: =IFERROR(__xludf.DUMMYFUNCTION("""COMPUTED_VALUE"""),5.644081) -> 5.644081 | C28: =IFERROR(__xludf.DUMMYFUNCTION("""COMPUTED_VALUE"""),27.516102) -> 27.516102 | D28: =IFERROR(__xludf.DUMMYFUNCTION("""COMPUTED_VALUE"""),59.798262) -> 59.798262 | E28: =IFERROR(__xludf.DUMMYFUNCTION("""COMPUTED_VALUE"""),107.706759) -> 107.70676 | F28: =IFERROR(__xludf.DUMMYFUNCTION("""COMPUTED_VALUE"""),154.922431) -> 154.92243 | G28: =IFERROR(__xludf.DUMMYFUNCTION("""COMPUTED_VALUE"""),205.830523) -> 205.83052 | H28: =IFERROR(__xludf.DUMMYFUNCTION("""COMPUTED_VALUE"""),253.578158) -> 253.57816 | I28: =IFERROR(__xludf.DUMMYFUNCTION("""COMPUTED_VALUE"""),284.696866) -> 284.69687 | J28: =IFERROR(__xludf.DUMMYFUNCTION("""COMPUTED_VALUE"""),308.899555) -> 308.89956 | K28: =IFERROR(__xludf.DUMMYFUNCTION("""COMPUTED_VALUE"""),333.420704) -> 333.4207
A30: Proyecciones · Indexado Dim Técnico!U61:U74: % de recargas por zona 2035
A31: CABA Norte | B31: =IFERROR(__xludf.DUMMYFUNCTION("IMPORTRANGE(Links!$B$4,""Indexado Dim Técnico!U61:U74"")"),0.0521797399) -> 0.05217974
A32: CABA Este | B32: =IFERROR(__xludf.DUMMYFUNCTION("""COMPUTED_VALUE"""),0.0798836162) -> 0.079883616
A33: CABA Sur | B33: =IFERROR(__xludf.DUMMYFUNCTION("""COMPUTED_VALUE"""),0.059817286) -> 0.059817286
A34: CABA Oeste | B34: =IFERROR(__xludf.DUMMYFUNCTION("""COMPUTED_VALUE"""),0.0637650712) -> 0.063765071
A35: PBA Sur 1er (Avellaneda) | B35: =IFERROR(__xludf.DUMMYFUNCTION("""COMPUTED_VALUE"""),0.0676801452) -> 0.067680145
A36: PBA Sur 2do cordón | B36: =IFERROR(__xludf.DUMMYFUNCTION("""COMPUTED_VALUE"""),0.0932172985) -> 0.093217299
A37: PBA Sur 3er cordón | B37: =IFERROR(__xludf.DUMMYFUNCTION("""COMPUTED_VALUE"""),0.0675217758) -> 0.067521776
A38: PBA Norte 1er cordón | B38: =IFERROR(__xludf.DUMMYFUNCTION("""COMPUTED_VALUE"""),0.0533558834) -> 0.053355883
A39: PBA Norte 2do cordón | B39: =IFERROR(__xludf.DUMMYFUNCTION("""COMPUTED_VALUE"""),0.0885682049) -> 0.088568205
A40: PBA Norte 3er cordón | B40: =IFERROR(__xludf.DUMMYFUNCTION("""COMPUTED_VALUE"""),0.0471361107) -> 0.047136111
A41: PBA Oeste 1er cordón | B41: =IFERROR(__xludf.DUMMYFUNCTION("""COMPUTED_VALUE"""),0.0848900664) -> 0.084890066
A42: PBA Oeste 2do cordón | B42: =IFERROR(__xludf.DUMMYFUNCTION("""COMPUTED_VALUE"""),0.0672643024) -> 0.067264302
A43: PBA Oeste 3er cordón | B43: =IFERROR(__xludf.DUMMYFUNCTION("""COMPUTED_VALUE"""),0.0174767438) -> 0.017476744
A44: PBA Interior | B44: =IFERROR(__xludf.DUMMYFUNCTION("""COMPUTED_VALUE"""),0.1572437555) -> 0.15724376
A46: Proyecciones · Indexado Dim Técnico!V61: % de recargas de la planta comercial
A47: Comercial | B47: =IFERROR(__xludf.DUMMYFUNCTION("IMPORTRANGE(Links!$B$4,""Indexado Dim Técnico!V61"")"),0.5545197389) -> 0.55451974
A49: Proyecciones · Indexado Dim Técnico!V63: % de recargas de la planta industrial
A50: Industrial | B50: =IFERROR(__xludf.DUMMYFUNCTION("IMPORTRANGE(Links!$B$4,""Indexado Dim Técnico!V63"")"),0.2882365055) -> 0.28823651
A52: MRP (FLAMA_MRP) · ESTACIONALIDAD!C4:N4: E01 automotor (1 kg)
B53: Ene | C53: Feb | D53: Mar | E53: Abr | F53: May | G53: Jun | H53: Jul | I53: Ago | J53: Sep | K53: Oct | L53: Nov | M53: Dic
A54: E01 automotor (1 kg) | B54: =IFERROR(__xludf.DUMMYFUNCTION("IMPORTRANGE(Links!$B$7,""ESTACIONALIDAD!C4:N4"")"),0.12) -> 0.12 | C54: =IFERROR(__xludf.DUMMYFUNCTION("""COMPUTED_VALUE"""),0.09) -> 0.09 | D54: =IFERROR(__xludf.DUMMYFUNCTION("""COMPUTED_VALUE"""),0.08) -> 0.08 | E54: =IFERROR(__xludf.DUMMYFUNCTION("""COMPUTED_VALUE"""),0.075) -> 0.075 | F54: =IFERROR(__xludf.DUMMYFUNCTION("""COMPUTED_VALUE"""),0.07) -> 0.07 | G54: =IFERROR(__xludf.DUMMYFUNCTION("""COMPUTED_VALUE"""),0.07) -> 0.07 | H54: =IFERROR(__xludf.DUMMYFUNCTION("""COMPUTED_VALUE"""),0.075) -> 0.075 | I54: =IFERROR(__xludf.DUMMYFUNCTION("""COMPUTED_VALUE"""),0.075) -> 0.075 | J54: =IFERROR(__xludf.DUMMYFUNCTION("""COMPUTED_VALUE"""),0.075) -> 0.075 | K54: =IFERROR(__xludf.DUMMYFUNCTION("""COMPUTED_VALUE"""),0.075) -> 0.075 | L54: =IFERROR(__xludf.DUMMYFUNCTION("""COMPUTED_VALUE"""),0.075) -> 0.075 | M54: =IFERROR(__xludf.DUMMYFUNCTION("""COMPUTED_VALUE"""),0.12) -> 0.12
A56: MRP (FLAMA_MRP) · ESTACIONALIDAD!C5:N5: E02 manual comercial (2,5 a 10 kg)
B57: Ene | C57: Feb | D57: Mar | E57: Abr | F57: May | G57: Jun | H57: Jul | I57: Ago | J57: Sep | K57: Oct | L57: Nov | M57: Dic
A58: E02 manual comercial (2,5 a 10 kg) | B58: =IFERROR(__xludf.DUMMYFUNCTION("IMPORTRANGE(Links!$B$7,""ESTACIONALIDAD!C5:N5"")"),0.1) -> 0.1 | C58: =IFERROR(__xludf.DUMMYFUNCTION("""COMPUTED_VALUE"""),0.08) -> 0.08 | D58: =IFERROR(__xludf.DUMMYFUNCTION("""COMPUTED_VALUE"""),0.085) -> 0.085 | E58: =IFERROR(__xludf.DUMMYFUNCTION("""COMPUTED_VALUE"""),0.085) -> 0.085 | F58: =IFERROR(__xludf.DUMMYFUNCTION("""COMPUTED_VALUE"""),0.08) -> 0.08 | G58: =IFERROR(__xludf.DUMMYFUNCTION("""COMPUTED_VALUE"""),0.075) -> 0.075 | H58: =IFERROR(__xludf.DUMMYFUNCTION("""COMPUTED_VALUE"""),0.08) -> 0.08 | I58: =IFERROR(__xludf.DUMMYFUNCTION("""COMPUTED_VALUE"""),0.08) -> 0.08 | J58: =IFERROR(__xludf.DUMMYFUNCTION("""COMPUTED_VALUE"""),0.08) -> 0.08 | K58: =IFERROR(__xludf.DUMMYFUNCTION("""COMPUTED_VALUE"""),0.075) -> 0.075 | L58: =IFERROR(__xludf.DUMMYFUNCTION("""COMPUTED_VALUE"""),0.07) -> 0.07 | M58: =IFERROR(__xludf.DUMMYFUNCTION("""COMPUTED_VALUE"""),0.11) -> 0.11
A60: MRP (FLAMA_MRP) · ESTACIONALIDAD!C6:N6: E03 rodantes (25 a 100 kg)
B61: Ene | C61: Feb | D61: Mar | E61: Abr | F61: May | G61: Jun | H61: Jul | I61: Ago | J61: Sep | K61: Oct | L61: Nov | M61: Dic
A62: E03 rodantes (25 a 100 kg) | B62: =IFERROR(__xludf.DUMMYFUNCTION("IMPORTRANGE(Links!$B$7,""ESTACIONALIDAD!C6:N6"")"),0.085) -> 0.085 | C62: =IFERROR(__xludf.DUMMYFUNCTION("""COMPUTED_VALUE"""),0.075) -> 0.075 | D62: =IFERROR(__xludf.DUMMYFUNCTION("""COMPUTED_VALUE"""),0.09) -> 0.09 | E62: =IFERROR(__xludf.DUMMYFUNCTION("""COMPUTED_VALUE"""),0.09) -> 0.09 | F62: =IFERROR(__xludf.DUMMYFUNCTION("""COMPUTED_VALUE"""),0.09) -> 0.09 | G62: =IFERROR(__xludf.DUMMYFUNCTION("""COMPUTED_VALUE"""),0.08) -> 0.08 | H62: =IFERROR(__xludf.DUMMYFUNCTION("""COMPUTED_VALUE"""),0.09) -> 0.09 | I62: =IFERROR(__xludf.DUMMYFUNCTION("""COMPUTED_VALUE"""),0.09) -> 0.09 | J62: =IFERROR(__xludf.DUMMYFUNCTION("""COMPUTED_VALUE"""),0.085) -> 0.085 | K62: =IFERROR(__xludf.DUMMYFUNCTION("""COMPUTED_VALUE"""),0.075) -> 0.075 | L62: =IFERROR(__xludf.DUMMYFUNCTION("""COMPUTED_VALUE"""),0.07) -> 0.07 | M62: =IFERROR(__xludf.DUMMYFUNCTION("""COMPUTED_VALUE"""),0.08) -> 0.08
A64: Aprovechamiento Manuales · parametros_manuales!K33: Prueba hidráulica (s/u)
A65: Prueba hidráulica | B65: =IFERROR(__xludf.DUMMYFUNCTION("IMPORTRANGE(Links!$B$5,""parametros_manuales!K33"")"),60) -> 60
A67: Aprovechamiento Carros · parametros_carros!I29: Prueba hidráulica (min/u)
A68: Prueba hidráulica | B68: =IFERROR(__xludf.DUMMYFUNCTION("IMPORTRANGE(Links!$B$6,""parametros_carros!I29"")"),8.979935) -> 8.979935
A70: Aprovechamiento Manuales · parametros_manuales!K34: Secado (s/u)
A71: Secado | B71: =IFERROR(__xludf.DUMMYFUNCTION("IMPORTRANGE(Links!$B$5,""parametros_manuales!K34"")"),120) -> 120
A73: Aprovechamiento Carros · parametros_carros!I30: Secado (min/u)
A74: Secado | B74: =IFERROR(__xludf.DUMMYFUNCTION("IMPORTRANGE(Links!$B$6,""parametros_carros!I30"")"),10.058961) -> 10.058961
A76: Aprovechamiento Manuales · parametros_manuales!K39: Carga de polvo y presurización (s/u)
A77: Carga de polvo y presurización | B77: =IFERROR(__xludf.DUMMYFUNCTION("IMPORTRANGE(Links!$B$5,""parametros_manuales!K39"")"),45) -> 45
A79: Aprovechamiento Manuales · parametros_manuales!K41: Carga de polvo y presurización (s/u)
A80: Carga de polvo y presurización | B80: =IFERROR(__xludf.DUMMYFUNCTION("IMPORTRANGE(Links!$B$5,""parametros_manuales!K41"")"),30) -> 30
A82: Aprovechamiento Carros · parametros_carros!I33: Carga de polvo y presurización (min/u)
A83: Carga de polvo y presurización | B83: =IFERROR(__xludf.DUMMYFUNCTION("IMPORTRANGE(Links!$B$6,""parametros_carros!I33"")"),11.33) -> 11.33
A85: Aprovechamiento Manuales · parametros_manuales!K40: Ensamblaje / montaje, precinto y etiquetado (s/u)
A86: Ensamblaje / montaje, precinto y etiquetado | B86: =IFERROR(__xludf.DUMMYFUNCTION("IMPORTRANGE(Links!$B$5,""parametros_manuales!K40"")"),100) -> 100
A88: Aprovechamiento Manuales · parametros_manuales!K43: Ensamblaje / montaje, precinto y etiquetado (s/u)
A89: Ensamblaje / montaje, precinto y etiquetado | B89: =IFERROR(__xludf.DUMMYFUNCTION("IMPORTRANGE(Links!$B$5,""parametros_manuales!K43"")"),60) -> 60
A91: Aprovechamiento Carros · parametros_carros!I34: Ensamblaje / montaje, precinto y etiquetado (min/u)
A92: Ensamblaje / montaje, precinto y etiquetado | B92: =IFERROR(__xludf.DUMMYFUNCTION("IMPORTRANGE(Links!$B$6,""parametros_carros!I34"")"),6.32) -> 6.32

Sheet PROY_Indexado
A1: Proyecciones — Indexado Dim Técnico
A3: Recargas por tipo | B3: 2026 | C3: 2027 | D3: 2028 | E3: 2029 | F3: 2030 | G3: 2031 | H3: 2032 | I3: 2033 | J3: 2034 | K3: 2035
A4: ABC 1 kg | B4: =Links!B12 -> 3477.4821 | C4: =Links!C12 -> 16970.586 | D4: =Links!D12 -> 30546.09 | E4: =Links!E12 -> 56048.311 | F4: =Links!F12 -> 84270.226 | G4: =Links!G12 -> 117407.82 | H4: =Links!H12 -> 147610.64 | I4: =Links!I12 -> 171404.36 | ... K4: =Links!K12 -> 196282.69
A5: ABC 2,5 kg | B5: =Links!B13 -> 329.99667 | C5: =Links!C13 -> 1287.414 | D5: =Links!D13 -> 2947.1692 | E5: =Links!E13 -> 5426.0433 | F5: =Links!F13 -> 7850.8758 | G5: =Links!G13 -> 10423.944 | H5: =Links!H13 -> 12809.896 | I5: =Links!I13 -> 14263.068 | ... K5: =Links!K13 -> 16620.761
A6: ABC 5 kg | B6: =Links!B14 -> 1950.3941 | C6: =Links!C14 -> 7852.6185 | D6: =Links!D14 -> 17775.857 | E6: =Links!E14 -> 33605.568 | F6: =Links!F14 -> 48407.572 | G6: =Links!G14 -> 64323.043 | H6: =Links!H14 -> 78721.1 | I6: =Links!I14 -> 87237.212 | ... K6: =Links!K14 -> 101095.18
A7: ABC 10 kg | B7: =Links!B15 -> 118.34363 | C7: =Links!C15 -> 437.71658 | D7: =Links!D15 -> 1024.9748 | E7: =Links!E15 -> 1960.4099 | F7: =Links!F15 -> 2844.9768 | G7: =Links!G15 -> 3810.3906 | H7: =Links!H15 -> 4663.6781 | I7: =Links!I15 -> 5164.5146 | ... K7: =Links!K15 -> 5985.9509
A8: Agua 10 l | B8: =Links!B16 -> 159.30874 | C8: =Links!C16 -> 643.42354 | D8: =Links!D16 -> 1474.3627 | E8: =Links!E16 -> 2766.4512 | F8: =Links!F16 -> 3991.4652 | G8: =Links!G16 -> 5335.7558 | H8: =Links!H16 -> 6538.9589 | I8: =Links!I16 -> 7269.8197 | ... K8: =Links!K16 -> 8450.8141
A9: AFFF 10 l | B9: =Links!B17 -> 22.758391 | C9: =Links!C17 -> 161.31575 | D9: =Links!D17 -> 316.60728 | E9: =Links!E17 -> 527.39462 | F9: =Links!F17 -> 743.78895 | G9: =Links!G17 -> 962.87433 | H9: =Links!H17 -> 1194.9422 | I9: =Links!I17 -> 1351.6172 | ... K9: =Links!K17 -> 1604.4414
A10: AFFF 50 l s/ruedas | B10: =Links!B18 -> 11.379195 | C10: =Links!C18 -> 83.22352 | D10: =Links!D18 -> 164.46383 | E10: =Links!E18 -> 281.34114 | F10: =Links!F18 -> 398.90251 | G10: =Links!G18 -> 514.52728 | H10: =Links!H18 -> 629.06551 | I10: =Links!I18 -> 711.17802 | ... K10: =Links!K18 -> 836.35081
A11: BC 5 kg | B11: =Links!B19 -> 6.827517 | C11: =Links!C19 -> 47.073112 | D11: =Links!D19 -> 88.889676 | E11: =Links!E19 -> 159.50249 | F11: =Links!F19 -> 219.7962 | G11: =Links!G19 -> 291.86985 | H11: =Links!H19 -> 368.84417 | I11: =Links!I19 -> 408.40895 | ... K11: =Links!K19 -> 483.4792
A12: Sales K 6 l | B12: =Links!B20 -> 81.930207 | C12: =Links!C20 -> 335.39886 | D12: =Links!D20 -> 746.59835 | E12: =Links!E20 -> 1358.8998 | F12: =Links!F20 -> 1961.1255 | G12: =Links!G20 -> 2598.5414 | H12: =Links!H20 -> 3197.2635 | I12: =Links!I20 -> 3578.5395 | ... K12: =Links!K20 -> 4167.5596
A13: CO₂ 2 kg | B13: =Links!B21 -> 450.61614 | C13: =Links!C21 -> 1697.1815 | D13: =Links!D21 -> 3955.1969 | E13: =Links!E21 -> 7561.2603 | F13: =Links!F21 -> 10920.145 | G13: =Links!G21 -> 14514.885 | H13: =Links!H21 -> 17746.499 | I13: =Links!I21 -> 19617.205 | ... K13: =Links!K21 -> 22734.502
A14: CO₂ 5 kg | B14: =Links!B22 -> 125.17115 | C14: =Links!C22 -> 643.63037 | D14: =Links!D22 -> 1375.6267 | E14: =Links!E22 -> 2460.2843 | F14: =Links!F22 -> 3545.2577 | G14: =Links!G22 -> 4723.4618 | H14: =Links!H22 -> 5853.9052 | I14: =Links!I22 -> 6608.4599 | ... K14: =Links!K22 -> 7769.5771
A15: HCFC/HFC 5 kg | B15: =Links!B23 -> 18.206713 | C15: =Links!C23 -> 112.07512 | D15: =Links!D23 -> 230.85404 | E15: =Links!E23 -> 400.71533 | F15: =Links!F23 -> 574.50779 | G15: =Links!G23 -> 754.34562 | H15: =Links!H23 -> 944.84884 | I15: =Links!I23 -> 1072.2347 | ... K15: =Links!K23 -> 1271.9411
... A20: ABC 100 kg s/ruedas | B20: =Links!B28 -> 5.644081 | C20: =Links!C28 -> 27.516102 | D20: =Links!D28 -> 59.798262 | E20: =Links!E28 -> 107.70676 | F20: =Links!F28 -> 154.92243 | G20: =Links!G28 -> 205.83052 | H20: =Links!H28 -> 253.57816 | I20: =Links!I28 -> 284.69687 | ... K20: =Links!K28 -> 333.4207
A21: Recargas total | B21: =SUM(B4:B20) -> 6829.7931 | C21: =SUM(C4:C20) -> 30662.681 | D21: =SUM(D4:D20) -> 61483.058 | E21: =SUM(E4:E20) -> 114050.8 | F21: =SUM(F4:F20) -> 167870.4 | G21: =SUM(G4:G20) -> 228490.11 | H21: =SUM(H4:H20) -> 283777.78 | I21: =SUM(I4:I20) -> 322612.24 | ... K21: =SUM(K4:K20) -> 371907.69
A23: Recargas por zona y planta (PBA Interior queda fuera: la atienden distribuidores ajenos)
A24: Zona | B24: % zonal 2035 | C24: Planta
A25: CABA Norte | B25: =Links!B31 -> 0.05217974 | C25: Comercial
A26: CABA Este | B26: =Links!B32 -> 0.079883616 | C26: Comercial
A27: CABA Sur | B27: =Links!B33 -> 0.059817286 | C27: Industrial
A28: CABA Oeste | B28: =Links!B34 -> 0.063765071 | C28: Comercial
A29: PBA Sur 1er (Avellaneda) | B29: =Links!B35 -> 0.067680145 | C29: Industrial
A30: PBA Sur 2do cordón | B30: =Links!B36 -> 0.093217299 | C30: Industrial
A31: PBA Sur 3er cordón | B31: =Links!B37 -> 0.067521776 | C31: Industrial
A32: PBA Norte 1er cordón | B32: =Links!B38 -> 0.053355883 | C32: Comercial
A33: PBA Norte 2do cordón | B33: =Links!B39 -> 0.088568205 | C33: Comercial
A34: PBA Norte 3er cordón | B34: =Links!B40 -> 0.047136111 | C34: Comercial
A35: PBA Oeste 1er cordón | B35: =Links!B41 -> 0.084890066 | C35: Comercial
A36: PBA Oeste 2do cordón | B36: =Links!B42 -> 0.067264302 | C36: Comercial
... A38: PBA Interior | B38: =Links!B44 -> 0.15724376 | C38: Fuera
A39: Planta | B39: % de recargas | C39: Control: suma de sus zonas
A40: Comercial (Proyecciones V61) | B40: =Links!B47 -> 0.55451974 | C40: =SUMIF($C$25:$C$38,"Comercial",$B$25:$B$38) -> 0.55451974
A41: Industrial (Proyecciones V63) | B41: =Links!B50 -> 0.28823651 | C41: =SUMIF($C$25:$C$38,"Industrial",$B$25:$B$38) -> 0.28823651
A42: Fuera: PBA Interior (distribuidores ajenos) | B42: =SUMIF($C$25:$C$38,"Fuera",$B$25:$B$38) -> 0.15724376
A43: Total (tiene que dar 100 %) | B43: =SUM(B40:B42) -> 1
A44: Tasas de Proyecciones (hojas PROYECCION por rubro; iguales en todos los tipos)
A45: Concepto | B45: Valor | C45: Uso en este archivo
A46: Mat Usados ÷ RECARGAS An | B46: 0.05 | C46: Llega descargado por uso (parametros_recargas fila 22)
A47: Mat PH ÷ RECARGAS An | B47: 0.02 | C47: No pasa la PH (fila 19)
A48: Mat Rot ÷ RECARGAS An | B48: 0.01 | C48: Se rompe en el uso (fila 20)
A49: Mat Fin VU ÷ RECARGAS An | B49: 0.033020413 | C49: No se usa: vida útil del Anexo E (fila 17) · § 4.2
A51: Planta de este archivo | B51: Comercial
A52: % de recargas de esta planta | B52: =IF(B51="Comercial",B40,B41) -> 0.55451974
A54: Recargas de mercado 2035 por tipo y rubro en las zonas de la planta comercial (hojas PROYECCION <rubro>)
A56: Tipo | B56: Automotor | C56: Edificios | D56: Educación | E56: Hoteles | F56: Industrias / almacenes | G56: Salud | H56: Supermercados | I56: Total
A57: =A4 -> ABC 1 kg | B57: 2251135 | C57: 0 | D57: 0 | E57: 3578.5 | F57: 0 | G57: 0 | H57: 530 | I57: =SUM(B57:H57) -> 2255243.5
A58: =A5 -> ABC 2,5 kg | B58: 0 | C58: 100435.9 | D58: 14173.8 | E58: 45655.1 | F58: 0 | G58: 7336.9 | H58: 6153 | I58: =SUM(B58:H58) -> 173754.7
A59: =A6 -> ABC 5 kg | B59: 69628 | C59: 732591.4 | D59: 52786.7 | E59: 8847.8 | F59: 113431.7 | G59: 46903.8 | H59: 5342 | I59: =SUM(B59:H59) -> 1029531.4
A60: =A7 -> ABC 10 kg | B60: 0 | C60: 44900.8 | D60: 5673.3 | E60: 2123.5 | F60: 0 | G60: 6270.5 | H60: 0 | I60: =SUM(B60:H60) -> 58968.1
A61: =A8 -> Agua 10 l | B61: 0 | C61: 56716.8 | D61: 4876.4 | E61: 1415.6 | F61: 12568.5 | G61: 8958.8 | H61: 562 | I61: =SUM(B61:H61) -> 85098.1
A62: =A9 -> AFFF 10 l | B62: 0 | C62: 0 | D62: 0 | E62: 0 | F62: 15671.5 | G62: 0 | H62: 0 | I62: =SUM(B62:H62) -> 15671.5
A63: =A10 -> AFFF 50 l s/ruedas | B63: 0 | C63: 0 | D63: 0 | E63: 0 | F63: 9151.4 | G63: 0 | H63: 0 | I63: =SUM(B63:H63) -> 9151.4
A64: =A11 -> BC 5 kg | B64: 0 | C64: 0 | D64: 0 | E64: 0 | F64: 4634.7 | G64: 0 | H64: 0 | I64: =SUM(B64:H64) -> 4634.7
A65: =A12 -> Sales K 6 l | B65: 0 | C65: 20087.2 | D65: 4459 | E65: 3539.1 | F65: 8169.7 | G65: 2804.4 | H65: 0 | I65: =SUM(B65:H65) -> 39059.4
A66: =A13 -> CO₂ 2 kg | B66: 0 | C66: 183147.8 | D66: 19050.2 | E66: 3539.1 | F66: 6402.2 | G66: 10549.9 | H66: 0 | I66: =SUM(B66:H66) -> 222689.2
A67: =A14 -> CO₂ 5 kg | B67: 0 | C67: 25995.2 | D67: 891.8 | E67: 1769.6 | F67: 32678.6 | G67: 11830.5 | H67: 2530 | I67: =SUM(B67:H67) -> 75695.7
A68: =A15 -> HCFC/HFC 5 kg | B68: 0 | C68: 0 | D68: 0 | E68: 0 | F68: 9269.4 | G68: 2425.5 | H68: 0 | I68: =SUM(B68:H68) -> 11694.9
... A73: =A20 -> ABC 100 kg s/ruedas | B73: 0 | C73: 1417.9 | D73: 63.8 | E73: 56.6 | F73: 1297.7 | G73: 436.6 | H73: 0 | I73: =SUM(B73:H73) -> 3272.6
A74: Carros 25/55/12/8 % entre 25, 50, 70 y 100 kg (PxQ Corregido, filas 66 a 69) · § 2
A76: Lote por cliente (Proyecciones 2033, CABA y PBA sin Interior) · § 7.1
A77: Concepto | B77: Automotor | C77: Edificios | D77: Educación | E77: Hoteles | F77: Industrias / almacenes | G77: Salud | H77: Supermercados
A78: Parque de matafuegos 2033 (hojas PROYECCION) | B78: 5663021 | C78: 2058897 | D78: 157576 | E78: 58567 | F78: 292954 | G78: 888129 | H78: 22471
A79: Establecimientos 2033 (% PENETRACION, AÑO 8) | B79: 606749 | C79: 138482 | D79: 12835 | E79: 5369 | F79: 30463 | G79: 14475.292 | H79: 7512
A80: Matafuegos por establecimiento | B80: =B78/B79 -> 9.3333833 | C80: =C78/C79 -> 14.867615 | D80: =D78/D79 -> 12.277055 | E80: =E78/E79 -> 10.908363 | F80: =F78/F79 -> 9.6167154 | G80: =G78/G79 -> 61.354822 | H80: =H78/H79 -> 2.9913472
A81: Superficie media del local (m², INDEC) | H81: 1075
A82: Piso Dec. 351/79: 1 cada 200 m² | B82: =IF(B81="",0,ROUNDUP(B81/200,0)) -> 0 | C82: =IF(C81="",0,ROUNDUP(C81/200,0)) -> 0 | D82: =IF(D81="",0,ROUNDUP(D81/200,0)) -> 0 | E82: =IF(E81="",0,ROUNDUP(E81/200,0)) -> 0 | F82: =IF(F81="",0,ROUNDUP(F81/200,0)) -> 0 | G82: =IF(G81="",0,ROUNDUP(G81/200,0)) -> 0 | H82: =IF(H81="",0,ROUNDUP(H81/200,0)) -> 6
A83: Lote adoptado (u. por cliente) | B83: =MAX(ROUND(B80,0),B82) -> 9 | C83: =MAX(ROUND(C80,0),C82) -> 15 | D83: =MAX(ROUND(D80,0),D82) -> 12 | E83: =MAX(ROUND(E80,0),E82) -> 11 | F83: =MAX(ROUND(F80,0),F82) -> 10 | G83: =MAX(ROUND(G80,0),G82) -> 61 | H83: =MAX(ROUND(H80,0),H82) -> 6

Sheet datos_base
A1: Tipo de matafuego | B1: =PROY_Indexado!B3 -> 2026 | C1: =PROY_Indexado!C3 -> 2027 | D1: =PROY_Indexado!D3 -> 2028 | E1: =PROY_Indexado!E3 -> 2029 | F1: =PROY_Indexado!F3 -> 2030 | G1: =PROY_Indexado!G3 -> 2031 | H1: =PROY_Indexado!H3 -> 2032 | I1: =PROY_Indexado!I3 -> 2033 | ... K1: =PROY_Indexado!K3 -> 2035
A2: =PROY_Indexado!A4 -> ABC 1 kg | B2: =PROY_Indexado!B4*PROY_Indexado!$B$52 -> 1928.3325 | C2: =PROY_Indexado!C4*PROY_Indexado!$B$52 -> 9410.5247 | D2: =PROY_Indexado!D4*PROY_Indexado!$B$52 -> 16938.41 | E2: =PROY_Indexado!E4*PROY_Indexado!$B$52 -> 31079.895 | F2: =PROY_Indexado!F4*PROY_Indexado!$B$52 -> 46729.504 | G2: =PROY_Indexado!G4*PROY_Indexado!$B$52 -> 65104.955 | H2: =PROY_Indexado!H4*PROY_Indexado!$B$52 -> 81853.011 | I2: =PROY_Indexado!I4*PROY_Indexado!$B$52 -> 95047.101 | ... K2: =PROY_Indexado!K4*PROY_Indexado!$B$52 -> 108842.63
A3: =PROY_Indexado!A5 -> ABC 2,5 kg | B3: =PROY_Indexado!B5*PROY_Indexado!$B$52 -> 182.98967 | C3: =PROY_Indexado!C5*PROY_Indexado!$B$52 -> 713.89649 | D3: =PROY_Indexado!D5*PROY_Indexado!$B$52 -> 1634.2635 | E3: =PROY_Indexado!E5*PROY_Indexado!$B$52 -> 3008.8481 | F3: =PROY_Indexado!F5*PROY_Indexado!$B$52 -> 4353.4656 | G3: =PROY_Indexado!G5*PROY_Indexado!$B$52 -> 5780.2825 | H3: =PROY_Indexado!H5*PROY_Indexado!$B$52 -> 7103.34 | I3: =PROY_Indexado!I5*PROY_Indexado!$B$52 -> 7909.1529 | ... K3: =PROY_Indexado!K5*PROY_Indexado!$B$52 -> 9216.5401
A4: =PROY_Indexado!A6 -> ABC 5 kg | B4: =PROY_Indexado!B6*PROY_Indexado!$B$52 -> 1081.532 | C4: =PROY_Indexado!C6*PROY_Indexado!$B$52 -> 4354.432 | D4: =PROY_Indexado!D6*PROY_Indexado!$B$52 -> 9857.0636 | E4: =PROY_Indexado!E6*PROY_Indexado!$B$52 -> 18634.951 | F4: =PROY_Indexado!F6*PROY_Indexado!$B$52 -> 26842.954 | G4: =PROY_Indexado!G6*PROY_Indexado!$B$52 -> 35668.397 | H4: =PROY_Indexado!H6*PROY_Indexado!$B$52 -> 43652.404 | I4: =PROY_Indexado!I6*PROY_Indexado!$B$52 -> 48374.756 | ... K4: =PROY_Indexado!K6*PROY_Indexado!$B$52 -> 56059.271
A5: =PROY_Indexado!A7 -> ABC 10 kg | B5: =PROY_Indexado!B7*PROY_Indexado!$B$52 -> 65.62388 | C5: =PROY_Indexado!C7*PROY_Indexado!$B$52 -> 242.72248 | D5: =PROY_Indexado!D7*PROY_Indexado!$B$52 -> 568.36877 | E5: =PROY_Indexado!E7*PROY_Indexado!$B$52 -> 1087.086 | F5: =PROY_Indexado!F7*PROY_Indexado!$B$52 -> 1577.5958 | G5: =PROY_Indexado!G7*PROY_Indexado!$B$52 -> 2112.9368 | H5: =PROY_Indexado!H7*PROY_Indexado!$B$52 -> 2586.1015 | I5: =PROY_Indexado!I7*PROY_Indexado!$B$52 -> 2863.8253 | ... K5: =PROY_Indexado!K7*PROY_Indexado!$B$52 -> 3319.3279
A6: =PROY_Indexado!A8 -> Agua 10 l | B6: =PROY_Indexado!B8*PROY_Indexado!$B$52 -> 88.339839 | C6: =PROY_Indexado!C8*PROY_Indexado!$B$52 -> 356.79105 | D6: =PROY_Indexado!D8*PROY_Indexado!$B$52 -> 817.56324 | E6: =PROY_Indexado!E8*PROY_Indexado!$B$52 -> 1534.0518 | F6: =PROY_Indexado!F8*PROY_Indexado!$B$52 -> 2213.3463 | G6: =PROY_Indexado!G8*PROY_Indexado!$B$52 -> 2958.7819 | H6: =PROY_Indexado!H8*PROY_Indexado!$B$52 -> 3625.9818 | I6: =PROY_Indexado!I8*PROY_Indexado!$B$52 -> 4031.2585 | ... K6: =PROY_Indexado!K8*PROY_Indexado!$B$52 -> 4686.1432
A7: =PROY_Indexado!A9 -> AFFF 10 l | B7: =PROY_Indexado!B9*PROY_Indexado!$B$52 -> 12.619977 | C7: =PROY_Indexado!C9*PROY_Indexado!$B$52 -> 89.452768 | D7: =PROY_Indexado!D9*PROY_Indexado!$B$52 -> 175.56498 | E7: =PROY_Indexado!E9*PROY_Indexado!$B$52 -> 292.45073 | F7: =PROY_Indexado!F9*PROY_Indexado!$B$52 -> 412.44565 | G7: =PROY_Indexado!G9*PROY_Indexado!$B$52 -> 533.93282 | H7: =PROY_Indexado!H9*PROY_Indexado!$B$52 -> 662.61904 | I7: =PROY_Indexado!I9*PROY_Indexado!$B$52 -> 749.49841 | ... K7: =PROY_Indexado!K9*PROY_Indexado!$B$52 -> 889.69444
A8: =PROY_Indexado!A10 -> AFFF 50 l s/ruedas | B8: =PROY_Indexado!B10*PROY_Indexado!$B$52 -> 6.3099882 | C8: =PROY_Indexado!C10*PROY_Indexado!$B$52 -> 46.149085 | D8: =PROY_Indexado!D10*PROY_Indexado!$B$52 -> 91.198442 | E8: =PROY_Indexado!E10*PROY_Indexado!$B$52 -> 156.00922 | F8: =PROY_Indexado!F10*PROY_Indexado!$B$52 -> 221.19932 | G8: =PROY_Indexado!G10*PROY_Indexado!$B$52 -> 285.31554 | H8: =PROY_Indexado!H10*PROY_Indexado!$B$52 -> 348.82924 | I8: =PROY_Indexado!I10*PROY_Indexado!$B$52 -> 394.36225 | ... K8: =PROY_Indexado!K10*PROY_Indexado!$B$52 -> 463.77303
A9: =PROY_Indexado!A11 -> BC 5 kg | B9: =PROY_Indexado!B11*PROY_Indexado!$B$52 -> 3.7859929 | C9: =PROY_Indexado!C11*PROY_Indexado!$B$52 -> 26.10297 | D9: =PROY_Indexado!D11*PROY_Indexado!$B$52 -> 49.29108 | E9: =PROY_Indexado!E11*PROY_Indexado!$B$52 -> 88.44728 | F9: =PROY_Indexado!F11*PROY_Indexado!$B$52 -> 121.88133 | G9: =PROY_Indexado!G11*PROY_Indexado!$B$52 -> 161.84759 | H9: =PROY_Indexado!H11*PROY_Indexado!$B$52 -> 204.53137 | I9: =PROY_Indexado!I11*PROY_Indexado!$B$52 -> 226.47083 | ... K9: =PROY_Indexado!K11*PROY_Indexado!$B$52 -> 268.09876
A10: =PROY_Indexado!A12 -> Sales K 6 l | B10: =PROY_Indexado!B12*PROY_Indexado!$B$52 -> 45.431917 | C10: =PROY_Indexado!C12*PROY_Indexado!$B$52 -> 185.98529 | D10: =PROY_Indexado!D12*PROY_Indexado!$B$52 -> 414.00352 | E10: =PROY_Indexado!E12*PROY_Indexado!$B$52 -> 753.53678 | F10: =PROY_Indexado!F12*PROY_Indexado!$B$52 -> 1087.4828 | G10: =PROY_Indexado!G12*PROY_Indexado!$B$52 -> 1440.9425 | H10: =PROY_Indexado!H12*PROY_Indexado!$B$52 -> 1772.9457 | I10: =PROY_Indexado!I12*PROY_Indexado!$B$52 -> 1984.3708 | ... K10: =PROY_Indexado!K12*PROY_Indexado!$B$52 -> 2310.9941
A11: =PROY_Indexado!A13 -> CO₂ 2 kg | B11: =PROY_Indexado!B13*PROY_Indexado!$B$52 -> 249.87554 | C11: =PROY_Indexado!C13*PROY_Indexado!$B$52 -> 941.12064 | D11: =PROY_Indexado!D13*PROY_Indexado!$B$52 -> 2193.2347 | E11: =PROY_Indexado!E13*PROY_Indexado!$B$52 -> 4192.8681 | F11: =PROY_Indexado!F13*PROY_Indexado!$B$52 -> 6055.4358 | G11: =PROY_Indexado!G13*PROY_Indexado!$B$52 -> 8048.7904 | H11: =PROY_Indexado!H13*PROY_Indexado!$B$52 -> 9840.7841 | I11: =PROY_Indexado!I13*PROY_Indexado!$B$52 -> 10878.128 | ... K11: =PROY_Indexado!K13*PROY_Indexado!$B$52 -> 12606.73
A12: =PROY_Indexado!A14 -> CO₂ 5 kg | B12: =PROY_Indexado!B14*PROY_Indexado!$B$52 -> 69.409873 | C12: =PROY_Indexado!C14*PROY_Indexado!$B$52 -> 356.90575 | D12: =PROY_Indexado!D14*PROY_Indexado!$B$52 -> 762.81217 | E12: =PROY_Indexado!E14*PROY_Indexado!$B$52 -> 1364.2762 | F12: =PROY_Indexado!F14*PROY_Indexado!$B$52 -> 1965.9154 | G12: =PROY_Indexado!G14*PROY_Indexado!$B$52 -> 2619.2528 | H12: =PROY_Indexado!H14*PROY_Indexado!$B$52 -> 3246.106 | I12: =PROY_Indexado!I14*PROY_Indexado!$B$52 -> 3664.5215 | ... K12: =PROY_Indexado!K14*PROY_Indexado!$B$52 -> 4308.3839
A13: =PROY_Indexado!A15 -> HCFC/HFC 5 kg | B13: =PROY_Indexado!B15*PROY_Indexado!$B$52 -> 10.095982 | C13: =PROY_Indexado!C15*PROY_Indexado!$B$52 -> 62.147867 | D13: =PROY_Indexado!D15*PROY_Indexado!$B$52 -> 128.01312 | E13: =PROY_Indexado!E15*PROY_Indexado!$B$52 -> 222.20456 | F13: =PROY_Indexado!F15*PROY_Indexado!$B$52 -> 318.57591 | G13: =PROY_Indexado!G15*PROY_Indexado!$B$52 -> 418.29954 | H13: =PROY_Indexado!H15*PROY_Indexado!$B$52 -> 523.93733 | I13: =PROY_Indexado!I15*PROY_Indexado!$B$52 -> 594.57529 | ... K13: =PROY_Indexado!K15*PROY_Indexado!$B$52 -> 705.31645
... A18: =PROY_Indexado!A20 -> ABC 100 kg s/ruedas | B18: =PROY_Indexado!B20*PROY_Indexado!$B$52 -> 3.1297543 | C18: =PROY_Indexado!C20*PROY_Indexado!$B$52 -> 15.258222 | D18: =PROY_Indexado!D20*PROY_Indexado!$B$52 -> 33.159317 | E18: =PROY_Indexado!E20*PROY_Indexado!$B$52 -> 59.725524 | F18: =PROY_Indexado!F20*PROY_Indexado!$B$52 -> 85.907546 | G18: =PROY_Indexado!G20*PROY_Indexado!$B$52 -> 114.13709 | H18: =PROY_Indexado!H20*PROY_Indexado!$B$52 -> 140.61409 | I18: =PROY_Indexado!I20*PROY_Indexado!$B$52 -> 157.87003 | ... K18: =PROY_Indexado!K20*PROY_Indexado!$B$52 -> 184.88836
A19: Recargas Total | B19: =SUM(B2:B18) -> 3787.2551 | C19: =SUM(C2:C18) -> 17003.062 | D19: =SUM(D2:D18) -> 34093.569 | E19: =SUM(E2:E18) -> 63243.417 | F19: =SUM(F2:F18) -> 93087.448 | G19: =SUM(G2:G18) -> 126702.28 | H19: =SUM(H2:H18) -> 157360.38 | I19: =SUM(I2:I18) -> 178894.85 | ... K19: =SUM(K2:K18) -> 206230.15

Sheet parametros_recargas
A1: Parámetro | B1: Valor | C1: Fuente / criterio
A2: Días hábiles por mes | B2: 20 | C2: 2035: 248 hábiles (Ley 27.399) · § 11
A3: Horas por día (1 turno) | B3: 8 | C3: Ley 11.544 · § 11
A4: Refrigerio (min/turno) | B4: 30 | C4: Excel del grupo · § 11
A5: Horas productivas por turno | B5: =B3-B4/60 -> 7.5
A6: Horas productivas por mes (1 turno) | B6: =B2*B5 -> 150
A7: Umbral de aprovechamiento | B7: 0.9 | C7: Límite del grupo · § 8
A8: Turnos máximos por día | B8: 2 | C8: Ley 11.544 · § 8
A9: Equivalencia de un rodante (u. equivalentes) | B9: =D120 -> 6.3608539 | C9: Tiempos de FLAMA · § 6
A10: Año de inicio del 2° turno (antes: más máquinas) | B10: 2032 | C10: Criterio del grupo · § 8
A11: CRITERIOS DE RECARGA POR AGENTE — PLANTA COMERCIAL (qué le pasa al equipo en el año)
A12: Qué le pasa al equipo | B12: Unidad | C12: Fuente | D12: Estado | E12: ABC | F12: BC | G12: Clase D | H12: Agua | I12: AFFF | J12: Sales K | K12: CO₂ | L12: Halogenado
A13: Intervalo de prueba hidráulica | B13: años | C13: IRAM 3517-2 Anexo E | D13: Norma | E13: 5 | F13: 5 | G13: 5 | H13: 2 | I13: 2 | J13: 2 | K13: 5 | L13: 5
A14: Vence la prueba hidráulica | B14: % por año | C14: 1 ÷ intervalo (9.7.2) | D14: Norma | E14: =1/E13 -> 0.2 | F14: =1/F13 -> 0.2 | G14: =1/G13 -> 0.2 | H14: =1/H13 -> 0.5 | I14: =1/I13 -> 0.5 | J14: =1/J13 -> 0.5 | K14: =1/K13 -> 0.2 | L14: =1/L13 -> 0.2
A15: Daño menor (corrosión o golpe): va a PH | B15: % por año | C15: 9.7.1.2 · § 4.3 | D15: Criterio | E15: 0.05 | F15: 0.05 | G15: 0.05 | H15: 0.05 | I15: 0.05 | J15: 0.05 | K15: 0.05 | L15: 0.05
A16: Pasa por prueba hidráulica | B16: % por año | C16: Vence + daño | D16: Cálculo | E16: =E14+E15 -> 0.25 | F16: =F14+F15 -> 0.25 | G16: =G14+G15 -> 0.25 | H16: =H14+H15 -> 0.55 | I16: =I14+I15 -> 0.55 | J16: =J14+J15 -> 0.55 | K16: =K14+K15 -> 0.25 | L16: =L14+L15 -> 0.25
A17: Vida útil | B17: años | C17: IRAM 3517-2 Anexo E | D17: Norma | E17: 20 | F17: 20 | G17: 20 | H17: 20 | I17: 20 | J17: 20 | K17: 30 | L17: 20
A18: Llega al fin de la vida útil | B18: % por año | C18: 1 ÷ vida útil | D18: Norma | E18: =1/E17 -> 0.05 | F18: =1/F17 -> 0.05 | G18: =1/G17 -> 0.05 | H18: =1/H17 -> 0.05 | I18: =1/I17 -> 0.05 | J18: =1/J17 -> 0.05 | K18: =1/K17 -> 0.033333333 | L18: =1/L17 -> 0.05
A19: No pasa la prueba hidráulica | B19: % por año | C19: Proyecciones (Mat PH) | D19: Dato | E19: =PROY_Indexado!$B$47 -> 0.02 | F19: =PROY_Indexado!$B$47 -> 0.02 | G19: =PROY_Indexado!$B$47 -> 0.02 | H19: =PROY_Indexado!$B$47 -> 0.02 | I19: =PROY_Indexado!$B$47 -> 0.02 | J19: =PROY_Indexado!$B$47 -> 0.02 | K19: =PROY_Indexado!$B$47 -> 0.02 | L19: =PROY_Indexado!$B$47 -> 0.02
A20: Se rompe en el uso | B20: % por año | C20: Proyecciones (Mat Rot) | D20: Dato | E20: =PROY_Indexado!$B$48 -> 0.01 | F20: =PROY_Indexado!$B$48 -> 0.01 | G20: =PROY_Indexado!$B$48 -> 0.01 | H20: =PROY_Indexado!$B$48 -> 0.01 | I20: =PROY_Indexado!$B$48 -> 0.01 | J20: =PROY_Indexado!$B$48 -> 0.01 | K20: =PROY_Indexado!$B$48 -> 0.01 | L20: =PROY_Indexado!$B$48 -> 0.01
A21: Se inutiliza | B21: % por año | C21: Fin de vida + PH + roto (9.12) | D21: Cálculo | E21: =E18+E19+E20 -> 0.08 | F21: =F18+F19+F20 -> 0.08 | G21: =G18+G19+G20 -> 0.08 | H21: =H18+H19+H20 -> 0.08 | I21: =I18+I19+I20 -> 0.08 | J21: =J18+J19+J20 -> 0.08 | K21: =K18+K19+K20 -> 0.063333333 | L21: =L18+L19+L20 -> 0.08
A22: Llega descargado por uso | B22: % por año | C22: Proyecciones (Mat Usados) | D22: Dato | E22: =PROY_Indexado!$B$46 -> 0.05 | F22: =PROY_Indexado!$B$46 -> 0.05 | G22: =PROY_Indexado!$B$46 -> 0.05 | H22: =PROY_Indexado!$B$46 -> 0.05 | I22: =PROY_Indexado!$B$46 -> 0.05 | J22: =PROY_Indexado!$B$46 -> 0.05 | K22: =PROY_Indexado!$B$46 -> 0.05 | L22: =PROY_Indexado!$B$46 -> 0.05
A23: Cambio obligatorio del agente | B23: % por año | C23: 9.9.4 a), Anexo E · § 4.5 | D23: Norma | E23: =1/10 -> 0.1 | F23: 1 | G23: 1 | H23: 1 | I23: 1 | J23: 1 | K23: 0 | L23: 0
A24: Hay que abrir la válvula (pérdida de masa o daño) | B24: % por año | C24: Anexo F · § 4.6 | D24: Criterio | E24: 0 | F24: 0 | G24: 0 | H24: 0 | I24: 0 | J24: 0 | K24: 0.05 | L24: 0.05
A25: Se pinta | B25: % por año | C25: 9.10 · § 4.7 | D25: Criterio | E25: 0.15 | F25: 0.15 | G25: 0.15 | H25: 0.15 | I25: 0.15 | J25: 0.15 | K25: 0.15 | L25: 0.15
A26: Humedad interior al desarmar (secado extra) | B26: % por año | C26: 9.8 · § 4.8 | D26: Criterio | E26: 0.01 | F26: 0.01 | G26: 0.01 | H26: 0 | I26: 0 | J26: 0 | K26: 0 | L26: 0
A27: Capacidad de la tolva de polvo recuperado | B27: kg | C27: Word, op. 3 (Yukon) | D27: Dato | E27: 240 | F27: 0 | G27: 0 | H27: 0 | I27: 0 | J27: 0 | K27: 0 | L27: 0
A28: Ensayos de laboratorio por equipo | B28: ensayos/u. | C28: 1 por tolva (9.9.3) · § 4.9 | D28: Cálculo | E28: =IF(E27=0,0,(1-E22)*(1-E23)*SUMPRODUCT(($B$55:$B$71=E$12)*datos_base!$K$2:$K$18*$R$55:$R$71)/SUMPRODUCT(($B$55:$B$71=E$12)*datos_base!$K$2:$K$18*$C$55:$C$71)/E27) -> 0.010406792 | F28: =IF(F27=0,0,(1-F22)*(1-F23)*SUMPRODUCT(($B$55:$B$71=F$12)*datos_base!$K$2:$K$18*$R$55:$R$71)/SUMPRODUCT(($B$55:$B$71=F$12)*datos_base!$K$2:$K$18*$C$55:$C$71)/F27) -> 0 | G28: =IF(G27=0,0,(1-G22)*(1-G23)*SUMPRODUCT(($B$55:$B$71=G$12)*datos_base!$K$2:$K$18*$R$55:$R$71)/SUMPRODUCT(($B$55:$B$71=G$12)*datos_base!$K$2:$K$18*$C$55:$C$71)/G27) -> 0 | H28: =IF(H27=0,0,(1-H22)*(1-H23)*SUMPRODUCT(($B$55:$B$71=H$12)*datos_base!$K$2:$K$18*$R$55:$R$71)/SUMPRODUCT(($B$55:$B$71=H$12)*datos_base!$K$2:$K$18*$C$55:$C$71)/H27) -> 0 | I28: =IF(I27=0,0,(1-I22)*(1-I23)*SUMPRODUCT(($B$55:$B$71=I$12)*datos_base!$K$2:$K$18*$R$55:$R$71)/SUMPRODUCT(($B$55:$B$71=I$12)*datos_base!$K$2:$K$18*$C$55:$C$71)/I27) -> 0 | J28: =IF(J27=0,0,(1-J22)*(1-J23)*SUMPRODUCT(($B$55:$B$71=J$12)*datos_base!$K$2:$K$18*$R$55:$R$71)/SUMPRODUCT(($B$55:$B$71=J$12)*datos_base!$K$2:$K$18*$C$55:$C$71)/J27) -> 0 | K28: =IF(K27=0,0,(1-K22)*(1-K23)*SUMPRODUCT(($B$55:$B$71=K$12)*datos_base!$K$2:$K$18*$R$55:$R$71)/SUMPRODUCT(($B$55:$B$71=K$12)*datos_base!$K$2:$K$18*$C$55:$C$71)/K27) -> 0 | L28: =IF(L27=0,0,(1-L22)*(1-L23)*SUMPRODUCT(($B$55:$B$71=L$12)*datos_base!$K$2:$K$18*$R$55:$R$71)/SUMPRODUCT(($B$55:$B$71=L$12)*datos_base!$K$2:$K$18*$C$55:$C$71)/L27) -> 0
A29: Estado: Norma = IRAM 3517-2 · Dato = Proyecciones o Word · Criterio (fondo gris) = sin estadística publicada, a confirmar en la visita (§ 12) · Cálculo = sale de las filas de arriba
A32: ESTACIONALIDAD DE LAS RECARGAS POR RUBRO (% de las recargas del año en cada mes)
A33: IRAM 3517-2 9.2.1 y 9.4.14: cada equipo vuelve en el mes de su último mantenimiento · § 3
A34: Rubro | B34: Fuente / criterio | E34: Ene | F34: Feb | G34: Mar | H34: Abr | I34: May | J34: Jun | K34: Jul | L34: Ago | M34: Sep | N34: Oct | O34: Nov | P34: Dic | Q34: Total
A35: Automotor | B35: Temporada dic.-ene., transición nov. y feb. · § 3.1 | E35: =$B$44 -> 0.12 | F35: =$B$49 -> 0.095555556 | G35: =$B$48 -> 0.071111111 | H35: =$B$48 -> 0.071111111 | I35: =$B$48 -> 0.071111111 | J35: =$B$48 -> 0.071111111 | K35: =$B$48 -> 0.071111111 | L35: =$B$48 -> 0.071111111 | M35: =$B$48 -> 0.071111111 | N35: =$B$48 -> 0.071111111 | O35: =$B$49 -> 0.095555556 | P35: =$B$45 -> 0.12 | Q35: =SUM(E35:P35) -> 1
A36: Edificios | B36: Asambleas abr.-jun. (+); receso ene.-feb. (−) · § 3.2 | E36: =(1+$B$50*-1)/(12+$B$50*1) -> 0.054054054 | F36: =(1+$B$50*-1)/(12+$B$50*1) -> 0.054054054 | G36: =(1+$B$50*0)/(12+$B$50*1) -> 0.081081081 | H36: =(1+$B$50*1)/(12+$B$50*1) -> 0.10810811 | I36: =(1+$B$50*1)/(12+$B$50*1) -> 0.10810811 | J36: =(1+$B$50*1)/(12+$B$50*1) -> 0.10810811 | K36: =(1+$B$50*0)/(12+$B$50*1) -> 0.081081081 | L36: =(1+$B$50*0)/(12+$B$50*1) -> 0.081081081 | M36: =(1+$B$50*0)/(12+$B$50*1) -> 0.081081081 | N36: =(1+$B$50*0)/(12+$B$50*1) -> 0.081081081 | O36: =(1+$B$50*0)/(12+$B$50*1) -> 0.081081081 | P36: =(1+$B$50*0)/(12+$B$50*1) -> 0.081081081 | Q36: =SUM(E36:P36) -> 1
A37: Educación | B37: Receso de verano e inicio de clases ene.-mar. (+); receso de invierno jul. (+½) · § 3.3 | E37: =(1+$B$50*1)/(12+$B$50*3.5) -> 0.10126582 | F37: =(1+$B$50*1)/(12+$B$50*3.5) -> 0.10126582 | G37: =(1+$B$50*1)/(12+$B$50*3.5) -> 0.10126582 | H37: =(1+$B$50*0)/(12+$B$50*3.5) -> 0.075949367 | I37: =(1+$B$50*0)/(12+$B$50*3.5) -> 0.075949367 | J37: =(1+$B$50*0)/(12+$B$50*3.5) -> 0.075949367 | K37: =(1+$B$50*0.5)/(12+$B$50*3.5) -> 0.088607595 | L37: =(1+$B$50*0)/(12+$B$50*3.5) -> 0.075949367 | M37: =(1+$B$50*0)/(12+$B$50*3.5) -> 0.075949367 | N37: =(1+$B$50*0)/(12+$B$50*3.5) -> 0.075949367 | O37: =(1+$B$50*0)/(12+$B$50*3.5) -> 0.075949367 | P37: =(1+$B$50*0)/(12+$B$50*3.5) -> 0.075949367 | Q37: =SUM(E37:P37) -> 1
A38: Hoteles | B38: Baja ocupación may.-jun. y ago.-oct. (+); temporada ene., feb. y jul. (−) · § 3.4 | E38: =(1+$B$50*-1)/(12+$B$50*2) -> 0.052631579 | F38: =(1+$B$50*-1)/(12+$B$50*2) -> 0.052631579 | G38: =(1+$B$50*0)/(12+$B$50*2) -> 0.078947368 | H38: =(1+$B$50*0)/(12+$B$50*2) -> 0.078947368 | I38: =(1+$B$50*1)/(12+$B$50*2) -> 0.10526316 | J38: =(1+$B$50*1)/(12+$B$50*2) -> 0.10526316 | K38: =(1+$B$50*-1)/(12+$B$50*2) -> 0.052631579 | L38: =(1+$B$50*1)/(12+$B$50*2) -> 0.10526316 | M38: =(1+$B$50*1)/(12+$B$50*2) -> 0.10526316 | N38: =(1+$B$50*1)/(12+$B$50*2) -> 0.10526316 | O38: =(1+$B$50*0)/(12+$B$50*2) -> 0.078947368 | P38: =(1+$B$50*0)/(12+$B$50*2) -> 0.078947368 | Q38: =SUM(E38:P38) -> 1
A39: Industrias / almacenes | B39: Sin estacionalidad (Res. SRT 463/09) · § 3.5 | E39: =1/12 -> 0.083333333 | F39: =1/12 -> 0.083333333 | G39: =1/12 -> 0.083333333 | H39: =1/12 -> 0.083333333 | I39: =1/12 -> 0.083333333 | J39: =1/12 -> 0.083333333 | K39: =1/12 -> 0.083333333 | L39: =1/12 -> 0.083333333 | ... P39: =1/12 -> 0.083333333 | Q39: =SUM(E39:P39) -> 1
A40: Salud | B40: Verano dic.-feb. (+); campaña de invierno jun.-ago. (−) · § 3.6 | E40: =(1+$B$50*1)/(12+$B$50*0) -> 0.11111111 | F40: =(1+$B$50*1)/(12+$B$50*0) -> 0.11111111 | G40: =(1+$B$50*0)/(12+$B$50*0) -> 0.083333333 | H40: =(1+$B$50*0)/(12+$B$50*0) -> 0.083333333 | I40: =(1+$B$50*0)/(12+$B$50*0) -> 0.083333333 | J40: =(1+$B$50*-1)/(12+$B$50*0) -> 0.055555556 | K40: =(1+$B$50*-1)/(12+$B$50*0) -> 0.055555556 | L40: =(1+$B$50*-1)/(12+$B$50*0) -> 0.055555556 | M40: =(1+$B$50*0)/(12+$B$50*0) -> 0.083333333 | N40: =(1+$B$50*0)/(12+$B$50*0) -> 0.083333333 | O40: =(1+$B$50*0)/(12+$B$50*0) -> 0.083333333 | P40: =(1+$B$50*1)/(12+$B$50*0) -> 0.11111111 | Q40: =SUM(E40:P40) -> 1
A41: Supermercados | B41: Baja venta may.-ago. (+); fiestas y verano nov.-feb. (−) · § 3.7 | E41: =(1+$B$50*-1)/(12+$B$50*0) -> 0.055555556 | F41: =(1+$B$50*-1)/(12+$B$50*0) -> 0.055555556 | G41: =(1+$B$50*0)/(12+$B$50*0) -> 0.083333333 | H41: =(1+$B$50*0)/(12+$B$50*0) -> 0.083333333 | I41: =(1+$B$50*1)/(12+$B$50*0) -> 0.11111111 | J41: =(1+$B$50*1)/(12+$B$50*0) -> 0.11111111 | K41: =(1+$B$50*1)/(12+$B$50*0) -> 0.11111111 | L41: =(1+$B$50*1)/(12+$B$50*0) -> 0.11111111 | M41: =(1+$B$50*0)/(12+$B$50*0) -> 0.083333333 | N41: =(1+$B$50*0)/(12+$B$50*0) -> 0.083333333 | O41: =(1+$B$50*-1)/(12+$B$50*0) -> 0.055555556 | P41: =(1+$B$50*-1)/(12+$B$50*0) -> 0.055555556 | Q41: =SUM(E41:P41) -> 1
A43: Dato de la estacionalidad | B43: Valor | C43: Fuente
A44: Automotor: enero (% de las recargas del año) | B44: 0.12 | C44: ITV Córdoba: 12 % en enero · § 3.1
A45: Automotor: diciembre (% del año) | B45: =B44 -> 0.12 | C45: Igual a enero: RTO Mendoza, dic. y ene. · § 3.1
A46: Automotor: noviembre y febrero, parte del exceso de la temporada | B46: 0.5 | C46: Criterio de transición · § 3.1
A47: Automotor: exceso de la temporada sobre un mes común | B47: =(12*B44-1)/(10-2*B46) -> 0.048888889 | C47: Los 12 meses suman 100 %
A48: Automotor: mes común (marzo a octubre) | B48: =B44-B47 -> 0.071111111
A49: Automotor: noviembre y febrero | B49: =B48+B46*B47 -> 0.095555556
A50: Rubros institucionales: un mes preferido pesa 1 + a y uno vedado 1 − a; a = | B50: 0.33333333 | C50: Criterio: las fuentes dan los meses, no cuánto · § 3.8
A53: TIPOS DE MATAFUEGO Y PERFIL MENSUAL DE RECARGAS (mix de rubros de la planta × estacionalidad de cada rubro)
A54: Tipo | B54: Agente (ruta) | C54: u. equivalentes por recipiente | D54: Manguera con PH anual (1 = sí) | E54: Ene | F54: Feb | G54: Mar | H54: Abr | I54: May | J54: Jun | K54: Jul | L54: Ago | M54: Sep | N54: Oct | O54: Nov | P54: Dic | Q54: Mes pico | R54: Carga nominal (kg o l)
A55: =datos_base!A2 -> ABC 1 kg | B55: ABC | C55: 1 | D55: 0 | E55: =IF(SUM(PROY_Indexado!$B$57:$H$57)=0,1/12,(PROY_Indexado!$B$57*E$35+PROY_Indexado!$C$57*E$36+PROY_Indexado!$D$57*E$37+PROY_Indexado!$E$57*E$38+PROY_Indexado!$F$57*E$39+PROY_Indexado!$G$57*E$40+PROY_Indexado!$H$57*E$41)/SUM(PROY_Indexado!$B$57:$H$57)) -> 0.11987796 | F55: =IF(SUM(PROY_Indexado!$B$57:$H$57)=0,1/12,(PROY_Indexado!$B$57*F$35+PROY_Indexado!$C$57*F$36+PROY_Indexado!$D$57*F$37+PROY_Indexado!$E$57*F$38+PROY_Indexado!$F$57*F$39+PROY_Indexado!$G$57*F$40+PROY_Indexado!$H$57*F$41)/SUM(PROY_Indexado!$B$57:$H$57)) -> 0.095478046 | G55: =IF(SUM(PROY_Indexado!$B$57:$H$57)=0,1/12,(PROY_Indexado!$B$57*G$35+PROY_Indexado!$C$57*G$36+PROY_Indexado!$D$57*G$37+PROY_Indexado!$E$57*G$38+PROY_Indexado!$F$57*G$39+PROY_Indexado!$G$57*G$40+PROY_Indexado!$H$57*G$41)/SUM(PROY_Indexado!$B$57:$H$57)) -> 0.071126418 | H55: =IF(SUM(PROY_Indexado!$B$57:$H$57)=0,1/12,(PROY_Indexado!$B$57*H$35+PROY_Indexado!$C$57*H$36+PROY_Indexado!$D$57*H$37+PROY_Indexado!$E$57*H$38+PROY_Indexado!$F$57*H$39+PROY_Indexado!$G$57*H$40+PROY_Indexado!$H$57*H$41)/SUM(PROY_Indexado!$B$57:$H$57)) -> 0.071126418 | I55: =IF(SUM(PROY_Indexado!$B$57:$H$57)=0,1/12,(PROY_Indexado!$B$57*I$35+PROY_Indexado!$C$57*I$36+PROY_Indexado!$D$57*I$37+PROY_Indexado!$E$57*I$38+PROY_Indexado!$F$57*I$39+PROY_Indexado!$G$57*I$40+PROY_Indexado!$H$57*I$41)/SUM(PROY_Indexado!$B$57:$H$57)) -> 0.071174702 | J55: =IF(SUM(PROY_Indexado!$B$57:$H$57)=0,1/12,(PROY_Indexado!$B$57*J$35+PROY_Indexado!$C$57*J$36+PROY_Indexado!$D$57*J$37+PROY_Indexado!$E$57*J$38+PROY_Indexado!$F$57*J$39+PROY_Indexado!$G$57*J$40+PROY_Indexado!$H$57*J$41)/SUM(PROY_Indexado!$B$57:$H$57)) -> 0.071174702 | K55: =IF(SUM(PROY_Indexado!$B$57:$H$57)=0,1/12,(PROY_Indexado!$B$57*K$35+PROY_Indexado!$C$57*K$36+PROY_Indexado!$D$57*K$37+PROY_Indexado!$E$57*K$38+PROY_Indexado!$F$57*K$39+PROY_Indexado!$G$57*K$40+PROY_Indexado!$H$57*K$41)/SUM(PROY_Indexado!$B$57:$H$57)) -> 0.071091189 | L55: =IF(SUM(PROY_Indexado!$B$57:$H$57)=0,1/12,(PROY_Indexado!$B$57*L$35+PROY_Indexado!$C$57*L$36+PROY_Indexado!$D$57*L$37+PROY_Indexado!$E$57*L$38+PROY_Indexado!$F$57*L$39+PROY_Indexado!$G$57*L$40+PROY_Indexado!$H$57*L$41)/SUM(PROY_Indexado!$B$57:$H$57)) -> 0.071174702 | ... P55: =IF(SUM(PROY_Indexado!$B$57:$H$57)=0,1/12,(PROY_Indexado!$B$57*P$35+PROY_Indexado!$C$57*P$36+PROY_Indexado!$D$57*P$37+PROY_Indexado!$E$57*P$38+PROY_Indexado!$F$57*P$39+PROY_Indexado!$G$57*P$40+PROY_Indexado!$H$57*P$41)/SUM(PROY_Indexado!$B$57:$H$57)) -> 0.11991971 | Q55: =MAX(E55:P55) -> 0.11991971 | R55: 1
A56: =datos_base!A3 -> ABC 2,5 kg | B56: ABC | C56: 1 | D56: 0 | E56: =IF(SUM(PROY_Indexado!$B$58:$H$58)=0,1/12,(PROY_Indexado!$B$58*E$35+PROY_Indexado!$C$58*E$36+PROY_Indexado!$D$58*E$37+PROY_Indexado!$E$58*E$38+PROY_Indexado!$F$58*E$39+PROY_Indexado!$G$58*E$40+PROY_Indexado!$H$58*E$41)/SUM(PROY_Indexado!$B$58:$H$58)) -> 0.059993966 | F56: =IF(SUM(PROY_Indexado!$B$58:$H$58)=0,1/12,(PROY_Indexado!$B$58*F$35+PROY_Indexado!$C$58*F$36+PROY_Indexado!$D$58*F$37+PROY_Indexado!$E$58*F$38+PROY_Indexado!$F$58*F$39+PROY_Indexado!$G$58*F$40+PROY_Indexado!$H$58*F$41)/SUM(PROY_Indexado!$B$58:$H$58)) -> 0.059993966 | G56: =IF(SUM(PROY_Indexado!$B$58:$H$58)=0,1/12,(PROY_Indexado!$B$58*G$35+PROY_Indexado!$C$58*G$36+PROY_Indexado!$D$58*G$37+PROY_Indexado!$E$58*G$38+PROY_Indexado!$F$58*G$39+PROY_Indexado!$G$58*G$40+PROY_Indexado!$H$58*G$41)/SUM(PROY_Indexado!$B$58:$H$58)) -> 0.082341837 | H56: =IF(SUM(PROY_Indexado!$B$58:$H$58)=0,1/12,(PROY_Indexado!$B$58*H$35+PROY_Indexado!$C$58*H$36+PROY_Indexado!$D$58*H$37+PROY_Indexado!$E$58*H$38+PROY_Indexado!$F$58*H$39+PROY_Indexado!$G$58*H$40+PROY_Indexado!$H$58*H$41)/SUM(PROY_Indexado!$B$58:$H$58)) -> 0.095899188 | I56: =IF(SUM(PROY_Indexado!$B$58:$H$58)=0,1/12,(PROY_Indexado!$B$58*I$35+PROY_Indexado!$C$58*I$36+PROY_Indexado!$D$58*I$37+PROY_Indexado!$E$58*I$38+PROY_Indexado!$F$58*I$39+PROY_Indexado!$G$58*I$40+PROY_Indexado!$H$58*I$41)/SUM(PROY_Indexado!$B$58:$H$58)) -> 0.10379749 | J56: =IF(SUM(PROY_Indexado!$B$58:$H$58)=0,1/12,(PROY_Indexado!$B$58*J$35+PROY_Indexado!$C$58*J$36+PROY_Indexado!$D$58*J$37+PROY_Indexado!$E$58*J$38+PROY_Indexado!$F$58*J$39+PROY_Indexado!$G$58*J$40+PROY_Indexado!$H$58*J$41)/SUM(PROY_Indexado!$B$58:$H$58)) -> 0.10262455 | K56: =IF(SUM(PROY_Indexado!$B$58:$H$58)=0,1/12,(PROY_Indexado!$B$58*K$35+PROY_Indexado!$C$58*K$36+PROY_Indexado!$D$58*K$37+PROY_Indexado!$E$58*K$38+PROY_Indexado!$F$58*K$39+PROY_Indexado!$G$58*K$40+PROY_Indexado!$H$58*K$41)/SUM(PROY_Indexado!$B$58:$H$58)) -> 0.074205359 | L56: =IF(SUM(PROY_Indexado!$B$58:$H$58)=0,1/12,(PROY_Indexado!$B$58*L$35+PROY_Indexado!$C$58*L$36+PROY_Indexado!$D$58*L$37+PROY_Indexado!$E$58*L$38+PROY_Indexado!$F$58*L$39+PROY_Indexado!$G$58*L$40+PROY_Indexado!$H$58*L$41)/SUM(PROY_Indexado!$B$58:$H$58)) -> 0.087002048 | ... P56: =IF(SUM(PROY_Indexado!$B$58:$H$58)=0,1/12,(PROY_Indexado!$B$58*P$35+PROY_Indexado!$C$58*P$36+PROY_Indexado!$D$58*P$37+PROY_Indexado!$E$58*P$38+PROY_Indexado!$F$58*P$39+PROY_Indexado!$G$58*P$40+PROY_Indexado!$H$58*P$41)/SUM(PROY_Indexado!$B$58:$H$58)) -> 0.08046595 | Q56: =MAX(E56:P56) -> 0.10379749 | R56: 2.5
A57: =datos_base!A4 -> ABC 5 kg | B57: ABC | C57: 1 | D57: 0 | E57: =IF(SUM(PROY_Indexado!$B$59:$H$59)=0,1/12,(PROY_Indexado!$B$59*E$35+PROY_Indexado!$C$59*E$36+PROY_Indexado!$D$59*E$37+PROY_Indexado!$E$59*E$38+PROY_Indexado!$F$59*E$39+PROY_Indexado!$G$59*E$40+PROY_Indexado!$H$59*E$41)/SUM(PROY_Indexado!$B$59:$H$59)) -> 0.066755623 | F57: =IF(SUM(PROY_Indexado!$B$59:$H$59)=0,1/12,(PROY_Indexado!$B$59*F$35+PROY_Indexado!$C$59*F$36+PROY_Indexado!$D$59*F$37+PROY_Indexado!$E$59*F$38+PROY_Indexado!$F$59*F$39+PROY_Indexado!$G$59*F$40+PROY_Indexado!$H$59*F$41)/SUM(PROY_Indexado!$B$59:$H$59)) -> 0.065102427 | G57: =IF(SUM(PROY_Indexado!$B$59:$H$59)=0,1/12,(PROY_Indexado!$B$59*G$35+PROY_Indexado!$C$59*G$36+PROY_Indexado!$D$59*G$37+PROY_Indexado!$E$59*G$38+PROY_Indexado!$F$59*G$39+PROY_Indexado!$G$59*G$40+PROY_Indexado!$H$59*G$41)/SUM(PROY_Indexado!$B$59:$H$59)) -> 0.081785834 | H57: =IF(SUM(PROY_Indexado!$B$59:$H$59)=0,1/12,(PROY_Indexado!$B$59*H$35+PROY_Indexado!$C$59*H$36+PROY_Indexado!$D$59*H$37+PROY_Indexado!$E$59*H$38+PROY_Indexado!$F$59*H$39+PROY_Indexado!$G$59*H$40+PROY_Indexado!$H$59*H$41)/SUM(PROY_Indexado!$B$59:$H$59)) -> 0.09971962 | I57: =IF(SUM(PROY_Indexado!$B$59:$H$59)=0,1/12,(PROY_Indexado!$B$59*I$35+PROY_Indexado!$C$59*I$36+PROY_Indexado!$D$59*I$37+PROY_Indexado!$E$59*I$38+PROY_Indexado!$F$59*I$39+PROY_Indexado!$G$59*I$40+PROY_Indexado!$H$59*I$41)/SUM(PROY_Indexado!$B$59:$H$59)) -> 0.10008991 | J57: =IF(SUM(PROY_Indexado!$B$59:$H$59)=0,1/12,(PROY_Indexado!$B$59*J$35+PROY_Indexado!$C$59*J$36+PROY_Indexado!$D$59*J$37+PROY_Indexado!$E$59*J$38+PROY_Indexado!$F$59*J$39+PROY_Indexado!$G$59*J$40+PROY_Indexado!$H$59*J$41)/SUM(PROY_Indexado!$B$59:$H$59)) -> 0.0988244 | K57: =IF(SUM(PROY_Indexado!$B$59:$H$59)=0,1/12,(PROY_Indexado!$B$59*K$35+PROY_Indexado!$C$59*K$36+PROY_Indexado!$D$59*K$37+PROY_Indexado!$E$59*K$38+PROY_Indexado!$F$59*K$39+PROY_Indexado!$G$59*K$40+PROY_Indexado!$H$59*K$41)/SUM(PROY_Indexado!$B$59:$H$59)) -> 0.079789278 | L57: =IF(SUM(PROY_Indexado!$B$59:$H$59)=0,1/12,(PROY_Indexado!$B$59*L$35+PROY_Indexado!$C$59*L$36+PROY_Indexado!$D$59*L$37+PROY_Indexado!$E$59*L$38+PROY_Indexado!$F$59*L$39+PROY_Indexado!$G$59*L$40+PROY_Indexado!$H$59*L$41)/SUM(PROY_Indexado!$B$59:$H$59)) -> 0.079592575 | ... P57: =IF(SUM(PROY_Indexado!$B$59:$H$59)=0,1/12,(PROY_Indexado!$B$59*P$35+PROY_Indexado!$C$59*P$36+PROY_Indexado!$D$59*P$37+PROY_Indexado!$E$59*P$38+PROY_Indexado!$F$59*P$39+PROY_Indexado!$G$59*P$40+PROY_Indexado!$H$59*P$41)/SUM(PROY_Indexado!$B$59:$H$59)) -> 0.084915567 | Q57: =MAX(E57:P57) -> 0.10008991 | R57: 5
A58: =datos_base!A5 -> ABC 10 kg | B58: ABC | C58: 1 | D58: 0 | E58: =IF(SUM(PROY_Indexado!$B$60:$H$60)=0,1/12,(PROY_Indexado!$B$60*E$35+PROY_Indexado!$C$60*E$36+PROY_Indexado!$D$60*E$37+PROY_Indexado!$E$60*E$38+PROY_Indexado!$F$60*E$39+PROY_Indexado!$G$60*E$40+PROY_Indexado!$H$60*E$41)/SUM(PROY_Indexado!$B$60:$H$60)) -> 0.064612342 | F58: =IF(SUM(PROY_Indexado!$B$60:$H$60)=0,1/12,(PROY_Indexado!$B$60*F$35+PROY_Indexado!$C$60*F$36+PROY_Indexado!$D$60*F$37+PROY_Indexado!$E$60*F$38+PROY_Indexado!$F$60*F$39+PROY_Indexado!$G$60*F$40+PROY_Indexado!$H$60*F$41)/SUM(PROY_Indexado!$B$60:$H$60)) -> 0.064612342 | G58: =IF(SUM(PROY_Indexado!$B$60:$H$60)=0,1/12,(PROY_Indexado!$B$60*G$35+PROY_Indexado!$C$60*G$36+PROY_Indexado!$D$60*G$37+PROY_Indexado!$E$60*G$38+PROY_Indexado!$F$60*G$39+PROY_Indexado!$G$60*G$40+PROY_Indexado!$H$60*G$41)/SUM(PROY_Indexado!$B$60:$H$60)) -> 0.083185709 | H58: =IF(SUM(PROY_Indexado!$B$60:$H$60)=0,1/12,(PROY_Indexado!$B$60*H$35+PROY_Indexado!$C$60*H$36+PROY_Indexado!$D$60*H$37+PROY_Indexado!$E$60*H$38+PROY_Indexado!$F$60*H$39+PROY_Indexado!$G$60*H$40+PROY_Indexado!$H$60*H$41)/SUM(PROY_Indexado!$B$60:$H$60)) -> 0.10132954 | I58: =IF(SUM(PROY_Indexado!$B$60:$H$60)=0,1/12,(PROY_Indexado!$B$60*I$35+PROY_Indexado!$C$60*I$36+PROY_Indexado!$D$60*I$37+PROY_Indexado!$E$60*I$38+PROY_Indexado!$F$60*I$39+PROY_Indexado!$G$60*I$40+PROY_Indexado!$H$60*I$41)/SUM(PROY_Indexado!$B$60:$H$60)) -> 0.1022772 | J58: =IF(SUM(PROY_Indexado!$B$60:$H$60)=0,1/12,(PROY_Indexado!$B$60*J$35+PROY_Indexado!$C$60*J$36+PROY_Indexado!$D$60*J$37+PROY_Indexado!$E$60*J$38+PROY_Indexado!$F$60*J$39+PROY_Indexado!$G$60*J$40+PROY_Indexado!$H$60*J$41)/SUM(PROY_Indexado!$B$60:$H$60)) -> 0.099323389 | K58: =IF(SUM(PROY_Indexado!$B$60:$H$60)=0,1/12,(PROY_Indexado!$B$60*K$35+PROY_Indexado!$C$60*K$36+PROY_Indexado!$D$60*K$37+PROY_Indexado!$E$60*K$38+PROY_Indexado!$F$60*K$39+PROY_Indexado!$G$60*K$40+PROY_Indexado!$H$60*K$41)/SUM(PROY_Indexado!$B$60:$H$60)) -> 0.078066398 | L58: =IF(SUM(PROY_Indexado!$B$60:$H$60)=0,1/12,(PROY_Indexado!$B$60*L$35+PROY_Indexado!$C$60*L$36+PROY_Indexado!$D$60*L$37+PROY_Indexado!$E$60*L$38+PROY_Indexado!$F$60*L$39+PROY_Indexado!$G$60*L$40+PROY_Indexado!$H$60*L$41)/SUM(PROY_Indexado!$B$60:$H$60)) -> 0.07874387 | ... P58: =IF(SUM(PROY_Indexado!$B$60:$H$60)=0,1/12,(PROY_Indexado!$B$60*P$35+PROY_Indexado!$C$60*P$36+PROY_Indexado!$D$60*P$37+PROY_Indexado!$E$60*P$38+PROY_Indexado!$F$60*P$39+PROY_Indexado!$G$60*P$40+PROY_Indexado!$H$60*P$41)/SUM(PROY_Indexado!$B$60:$H$60)) -> 0.083703832 | Q58: =MAX(E58:P58) -> 0.1022772 | R58: 10
A59: =datos_base!A6 -> Agua 10 l | B59: Agua | C59: 1 | D59: 0 | E59: =IF(SUM(PROY_Indexado!$B$61:$H$61)=0,1/12,(PROY_Indexado!$B$61*E$35+PROY_Indexado!$C$61*E$36+PROY_Indexado!$D$61*E$37+PROY_Indexado!$E$61*E$38+PROY_Indexado!$F$61*E$39+PROY_Indexado!$G$61*E$40+PROY_Indexado!$H$61*E$41)/SUM(PROY_Indexado!$B$61:$H$61)) -> 0.067076825 | F59: =IF(SUM(PROY_Indexado!$B$61:$H$61)=0,1/12,(PROY_Indexado!$B$61*F$35+PROY_Indexado!$C$61*F$36+PROY_Indexado!$D$61*F$37+PROY_Indexado!$E$61*F$38+PROY_Indexado!$F$61*F$39+PROY_Indexado!$G$61*F$40+PROY_Indexado!$H$61*F$41)/SUM(PROY_Indexado!$B$61:$H$61)) -> 0.067076825 | G59: =IF(SUM(PROY_Indexado!$B$61:$H$61)=0,1/12,(PROY_Indexado!$B$61*G$35+PROY_Indexado!$C$61*G$36+PROY_Indexado!$D$61*G$37+PROY_Indexado!$E$61*G$38+PROY_Indexado!$F$61*G$39+PROY_Indexado!$G$61*G$40+PROY_Indexado!$H$61*G$41)/SUM(PROY_Indexado!$B$61:$H$61)) -> 0.082786866 | H59: =IF(SUM(PROY_Indexado!$B$61:$H$61)=0,1/12,(PROY_Indexado!$B$61*H$35+PROY_Indexado!$C$61*H$36+PROY_Indexado!$D$61*H$37+PROY_Indexado!$E$61*H$38+PROY_Indexado!$F$61*H$39+PROY_Indexado!$G$61*H$40+PROY_Indexado!$H$61*H$41)/SUM(PROY_Indexado!$B$61:$H$61)) -> 0.09934932 | I59: =IF(SUM(PROY_Indexado!$B$61:$H$61)=0,1/12,(PROY_Indexado!$B$61*I$35+PROY_Indexado!$C$61*I$36+PROY_Indexado!$D$61*I$37+PROY_Indexado!$E$61*I$38+PROY_Indexado!$F$61*I$39+PROY_Indexado!$G$61*I$40+PROY_Indexado!$H$61*I$41)/SUM(PROY_Indexado!$B$61:$H$61)) -> 0.099970529 | J59: =IF(SUM(PROY_Indexado!$B$61:$H$61)=0,1/12,(PROY_Indexado!$B$61*J$35+PROY_Indexado!$C$61*J$36+PROY_Indexado!$D$61*J$37+PROY_Indexado!$E$61*J$38+PROY_Indexado!$F$61*J$39+PROY_Indexado!$G$61*J$40+PROY_Indexado!$H$61*J$41)/SUM(PROY_Indexado!$B$61:$H$61)) -> 0.097046192 | K59: =IF(SUM(PROY_Indexado!$B$61:$H$61)=0,1/12,(PROY_Indexado!$B$61*K$35+PROY_Indexado!$C$61*K$36+PROY_Indexado!$D$61*K$37+PROY_Indexado!$E$61*K$38+PROY_Indexado!$F$61*K$39+PROY_Indexado!$G$61*K$40+PROY_Indexado!$H$61*K$41)/SUM(PROY_Indexado!$B$61:$H$61)) -> 0.078882858 | L59: =IF(SUM(PROY_Indexado!$B$61:$H$61)=0,1/12,(PROY_Indexado!$B$61*L$35+PROY_Indexado!$C$61*L$36+PROY_Indexado!$D$61*L$37+PROY_Indexado!$E$61*L$38+PROY_Indexado!$F$61*L$39+PROY_Indexado!$G$61*L$40+PROY_Indexado!$H$61*L$41)/SUM(PROY_Indexado!$B$61:$H$61)) -> 0.079033022 | ... P59: =IF(SUM(PROY_Indexado!$B$61:$H$61)=0,1/12,(PROY_Indexado!$B$61*P$35+PROY_Indexado!$C$61*P$36+PROY_Indexado!$D$61*P$37+PROY_Indexado!$E$61*P$38+PROY_Indexado!$F$61*P$39+PROY_Indexado!$G$61*P$40+PROY_Indexado!$H$61*P$41)/SUM(PROY_Indexado!$B$61:$H$61)) -> 0.084077039 | Q59: =MAX(E59:P59) -> 0.099970529 | R59: 10
A60: =datos_base!A7 -> AFFF 10 l | B60: AFFF | C60: 1 | D60: 0 | E60: =IF(SUM(PROY_Indexado!$B$62:$H$62)=0,1/12,(PROY_Indexado!$B$62*E$35+PROY_Indexado!$C$62*E$36+PROY_Indexado!$D$62*E$37+PROY_Indexado!$E$62*E$38+PROY_Indexado!$F$62*E$39+PROY_Indexado!$G$62*E$40+PROY_Indexado!$H$62*E$41)/SUM(PROY_Indexado!$B$62:$H$62)) -> 0.083333333 | F60: =IF(SUM(PROY_Indexado!$B$62:$H$62)=0,1/12,(PROY_Indexado!$B$62*F$35+PROY_Indexado!$C$62*F$36+PROY_Indexado!$D$62*F$37+PROY_Indexado!$E$62*F$38+PROY_Indexado!$F$62*F$39+PROY_Indexado!$G$62*F$40+PROY_Indexado!$H$62*F$41)/SUM(PROY_Indexado!$B$62:$H$62)) -> 0.083333333 | G60: =IF(SUM(PROY_Indexado!$B$62:$H$62)=0,1/12,(PROY_Indexado!$B$62*G$35+PROY_Indexado!$C$62*G$36+PROY_Indexado!$D$62*G$37+PROY_Indexado!$E$62*G$38+PROY_Indexado!$F$62*G$39+PROY_Indexado!$G$62*G$40+PROY_Indexado!$H$62*G$41)/SUM(PROY_Indexado!$B$62:$H$62)) -> 0.083333333 | H60: =IF(SUM(PROY_Indexado!$B$62:$H$62)=0,1/12,(PROY_Indexado!$B$62*H$35+PROY_Indexado!$C$62*H$36+PROY_Indexado!$D$62*H$37+PROY_Indexado!$E$62*H$38+PROY_Indexado!$F$62*H$39+PROY_Indexado!$G$62*H$40+PROY_Indexado!$H$62*H$41)/SUM(PROY_Indexado!$B$62:$H$62)) -> 0.083333333 | I60: =IF(SUM(PROY_Indexado!$B$62:$H$62)=0,1/12,(PROY_Indexado!$B$62*I$35+PROY_Indexado!$C$62*I$36+PROY_Indexado!$D$62*I$37+PROY_Indexado!$E$62*I$38+PROY_Indexado!$F$62*I$39+PROY_Indexado!$G$62*I$40+PROY_Indexado!$H$62*I$41)/SUM(PROY_Indexado!$B$62:$H$62)) -> 0.083333333 | J60: =IF(SUM(PROY_Indexado!$B$62:$H$62)=0,1/12,(PROY_Indexado!$B$62*J$35+PROY_Indexado!$C$62*J$36+PROY_Indexado!$D$62*J$37+PROY_Indexado!$E$62*J$38+PROY_Indexado!$F$62*J$39+PROY_Indexado!$G$62*J$40+PROY_Indexado!$H$62*J$41)/SUM(PROY_Indexado!$B$62:$H$62)) -> 0.083333333 | K60: =IF(SUM(PROY_Indexado!$B$62:$H$62)=0,1/12,(PROY_Indexado!$B$62*K$35+PROY_Indexado!$C$62*K$36+PROY_Indexado!$D$62*K$37+PROY_Indexado!$E$62*K$38+PROY_Indexado!$F$62*K$39+PROY_Indexado!$G$62*K$40+PROY_Indexado!$H$62*K$41)/SUM(PROY_Indexado!$B$62:$H$62)) -> 0.083333333 | L60: =IF(SUM(PROY_Indexado!$B$62:$H$62)=0,1/12,(PROY_Indexado!$B$62*L$35+PROY_Indexado!$C$62*L$36+PROY_Indexado!$D$62*L$37+PROY_Indexado!$E$62*L$38+PROY_Indexado!$F$62*L$39+PROY_Indexado!$G$62*L$40+PROY_Indexado!$H$62*L$41)/SUM(PROY_Indexado!$B$62:$H$62)) -> 0.083333333 | ... P60: =IF(SUM(PROY_Indexado!$B$62:$H$62)=0,1/12,(PROY_Indexado!$B$62*P$35+PROY_Indexado!$C$62*P$36+PROY_Indexado!$D$62*P$37+PROY_Indexado!$E$62*P$38+PROY_Indexado!$F$62*P$39+PROY_Indexado!$G$62*P$40+PROY_Indexado!$H$62*P$41)/SUM(PROY_Indexado!$B$62:$H$62)) -> 0.083333333 | Q60: =MAX(E60:P60) -> 0.083333333 | R60: 10
A61: =datos_base!A8 -> AFFF 50 l s/ruedas | B61: AFFF | C61: =$B$9 -> 6.3608539 | D61: 1 | E61: =IF(SUM(PROY_Indexado!$B$63:$H$63)=0,1/12,(PROY_Indexado!$B$63*E$35+PROY_Indexado!$C$63*E$36+PROY_Indexado!$D$63*E$37+PROY_Indexado!$E$63*E$38+PROY_Indexado!$F$63*E$39+PROY_Indexado!$G$63*E$40+PROY_Indexado!$H$63*E$41)/SUM(PROY_Indexado!$B$63:$H$63)) -> 0.083333333 | F61: =IF(SUM(PROY_Indexado!$B$63:$H$63)=0,1/12,(PROY_Indexado!$B$63*F$35+PROY_Indexado!$C$63*F$36+PROY_Indexado!$D$63*F$37+PROY_Indexado!$E$63*F$38+PROY_Indexado!$F$63*F$39+PROY_Indexado!$G$63*F$40+PROY_Indexado!$H$63*F$41)/SUM(PROY_Indexado!$B$63:$H$63)) -> 0.083333333 | G61: =IF(SUM(PROY_Indexado!$B$63:$H$63)=0,1/12,(PROY_Indexado!$B$63*G$35+PROY_Indexado!$C$63*G$36+PROY_Indexado!$D$63*G$37+PROY_Indexado!$E$63*G$38+PROY_Indexado!$F$63*G$39+PROY_Indexado!$G$63*G$40+PROY_Indexado!$H$63*G$41)/SUM(PROY_Indexado!$B$63:$H$63)) -> 0.083333333 | H61: =IF(SUM(PROY_Indexado!$B$63:$H$63)=0,1/12,(PROY_Indexado!$B$63*H$35+PROY_Indexado!$C$63*H$36+PROY_Indexado!$D$63*H$37+PROY_Indexado!$E$63*H$38+PROY_Indexado!$F$63*H$39+PROY_Indexado!$G$63*H$40+PROY_Indexado!$H$63*H$41)/SUM(PROY_Indexado!$B$63:$H$63)) -> 0.083333333 | I61: =IF(SUM(PROY_Indexado!$B$63:$H$63)=0,1/12,(PROY_Indexado!$B$63*I$35+PROY_Indexado!$C$63*I$36+PROY_Indexado!$D$63*I$37+PROY_Indexado!$E$63*I$38+PROY_Indexado!$F$63*I$39+PROY_Indexado!$G$63*I$40+PROY_Indexado!$H$63*I$41)/SUM(PROY_Indexado!$B$63:$H$63)) -> 0.083333333 | J61: =IF(SUM(PROY_Indexado!$B$63:$H$63)=0,1/12,(PROY_Indexado!$B$63*J$35+PROY_Indexado!$C$63*J$36+PROY_Indexado!$D$63*J$37+PROY_Indexado!$E$63*J$38+PROY_Indexado!$F$63*J$39+PROY_Indexado!$G$63*J$40+PROY_Indexado!$H$63*J$41)/SUM(PROY_Indexado!$B$63:$H$63)) -> 0.083333333 | K61: =IF(SUM(PROY_Indexado!$B$63:$H$63)=0,1/12,(PROY_Indexado!$B$63*K$35+PROY_Indexado!$C$63*K$36+PROY_Indexado!$D$63*K$37+PROY_Indexado!$E$63*K$38+PROY_Indexado!$F$63*K$39+PROY_Indexado!$G$63*K$40+PROY_Indexado!$H$63*K$41)/SUM(PROY_Indexado!$B$63:$H$63)) -> 0.083333333 | L61: =IF(SUM(PROY_Indexado!$B$63:$H$63)=0,1/12,(PROY_Indexado!$B$63*L$35+PROY_Indexado!$C$63*L$36+PROY_Indexado!$D$63*L$37+PROY_Indexado!$E$63*L$38+PROY_Indexado!$F$63*L$39+PROY_Indexado!$G$63*L$40+PROY_Indexado!$H$63*L$41)/SUM(PROY_Indexado!$B$63:$H$63)) -> 0.083333333 | ... P61: =IF(SUM(PROY_Indexado!$B$63:$H$63)=0,1/12,(PROY_Indexado!$B$63*P$35+PROY_Indexado!$C$63*P$36+PROY_Indexado!$D$63*P$37+PROY_Indexado!$E$63*P$38+PROY_Indexado!$F$63*P$39+PROY_Indexado!$G$63*P$40+PROY_Indexado!$H$63*P$41)/SUM(PROY_Indexado!$B$63:$H$63)) -> 0.083333333 | Q61: =MAX(E61:P61) -> 0.083333333 | R61: 50
A62: =datos_base!A9 -> BC 5 kg | B62: BC | C62: 1 | D62: 0 | E62: =IF(SUM(PROY_Indexado!$B$64:$H$64)=0,1/12,(PROY_Indexado!$B$64*E$35+PROY_Indexado!$C$64*E$36+PROY_Indexado!$D$64*E$37+PROY_Indexado!$E$64*E$38+PROY_Indexado!$F$64*E$39+PROY_Indexado!$G$64*E$40+PROY_Indexado!$H$64*E$41)/SUM(PROY_Indexado!$B$64:$H$64)) -> 0.083333333 | F62: =IF(SUM(PROY_Indexado!$B$64:$H$64)=0,1/12,(PROY_Indexado!$B$64*F$35+PROY_Indexado!$C$64*F$36+PROY_Indexado!$D$64*F$37+PROY_Indexado!$E$64*F$38+PROY_Indexado!$F$64*F$39+PROY_Indexado!$G$64*F$40+PROY_Indexado!$H$64*F$41)/SUM(PROY_Indexado!$B$64:$H$64)) -> 0.083333333 | G62: =IF(SUM(PROY_Indexado!$B$64:$H$64)=0,1/12,(PROY_Indexado!$B$64*G$35+PROY_Indexado!$C$64*G$36+PROY_Indexado!$D$64*G$37+PROY_Indexado!$E$64*G$38+PROY_Indexado!$F$64*G$39+PROY_Indexado!$G$64*G$40+PROY_Indexado!$H$64*G$41)/SUM(PROY_Indexado!$B$64:$H$64)) -> 0.083333333 | H62: =IF(SUM(PROY_Indexado!$B$64:$H$64)=0,1/12,(PROY_Indexado!$B$64*H$35+PROY_Indexado!$C$64*H$36+PROY_Indexado!$D$64*H$37+PROY_Indexado!$E$64*H$38+PROY_Indexado!$F$64*H$39+PROY_Indexado!$G$64*H$40+PROY_Indexado!$H$64*H$41)/SUM(PROY_Indexado!$B$64:$H$64)) -> 0.083333333 | I62: =IF(SUM(PROY_Indexado!$B$64:$H$64)=0,1/12,(PROY_Indexado!$B$64*I$35+PROY_Indexado!$C$64*I$36+PROY_Indexado!$D$64*I$37+PROY_Indexado!$E$64*I$38+PROY_Indexado!$F$64*I$39+PROY_Indexado!$G$64*I$40+PROY_Indexado!$H$64*I$41)/SUM(PROY_Indexado!$B$64:$H$64)) -> 0.083333333 | J62: =IF(SUM(PROY_Indexado!$B$64:$H$64)=0,1/12,(PROY_Indexado!$B$64*J$35+PROY_Indexado!$C$64*J$36+PROY_Indexado!$D$64*J$37+PROY_Indexado!$E$64*J$38+PROY_Indexado!$F$64*J$39+PROY_Indexado!$G$64*J$40+PROY_Indexado!$H$64*J$41)/SUM(PROY_Indexado!$B$64:$H$64)) -> 0.083333333 | K62: =IF(SUM(PROY_Indexado!$B$64:$H$64)=0,1/12,(PROY_Indexado!$B$64*K$35+PROY_Indexado!$C$64*K$36+PROY_Indexado!$D$64*K$37+PROY_Indexado!$E$64*K$38+PROY_Indexado!$F$64*K$39+PROY_Indexado!$G$64*K$40+PROY_Indexado!$H$64*K$41)/SUM(PROY_Indexado!$B$64:$H$64)) -> 0.083333333 | L62: =IF(SUM(PROY_Indexado!$B$64:$H$64)=0,1/12,(PROY_Indexado!$B$64*L$35+PROY_Indexado!$C$64*L$36+PROY_Indexado!$D$64*L$37+PROY_Indexado!$E$64*L$38+PROY_Indexado!$F$64*L$39+PROY_Indexado!$G$64*L$40+PROY_Indexado!$H$64*L$41)/SUM(PROY_Indexado!$B$64:$H$64)) -> 0.083333333 | ... P62: =IF(SUM(PROY_Indexado!$B$64:$H$64)=0,1/12,(PROY_Indexado!$B$64*P$35+PROY_Indexado!$C$64*P$36+PROY_Indexado!$D$64*P$37+PROY_Indexado!$E$64*P$38+PROY_Indexado!$F$64*P$39+PROY_Indexado!$G$64*P$40+PROY_Indexado!$H$64*P$41)/SUM(PROY_Indexado!$B$64:$H$64)) -> 0.083333333 | Q62: =MAX(E62:P62) -> 0.083333333 | R62: 5
A63: =datos_base!A10 -> Sales K 6 l | B63: Sales K | C63: 1 | D63: 0 | E63: =IF(SUM(PROY_Indexado!$B$65:$H$65)=0,1/12,(PROY_Indexado!$B$65*E$35+PROY_Indexado!$C$65*E$36+PROY_Indexado!$D$65*E$37+PROY_Indexado!$E$65*E$38+PROY_Indexado!$F$65*E$39+PROY_Indexado!$G$65*E$40+PROY_Indexado!$H$65*E$41)/SUM(PROY_Indexado!$B$65:$H$65)) -> 0.069535519 | F63: =IF(SUM(PROY_Indexado!$B$65:$H$65)=0,1/12,(PROY_Indexado!$B$65*F$35+PROY_Indexado!$C$65*F$36+PROY_Indexado!$D$65*F$37+PROY_Indexado!$E$65*F$38+PROY_Indexado!$F$65*F$39+PROY_Indexado!$G$65*F$40+PROY_Indexado!$H$65*F$41)/SUM(PROY_Indexado!$B$65:$H$65)) -> 0.069535519 | G63: =IF(SUM(PROY_Indexado!$B$65:$H$65)=0,1/12,(PROY_Indexado!$B$65*G$35+PROY_Indexado!$C$65*G$36+PROY_Indexado!$D$65*G$37+PROY_Indexado!$E$65*G$38+PROY_Indexado!$F$65*G$39+PROY_Indexado!$G$65*G$40+PROY_Indexado!$H$65*G$41)/SUM(PROY_Indexado!$B$65:$H$65)) -> 0.08382482 | H63: =IF(SUM(PROY_Indexado!$B$65:$H$65)=0,1/12,(PROY_Indexado!$B$65*H$35+PROY_Indexado!$C$65*H$36+PROY_Indexado!$D$65*H$37+PROY_Indexado!$E$65*H$38+PROY_Indexado!$F$65*H$39+PROY_Indexado!$G$65*H$40+PROY_Indexado!$H$65*H$41)/SUM(PROY_Indexado!$B$65:$H$65)) -> 0.094833981 | I63: =IF(SUM(PROY_Indexado!$B$65:$H$65)=0,1/12,(PROY_Indexado!$B$65*I$35+PROY_Indexado!$C$65*I$36+PROY_Indexado!$D$65*I$37+PROY_Indexado!$E$65*I$38+PROY_Indexado!$F$65*I$39+PROY_Indexado!$G$65*I$40+PROY_Indexado!$H$65*I$41)/SUM(PROY_Indexado!$B$65:$H$65)) -> 0.097218406 | J63: =IF(SUM(PROY_Indexado!$B$65:$H$65)=0,1/12,(PROY_Indexado!$B$65*J$35+PROY_Indexado!$C$65*J$36+PROY_Indexado!$D$65*J$37+PROY_Indexado!$E$65*J$38+PROY_Indexado!$F$65*J$39+PROY_Indexado!$G$65*J$40+PROY_Indexado!$H$65*J$41)/SUM(PROY_Indexado!$B$65:$H$65)) -> 0.095224007 | K63: =IF(SUM(PROY_Indexado!$B$65:$H$65)=0,1/12,(PROY_Indexado!$B$65*K$35+PROY_Indexado!$C$65*K$36+PROY_Indexado!$D$65*K$37+PROY_Indexado!$E$65*K$38+PROY_Indexado!$F$65*K$39+PROY_Indexado!$G$65*K$40+PROY_Indexado!$H$65*K$41)/SUM(PROY_Indexado!$B$65:$H$65)) -> 0.07800094 | L63: =IF(SUM(PROY_Indexado!$B$65:$H$65)=0,1/12,(PROY_Indexado!$B$65*L$35+PROY_Indexado!$C$65*L$36+PROY_Indexado!$D$65*L$37+PROY_Indexado!$E$65*L$38+PROY_Indexado!$F$65*L$39+PROY_Indexado!$G$65*L$40+PROY_Indexado!$H$65*L$41)/SUM(PROY_Indexado!$B$65:$H$65)) -> 0.081324733 | ... P63: =IF(SUM(PROY_Indexado!$B$65:$H$65)=0,1/12,(PROY_Indexado!$B$65*P$35+PROY_Indexado!$C$65*P$36+PROY_Indexado!$D$65*P$37+PROY_Indexado!$E$65*P$38+PROY_Indexado!$F$65*P$39+PROY_Indexado!$G$65*P$40+PROY_Indexado!$H$65*P$41)/SUM(PROY_Indexado!$B$65:$H$65)) -> 0.082929105 | Q63: =MAX(E63:P63) -> 0.097218406 | R63: 6
A64: =datos_base!A11 -> CO₂ 2 kg | B64: CO₂ | C64: 1 | D64: 0 | E64: =IF(SUM(PROY_Indexado!$B$66:$H$66)=0,1/12,(PROY_Indexado!$B$66*E$35+PROY_Indexado!$C$66*E$36+PROY_Indexado!$D$66*E$37+PROY_Indexado!$E$66*E$38+PROY_Indexado!$F$66*E$39+PROY_Indexado!$G$66*E$40+PROY_Indexado!$H$66*E$41)/SUM(PROY_Indexado!$B$66:$H$66)) -> 0.061615074 | F64: =IF(SUM(PROY_Indexado!$B$66:$H$66)=0,1/12,(PROY_Indexado!$B$66*F$35+PROY_Indexado!$C$66*F$36+PROY_Indexado!$D$66*F$37+PROY_Indexado!$E$66*F$38+PROY_Indexado!$F$66*F$39+PROY_Indexado!$G$66*F$40+PROY_Indexado!$H$66*F$41)/SUM(PROY_Indexado!$B$66:$H$66)) -> 0.061615074 | G64: =IF(SUM(PROY_Indexado!$B$66:$H$66)=0,1/12,(PROY_Indexado!$B$66*G$35+PROY_Indexado!$C$66*G$36+PROY_Indexado!$D$66*G$37+PROY_Indexado!$E$66*G$38+PROY_Indexado!$F$66*G$39+PROY_Indexado!$G$66*G$40+PROY_Indexado!$H$66*G$41)/SUM(PROY_Indexado!$B$66:$H$66)) -> 0.082945349 | H64: =IF(SUM(PROY_Indexado!$B$66:$H$66)=0,1/12,(PROY_Indexado!$B$66*H$35+PROY_Indexado!$C$66*H$36+PROY_Indexado!$D$66*H$37+PROY_Indexado!$E$66*H$38+PROY_Indexado!$F$66*H$39+PROY_Indexado!$G$66*H$40+PROY_Indexado!$H$66*H$41)/SUM(PROY_Indexado!$B$66:$H$66)) -> 0.10300765 | I64: =IF(SUM(PROY_Indexado!$B$66:$H$66)=0,1/12,(PROY_Indexado!$B$66*I$35+PROY_Indexado!$C$66*I$36+PROY_Indexado!$D$66*I$37+PROY_Indexado!$E$66*I$38+PROY_Indexado!$F$66*I$39+PROY_Indexado!$G$66*I$40+PROY_Indexado!$H$66*I$41)/SUM(PROY_Indexado!$B$66:$H$66)) -> 0.10342587 | J64: =IF(SUM(PROY_Indexado!$B$66:$H$66)=0,1/12,(PROY_Indexado!$B$66*J$35+PROY_Indexado!$C$66*J$36+PROY_Indexado!$D$66*J$37+PROY_Indexado!$E$66*J$38+PROY_Indexado!$F$66*J$39+PROY_Indexado!$G$66*J$40+PROY_Indexado!$H$66*J$41)/SUM(PROY_Indexado!$B$66:$H$66)) -> 0.1021099 | K64: =IF(SUM(PROY_Indexado!$B$66:$H$66)=0,1/12,(PROY_Indexado!$B$66*K$35+PROY_Indexado!$C$66*K$36+PROY_Indexado!$D$66*K$37+PROY_Indexado!$E$66*K$38+PROY_Indexado!$F$66*K$39+PROY_Indexado!$G$66*K$40+PROY_Indexado!$H$66*K$41)/SUM(PROY_Indexado!$B$66:$H$66)) -> 0.080128289 | L64: =IF(SUM(PROY_Indexado!$B$66:$H$66)=0,1/12,(PROY_Indexado!$B$66*L$35+PROY_Indexado!$C$66*L$36+PROY_Indexado!$D$66*L$37+PROY_Indexado!$E$66*L$38+PROY_Indexado!$F$66*L$39+PROY_Indexado!$G$66*L$40+PROY_Indexado!$H$66*L$41)/SUM(PROY_Indexado!$B$66:$H$66)) -> 0.079881877 | ... P64: =IF(SUM(PROY_Indexado!$B$66:$H$66)=0,1/12,(PROY_Indexado!$B$66*P$35+PROY_Indexado!$C$66*P$36+PROY_Indexado!$D$66*P$37+PROY_Indexado!$E$66*P$38+PROY_Indexado!$F$66*P$39+PROY_Indexado!$G$66*P$40+PROY_Indexado!$H$66*P$41)/SUM(PROY_Indexado!$B$66:$H$66)) -> 0.082095596 | Q64: =MAX(E64:P64) -> 0.10342587 | R64: 2
A65: =datos_base!A12 -> CO₂ 5 kg | B65: CO₂ | C65: 1 | D65: 1 | E65: =IF(SUM(PROY_Indexado!$B$67:$H$67)=0,1/12,(PROY_Indexado!$B$67*E$35+PROY_Indexado!$C$67*E$36+PROY_Indexado!$D$67*E$37+PROY_Indexado!$E$67*E$38+PROY_Indexado!$F$67*E$39+PROY_Indexado!$G$67*E$40+PROY_Indexado!$H$67*E$41)/SUM(PROY_Indexado!$B$67:$H$67)) -> 0.076184828 | F65: =IF(SUM(PROY_Indexado!$B$67:$H$67)=0,1/12,(PROY_Indexado!$B$67*F$35+PROY_Indexado!$C$67*F$36+PROY_Indexado!$D$67*F$37+PROY_Indexado!$E$67*F$38+PROY_Indexado!$F$67*F$39+PROY_Indexado!$G$67*F$40+PROY_Indexado!$H$67*F$41)/SUM(PROY_Indexado!$B$67:$H$67)) -> 0.076184828 | G65: =IF(SUM(PROY_Indexado!$B$67:$H$67)=0,1/12,(PROY_Indexado!$B$67*G$35+PROY_Indexado!$C$67*G$36+PROY_Indexado!$D$67*G$37+PROY_Indexado!$E$67*G$38+PROY_Indexado!$F$67*G$39+PROY_Indexado!$G$67*G$40+PROY_Indexado!$H$67*G$41)/SUM(PROY_Indexado!$B$67:$H$67)) -> 0.082668607 | H65: =IF(SUM(PROY_Indexado!$B$67:$H$67)=0,1/12,(PROY_Indexado!$B$67*H$35+PROY_Indexado!$C$67*H$36+PROY_Indexado!$D$67*H$37+PROY_Indexado!$E$67*H$38+PROY_Indexado!$F$67*H$39+PROY_Indexado!$G$67*H$40+PROY_Indexado!$H$67*H$41)/SUM(PROY_Indexado!$B$67:$H$67)) -> 0.091651888 | I65: =IF(SUM(PROY_Indexado!$B$67:$H$67)=0,1/12,(PROY_Indexado!$B$67*I$35+PROY_Indexado!$C$67*I$36+PROY_Indexado!$D$67*I$37+PROY_Indexado!$E$67*I$38+PROY_Indexado!$F$67*I$39+PROY_Indexado!$G$67*I$40+PROY_Indexado!$H$67*I$41)/SUM(PROY_Indexado!$B$67:$H$67)) -> 0.093195518 | J65: =IF(SUM(PROY_Indexado!$B$67:$H$67)=0,1/12,(PROY_Indexado!$B$67*J$35+PROY_Indexado!$C$67*J$36+PROY_Indexado!$D$67*J$37+PROY_Indexado!$E$67*J$38+PROY_Indexado!$F$67*J$39+PROY_Indexado!$G$67*J$40+PROY_Indexado!$H$67*J$41)/SUM(PROY_Indexado!$B$67:$H$67)) -> 0.088854122 | K65: =IF(SUM(PROY_Indexado!$B$67:$H$67)=0,1/12,(PROY_Indexado!$B$67*K$35+PROY_Indexado!$C$67*K$36+PROY_Indexado!$D$67*K$37+PROY_Indexado!$E$67*K$38+PROY_Indexado!$F$67*K$39+PROY_Indexado!$G$67*K$40+PROY_Indexado!$H$67*K$41)/SUM(PROY_Indexado!$B$67:$H$67)) -> 0.078491299 | L65: =IF(SUM(PROY_Indexado!$B$67:$H$67)=0,1/12,(PROY_Indexado!$B$67*L$35+PROY_Indexado!$C$67*L$36+PROY_Indexado!$D$67*L$37+PROY_Indexado!$E$67*L$38+PROY_Indexado!$F$67*L$39+PROY_Indexado!$G$67*L$40+PROY_Indexado!$H$67*L$41)/SUM(PROY_Indexado!$B$67:$H$67)) -> 0.079572578 | ... P65: =IF(SUM(PROY_Indexado!$B$67:$H$67)=0,1/12,(PROY_Indexado!$B$67*P$35+PROY_Indexado!$C$67*P$36+PROY_Indexado!$D$67*P$37+PROY_Indexado!$E$67*P$38+PROY_Indexado!$F$67*P$39+PROY_Indexado!$G$67*P$40+PROY_Indexado!$H$67*P$41)/SUM(PROY_Indexado!$B$67:$H$67)) -> 0.085783315 | Q65: =MAX(E65:P65) -> 0.093195518 | R65: 5
A66: =datos_base!A13 -> HCFC/HFC 5 kg | B66: Halogenado | C66: 1 | D66: 0 | E66: =IF(SUM(PROY_Indexado!$B$68:$H$68)=0,1/12,(PROY_Indexado!$B$68*E$35+PROY_Indexado!$C$68*E$36+PROY_Indexado!$D$68*E$37+PROY_Indexado!$E$68*E$38+PROY_Indexado!$F$68*E$39+PROY_Indexado!$G$68*E$40+PROY_Indexado!$H$68*E$41)/SUM(PROY_Indexado!$B$68:$H$68)) -> 0.089094392 | F66: =IF(SUM(PROY_Indexado!$B$68:$H$68)=0,1/12,(PROY_Indexado!$B$68*F$35+PROY_Indexado!$C$68*F$36+PROY_Indexado!$D$68*F$37+PROY_Indexado!$E$68*F$38+PROY_Indexado!$F$68*F$39+PROY_Indexado!$G$68*F$40+PROY_Indexado!$H$68*F$41)/SUM(PROY_Indexado!$B$68:$H$68)) -> 0.089094392 | G66: =IF(SUM(PROY_Indexado!$B$68:$H$68)=0,1/12,(PROY_Indexado!$B$68*G$35+PROY_Indexado!$C$68*G$36+PROY_Indexado!$D$68*G$37+PROY_Indexado!$E$68*G$38+PROY_Indexado!$F$68*G$39+PROY_Indexado!$G$68*G$40+PROY_Indexado!$H$68*G$41)/SUM(PROY_Indexado!$B$68:$H$68)) -> 0.083333333 | H66: =IF(SUM(PROY_Indexado!$B$68:$H$68)=0,1/12,(PROY_Indexado!$B$68*H$35+PROY_Indexado!$C$68*H$36+PROY_Indexado!$D$68*H$37+PROY_Indexado!$E$68*H$38+PROY_Indexado!$F$68*H$39+PROY_Indexado!$G$68*H$40+PROY_Indexado!$H$68*H$41)/SUM(PROY_Indexado!$B$68:$H$68)) -> 0.083333333 | I66: =IF(SUM(PROY_Indexado!$B$68:$H$68)=0,1/12,(PROY_Indexado!$B$68*I$35+PROY_Indexado!$C$68*I$36+PROY_Indexado!$D$68*I$37+PROY_Indexado!$E$68*I$38+PROY_Indexado!$F$68*I$39+PROY_Indexado!$G$68*I$40+PROY_Indexado!$H$68*I$41)/SUM(PROY_Indexado!$B$68:$H$68)) -> 0.083333333 | J66: =IF(SUM(PROY_Indexado!$B$68:$H$68)=0,1/12,(PROY_Indexado!$B$68*J$35+PROY_Indexado!$C$68*J$36+PROY_Indexado!$D$68*J$37+PROY_Indexado!$E$68*J$38+PROY_Indexado!$F$68*J$39+PROY_Indexado!$G$68*J$40+PROY_Indexado!$H$68*J$41)/SUM(PROY_Indexado!$B$68:$H$68)) -> 0.077572275 | K66: =IF(SUM(PROY_Indexado!$B$68:$H$68)=0,1/12,(PROY_Indexado!$B$68*K$35+PROY_Indexado!$C$68*K$36+PROY_Indexado!$D$68*K$37+PROY_Indexado!$E$68*K$38+PROY_Indexado!$F$68*K$39+PROY_Indexado!$G$68*K$40+PROY_Indexado!$H$68*K$41)/SUM(PROY_Indexado!$B$68:$H$68)) -> 0.077572275 | L66: =IF(SUM(PROY_Indexado!$B$68:$H$68)=0,1/12,(PROY_Indexado!$B$68*L$35+PROY_Indexado!$C$68*L$36+PROY_Indexado!$D$68*L$37+PROY_Indexado!$E$68*L$38+PROY_Indexado!$F$68*L$39+PROY_Indexado!$G$68*L$40+PROY_Indexado!$H$68*L$41)/SUM(PROY_Indexado!$B$68:$H$68)) -> 0.077572275 | ... P66: =IF(SUM(PROY_Indexado!$B$68:$H$68)=0,1/12,(PROY_Indexado!$B$68*P$35+PROY_Indexado!$C$68*P$36+PROY_Indexado!$D$68*P$37+PROY_Indexado!$E$68*P$38+PROY_Indexado!$F$68*P$39+PROY_Indexado!$G$68*P$40+PROY_Indexado!$H$68*P$41)/SUM(PROY_Indexado!$B$68:$H$68)) -> 0.089094392 | Q66: =MAX(E66:P66) -> 0.089094392 | R66: 5
A67: =datos_base!A14 -> Clase D 9 l | B67: Clase D | C67: 1 | D67: 0 | E67: =IF(SUM(PROY_Indexado!$B$69:$H$69)=0,1/12,(PROY_Indexado!$B$69*E$35+PROY_Indexado!$C$69*E$36+PROY_Indexado!$D$69*E$37+PROY_Indexado!$E$69*E$38+PROY_Indexado!$F$69*E$39+PROY_Indexado!$G$69*E$40+PROY_Indexado!$H$69*E$41)/SUM(PROY_Indexado!$B$69:$H$69)) -> 0.083333333 | F67: =IF(SUM(PROY_Indexado!$B$69:$H$69)=0,1/12,(PROY_Indexado!$B$69*F$35+PROY_Indexado!$C$69*F$36+PROY_Indexado!$D$69*F$37+PROY_Indexado!$E$69*F$38+PROY_Indexado!$F$69*F$39+PROY_Indexado!$G$69*F$40+PROY_Indexado!$H$69*F$41)/SUM(PROY_Indexado!$B$69:$H$69)) -> 0.083333333 | G67: =IF(SUM(PROY_Indexado!$B$69:$H$69)=0,1/12,(PROY_Indexado!$B$69*G$35+PROY_Indexado!$C$69*G$36+PROY_Indexado!$D$69*G$37+PROY_Indexado!$E$69*G$38+PROY_Indexado!$F$69*G$39+PROY_Indexado!$G$69*G$40+PROY_Indexado!$H$69*G$41)/SUM(PROY_Indexado!$B$69:$H$69)) -> 0.083333333 | H67: =IF(SUM(PROY_Indexado!$B$69:$H$69)=0,1/12,(PROY_Indexado!$B$69*H$35+PROY_Indexado!$C$69*H$36+PROY_Indexado!$D$69*H$37+PROY_Indexado!$E$69*H$38+PROY_Indexado!$F$69*H$39+PROY_Indexado!$G$69*H$40+PROY_Indexado!$H$69*H$41)/SUM(PROY_Indexado!$B$69:$H$69)) -> 0.083333333 | I67: =IF(SUM(PROY_Indexado!$B$69:$H$69)=0,1/12,(PROY_Indexado!$B$69*I$35+PROY_Indexado!$C$69*I$36+PROY_Indexado!$D$69*I$37+PROY_Indexado!$E$69*I$38+PROY_Indexado!$F$69*I$39+PROY_Indexado!$G$69*I$40+PROY_Indexado!$H$69*I$41)/SUM(PROY_Indexado!$B$69:$H$69)) -> 0.083333333 | J67: =IF(SUM(PROY_Indexado!$B$69:$H$69)=0,1/12,(PROY_Indexado!$B$69*J$35+PROY_Indexado!$C$69*J$36+PROY_Indexado!$D$69*J$37+PROY_Indexado!$E$69*J$38+PROY_Indexado!$F$69*J$39+PROY_Indexado!$G$69*J$40+PROY_Indexado!$H$69*J$41)/SUM(PROY_Indexado!$B$69:$H$69)) -> 0.083333333 | K67: =IF(SUM(PROY_Indexado!$B$69:$H$69)=0,1/12,(PROY_Indexado!$B$69*K$35+PROY_Indexado!$C$69*K$36+PROY_Indexado!$D$69*K$37+PROY_Indexado!$E$69*K$38+PROY_Indexado!$F$69*K$39+PROY_Indexado!$G$69*K$40+PROY_Indexado!$H$69*K$41)/SUM(PROY_Indexado!$B$69:$H$69)) -> 0.083333333 | L67: =IF(SUM(PROY_Indexado!$B$69:$H$69)=0,1/12,(PROY_Indexado!$B$69*L$35+PROY_Indexado!$C$69*L$36+PROY_Indexado!$D$69*L$37+PROY_Indexado!$E$69*L$38+PROY_Indexado!$F$69*L$39+PROY_Indexado!$G$69*L$40+PROY_Indexado!$H$69*L$41)/SUM(PROY_Indexado!$B$69:$H$69)) -> 0.083333333 | ... P67: =IF(SUM(PROY_Indexado!$B$69:$H$69)=0,1/12,(PROY_Indexado!$B$69*P$35+PROY_Indexado!$C$69*P$36+PROY_Indexado!$D$69*P$37+PROY_Indexado!$E$69*P$38+PROY_Indexado!$F$69*P$39+PROY_Indexado!$G$69*P$40+PROY_Indexado!$H$69*P$41)/SUM(PROY_Indexado!$B$69:$H$69)) -> 0.083333333 | Q67: =MAX(E67:P67) -> 0.083333333 | R67: 9
A68: =datos_base!A15 -> ABC 25 kg s/ruedas | B68: ABC | C68: =$B$9 -> 6.3608539 | D68: 1 | E68: =IF(SUM(PROY_Indexado!$B$70:$H$70)=0,1/12,(PROY_Indexado!$B$70*E$35+PROY_Indexado!$C$70*E$36+PROY_Indexado!$D$70*E$37+PROY_Indexado!$E$70*E$38+PROY_Indexado!$F$70*E$39+PROY_Indexado!$G$70*E$40+PROY_Indexado!$H$70*E$41)/SUM(PROY_Indexado!$B$70:$H$70)) -> 0.074171364 | F68: =IF(SUM(PROY_Indexado!$B$70:$H$70)=0,1/12,(PROY_Indexado!$B$70*F$35+PROY_Indexado!$C$70*F$36+PROY_Indexado!$D$70*F$37+PROY_Indexado!$E$70*F$38+PROY_Indexado!$F$70*F$39+PROY_Indexado!$G$70*F$40+PROY_Indexado!$H$70*F$41)/SUM(PROY_Indexado!$B$70:$H$70)) -> 0.074171364 | G68: =IF(SUM(PROY_Indexado!$B$70:$H$70)=0,1/12,(PROY_Indexado!$B$70*G$35+PROY_Indexado!$C$70*G$36+PROY_Indexado!$D$70*G$37+PROY_Indexado!$E$70*G$38+PROY_Indexado!$F$70*G$39+PROY_Indexado!$G$70*G$40+PROY_Indexado!$H$70*G$41)/SUM(PROY_Indexado!$B$70:$H$70)) -> 0.082630883 | H68: =IF(SUM(PROY_Indexado!$B$70:$H$70)=0,1/12,(PROY_Indexado!$B$70*H$35+PROY_Indexado!$C$70*H$36+PROY_Indexado!$D$70*H$37+PROY_Indexado!$E$70*H$38+PROY_Indexado!$F$70*H$39+PROY_Indexado!$G$70*H$40+PROY_Indexado!$H$70*H$41)/SUM(PROY_Indexado!$B$70:$H$70)) -> 0.093847744 | I68: =IF(SUM(PROY_Indexado!$B$70:$H$70)=0,1/12,(PROY_Indexado!$B$70*I$35+PROY_Indexado!$C$70*I$36+PROY_Indexado!$D$70*I$37+PROY_Indexado!$E$70*I$38+PROY_Indexado!$F$70*I$39+PROY_Indexado!$G$70*I$40+PROY_Indexado!$H$70*I$41)/SUM(PROY_Indexado!$B$70:$H$70)) -> 0.094303199 | J68: =IF(SUM(PROY_Indexado!$B$70:$H$70)=0,1/12,(PROY_Indexado!$B$70*J$35+PROY_Indexado!$C$70*J$36+PROY_Indexado!$D$70*J$37+PROY_Indexado!$E$70*J$38+PROY_Indexado!$F$70*J$39+PROY_Indexado!$G$70*J$40+PROY_Indexado!$H$70*J$41)/SUM(PROY_Indexado!$B$70:$H$70)) -> 0.090597286 | K68: =IF(SUM(PROY_Indexado!$B$70:$H$70)=0,1/12,(PROY_Indexado!$B$70*K$35+PROY_Indexado!$C$70*K$36+PROY_Indexado!$D$70*K$37+PROY_Indexado!$E$70*K$38+PROY_Indexado!$F$70*K$39+PROY_Indexado!$G$70*K$40+PROY_Indexado!$H$70*K$41)/SUM(PROY_Indexado!$B$70:$H$70)) -> 0.078222957 | L68: =IF(SUM(PROY_Indexado!$B$70:$H$70)=0,1/12,(PROY_Indexado!$B$70*L$35+PROY_Indexado!$C$70*L$36+PROY_Indexado!$D$70*L$37+PROY_Indexado!$E$70*L$38+PROY_Indexado!$F$70*L$39+PROY_Indexado!$G$70*L$40+PROY_Indexado!$H$70*L$41)/SUM(PROY_Indexado!$B$70:$H$70)) -> 0.07888731 | ... P68: =IF(SUM(PROY_Indexado!$B$70:$H$70)=0,1/12,(PROY_Indexado!$B$70*P$35+PROY_Indexado!$C$70*P$36+PROY_Indexado!$D$70*P$37+PROY_Indexado!$E$70*P$38+PROY_Indexado!$F$70*P$39+PROY_Indexado!$G$70*P$40+PROY_Indexado!$H$70*P$41)/SUM(PROY_Indexado!$B$70:$H$70)) -> 0.08584368 | Q68: =MAX(E68:P68) -> 0.094303199 | R68: 25
A69: =datos_base!A16 -> ABC 50 kg s/ruedas | B69: ABC | C69: =$B$9 -> 6.3608539 | D69: 1 | E69: =IF(SUM(PROY_Indexado!$B$71:$H$71)=0,1/12,(PROY_Indexado!$B$71*E$35+PROY_Indexado!$C$71*E$36+PROY_Indexado!$D$71*E$37+PROY_Indexado!$E$71*E$38+PROY_Indexado!$F$71*E$39+PROY_Indexado!$G$71*E$40+PROY_Indexado!$H$71*E$41)/SUM(PROY_Indexado!$B$71:$H$71)) -> 0.074171458 | F69: =IF(SUM(PROY_Indexado!$B$71:$H$71)=0,1/12,(PROY_Indexado!$B$71*F$35+PROY_Indexado!$C$71*F$36+PROY_Indexado!$D$71*F$37+PROY_Indexado!$E$71*F$38+PROY_Indexado!$F$71*F$39+PROY_Indexado!$G$71*F$40+PROY_Indexado!$H$71*F$41)/SUM(PROY_Indexado!$B$71:$H$71)) -> 0.074171458 | G69: =IF(SUM(PROY_Indexado!$B$71:$H$71)=0,1/12,(PROY_Indexado!$B$71*G$35+PROY_Indexado!$C$71*G$36+PROY_Indexado!$D$71*G$37+PROY_Indexado!$E$71*G$38+PROY_Indexado!$F$71*G$39+PROY_Indexado!$G$71*G$40+PROY_Indexado!$H$71*G$41)/SUM(PROY_Indexado!$B$71:$H$71)) -> 0.082630951 | H69: =IF(SUM(PROY_Indexado!$B$71:$H$71)=0,1/12,(PROY_Indexado!$B$71*H$35+PROY_Indexado!$C$71*H$36+PROY_Indexado!$D$71*H$37+PROY_Indexado!$E$71*H$38+PROY_Indexado!$F$71*H$39+PROY_Indexado!$G$71*H$40+PROY_Indexado!$H$71*H$41)/SUM(PROY_Indexado!$B$71:$H$71)) -> 0.093847734 | I69: =IF(SUM(PROY_Indexado!$B$71:$H$71)=0,1/12,(PROY_Indexado!$B$71*I$35+PROY_Indexado!$C$71*I$36+PROY_Indexado!$D$71*I$37+PROY_Indexado!$E$71*I$38+PROY_Indexado!$F$71*I$39+PROY_Indexado!$G$71*I$40+PROY_Indexado!$H$71*I$41)/SUM(PROY_Indexado!$B$71:$H$71)) -> 0.094303072 | J69: =IF(SUM(PROY_Indexado!$B$71:$H$71)=0,1/12,(PROY_Indexado!$B$71*J$35+PROY_Indexado!$C$71*J$36+PROY_Indexado!$D$71*J$37+PROY_Indexado!$E$71*J$38+PROY_Indexado!$F$71*J$39+PROY_Indexado!$G$71*J$40+PROY_Indexado!$H$71*J$41)/SUM(PROY_Indexado!$B$71:$H$71)) -> 0.090597261 | K69: =IF(SUM(PROY_Indexado!$B$71:$H$71)=0,1/12,(PROY_Indexado!$B$71*K$35+PROY_Indexado!$C$71*K$36+PROY_Indexado!$D$71*K$37+PROY_Indexado!$E$71*K$38+PROY_Indexado!$F$71*K$39+PROY_Indexado!$G$71*K$40+PROY_Indexado!$H$71*K$41)/SUM(PROY_Indexado!$B$71:$H$71)) -> 0.078223211 | L69: =IF(SUM(PROY_Indexado!$B$71:$H$71)=0,1/12,(PROY_Indexado!$B$71*L$35+PROY_Indexado!$C$71*L$36+PROY_Indexado!$D$71*L$37+PROY_Indexado!$E$71*L$38+PROY_Indexado!$F$71*L$39+PROY_Indexado!$G$71*L$40+PROY_Indexado!$H$71*L$41)/SUM(PROY_Indexado!$B$71:$H$71)) -> 0.078887295 | ... P69: =IF(SUM(PROY_Indexado!$B$71:$H$71)=0,1/12,(PROY_Indexado!$B$71*P$35+PROY_Indexado!$C$71*P$36+PROY_Indexado!$D$71*P$37+PROY_Indexado!$E$71*P$38+PROY_Indexado!$F$71*P$39+PROY_Indexado!$G$71*P$40+PROY_Indexado!$H$71*P$41)/SUM(PROY_Indexado!$B$71:$H$71)) -> 0.085843579 | Q69: =MAX(E69:P69) -> 0.094303072 | R69: 50
A70: =datos_base!A17 -> ABC 70 kg s/ruedas | B70: ABC | C70: =$B$9 -> 6.3608539 | D70: 1 | E70: =IF(SUM(PROY_Indexado!$B$72:$H$72)=0,1/12,(PROY_Indexado!$B$72*E$35+PROY_Indexado!$C$72*E$36+PROY_Indexado!$D$72*E$37+PROY_Indexado!$E$72*E$38+PROY_Indexado!$F$72*E$39+PROY_Indexado!$G$72*E$40+PROY_Indexado!$H$72*E$41)/SUM(PROY_Indexado!$B$72:$H$72)) -> 0.074171471 | F70: =IF(SUM(PROY_Indexado!$B$72:$H$72)=0,1/12,(PROY_Indexado!$B$72*F$35+PROY_Indexado!$C$72*F$36+PROY_Indexado!$D$72*F$37+PROY_Indexado!$E$72*F$38+PROY_Indexado!$F$72*F$39+PROY_Indexado!$G$72*F$40+PROY_Indexado!$H$72*F$41)/SUM(PROY_Indexado!$B$72:$H$72)) -> 0.074171471 | G70: =IF(SUM(PROY_Indexado!$B$72:$H$72)=0,1/12,(PROY_Indexado!$B$72*G$35+PROY_Indexado!$C$72*G$36+PROY_Indexado!$D$72*G$37+PROY_Indexado!$E$72*G$38+PROY_Indexado!$F$72*G$39+PROY_Indexado!$G$72*G$40+PROY_Indexado!$H$72*G$41)/SUM(PROY_Indexado!$B$72:$H$72)) -> 0.082630867 | H70: =IF(SUM(PROY_Indexado!$B$72:$H$72)=0,1/12,(PROY_Indexado!$B$72*H$35+PROY_Indexado!$C$72*H$36+PROY_Indexado!$D$72*H$37+PROY_Indexado!$E$72*H$38+PROY_Indexado!$F$72*H$39+PROY_Indexado!$G$72*H$40+PROY_Indexado!$H$72*H$41)/SUM(PROY_Indexado!$B$72:$H$72)) -> 0.093847948 | I70: =IF(SUM(PROY_Indexado!$B$72:$H$72)=0,1/12,(PROY_Indexado!$B$72*I$35+PROY_Indexado!$C$72*I$36+PROY_Indexado!$D$72*I$37+PROY_Indexado!$E$72*I$38+PROY_Indexado!$F$72*I$39+PROY_Indexado!$G$72*I$40+PROY_Indexado!$H$72*I$41)/SUM(PROY_Indexado!$B$72:$H$72)) -> 0.094303083 | J70: =IF(SUM(PROY_Indexado!$B$72:$H$72)=0,1/12,(PROY_Indexado!$B$72*J$35+PROY_Indexado!$C$72*J$36+PROY_Indexado!$D$72*J$37+PROY_Indexado!$E$72*J$38+PROY_Indexado!$F$72*J$39+PROY_Indexado!$G$72*J$40+PROY_Indexado!$H$72*J$41)/SUM(PROY_Indexado!$B$72:$H$72)) -> 0.090597229 | K70: =IF(SUM(PROY_Indexado!$B$72:$H$72)=0,1/12,(PROY_Indexado!$B$72*K$35+PROY_Indexado!$C$72*K$36+PROY_Indexado!$D$72*K$37+PROY_Indexado!$E$72*K$38+PROY_Indexado!$F$72*K$39+PROY_Indexado!$G$72*K$40+PROY_Indexado!$H$72*K$41)/SUM(PROY_Indexado!$B$72:$H$72)) -> 0.078223361 | L70: =IF(SUM(PROY_Indexado!$B$72:$H$72)=0,1/12,(PROY_Indexado!$B$72*L$35+PROY_Indexado!$C$72*L$36+PROY_Indexado!$D$72*L$37+PROY_Indexado!$E$72*L$38+PROY_Indexado!$F$72*L$39+PROY_Indexado!$G$72*L$40+PROY_Indexado!$H$72*L$41)/SUM(PROY_Indexado!$B$72:$H$72)) -> 0.078887114 | ... P70: =IF(SUM(PROY_Indexado!$B$72:$H$72)=0,1/12,(PROY_Indexado!$B$72*P$35+PROY_Indexado!$C$72*P$36+PROY_Indexado!$D$72*P$37+PROY_Indexado!$E$72*P$38+PROY_Indexado!$F$72*P$39+PROY_Indexado!$G$72*P$40+PROY_Indexado!$H$72*P$41)/SUM(PROY_Indexado!$B$72:$H$72)) -> 0.085843687 | Q70: =MAX(E70:P70) -> 0.094303083 | R70: 70
A71: =datos_base!A18 -> ABC 100 kg s/ruedas | B71: ABC | C71: =$B$9 -> 6.3608539 | D71: 1 | E71: =IF(SUM(PROY_Indexado!$B$73:$H$73)=0,1/12,(PROY_Indexado!$B$73*E$35+PROY_Indexado!$C$73*E$36+PROY_Indexado!$D$73*E$37+PROY_Indexado!$E$73*E$38+PROY_Indexado!$F$73*E$39+PROY_Indexado!$G$73*E$40+PROY_Indexado!$H$73*E$41)/SUM(PROY_Indexado!$B$73:$H$73)) -> 0.074172135 | F71: =IF(SUM(PROY_Indexado!$B$73:$H$73)=0,1/12,(PROY_Indexado!$B$73*F$35+PROY_Indexado!$C$73*F$36+PROY_Indexado!$D$73*F$37+PROY_Indexado!$E$73*F$38+PROY_Indexado!$F$73*F$39+PROY_Indexado!$G$73*F$40+PROY_Indexado!$H$73*F$41)/SUM(PROY_Indexado!$B$73:$H$73)) -> 0.074172135 | G71: =IF(SUM(PROY_Indexado!$B$73:$H$73)=0,1/12,(PROY_Indexado!$B$73*G$35+PROY_Indexado!$C$73*G$36+PROY_Indexado!$D$73*G$37+PROY_Indexado!$E$73*G$38+PROY_Indexado!$F$73*G$39+PROY_Indexado!$G$73*G$40+PROY_Indexado!$H$73*G$41)/SUM(PROY_Indexado!$B$73:$H$73)) -> 0.082631255 | H71: =IF(SUM(PROY_Indexado!$B$73:$H$73)=0,1/12,(PROY_Indexado!$B$73*H$35+PROY_Indexado!$C$73*H$36+PROY_Indexado!$D$73*H$37+PROY_Indexado!$E$73*H$38+PROY_Indexado!$F$73*H$39+PROY_Indexado!$G$73*H$40+PROY_Indexado!$H$73*H$41)/SUM(PROY_Indexado!$B$73:$H$73)) -> 0.093847545 | I71: =IF(SUM(PROY_Indexado!$B$73:$H$73)=0,1/12,(PROY_Indexado!$B$73*I$35+PROY_Indexado!$C$73*I$36+PROY_Indexado!$D$73*I$37+PROY_Indexado!$E$73*I$38+PROY_Indexado!$F$73*I$39+PROY_Indexado!$G$73*I$40+PROY_Indexado!$H$73*I$41)/SUM(PROY_Indexado!$B$73:$H$73)) -> 0.09430268 | J71: =IF(SUM(PROY_Indexado!$B$73:$H$73)=0,1/12,(PROY_Indexado!$B$73*J$35+PROY_Indexado!$C$73*J$36+PROY_Indexado!$D$73*J$37+PROY_Indexado!$E$73*J$38+PROY_Indexado!$F$73*J$39+PROY_Indexado!$G$73*J$40+PROY_Indexado!$H$73*J$41)/SUM(PROY_Indexado!$B$73:$H$73)) -> 0.090596826 | K71: =IF(SUM(PROY_Indexado!$B$73:$H$73)=0,1/12,(PROY_Indexado!$B$73*K$35+PROY_Indexado!$C$73*K$36+PROY_Indexado!$D$73*K$37+PROY_Indexado!$E$73*K$38+PROY_Indexado!$F$73*K$39+PROY_Indexado!$G$73*K$40+PROY_Indexado!$H$73*K$41)/SUM(PROY_Indexado!$B$73:$H$73)) -> 0.078223492 | L71: =IF(SUM(PROY_Indexado!$B$73:$H$73)=0,1/12,(PROY_Indexado!$B$73*L$35+PROY_Indexado!$C$73*L$36+PROY_Indexado!$D$73*L$37+PROY_Indexado!$E$73*L$38+PROY_Indexado!$F$73*L$39+PROY_Indexado!$G$73*L$40+PROY_Indexado!$H$73*L$41)/SUM(PROY_Indexado!$B$73:$H$73)) -> 0.078886986 | ... P71: =IF(SUM(PROY_Indexado!$B$73:$H$73)=0,1/12,(PROY_Indexado!$B$73*P$35+PROY_Indexado!$C$73*P$36+PROY_Indexado!$D$73*P$37+PROY_Indexado!$E$73*P$38+PROY_Indexado!$F$73*P$39+PROY_Indexado!$G$73*P$40+PROY_Indexado!$H$73*P$41)/SUM(PROY_Indexado!$B$73:$H$73)) -> 0.08584356 | Q71: =MAX(E71:P71) -> 0.09430268 | R71: 100
A72: Toda la planta (recargas 2035; lo importan el MRP y Recargas.xlsx) | E72: =SUMPRODUCT(datos_base!$K$2:$K$18,E55:E71)/SUM(datos_base!$K$2:$K$18) -> 0.094685975 | F72: =SUMPRODUCT(datos_base!$K$2:$K$18,F55:F71)/SUM(datos_base!$K$2:$K$18) -> 0.081358983 | G72: =SUMPRODUCT(datos_base!$K$2:$K$18,G55:G71)/SUM(datos_base!$K$2:$K$18) -> 0.076371131 | H72: =SUMPRODUCT(datos_base!$K$2:$K$18,H55:H71)/SUM(datos_base!$K$2:$K$18) -> 0.084183446 | I72: =SUMPRODUCT(datos_base!$K$2:$K$18,I55:I71)/SUM(datos_base!$K$2:$K$18) -> 0.084781569 | J72: =SUMPRODUCT(datos_base!$K$2:$K$18,J55:J71)/SUM(datos_base!$K$2:$K$18) -> 0.084016433 | K72: =SUMPRODUCT(datos_base!$K$2:$K$18,K55:K71)/SUM(datos_base!$K$2:$K$18) -> 0.074881253 | L72: =SUMPRODUCT(datos_base!$K$2:$K$18,L55:L71)/SUM(datos_base!$K$2:$K$18) -> 0.07551028 | ... P72: =SUMPRODUCT(datos_base!$K$2:$K$18,P55:P71)/SUM(datos_base!$K$2:$K$18) -> 0.10298626 | Q72: =MAX(E72:P72) -> 0.10298626
A74: CAPACIDAD POR PUESTO (fracción de cada agente que pasa por el puesto; cilindro nuevo: 1 = pasa)
A75: N° | B75: Puesto / operación | C75: Máquina / equipo | D75: Recurso | E75: ABC | F75: BC | G75: Clase D | H75: Agua | I75: AFFF | J75: Sales K | K75: CO₂ | L75: Halogenado | M75: Cilindro nuevo (alta de sustituto) | N75: Tiempo tipo (s/u) | O75: Cap. real (u/h) | P75: Cap. real (u/mes, 1 turno) | Q75: Word
A76: 1 | B76: Recepción y registro | C76: Autoelevador + tablet e impresora de etiquetas; jaulas A y B | D76: Manual | E76: 1 | F76: 1 | G76: 1 | H76: 1 | I76: 1 | J76: 1 | K76: 1 | L76: 1 | M76: 1 | N76: =12.5+12.5+40+10 -> 75 | O76: =IF(N76>0,3600/N76,0) -> 48 | P76: =O76*$B$6 -> 7200 | Q76: § 5.1
A77: 2 | B77: Inspección visual | C77: Mesa con goma, lámpara con lupa, PC | D77: Manual | E77: 1 | F77: 1 | G77: 1 | H77: 1 | I77: 1 | J77: 1 | K77: 1 | L77: 1 | M77: 0 | N77: =5+30+25+10+15+5 -> 90 | O77: =IF(N77>0,3600/N77,0) -> 40 | P77: =O77*$B$6 -> 6000 | Q77: § 5.2
A78: 3 | B78: Descarga ABC — ruta recuperable | C78: Máquina neumática Yukon (tolva 240 kg) | D78: Máquina | E78: =(1-E$22)*(1-E$23) -> 0.855 | F78: 0 | G78: 0 | H78: 0 | I78: 0 | J78: 0 | K78: 0 | L78: 0 | M78: 0 | N78: =15+60+10 -> 85 | O78: =IF(N78>0,3600/N78,0) -> 42.352941 | P78: =O78*$B$6 -> 6352.9412 | Q78: § 5.3
A79: 4 | B79: Descarga a descarte (ABC, BC y Clase D) | C79: Tambor Yukon M-000030 de ABC y Clase D + tambor exclusivo de BC | D79: Máquina | E79: =(1-E$22)*E$23 -> 0.095 | F79: =(1-F$22)*F$23 -> 0.95 | G79: =(1-G$22)*G$23 -> 0.95 | H79: 0 | I79: 0 | J79: 0 | K79: 0 | L79: 0 | M79: 0 | N79: =15+60+10 -> 85 | O79: =IF(N79>0,3600/N79,0) -> 42.352941 | P79: =O79*$B$6 -> 6352.9412 | Q79: § 5.4
A80: 5 | B80: Descarga y carga de agua / AFFF / sales K | C80: IBC 1.000 l (AFFF), tanque 600 l (agua) y tanque de premezcla con bomba 40 l/min + balanza | D80: Máquina | E80: 0 | F80: 0 | G80: 0 | H80: =(1-H$22)*H$23 -> 0.95 | I80: =(1-I$22)*I$23 -> 0.95 | J80: =(1-J$22)*J$23 -> 0.95 | K80: 0 | L80: 0 | M80: 0 | N80: =10+10+15+60+10+20+10+30+15+15+10 -> 205 | O80: =IF(N80>0,3600/N80,0) -> 17.560976 | P80: =O80*$B$6 -> 2634.1463 | Q80: § 5.5
A81: 6 | B81: Recuperación y carga de CO₂ | C81: Trasvasadora CO₂ 103/D1 + manifold (recupera y carga) | D81: Máquina | E81: 0 | F81: 0 | G81: 0 | H81: 0 | I81: 0 | J81: 0 | K81: =(K$16+K$24+K$22)+(K$16+K$24)*(20+20+120+20+15+10)/(30+10+15+150+25+10) -> 0.60625 | L81: 0 | M81: 0 | N81: =30+10+15+150+25+10 -> 240 | O81: =IF(N81>0,3600/N81,0) -> 15 | P81: =O81*$B$6 -> 2250 | Q81: § 5.6
A82: 7 | B82: Recuperación y carga de halogenado | C82: Unidad THB/BP + pinza (recupera y carga) | D82: Máquina | E82: 0 | F82: 0 | G82: 0 | H82: 0 | I82: 0 | J82: 0 | K82: 0 | L82: =L$16+L$22+L$24 -> 0.35 | M82: 0 | N82: =60+20+30+300+40+15+300+40+60+30 -> 895 | O82: =IF(N82>0,3600/N82,0) -> 4.0223464 | P82: =O82*$B$6 -> 603.35196 | Q82: § 5.7
A83: 8 | B83: Desarme y limpieza — recinto | C83: Lanza de soplado + aspiradora industrial + llaves | D83: Manual | E83: 1 | F83: 1 | G83: 1 | H83: 0 | I83: 0 | J83: 0 | K83: 0 | L83: 0 | M83: 0 | N83: =5+30+5+10+20+120*$E$16+5 -> 105 | O83: =IF(N83>0,3600/N83,0) -> 34.285714 | P83: =O83*$B$6 -> 5142.8571 | Q83: § 5.8
A84: 9 | B84: Desarme e inspección interior — zona general | C84: Boroscopio Klein ET19 + llaves | D84: Manual | E84: 0 | F84: 0 | G84: 0 | H84: 1 | I84: 1 | J84: 1 | K84: =K$16+K$24 -> 0.3 | L84: =L$16+L$22+L$24 -> 0.35 | M84: 0 | N84: =10+40+60+90*0.4+15+15 -> 176 | O84: =IF(N84>0,3600/N84,0) -> 20.454545 | P84: =O84*$B$6 -> 3068.1818 | Q84: § 5.9
A85: 10 | B85: Laboratorio — Puffer y mufla | C85: Puffer Yukon M-100150 + mufla ORL-0 | D85: Máquina | E85: =E$28 -> 0.010406792 | F85: =F$28 -> 0 | G85: 0 | H85: 0 | I85: 0 | J85: 0 | K85: 0 | L85: 0 | M85: 0 | N85: =300+600+1800+60+120+300 -> 3180 | O85: =IF(N85>0,3600/N85,0) -> 1.1320755 | P85: =O85*$B$6 -> 169.81132 | Q85: § 5.10
A86: 11 | B86: Prueba hidráulica | C86: Máquina PH Yukon 300 kg/cm² | D86: Máquina | E86: =E$16 -> 0.25 | F86: =F$16 -> 0.25 | G86: =G$16 -> 0.25 | H86: =H$16 -> 0.55 | I86: =I$16 -> 0.55 | J86: =J$16 -> 0.55 | K86: =K$16 -> 0.25 | L86: =L$16 -> 0.25 | M86: 0 | N86: =12+20+90+90+75+15 -> 302 | O86: =IF(N86>0,3600/N86,0) -> 11.92053 | P86: =O86*$B$6 -> 1788.0795 | Q86: § 5.11
A87: 12 | B87: Secado | C87: Secadora Yukon de 6 recipientes | D87: Máquina | E87: =E$16+E$26 -> 0.26 | F87: =F$16+F$26 -> 0.26 | G87: =G$16+G$26 -> 0.26 | H87: 0 | I87: 0 | J87: 0 | K87: =K$16 -> 0.25 | L87: =L$16 -> 0.25 | M87: 0 | N87: =15+15*60/6+15 -> 180 | O87: =IF(N87>0,3600/N87,0) -> 20 | P87: =O87*$B$6 -> 3000 | Q87: § 5.12
A88: 13 | B88: Inspección interior con videoscopio | C88: Videoscopio + mesa con soporte en V | D88: Manual | E88: =E$16+E$26 -> 0.26 | F88: =F$16+F$26 -> 0.26 | G88: =G$16+G$26 -> 0.26 | H88: 0 | I88: 0 | J88: 0 | K88: =K$16 -> 0.25 | L88: =L$16 -> 0.25 | M88: 0 | N88: =60+15+10 -> 85 | O88: =IF(N88>0,3600/N88,0) -> 42.352941 | P88: =O88*$B$6 -> 6352.9412 | Q88: § 5.13
A89: 14 | B89: Pintura | C89: Cabina con extracción, HVLP, lámparas IR, amoladora | D89: Máquina | E89: =E$25 -> 0.15 | F89: =F$25 -> 0.15 | G89: =G$25 -> 0.15 | H89: =H$25 -> 0.15 | I89: =I$25 -> 0.15 | J89: =J$25 -> 0.15 | K89: =K$25 -> 0.15 | L89: =L$25 -> 0.15 | M89: 0 | N89: =120+30+30+45+60+1800/6+30 -> 615 | O89: =IF(N89>0,3600/N89,0) -> 5.8536585 | P89: =O89*$B$6 -> 878.04878 | Q89: § 5.14
A90: 15 | B90: Carga de polvo ABC, BC y Clase D | C90: Cargadora Yukon con corte por peso (ABC); cargadora portátil BC y embudo de Clase D, exclusivos | D90: Máquina | E90: 1 | F90: =(10+15+75+15+15+10)/(15+45+15+15+10) -> 1.4 | G90: =(15+9*15+30+15+10)/(15+45+15+15+10) -> 2.05 | H90: 0 | I90: 0 | J90: 0 | K90: 0 | L90: 0 | M90: 1 | N90: =15+45+15+15+10 -> 100 | O90: =IF(N90>0,3600/N90,0) -> 36 | P90: =O90*$B$6 -> 5400 | Q90: § 5.15
A91: 16 | B91: Ensamblaje y marbete — recinto | C91: Morsa + llave dinamométrica | D91: Manual | E91: 1 | F91: 1 | G91: 1 | H91: 0 | I91: 0 | J91: 0 | K91: 0 | L91: 0 | M91: 1 | N91: =10+30+20+10+30+20 -> 120 | O91: =IF(N91>0,3600/N91,0) -> 30 | P91: =O91*$B$6 -> 4500 | Q91: § 5.16
A92: 17 | B92: Presurización — recinto | C92: Pinza Yukon M-000150 + regulador | D92: Máquina | E92: 1 | F92: 1 | G92: 1 | H92: 0 | I92: 0 | J92: 0 | K92: 0 | L92: 0 | M92: 1 | N92: =3+15+10+20+15+10 -> 73 | O92: =IF(N92>0,3600/N92,0) -> 49.315068 | P92: =O92*$B$6 -> 7397.2603 | Q92: § 5.17
A93: 18 | B93: Ensamblaje y presurización — zona general | C93: Morsa + dinamométrica + pinza Yukon | D93: Manual | E93: 0 | F93: 0 | G93: 0 | H93: 1 | I93: 1 | J93: 1 | K93: =K$16+K$24 -> 0.3 | L93: =L$16+L$22+L$24 -> 0.35 | M93: 0 | N93: =120+50 -> 170 | O93: =IF(N93>0,3600/N93,0) -> 21.176471 | P93: =O93*$B$6 -> 3176.4706 | Q93: § 5.18
A94: 19 | B94: Control de peso (CO₂ y halogenados sin recarga) | C94: Balanza | D94: Manual | E94: 0 | F94: 0 | G94: 0 | H94: 0 | I94: 0 | J94: 0 | K94: =1-(K$16+K$24+K$22) -> 0.65 | L94: =1-(L$16+L$22+L$24) -> 0.65 | M94: 0 | N94: =30+10 -> 40 | O94: =IF(N94>0,3600/N94,0) -> 90 | P94: =O94*$B$6 -> 13500 | Q94: § 5.19
A95: 20 | B95: Ensayo de pérdidas | C95: Tanque de inmersión inox (6 posiciones); spray en rodantes | D95: Máquina | E95: 1 | F95: 1 | G95: 1 | H95: 1 | I95: 1 | J95: 1 | K95: 1 | L95: 1 | M95: 1 | N95: =5+45+10+10+10 -> 80 | O95: =IF(N95>0,3600/N95,0) -> 45 | P95: =O95*$B$6 -> 6750 | Q95: § 5.20
A96: 21 | B96: Precinto, etiqueta y despacho | C96: Dispensador + impresora + jaulas | D96: Manual | E96: 1 | F96: 1 | G96: 1 | H96: 1 | I96: 1 | J96: 1 | K96: 1 | L96: 1 | M96: 1 | N96: =15+25+15+10+15+6 -> 86 | O96: =IF(N96>0,3600/N96,0) -> 41.860465 | P96: =O96*$B$6 -> 6279.0698 | Q96: § 5.21
A97: 22 | B97: Inutilización y disposición final | C97: Taladro de columna con prensa en V | D97: Máquina | E97: =E$21 -> 0.08 | F97: =F$21 -> 0.08 | G97: =G$21 -> 0.08 | H97: =H$21 -> 0.08 | I97: =I$21 -> 0.08 | J97: =J$21 -> 0.08 | K97: =K$21 -> 0.063333333 | L97: =L$21 -> 0.08 | M97: 0 | N97: =30+120+90+60+90 -> 390 | O97: =IF(N97>0,3600/N97,0) -> 9.2307692 | P97: =O97*$B$6 -> 1384.6154 | Q97: § 5.22
A98: 23 | B98: PH de mangueras (CO₂ y rodantes) | C98: Máquina PH Yukon 300 kg/cm² (la misma de los recipientes) | D98: Máquina | E98: — | F98: — | G98: — | H98: — | I98: — | J98: — | K98: — | L98: — | M98: 0 | N98: =20+10+20+15+30+30+60+20+60+20+15 -> 300 | O98: =IF(N98>0,3600/N98,0) -> 12 | P98: =O98*$B$6 -> 1800 | Q98: § 5.23
A106: PERFIL DE LLEGADA DE LOS SUSTITUTOS ABC NUEVOS (perfiles de producción del MRP)
A107: Solo los que llegan como cilindro vacío (planta comercial) · § 7.4
A108: Perfil del MRP | B108: Tipos ABC que lo siguen | E108: Ene | F108: Feb | G108: Mar | H108: Abr | I108: May | J108: Jun | K108: Jul | L108: Ago | M108: Sep | N108: Oct | O108: Nov | P108: Dic | Q108: Total
A109: E01 automotor (1 kg) | B109: ABC 1 kg | E109: =Links!B54 -> 0.12 | F109: =Links!C54 -> 0.09 | G109: =Links!D54 -> 0.08 | H109: =Links!E54 -> 0.075 | I109: =Links!F54 -> 0.07 | J109: =Links!G54 -> 0.07 | K109: =Links!H54 -> 0.075 | L109: =Links!I54 -> 0.075 | ... P109: =Links!M54 -> 0.12 | Q109: =SUM(E109:P109) -> 1
A110: E02 manual comercial (2,5 a 10 kg) | B110: ABC 2,5 kg, ABC 5 kg, ABC 10 kg | E110: =Links!B58 -> 0.1 | F110: =Links!C58 -> 0.08 | G110: =Links!D58 -> 0.085 | H110: =Links!E58 -> 0.085 | I110: =Links!F58 -> 0.08 | J110: =Links!G58 -> 0.075 | K110: =Links!H58 -> 0.08 | L110: =Links!I58 -> 0.08 | ... P110: =Links!M58 -> 0.11 | Q110: =SUM(E110:P110) -> 1
A111: E03 rodantes (25 a 100 kg) | B111: ABC 25 kg s/ruedas, ABC 50 kg s/ruedas, ABC 70 kg s/ruedas, ABC 100 kg s/ruedas | E111: =Links!B62 -> 0.085 | F111: =Links!C62 -> 0.075 | G111: =Links!D62 -> 0.09 | H111: =Links!E62 -> 0.09 | I111: =Links!F62 -> 0.09 | J111: =Links!G62 -> 0.08 | K111: =Links!H62 -> 0.09 | L111: =Links!I62 -> 0.09 | ... P111: =Links!M62 -> 0.08 | Q111: =SUM(E111:P111) -> 1
A113: EQUIVALENCIA DE UN RODANTE (tiempos de fábrica de FLAMA: Manuales y Carros)
A114: Tiempo del carro (ponderado con el mix 2035) ÷ tiempo del manual en las operaciones comunes · § 6
...

Sheet sobrestock_sustitutos
A1: SUSTITUTOS (IRAM 3517-2:2020, 9.4.5)
A2: Mismo tipo que el equipo retirado; sale y vuelve con el camión del lote · § 7
A4: Parámetro | B4: Valor | C4: Fuente / criterio
A5: Días hábiles por mes | B5: =parametros_recargas!B2 -> 20
A6: Día de retiro | B6: 1 | C6: Sale con el camión que retira el lote
A7: Día de devolución | B7: 1 | C7: Vuelve con el camión que devuelve el lote
A8: Minutos productivos por turno | B8: =parametros_recargas!B5*60 -> 450
A9: Planta | B9: =PROY_Indexado!B51 -> Comercial | C9: Origen del alta de los ABC · § 7.4
A10: Turnos por día desde el año del 2° turno | B10: =parametros_recargas!B8 -> 2 | C10: Antes, 1 turno
A11: Año del 2° turno | B11: =parametros_recargas!B10 -> 2032 | C11: El mismo del aprovechamiento
A12: Superficie por matafuego (m²) | B12: 200 | C12: Dec. 351/79, anexo VII
A14: PASO 1 — Lote, días en planta y ciclo por rubro
A15: Días en planta = minutos del lote ÷ minutos por día, hacia arriba · § 7.2
A16: Concepto | B16: Automotor | C16: Edificios | D16: Educación | E16: Hoteles | F16: Industrias / almacenes | G16: Salud | H16: Supermercados
A17: % de las recargas (mercado, zonas de la planta) | B17: =SUM(PROY_Indexado!B$57:B$73)/SUM(PROY_Indexado!$B$57:$H$73) -> 0.5764961 | C17: =SUM(PROY_Indexado!C$57:C$73)/SUM(PROY_Indexado!$B$57:$H$73) -> 0.29351867 | D17: =SUM(PROY_Indexado!D$57:D$73)/SUM(PROY_Indexado!$B$57:$H$73) -> 0.025513514 | E17: =SUM(PROY_Indexado!E$57:E$73)/SUM(PROY_Indexado!$B$57:$H$73) -> 0.017680713 | F17: =SUM(PROY_Indexado!F$57:F$73)/SUM(PROY_Indexado!$B$57:$H$73) -> 0.057564605 | G17: =SUM(PROY_Indexado!G$57:G$73)/SUM(PROY_Indexado!$B$57:$H$73) -> 0.02547121 | H17: =SUM(PROY_Indexado!H$57:H$73)/SUM(PROY_Indexado!$B$57:$H$73) -> 0.0037551838
A18: Lote por cliente (equipos que se retiran juntos) | B18: =PROY_Indexado!B83 -> 9 | C18: =PROY_Indexado!C83 -> 15 | D18: =PROY_Indexado!D83 -> 12 | E18: =PROY_Indexado!E83 -> 11 | F18: =PROY_Indexado!F83 -> 10 | G18: =PROY_Indexado!G83 -> 61 | H18: =PROY_Indexado!H83 -> 6
A19: Superficie mínima que protege el lote (m²) | B19: =B18*$B$12 -> 1800 | C19: =C18*$B$12 -> 3000 | D19: =D18*$B$12 -> 2400 | E19: =E18*$B$12 -> 2200 | F19: =F18*$B$12 -> 2000 | G19: =G18*$B$12 -> 12200 | H19: =H18*$B$12 -> 1200
A20: Minutos de operación por equipo (mix del rubro) | B20: =IF(SUM(PROY_Indexado!B$57:B$73)=0,0,SUMPRODUCT(PROY_Indexado!B$57:B$73,$C$30:$C$46)/SUM(PROY_Indexado!B$57:B$73)) -> 18.51156 | C20: =IF(SUM(PROY_Indexado!C$57:C$73)=0,0,SUMPRODUCT(PROY_Indexado!C$57:C$73,$C$30:$C$46)/SUM(PROY_Indexado!C$57:C$73)) -> 19.515155 | D20: =IF(SUM(PROY_Indexado!D$57:D$73)=0,0,SUMPRODUCT(PROY_Indexado!D$57:D$73,$C$30:$C$46)/SUM(PROY_Indexado!D$57:D$73)) -> 18.645333 | E20: =IF(SUM(PROY_Indexado!E$57:E$73)=0,0,SUMPRODUCT(PROY_Indexado!E$57:E$73,$C$30:$C$46)/SUM(PROY_Indexado!E$57:E$73)) -> 19.425742 | F20: =IF(SUM(PROY_Indexado!F$57:F$73)=0,0,SUMPRODUCT(PROY_Indexado!F$57:F$73,$C$30:$C$46)/SUM(PROY_Indexado!F$57:F$73)) -> 30.26804 | G20: =IF(SUM(PROY_Indexado!G$57:G$73)=0,0,SUMPRODUCT(PROY_Indexado!G$57:G$73,$C$30:$C$46)/SUM(PROY_Indexado!G$57:G$73)) -> 23.818067 | H20: =IF(SUM(PROY_Indexado!H$57:H$73)=0,0,SUMPRODUCT(PROY_Indexado!H$57:H$73,$C$30:$C$46)/SUM(PROY_Indexado!H$57:H$73)) -> 18.694396
A21: Minutos del lote en planta | B21: =B18*B20 -> 166.60404 | C21: =C18*C20 -> 292.72733 | D21: =D18*D20 -> 223.744 | E21: =E18*E20 -> 213.68316 | F21: =F18*F20 -> 302.6804 | G21: =G18*G20 -> 1452.9021 | H21: =H18*H20 -> 112.16638
A22: Días en planta con 1 turno | B22: =MAX(1,ROUNDUP(B21/$B$8,0)) -> 1 | C22: =MAX(1,ROUNDUP(C21/$B$8,0)) -> 1 | D22: =MAX(1,ROUNDUP(D21/$B$8,0)) -> 1 | E22: =MAX(1,ROUNDUP(E21/$B$8,0)) -> 1 | F22: =MAX(1,ROUNDUP(F21/$B$8,0)) -> 1 | G22: =MAX(1,ROUNDUP(G21/$B$8,0)) -> 4 | H22: =MAX(1,ROUNDUP(H21/$B$8,0)) -> 1
A23: Días en planta con 2 turnos | B23: =MAX(1,ROUNDUP(B21/($B$8*$B$10),0)) -> 1 | C23: =MAX(1,ROUNDUP(C21/($B$8*$B$10),0)) -> 1 | D23: =MAX(1,ROUNDUP(D21/($B$8*$B$10),0)) -> 1 | E23: =MAX(1,ROUNDUP(E21/($B$8*$B$10),0)) -> 1 | F23: =MAX(1,ROUNDUP(F21/($B$8*$B$10),0)) -> 1 | G23: =MAX(1,ROUNDUP(G21/($B$8*$B$10),0)) -> 2 | H23: =MAX(1,ROUNDUP(H21/($B$8*$B$10),0)) -> 1
A24: Ciclo del sustituto con 1 turno (días) | B24: =$B$6+B22+$B$7 -> 3 | C24: =$B$6+C22+$B$7 -> 3 | D24: =$B$6+D22+$B$7 -> 3 | E24: =$B$6+E22+$B$7 -> 3 | F24: =$B$6+F22+$B$7 -> 3 | G24: =$B$6+G22+$B$7 -> 6 | H24: =$B$6+H22+$B$7 -> 3
A25: Ciclo del sustituto con 2 turnos (días) | B25: =$B$6+B23+$B$7 -> 3 | C25: =$B$6+C23+$B$7 -> 3 | D25: =$B$6+D23+$B$7 -> 3 | E25: =$B$6+E23+$B$7 -> 3 | F25: =$B$6+F23+$B$7 -> 3 | G25: =$B$6+G23+$B$7 -> 4 | H25: =$B$6+H23+$B$7 -> 3
A28: PASO 2 — Tipos (el ciclo de cada tipo pesa los rubros según sus recargas)
A29: Tipo | B29: Lleva sustituto (1 = sí) | C29: Minutos de operación por equipo | D29: Ciclo con 1 turno (días) | E29: Ciclo con 2 turnos (días) | F29: Origen del alta | G29: Nota
A30: =datos_base!A2 -> ABC 1 kg | B30: 0 | C30: {=(SUMPRODUCT(INDEX(parametros_recargas!$E$76:$L$97,0,MATCH(parametros_recargas!$B$55,parametros_recargas!$E$75:$L$75,0)),parametros_recargas!$N$76:$N$97)*parametros_recargas!$C$55+parametros_recargas!$D$55*parametros_recargas!$N$98)/60} -> 18.51156 | D30: =IF(SUM(PROY_Indexado!$B$57:$H$57)=0,$B$6+1+$B$7,SUMPRODUCT(PROY_Indexado!$B$57:$H$57,$B$24:$H$24)/SUM(PROY_Indexado!$B$57:$H$57)) -> 3 | E30: =IF(SUM(PROY_Indexado!$B$57:$H$57)=0,$B$6+1+$B$7,SUMPRODUCT(PROY_Indexado!$B$57:$H$57,$B$25:$H$25)/SUM(PROY_Indexado!$B$57:$H$57)) -> 3 | F30: =IF(LEFT(A30,3)="ABC",IF($B$9="Comercial","Fábrica: cilindro vacío","Fábrica: terminado"),"Compra") -> Fábrica: cilindro vacío | G30: Automotor: sin canje
A31: =datos_base!A3 -> ABC 2,5 kg | B31: 1 | C31: {=(SUMPRODUCT(INDEX(parametros_recargas!$E$76:$L$97,0,MATCH(parametros_recargas!$B$56,parametros_recargas!$E$75:$L$75,0)),parametros_recargas!$N$76:$N$97)*parametros_recargas!$C$56+parametros_recargas!$D$56*parametros_recargas!$N$98)/60} -> 18.51156 | D31: =IF(SUM(PROY_Indexado!$B$58:$H$58)=0,$B$6+1+$B$7,SUMPRODUCT(PROY_Indexado!$B$58:$H$58,$B$24:$H$24)/SUM(PROY_Indexado!$B$58:$H$58)) -> 3.1266769 | E31: =IF(SUM(PROY_Indexado!$B$58:$H$58)=0,$B$6+1+$B$7,SUMPRODUCT(PROY_Indexado!$B$58:$H$58,$B$25:$H$25)/SUM(PROY_Indexado!$B$58:$H$58)) -> 3.0422256 | F31: =IF(LEFT(A31,3)="ABC",IF($B$9="Comercial","Fábrica: cilindro vacío","Fábrica: terminado"),"Compra") -> Fábrica: cilindro vacío
A32: =datos_base!A4 -> ABC 5 kg | B32: 1 | C32: {=(SUMPRODUCT(INDEX(parametros_recargas!$E$76:$L$97,0,MATCH(parametros_recargas!$B$57,parametros_recargas!$E$75:$L$75,0)),parametros_recargas!$N$76:$N$97)*parametros_recargas!$C$57+parametros_recargas!$D$57*parametros_recargas!$N$98)/60} -> 18.51156 | D32: =IF(SUM(PROY_Indexado!$B$59:$H$59)=0,$B$6+1+$B$7,SUMPRODUCT(PROY_Indexado!$B$59:$H$59,$B$24:$H$24)/SUM(PROY_Indexado!$B$59:$H$59)) -> 3.1366752 | E32: =IF(SUM(PROY_Indexado!$B$59:$H$59)=0,$B$6+1+$B$7,SUMPRODUCT(PROY_Indexado!$B$59:$H$59,$B$25:$H$25)/SUM(PROY_Indexado!$B$59:$H$59)) -> 3.0455584 | F32: =IF(LEFT(A32,3)="ABC",IF($B$9="Comercial","Fábrica: cilindro vacío","Fábrica: terminado"),"Compra") -> Fábrica: cilindro vacío
A33: =datos_base!A5 -> ABC 10 kg | B33: 1 | C33: {=(SUMPRODUCT(INDEX(parametros_recargas!$E$76:$L$97,0,MATCH(parametros_recargas!$B$58,parametros_recargas!$E$75:$L$75,0)),parametros_recargas!$N$76:$N$97)*parametros_recargas!$C$58+parametros_recargas!$D$58*parametros_recargas!$N$98)/60} -> 18.51156 | D33: =IF(SUM(PROY_Indexado!$B$60:$H$60)=0,$B$6+1+$B$7,SUMPRODUCT(PROY_Indexado!$B$60:$H$60,$B$24:$H$24)/SUM(PROY_Indexado!$B$60:$H$60)) -> 3.3190115 | E33: =IF(SUM(PROY_Indexado!$B$60:$H$60)=0,$B$6+1+$B$7,SUMPRODUCT(PROY_Indexado!$B$60:$H$60,$B$25:$H$25)/SUM(PROY_Indexado!$B$60:$H$60)) -> 3.1063372 | F33: =IF(LEFT(A33,3)="ABC",IF($B$9="Comercial","Fábrica: cilindro vacío","Fábrica: terminado"),"Compra") -> Fábrica: cilindro vacío
A34: =datos_base!A6 -> Agua 10 l | B34: 1 | C34: {=(SUMPRODUCT(INDEX(parametros_recargas!$E$76:$L$97,0,MATCH(parametros_recargas!$B$59,parametros_recargas!$E$75:$L$75,0)),parametros_recargas!$N$76:$N$97)*parametros_recargas!$C$59+parametros_recargas!$D$59*parametros_recargas!$N$98)/60} -> 19.355 | D34: =IF(SUM(PROY_Indexado!$B$61:$H$61)=0,$B$6+1+$B$7,SUMPRODUCT(PROY_Indexado!$B$61:$H$61,$B$24:$H$24)/SUM(PROY_Indexado!$B$61:$H$61)) -> 3.3158284 | E34: =IF(SUM(PROY_Indexado!$B$61:$H$61)=0,$B$6+1+$B$7,SUMPRODUCT(PROY_Indexado!$B$61:$H$61,$B$25:$H$25)/SUM(PROY_Indexado!$B$61:$H$61)) -> 3.1052761 | F34: =IF(LEFT(A34,3)="ABC",IF($B$9="Comercial","Fábrica: cilindro vacío","Fábrica: terminado"),"Compra") -> Compra
A35: =datos_base!A7 -> AFFF 10 l | B35: 1 | C35: {=(SUMPRODUCT(INDEX(parametros_recargas!$E$76:$L$97,0,MATCH(parametros_recargas!$B$60,parametros_recargas!$E$75:$L$75,0)),parametros_recargas!$N$76:$N$97)*parametros_recargas!$C$60+parametros_recargas!$D$60*parametros_recargas!$N$98)/60} -> 19.355 | D35: =IF(SUM(PROY_Indexado!$B$62:$H$62)=0,$B$6+1+$B$7,SUMPRODUCT(PROY_Indexado!$B$62:$H$62,$B$24:$H$24)/SUM(PROY_Indexado!$B$62:$H$62)) -> 3 | E35: =IF(SUM(PROY_Indexado!$B$62:$H$62)=0,$B$6+1+$B$7,SUMPRODUCT(PROY_Indexado!$B$62:$H$62,$B$25:$H$25)/SUM(PROY_Indexado!$B$62:$H$62)) -> 3 | F35: =IF(LEFT(A35,3)="ABC",IF($B$9="Comercial","Fábrica: cilindro vacío","Fábrica: terminado"),"Compra") -> Compra
A36: =datos_base!A8 -> AFFF 50 l s/ruedas | B36: 1 | C36: {=(SUMPRODUCT(INDEX(parametros_recargas!$E$76:$L$97,0,MATCH(parametros_recargas!$B$61,parametros_recargas!$E$75:$L$75,0)),parametros_recargas!$N$76:$N$97)*parametros_recargas!$C$61+parametros_recargas!$D$61*parametros_recargas!$N$98)/60} -> 128.11433 | D36: =IF(SUM(PROY_Indexado!$B$63:$H$63)=0,$B$6+1+$B$7,SUMPRODUCT(PROY_Indexado!$B$63:$H$63,$B$24:$H$24)/SUM(PROY_Indexado!$B$63:$H$63)) -> 3 | E36: =IF(SUM(PROY_Indexado!$B$63:$H$63)=0,$B$6+1+$B$7,SUMPRODUCT(PROY_Indexado!$B$63:$H$63,$B$25:$H$25)/SUM(PROY_Indexado!$B$63:$H$63)) -> 3 | F36: =IF(LEFT(A36,3)="ABC",IF($B$9="Comercial","Fábrica: cilindro vacío","Fábrica: terminado"),"Compra") -> Compra
A37: =datos_base!A9 -> BC 5 kg | B37: 1 | C37: {=(SUMPRODUCT(INDEX(parametros_recargas!$E$76:$L$97,0,MATCH(parametros_recargas!$B$62,parametros_recargas!$E$75:$L$75,0)),parametros_recargas!$N$76:$N$97)*parametros_recargas!$C$62+parametros_recargas!$D$62*parametros_recargas!$N$98)/60} -> 18.626667 | D37: =IF(SUM(PROY_Indexado!$B$64:$H$64)=0,$B$6+1+$B$7,SUMPRODUCT(PROY_Indexado!$B$64:$H$64,$B$24:$H$24)/SUM(PROY_Indexado!$B$64:$H$64)) -> 3 | E37: =IF(SUM(PROY_Indexado!$B$64:$H$64)=0,$B$6+1+$B$7,SUMPRODUCT(PROY_Indexado!$B$64:$H$64,$B$25:$H$25)/SUM(PROY_Indexado!$B$64:$H$64)) -> 3 | F37: =IF(LEFT(A37,3)="ABC",IF($B$9="Comercial","Fábrica: cilindro vacío","Fábrica: terminado"),"Compra") -> Compra
A38: =datos_base!A10 -> Sales K 6 l | B38: 1 | C38: {=(SUMPRODUCT(INDEX(parametros_recargas!$E$76:$L$97,0,MATCH(parametros_recargas!$B$63,parametros_recargas!$E$75:$L$75,0)),parametros_recargas!$N$76:$N$97)*parametros_recargas!$C$63+parametros_recargas!$D$63*parametros_recargas!$N$98)/60} -> 19.355 | D38: =IF(SUM(PROY_Indexado!$B$65:$H$65)=0,$B$6+1+$B$7,SUMPRODUCT(PROY_Indexado!$B$65:$H$65,$B$24:$H$24)/SUM(PROY_Indexado!$B$65:$H$65)) -> 3.215395 | E38: =IF(SUM(PROY_Indexado!$B$65:$H$65)=0,$B$6+1+$B$7,SUMPRODUCT(PROY_Indexado!$B$65:$H$65,$B$25:$H$25)/SUM(PROY_Indexado!$B$65:$H$65)) -> 3.0717983 | F38: =IF(LEFT(A38,3)="ABC",IF($B$9="Comercial","Fábrica: cilindro vacío","Fábrica: terminado"),"Compra") -> Compra
A39: =datos_base!A11 -> CO₂ 2 kg | B39: 1 | C39: {=(SUMPRODUCT(INDEX(parametros_recargas!$E$76:$L$97,0,MATCH(parametros_recargas!$B$64,parametros_recargas!$E$75:$L$75,0)),parametros_recargas!$N$76:$N$97)*parametros_recargas!$C$64+parametros_recargas!$D$64*parametros_recargas!$N$98)/60} -> 14.416667 | D39: =IF(SUM(PROY_Indexado!$B$66:$H$66)=0,$B$6+1+$B$7,SUMPRODUCT(PROY_Indexado!$B$66:$H$66,$B$24:$H$24)/SUM(PROY_Indexado!$B$66:$H$66)) -> 3.142125 | E39: =IF(SUM(PROY_Indexado!$B$66:$H$66)=0,$B$6+1+$B$7,SUMPRODUCT(PROY_Indexado!$B$66:$H$66,$B$25:$H$25)/SUM(PROY_Indexado!$B$66:$H$66)) -> 3.047375 | F39: =IF(LEFT(A39,3)="ABC",IF($B$9="Comercial","Fábrica: cilindro vacío","Fábrica: terminado"),"Compra") -> Compra
A40: =datos_base!A12 -> CO₂ 5 kg | B40: 1 | C40: {=(SUMPRODUCT(INDEX(parametros_recargas!$E$76:$L$97,0,MATCH(parametros_recargas!$B$65,parametros_recargas!$E$75:$L$75,0)),parametros_recargas!$N$76:$N$97)*parametros_recargas!$C$65+parametros_recargas!$D$65*parametros_recargas!$N$98)/60} -> 19.416667 | D40: =IF(SUM(PROY_Indexado!$B$67:$H$67)=0,$B$6+1+$B$7,SUMPRODUCT(PROY_Indexado!$B$67:$H$67,$B$24:$H$24)/SUM(PROY_Indexado!$B$67:$H$67)) -> 3.4688708 | E40: =IF(SUM(PROY_Indexado!$B$67:$H$67)=0,$B$6+1+$B$7,SUMPRODUCT(PROY_Indexado!$B$67:$H$67,$B$25:$H$25)/SUM(PROY_Indexado!$B$67:$H$67)) -> 3.1562903 | F40: =IF(LEFT(A40,3)="ABC",IF($B$9="Comercial","Fábrica: cilindro vacío","Fábrica: terminado"),"Compra") -> Compra
A41: =datos_base!A13 -> HCFC/HFC 5 kg | B41: 1 | C41: {=(SUMPRODUCT(INDEX(parametros_recargas!$E$76:$L$97,0,MATCH(parametros_recargas!$B$66,parametros_recargas!$E$75:$L$75,0)),parametros_recargas!$N$76:$N$97)*parametros_recargas!$C$66+parametros_recargas!$D$66*parametros_recargas!$N$98)/60} -> 17.609167 | D41: =IF(SUM(PROY_Indexado!$B$68:$H$68)=0,$B$6+1+$B$7,SUMPRODUCT(PROY_Indexado!$B$68:$H$68,$B$24:$H$24)/SUM(PROY_Indexado!$B$68:$H$68)) -> 3.6221943 | E41: =IF(SUM(PROY_Indexado!$B$68:$H$68)=0,$B$6+1+$B$7,SUMPRODUCT(PROY_Indexado!$B$68:$H$68,$B$25:$H$25)/SUM(PROY_Indexado!$B$68:$H$68)) -> 3.2073981 | F41: =IF(LEFT(A41,3)="ABC",IF($B$9="Comercial","Fábrica: cilindro vacío","Fábrica: terminado"),"Compra") -> Compra
A42: =datos_base!A14 -> Clase D 9 l | B42: 1 | C42: {=(SUMPRODUCT(INDEX(parametros_recargas!$E$76:$L$97,0,MATCH(parametros_recargas!$B$67,parametros_recargas!$E$75:$L$75,0)),parametros_recargas!$N$76:$N$97)*parametros_recargas!$C$67+parametros_recargas!$D$67*parametros_recargas!$N$98)/60} -> 19.71 | D42: =IF(SUM(PROY_Indexado!$B$69:$H$69)=0,$B$6+1+$B$7,SUMPRODUCT(PROY_Indexado!$B$69:$H$69,$B$24:$H$24)/SUM(PROY_Indexado!$B$69:$H$69)) -> 3 | E42: =IF(SUM(PROY_Indexado!$B$69:$H$69)=0,$B$6+1+$B$7,SUMPRODUCT(PROY_Indexado!$B$69:$H$69,$B$25:$H$25)/SUM(PROY_Indexado!$B$69:$H$69)) -> 3 | F42: =IF(LEFT(A42,3)="ABC",IF($B$9="Comercial","Fábrica: cilindro vacío","Fábrica: terminado"),"Compra") -> Compra
A43: =datos_base!A15 -> ABC 25 kg s/ruedas | B43: 1 | C43: {=(SUMPRODUCT(INDEX(parametros_recargas!$E$76:$L$97,0,MATCH(parametros_recargas!$B$68,parametros_recargas!$E$75:$L$75,0)),parametros_recargas!$N$76:$N$97)*parametros_recargas!$C$68+parametros_recargas!$D$68*parametros_recargas!$N$98)/60} -> 122.74933 | D43: =IF(SUM(PROY_Indexado!$B$70:$H$70)=0,$B$6+1+$B$7,SUMPRODUCT(PROY_Indexado!$B$70:$H$70,$B$24:$H$24)/SUM(PROY_Indexado!$B$70:$H$70)) -> 3.4002386 | E43: =IF(SUM(PROY_Indexado!$B$70:$H$70)=0,$B$6+1+$B$7,SUMPRODUCT(PROY_Indexado!$B$70:$H$70,$B$25:$H$25)/SUM(PROY_Indexado!$B$70:$H$70)) -> 3.1334129 | F43: =IF(LEFT(A43,3)="ABC",IF($B$9="Comercial","Fábrica: cilindro vacío","Fábrica: terminado"),"Compra") -> Fábrica: cilindro vacío
A44: =datos_base!A16 -> ABC 50 kg s/ruedas | B44: 1 | C44: {=(SUMPRODUCT(INDEX(parametros_recargas!$E$76:$L$97,0,MATCH(parametros_recargas!$B$69,parametros_recargas!$E$75:$L$75,0)),parametros_recargas!$N$76:$N$97)*parametros_recargas!$C$69+parametros_recargas!$D$69*parametros_recargas!$N$98)/60} -> 122.74933 | D44: =IF(SUM(PROY_Indexado!$B$71:$H$71)=0,$B$6+1+$B$7,SUMPRODUCT(PROY_Indexado!$B$71:$H$71,$B$24:$H$24)/SUM(PROY_Indexado!$B$71:$H$71)) -> 3.4002276 | E44: =IF(SUM(PROY_Indexado!$B$71:$H$71)=0,$B$6+1+$B$7,SUMPRODUCT(PROY_Indexado!$B$71:$H$71,$B$25:$H$25)/SUM(PROY_Indexado!$B$71:$H$71)) -> 3.1334092 | F44: =IF(LEFT(A44,3)="ABC",IF($B$9="Comercial","Fábrica: cilindro vacío","Fábrica: terminado"),"Compra") -> Fábrica: cilindro vacío
A45: =datos_base!A17 -> ABC 70 kg s/ruedas | B45: 1 | C45: {=(SUMPRODUCT(INDEX(parametros_recargas!$E$76:$L$97,0,MATCH(parametros_recargas!$B$70,parametros_recargas!$E$75:$L$75,0)),parametros_recargas!$N$76:$N$97)*parametros_recargas!$C$70+parametros_recargas!$D$70*parametros_recargas!$N$98)/60} -> 122.74933 | D45: =IF(SUM(PROY_Indexado!$B$72:$H$72)=0,$B$6+1+$B$7,SUMPRODUCT(PROY_Indexado!$B$72:$H$72,$B$24:$H$24)/SUM(PROY_Indexado!$B$72:$H$72)) -> 3.4002322 | E45: =IF(SUM(PROY_Indexado!$B$72:$H$72)=0,$B$6+1+$B$7,SUMPRODUCT(PROY_Indexado!$B$72:$H$72,$B$25:$H$25)/SUM(PROY_Indexado!$B$72:$H$72)) -> 3.1334107 | F45: =IF(LEFT(A45,3)="ABC",IF($B$9="Comercial","Fábrica: cilindro vacío","Fábrica: terminado"),"Compra") -> Fábrica: cilindro vacío
A46: =datos_base!A18 -> ABC 100 kg s/ruedas | B46: 1 | C46: {=(SUMPRODUCT(INDEX(parametros_recargas!$E$76:$L$97,0,MATCH(parametros_recargas!$B$71,parametros_recargas!$E$75:$L$75,0)),parametros_recargas!$N$76:$N$97)*parametros_recargas!$C$71+parametros_recargas!$D$71*parametros_recargas!$N$98)/60} -> 122.74933 | D46: =IF(SUM(PROY_Indexado!$B$73:$H$73)=0,$B$6+1+$B$7,SUMPRODUCT(PROY_Indexado!$B$73:$H$73,$B$24:$H$24)/SUM(PROY_Indexado!$B$73:$H$73)) -> 3.4002322 | E46: =IF(SUM(PROY_Indexado!$B$73:$H$73)=0,$B$6+1+$B$7,SUMPRODUCT(PROY_Indexado!$B$73:$H$73,$B$25:$H$25)/SUM(PROY_Indexado!$B$73:$H$73)) -> 3.1334107 | F46: =IF(LEFT(A46,3)="ABC",IF($B$9="Comercial","Fábrica: cilindro vacío","Fábrica: terminado"),"Compra") -> Fábrica: cilindro vacío
A48: PASO 3 — Stock (u.)
A49: Recargas del año × % del mes pico ÷ días del mes × ciclo, hacia arriba · § 7.3
A50: Tipo | B50: 2026 | C50: 2027 | D50: 2028 | E50: 2029 | F50: 2030 | G50: 2031 | H50: 2032 | I50: 2033 | J50: 2034 | K50: 2035
A51: =datos_base!A2 -> ABC 1 kg | B51: =ROUNDUP(datos_base!B2*$B$30*IF(B$50>=$B$11,$E$30,$D$30)*parametros_recargas!$Q$55/$B$5,0) -> 0 | C51: =ROUNDUP(datos_base!C2*$B$30*IF(C$50>=$B$11,$E$30,$D$30)*parametros_recargas!$Q$55/$B$5,0) -> 0 | D51: =ROUNDUP(datos_base!D2*$B$30*IF(D$50>=$B$11,$E$30,$D$30)*parametros_recargas!$Q$55/$B$5,0) -> 0 | E51: =ROUNDUP(datos_base!E2*$B$30*IF(E$50>=$B$11,$E$30,$D$30)*parametros_recargas!$Q$55/$B$5,0) -> 0 | F51: =ROUNDUP(datos_base!F2*$B$30*IF(F$50>=$B$11,$E$30,$D$30)*parametros_recargas!$Q$55/$B$5,0) -> 0 | G51: =ROUNDUP(datos_base!G2*$B$30*IF(G$50>=$B$11,$E$30,$D$30)*parametros_recargas!$Q$55/$B$5,0) -> 0 | H51: =ROUNDUP(datos_base!H2*$B$30*IF(H$50>=$B$11,$E$30,$D$30)*parametros_recargas!$Q$55/$B$5,0) -> 0 | I51: =ROUNDUP(datos_base!I2*$B$30*IF(I$50>=$B$11,$E$30,$D$30)*parametros_recargas!$Q$55/$B$5,0) -> 0 | ... K51: =ROUNDUP(datos_base!K2*$B$30*IF(K$50>=$B$11,$E$30,$D$30)*parametros_recargas!$Q$55/$B$5,0) -> 0
A52: =datos_base!A3 -> ABC 2,5 kg | B52: =ROUNDUP(datos_base!B3*$B$31*IF(B$50>=$B$11,$E$31,$D$31)*parametros_recargas!$Q$56/$B$5,0) -> 3 | C52: =ROUNDUP(datos_base!C3*$B$31*IF(C$50>=$B$11,$E$31,$D$31)*parametros_recargas!$Q$56/$B$5,0) -> 12 | D52: =ROUNDUP(datos_base!D3*$B$31*IF(D$50>=$B$11,$E$31,$D$31)*parametros_recargas!$Q$56/$B$5,0) -> 27 | E52: =ROUNDUP(datos_base!E3*$B$31*IF(E$50>=$B$11,$E$31,$D$31)*parametros_recargas!$Q$56/$B$5,0) -> 49 | F52: =ROUNDUP(datos_base!F3*$B$31*IF(F$50>=$B$11,$E$31,$D$31)*parametros_recargas!$Q$56/$B$5,0) -> 71 | G52: =ROUNDUP(datos_base!G3*$B$31*IF(G$50>=$B$11,$E$31,$D$31)*parametros_recargas!$Q$56/$B$5,0) -> 94 | H52: =ROUNDUP(datos_base!H3*$B$31*IF(H$50>=$B$11,$E$31,$D$31)*parametros_recargas!$Q$56/$B$5,0) -> 113 | I52: =ROUNDUP(datos_base!I3*$B$31*IF(I$50>=$B$11,$E$31,$D$31)*parametros_recargas!$Q$56/$B$5,0) -> 125 | ... K52: =ROUNDUP(datos_base!K3*$B$31*IF(K$50>=$B$11,$E$31,$D$31)*parametros_recargas!$Q$56/$B$5,0) -> 146
A53: =datos_base!A4 -> ABC 5 kg | B53: =ROUNDUP(datos_base!B4*$B$32*IF(B$50>=$B$11,$E$32,$D$32)*parametros_recargas!$Q$57/$B$5,0) -> 17 | C53: =ROUNDUP(datos_base!C4*$B$32*IF(C$50>=$B$11,$E$32,$D$32)*parametros_recargas!$Q$57/$B$5,0) -> 69 | D53: =ROUNDUP(datos_base!D4*$B$32*IF(D$50>=$B$11,$E$32,$D$32)*parametros_recargas!$Q$57/$B$5,0) -> 155 | E53: =ROUNDUP(datos_base!E4*$B$32*IF(E$50>=$B$11,$E$32,$D$32)*parametros_recargas!$Q$57/$B$5,0) -> 293 | F53: =ROUNDUP(datos_base!F4*$B$32*IF(F$50>=$B$11,$E$32,$D$32)*parametros_recargas!$Q$57/$B$5,0) -> 422 | G53: =ROUNDUP(datos_base!G4*$B$32*IF(G$50>=$B$11,$E$32,$D$32)*parametros_recargas!$Q$57/$B$5,0) -> 560 | H53: =ROUNDUP(datos_base!H4*$B$32*IF(H$50>=$B$11,$E$32,$D$32)*parametros_recargas!$Q$57/$B$5,0) -> 666 | I53: =ROUNDUP(datos_base!I4*$B$32*IF(I$50>=$B$11,$E$32,$D$32)*parametros_recargas!$Q$57/$B$5,0) -> 738 | ... K53: =ROUNDUP(datos_base!K4*$B$32*IF(K$50>=$B$11,$E$32,$D$32)*parametros_recargas!$Q$57/$B$5,0) -> 855
A54: =datos_base!A5 -> ABC 10 kg | B54: =ROUNDUP(datos_base!B5*$B$33*IF(B$50>=$B$11,$E$33,$D$33)*parametros_recargas!$Q$58/$B$5,0) -> 2 | C54: =ROUNDUP(datos_base!C5*$B$33*IF(C$50>=$B$11,$E$33,$D$33)*parametros_recargas!$Q$58/$B$5,0) -> 5 | D54: =ROUNDUP(datos_base!D5*$B$33*IF(D$50>=$B$11,$E$33,$D$33)*parametros_recargas!$Q$58/$B$5,0) -> 10 | E54: =ROUNDUP(datos_base!E5*$B$33*IF(E$50>=$B$11,$E$33,$D$33)*parametros_recargas!$Q$58/$B$5,0) -> 19 | F54: =ROUNDUP(datos_base!F5*$B$33*IF(F$50>=$B$11,$E$33,$D$33)*parametros_recargas!$Q$58/$B$5,0) -> 27 | G54: =ROUNDUP(datos_base!G5*$B$33*IF(G$50>=$B$11,$E$33,$D$33)*parametros_recargas!$Q$58/$B$5,0) -> 36 | H54: =ROUNDUP(datos_base!H5*$B$33*IF(H$50>=$B$11,$E$33,$D$33)*parametros_recargas!$Q$58/$B$5,0) -> 42 | I54: =ROUNDUP(datos_base!I5*$B$33*IF(I$50>=$B$11,$E$33,$D$33)*parametros_recargas!$Q$58/$B$5,0) -> 46 | ... K54: =ROUNDUP(datos_base!K5*$B$33*IF(K$50>=$B$11,$E$33,$D$33)*parametros_recargas!$Q$58/$B$5,0) -> 53
A55: =datos_base!A6 -> Agua 10 l | B55: =ROUNDUP(datos_base!B6*$B$34*IF(B$50>=$B$11,$E$34,$D$34)*parametros_recargas!$Q$59/$B$5,0) -> 2 | C55: =ROUNDUP(datos_base!C6*$B$34*IF(C$50>=$B$11,$E$34,$D$34)*parametros_recargas!$Q$59/$B$5,0) -> 6 | D55: =ROUNDUP(datos_base!D6*$B$34*IF(D$50>=$B$11,$E$34,$D$34)*parametros_recargas!$Q$59/$B$5,0) -> 14 | E55: =ROUNDUP(datos_base!E6*$B$34*IF(E$50>=$B$11,$E$34,$D$34)*parametros_recargas!$Q$59/$B$5,0) -> 26 | F55: =ROUNDUP(datos_base!F6*$B$34*IF(F$50>=$B$11,$E$34,$D$34)*parametros_recargas!$Q$59/$B$5,0) -> 37 | G55: =ROUNDUP(datos_base!G6*$B$34*IF(G$50>=$B$11,$E$34,$D$34)*parametros_recargas!$Q$59/$B$5,0) -> 50 | H55: =ROUNDUP(datos_base!H6*$B$34*IF(H$50>=$B$11,$E$34,$D$34)*parametros_recargas!$Q$59/$B$5,0) -> 57 | I55: =ROUNDUP(datos_base!I6*$B$34*IF(I$50>=$B$11,$E$34,$D$34)*parametros_recargas!$Q$59/$B$5,0) -> 63 | ... K55: =ROUNDUP(datos_base!K6*$B$34*IF(K$50>=$B$11,$E$34,$D$34)*parametros_recargas!$Q$59/$B$5,0) -> 73
A56: =datos_base!A7 -> AFFF 10 l | B56: =ROUNDUP(datos_base!B7*$B$35*IF(B$50>=$B$11,$E$35,$D$35)*parametros_recargas!$Q$60/$B$5,0) -> 1 | C56: =ROUNDUP(datos_base!C7*$B$35*IF(C$50>=$B$11,$E$35,$D$35)*parametros_recargas!$Q$60/$B$5,0) -> 2 | D56: =ROUNDUP(datos_base!D7*$B$35*IF(D$50>=$B$11,$E$35,$D$35)*parametros_recargas!$Q$60/$B$5,0) -> 3 | E56: =ROUNDUP(datos_base!E7*$B$35*IF(E$50>=$B$11,$E$35,$D$35)*parametros_recargas!$Q$60/$B$5,0) -> 4 | F56: =ROUNDUP(datos_base!F7*$B$35*IF(F$50>=$B$11,$E$35,$D$35)*parametros_recargas!$Q$60/$B$5,0) -> 6 | G56: =ROUNDUP(datos_base!G7*$B$35*IF(G$50>=$B$11,$E$35,$D$35)*parametros_recargas!$Q$60/$B$5,0) -> 7 | H56: =ROUNDUP(datos_base!H7*$B$35*IF(H$50>=$B$11,$E$35,$D$35)*parametros_recargas!$Q$60/$B$5,0) -> 9 | I56: =ROUNDUP(datos_base!I7*$B$35*IF(I$50>=$B$11,$E$35,$D$35)*parametros_recargas!$Q$60/$B$5,0) -> 10 | ... K56: =ROUNDUP(datos_base!K7*$B$35*IF(K$50>=$B$11,$E$35,$D$35)*parametros_recargas!$Q$60/$B$5,0) -> 12
A57: =datos_base!A8 -> AFFF 50 l s/ruedas | B57: =ROUNDUP(datos_base!B8*$B$36*IF(B$50>=$B$11,$E$36,$D$36)*parametros_recargas!$Q$61/$B$5,0) -> 1 | C57: =ROUNDUP(datos_base!C8*$B$36*IF(C$50>=$B$11,$E$36,$D$36)*parametros_recargas!$Q$61/$B$5,0) -> 1 | D57: =ROUNDUP(datos_base!D8*$B$36*IF(D$50>=$B$11,$E$36,$D$36)*parametros_recargas!$Q$61/$B$5,0) -> 2 | E57: =ROUNDUP(datos_base!E8*$B$36*IF(E$50>=$B$11,$E$36,$D$36)*parametros_recargas!$Q$61/$B$5,0) -> 2 | F57: =ROUNDUP(datos_base!F8*$B$36*IF(F$50>=$B$11,$E$36,$D$36)*parametros_recargas!$Q$61/$B$5,0) -> 3 | G57: =ROUNDUP(datos_base!G8*$B$36*IF(G$50>=$B$11,$E$36,$D$36)*parametros_recargas!$Q$61/$B$5,0) -> 4 | H57: =ROUNDUP(datos_base!H8*$B$36*IF(H$50>=$B$11,$E$36,$D$36)*parametros_recargas!$Q$61/$B$5,0) -> 5 | I57: =ROUNDUP(datos_base!I8*$B$36*IF(I$50>=$B$11,$E$36,$D$36)*parametros_recargas!$Q$61/$B$5,0) -> 5 | ... K57: =ROUNDUP(datos_base!K8*$B$36*IF(K$50>=$B$11,$E$36,$D$36)*parametros_recargas!$Q$61/$B$5,0) -> 6
A58: =datos_base!A9 -> BC 5 kg | B58: =ROUNDUP(datos_base!B9*$B$37*IF(B$50>=$B$11,$E$37,$D$37)*parametros_recargas!$Q$62/$B$5,0) -> 1 | C58: =ROUNDUP(datos_base!C9*$B$37*IF(C$50>=$B$11,$E$37,$D$37)*parametros_recargas!$Q$62/$B$5,0) -> 1 | D58: =ROUNDUP(datos_base!D9*$B$37*IF(D$50>=$B$11,$E$37,$D$37)*parametros_recargas!$Q$62/$B$5,0) -> 1 | E58: =ROUNDUP(datos_base!E9*$B$37*IF(E$50>=$B$11,$E$37,$D$37)*parametros_recargas!$Q$62/$B$5,0) -> 2 | F58: =ROUNDUP(datos_base!F9*$B$37*IF(F$50>=$B$11,$E$37,$D$37)*parametros_recargas!$Q$62/$B$5,0) -> 2 | G58: =ROUNDUP(datos_base!G9*$B$37*IF(G$50>=$B$11,$E$37,$D$37)*parametros_recargas!$Q$62/$B$5,0) -> 3 | H58: =ROUNDUP(datos_base!H9*$B$37*IF(H$50>=$B$11,$E$37,$D$37)*parametros_recargas!$Q$62/$B$5,0) -> 3 | I58: =ROUNDUP(datos_base!I9*$B$37*IF(I$50>=$B$11,$E$37,$D$37)*parametros_recargas!$Q$62/$B$5,0) -> 3 | ... K58: =ROUNDUP(datos_base!K9*$B$37*IF(K$50>=$B$11,$E$37,$D$37)*parametros_recargas!$Q$62/$B$5,0) -> 4
A59: =datos_base!A10 -> Sales K 6 l | B59: =ROUNDUP(datos_base!B10*$B$38*IF(B$50>=$B$11,$E$38,$D$38)*parametros_recargas!$Q$63/$B$5,0) -> 1 | C59: =ROUNDUP(datos_base!C10*$B$38*IF(C$50>=$B$11,$E$38,$D$38)*parametros_recargas!$Q$63/$B$5,0) -> 3 | D59: =ROUNDUP(datos_base!D10*$B$38*IF(D$50>=$B$11,$E$38,$D$38)*parametros_recargas!$Q$63/$B$5,0) -> 7 | E59: =ROUNDUP(datos_base!E10*$B$38*IF(E$50>=$B$11,$E$38,$D$38)*parametros_recargas!$Q$63/$B$5,0) -> 12 | F59: =ROUNDUP(datos_base!F10*$B$38*IF(F$50>=$B$11,$E$38,$D$38)*parametros_recargas!$Q$63/$B$5,0) -> 17 | G59: =ROUNDUP(datos_base!G10*$B$38*IF(G$50>=$B$11,$E$38,$D$38)*parametros_recargas!$Q$63/$B$5,0) -> 23 | H59: =ROUNDUP(datos_base!H10*$B$38*IF(H$50>=$B$11,$E$38,$D$38)*parametros_recargas!$Q$63/$B$5,0) -> 27 | I59: =ROUNDUP(datos_base!I10*$B$38*IF(I$50>=$B$11,$E$38,$D$38)*parametros_recargas!$Q$63/$B$5,0) -> 30 | ... K59: =ROUNDUP(datos_base!K10*$B$38*IF(K$50>=$B$11,$E$38,$D$38)*parametros_recargas!$Q$63/$B$5,0) -> 35
A60: =datos_base!A11 -> CO₂ 2 kg | B60: =ROUNDUP(datos_base!B11*$B$39*IF(B$50>=$B$11,$E$39,$D$39)*parametros_recargas!$Q$64/$B$5,0) -> 5 | C60: =ROUNDUP(datos_base!C11*$B$39*IF(C$50>=$B$11,$E$39,$D$39)*parametros_recargas!$Q$64/$B$5,0) -> 16 | D60: =ROUNDUP(datos_base!D11*$B$39*IF(D$50>=$B$11,$E$39,$D$39)*parametros_recargas!$Q$64/$B$5,0) -> 36 | E60: =ROUNDUP(datos_base!E11*$B$39*IF(E$50>=$B$11,$E$39,$D$39)*parametros_recargas!$Q$64/$B$5,0) -> 69 | F60: =ROUNDUP(datos_base!F11*$B$39*IF(F$50>=$B$11,$E$39,$D$39)*parametros_recargas!$Q$64/$B$5,0) -> 99 | G60: =ROUNDUP(datos_base!G11*$B$39*IF(G$50>=$B$11,$E$39,$D$39)*parametros_recargas!$Q$64/$B$5,0) -> 131 | H60: =ROUNDUP(datos_base!H11*$B$39*IF(H$50>=$B$11,$E$39,$D$39)*parametros_recargas!$Q$64/$B$5,0) -> 156 | I60: =ROUNDUP(datos_base!I11*$B$39*IF(I$50>=$B$11,$E$39,$D$39)*parametros_recargas!$Q$64/$B$5,0) -> 172 | ... K60: =ROUNDUP(datos_base!K11*$B$39*IF(K$50>=$B$11,$E$39,$D$39)*parametros_recargas!$Q$64/$B$5,0) -> 199
A61: =datos_base!A12 -> CO₂ 5 kg | B61: =ROUNDUP(datos_base!B12*$B$40*IF(B$50>=$B$11,$E$40,$D$40)*parametros_recargas!$Q$65/$B$5,0) -> 2 | C61: =ROUNDUP(datos_base!C12*$B$40*IF(C$50>=$B$11,$E$40,$D$40)*parametros_recargas!$Q$65/$B$5,0) -> 6 | D61: =ROUNDUP(datos_base!D12*$B$40*IF(D$50>=$B$11,$E$40,$D$40)*parametros_recargas!$Q$65/$B$5,0) -> 13 | E61: =ROUNDUP(datos_base!E12*$B$40*IF(E$50>=$B$11,$E$40,$D$40)*parametros_recargas!$Q$65/$B$5,0) -> 23 | F61: =ROUNDUP(datos_base!F12*$B$40*IF(F$50>=$B$11,$E$40,$D$40)*parametros_recargas!$Q$65/$B$5,0) -> 32 | G61: =ROUNDUP(datos_base!G12*$B$40*IF(G$50>=$B$11,$E$40,$D$40)*parametros_recargas!$Q$65/$B$5,0) -> 43 | H61: =ROUNDUP(datos_base!H12*$B$40*IF(H$50>=$B$11,$E$40,$D$40)*parametros_recargas!$Q$65/$B$5,0) -> 48 | I61: =ROUNDUP(datos_base!I12*$B$40*IF(I$50>=$B$11,$E$40,$D$40)*parametros_recargas!$Q$65/$B$5,0) -> 54 | ... K61: =ROUNDUP(datos_base!K12*$B$40*IF(K$50>=$B$11,$E$40,$D$40)*parametros_recargas!$Q$65/$B$5,0) -> 64
A62: =datos_base!A13 -> HCFC/HFC 5 kg | B62: =ROUNDUP(datos_base!B13*$B$41*IF(B$50>=$B$11,$E$41,$D$41)*parametros_recargas!$Q$66/$B$5,0) -> 1 | C62: =ROUNDUP(datos_base!C13*$B$41*IF(C$50>=$B$11,$E$41,$D$41)*parametros_recargas!$Q$66/$B$5,0) -> 2 | D62: =ROUNDUP(datos_base!D13*$B$41*IF(D$50>=$B$11,$E$41,$D$41)*parametros_recargas!$Q$66/$B$5,0) -> 3 | E62: =ROUNDUP(datos_base!E13*$B$41*IF(E$50>=$B$11,$E$41,$D$41)*parametros_recargas!$Q$66/$B$5,0) -> 4 | F62: =ROUNDUP(datos_base!F13*$B$41*IF(F$50>=$B$11,$E$41,$D$41)*parametros_recargas!$Q$66/$B$5,0) -> 6 | G62: =ROUNDUP(datos_base!G13*$B$41*IF(G$50>=$B$11,$E$41,$D$41)*parametros_recargas!$Q$66/$B$5,0) -> 7 | H62: =ROUNDUP(datos_base!H13*$B$41*IF(H$50>=$B$11,$E$41,$D$41)*parametros_recargas!$Q$66/$B$5,0) -> 8 | I62: =ROUNDUP(datos_base!I13*$B$41*IF(I$50>=$B$11,$E$41,$D$41)*parametros_recargas!$Q$66/$B$5,0) -> 9 | ... K62: =ROUNDUP(datos_base!K13*$B$41*IF(K$50>=$B$11,$E$41,$D$41)*parametros_recargas!$Q$66/$B$5,0) -> 11
A63: =datos_base!A14 -> Clase D 9 l | B63: =ROUNDUP(datos_base!B14*$B$42*IF(B$50>=$B$11,$E$42,$D$42)*parametros_recargas!$Q$67/$B$5,0) -> 1 | C63: =ROUNDUP(datos_base!C14*$B$42*IF(C$50>=$B$11,$E$42,$D$42)*parametros_recargas!$Q$67/$B$5,0) -> 1 | D63: =ROUNDUP(datos_base!D14*$B$42*IF(D$50>=$B$11,$E$42,$D$42)*parametros_recargas!$Q$67/$B$5,0) -> 1 | E63: =ROUNDUP(datos_base!E14*$B$42*IF(E$50>=$B$11,$E$42,$D$42)*parametros_recargas!$Q$67/$B$5,0) -> 2 | F63: =ROUNDUP(datos_base!F14*$B$42*IF(F$50>=$B$11,$E$42,$D$42)*parametros_recargas!$Q$67/$B$5,0) -> 2 | G63: =ROUNDUP(datos_base!G14*$B$42*IF(G$50>=$B$11,$E$42,$D$42)*parametros_recargas!$Q$67/$B$5,0) -> 2 | H63: =ROUNDUP(datos_base!H14*$B$42*IF(H$50>=$B$11,$E$42,$D$42)*parametros_recargas!$Q$67/$B$5,0) -> 3 | I63: =ROUNDUP(datos_base!I14*$B$42*IF(I$50>=$B$11,$E$42,$D$42)*parametros_recargas!$Q$67/$B$5,0) -> 3 | ... K63: =ROUNDUP(datos_base!K14*$B$42*IF(K$50>=$B$11,$E$42,$D$42)*parametros_recargas!$Q$67/$B$5,0) -> 4
A64: =datos_base!A15 -> ABC 25 kg s/ruedas | B64: =ROUNDUP(datos_base!B15*$B$43*IF(B$50>=$B$11,$E$43,$D$43)*parametros_recargas!$Q$68/$B$5,0) -> 1 | C64: =ROUNDUP(datos_base!C15*$B$43*IF(C$50>=$B$11,$E$43,$D$43)*parametros_recargas!$Q$68/$B$5,0) -> 1 | D64: =ROUNDUP(datos_base!D15*$B$43*IF(D$50>=$B$11,$E$43,$D$43)*parametros_recargas!$Q$68/$B$5,0) -> 2 | E64: =ROUNDUP(datos_base!E15*$B$43*IF(E$50>=$B$11,$E$43,$D$43)*parametros_recargas!$Q$68/$B$5,0) -> 3 | F64: =ROUNDUP(datos_base!F15*$B$43*IF(F$50>=$B$11,$E$43,$D$43)*parametros_recargas!$Q$68/$B$5,0) -> 5 | G64: =ROUNDUP(datos_base!G15*$B$43*IF(G$50>=$B$11,$E$43,$D$43)*parametros_recargas!$Q$68/$B$5,0) -> 6 | H64: =ROUNDUP(datos_base!H15*$B$43*IF(H$50>=$B$11,$E$43,$D$43)*parametros_recargas!$Q$68/$B$5,0) -> 7 | I64: =ROUNDUP(datos_base!I15*$B$43*IF(I$50>=$B$11,$E$43,$D$43)*parametros_recargas!$Q$68/$B$5,0) -> 8 | ... K64: =ROUNDUP(datos_base!K15*$B$43*IF(K$50>=$B$11,$E$43,$D$43)*parametros_recargas!$Q$68/$B$5,0) -> 9
A65: =datos_base!A16 -> ABC 50 kg s/ruedas | B65: =ROUNDUP(datos_base!B16*$B$44*IF(B$50>=$B$11,$E$44,$D$44)*parametros_recargas!$Q$69/$B$5,0) -> 1 | C65: =ROUNDUP(datos_base!C16*$B$44*IF(C$50>=$B$11,$E$44,$D$44)*parametros_recargas!$Q$69/$B$5,0) -> 2 | D65: =ROUNDUP(datos_base!D16*$B$44*IF(D$50>=$B$11,$E$44,$D$44)*parametros_recargas!$Q$69/$B$5,0) -> 4 | E65: =ROUNDUP(datos_base!E16*$B$44*IF(E$50>=$B$11,$E$44,$D$44)*parametros_recargas!$Q$69/$B$5,0) -> 7 | F65: =ROUNDUP(datos_base!F16*$B$44*IF(F$50>=$B$11,$E$44,$D$44)*parametros_recargas!$Q$69/$B$5,0) -> 10 | G65: =ROUNDUP(datos_base!G16*$B$44*IF(G$50>=$B$11,$E$44,$D$44)*parametros_recargas!$Q$69/$B$5,0) -> 13 | H65: =ROUNDUP(datos_base!H16*$B$44*IF(H$50>=$B$11,$E$44,$D$44)*parametros_recargas!$Q$69/$B$5,0) -> 15 | I65: =ROUNDUP(datos_base!I16*$B$44*IF(I$50>=$B$11,$E$44,$D$44)*parametros_recargas!$Q$69/$B$5,0) -> 17 | ... K65: =ROUNDUP(datos_base!K16*$B$44*IF(K$50>=$B$11,$E$44,$D$44)*parametros_recargas!$Q$69/$B$5,0) -> 19
A66: =datos_base!A17 -> ABC 70 kg s/ruedas | B66: =ROUNDUP(datos_base!B17*$B$45*IF(B$50>=$B$11,$E$45,$D$45)*parametros_recargas!$Q$70/$B$5,0) -> 1 | C66: =ROUNDUP(datos_base!C17*$B$45*IF(C$50>=$B$11,$E$45,$D$45)*parametros_recargas!$Q$70/$B$5,0) -> 1 | D66: =ROUNDUP(datos_base!D17*$B$45*IF(D$50>=$B$11,$E$45,$D$45)*parametros_recargas!$Q$70/$B$5,0) -> 1 | E66: =ROUNDUP(datos_base!E17*$B$45*IF(E$50>=$B$11,$E$45,$D$45)*parametros_recargas!$Q$70/$B$5,0) -> 2 | F66: =ROUNDUP(datos_base!F17*$B$45*IF(F$50>=$B$11,$E$45,$D$45)*parametros_recargas!$Q$70/$B$5,0) -> 3 | G66: =ROUNDUP(datos_base!G17*$B$45*IF(G$50>=$B$11,$E$45,$D$45)*parametros_recargas!$Q$70/$B$5,0) -> 3 | H66: =ROUNDUP(datos_base!H17*$B$45*IF(H$50>=$B$11,$E$45,$D$45)*parametros_recargas!$Q$70/$B$5,0) -> 4 | I66: =ROUNDUP(datos_base!I17*$B$45*IF(I$50>=$B$11,$E$45,$D$45)*parametros_recargas!$Q$70/$B$5,0) -> 4 | ... K66: =ROUNDUP(datos_base!K17*$B$45*IF(K$50>=$B$11,$E$45,$D$45)*parametros_recargas!$Q$70/$B$5,0) -> 5
A67: =datos_base!A18 -> ABC 100 kg s/ruedas | B67: =ROUNDUP(datos_base!B18*$B$46*IF(B$50>=$B$11,$E$46,$D$46)*parametros_recargas!$Q$71/$B$5,0) -> 1 | C67: =ROUNDUP(datos_base!C18*$B$46*IF(C$50>=$B$11,$E$46,$D$46)*parametros_recargas!$Q$71/$B$5,0) -> 1 | D67: =ROUNDUP(datos_base!D18*$B$46*IF(D$50>=$B$11,$E$46,$D$46)*parametros_recargas!$Q$71/$B$5,0) -> 1 | E67: =ROUNDUP(datos_base!E18*$B$46*IF(E$50>=$B$11,$E$46,$D$46)*parametros_recargas!$Q$71/$B$5,0) -> 1 | F67: =ROUNDUP(datos_base!F18*$B$46*IF(F$50>=$B$11,$E$46,$D$46)*parametros_recargas!$Q$71/$B$5,0) -> 2 | G67: =ROUNDUP(datos_base!G18*$B$46*IF(G$50>=$B$11,$E$46,$D$46)*parametros_recargas!$Q$71/$B$5,0) -> 2 | H67: =ROUNDUP(datos_base!H18*$B$46*IF(H$50>=$B$11,$E$46,$D$46)*parametros_recargas!$Q$71/$B$5,0) -> 3 | I67: =ROUNDUP(datos_base!I18*$B$46*IF(I$50>=$B$11,$E$46,$D$46)*parametros_recargas!$Q$71/$B$5,0) -> 3 | ... K67: =ROUNDUP(datos_base!K18*$B$46*IF(K$50>=$B$11,$E$46,$D$46)*parametros_recargas!$Q$71/$B$5,0) -> 3
A68: Total | B68: =SUM(B51:B67) -> 41 | C68: =SUM(C51:C67) -> 129 | D68: =SUM(D51:D67) -> 280 | E68: =SUM(E51:E67) -> 518 | F68: =SUM(F51:F67) -> 744 | G68: =SUM(G51:G67) -> 984 | H68: =SUM(H51:H67) -> 1166 | I68: =SUM(I51:I67) -> 1290 | ... K68: =SUM(K51:K67) -> 1498
A70: PASO 4 — Alta anual (u.)
A71: Lo que crece el stock + stock del año anterior × % que se inutiliza (fila 21) · § 7.4
A72: Tipo | B72: 2026 | C72: 2027 | D72: 2028 | E72: 2029 | F72: 2030 | G72: 2031 | H72: 2032 | I72: 2033 | J72: 2034 | K72: 2035
A73: =datos_base!A2 -> ABC 1 kg | B73: =B51 -> 0 | C73: =MAX(0,C51-B51)+B51*INDEX(parametros_recargas!$E$21:$L$21,MATCH(parametros_recargas!$B$55,parametros_recargas!$E$12:$L$12,0)) -> 0 | D73: =MAX(0,D51-C51)+C51*INDEX(parametros_recargas!$E$21:$L$21,MATCH(parametros_recargas!$B$55,parametros_recargas!$E$12:$L$12,0)) -> 0 | E73: =MAX(0,E51-D51)+D51*INDEX(parametros_recargas!$E$21:$L$21,MATCH(parametros_recargas!$B$55,parametros_recargas!$E$12:$L$12,0)) -> 0 | F73: =MAX(0,F51-E51)+E51*INDEX(parametros_recargas!$E$21:$L$21,MATCH(parametros_recargas!$B$55,parametros_recargas!$E$12:$L$12,0)) -> 0 | G73: =MAX(0,G51-F51)+F51*INDEX(parametros_recargas!$E$21:$L$21,MATCH(parametros_recargas!$B$55,parametros_recargas!$E$12:$L$12,0)) -> 0 | H73: =MAX(0,H51-G51)+G51*INDEX(parametros_recargas!$E$21:$L$21,MATCH(parametros_recargas!$B$55,parametros_recargas!$E$12:$L$12,0)) -> 0 | I73: =MAX(0,I51-H51)+H51*INDEX(parametros_recargas!$E$21:$L$21,MATCH(parametros_recargas!$B$55,parametros_recargas!$E$12:$L$12,0)) -> 0 | J73: =MAX(0,J51-I51)+I51*INDEX(parametros_recargas!$E$21:$L$21,MATCH(parametros_recargas!$B$55,parametros_recargas!$E$12:$L$12,0)) -> 0 | K73: =MAX(0,K51-J51)+J51*INDEX(parametros_recargas!$E$21:$L$21,MATCH(parametros_recargas!$B$55,parametros_recargas!$E$12:$L$12,0)) -> 0
A74: =datos_base!A3 -> ABC 2,5 kg | B74: =B52 -> 3 | C74: =MAX(0,C52-B52)+B52*INDEX(parametros_recargas!$E$21:$L$21,MATCH(parametros_recargas!$B$56,parametros_recargas!$E$12:$L$12,0)) -> 9.24 | D74: =MAX(0,D52-C52)+C52*INDEX(parametros_recargas!$E$21:$L$21,MATCH(parametros_recargas!$B$56,parametros_recargas!$E$12:$L$12,0)) -> 15.96 | E74: =MAX(0,E52-D52)+D52*INDEX(parametros_recargas!$E$21:$L$21,MATCH(parametros_recargas!$B$56,parametros_recargas!$E$12:$L$12,0)) -> 24.16 | F74: =MAX(0,F52-E52)+E52*INDEX(parametros_recargas!$E$21:$L$21,MATCH(parametros_recargas!$B$56,parametros_recargas!$E$12:$L$12,0)) -> 25.92 | G74: =MAX(0,G52-F52)+F52*INDEX(parametros_recargas!$E$21:$L$21,MATCH(parametros_recargas!$B$56,parametros_recargas!$E$12:$L$12,0)) -> 28.68 | H74: =MAX(0,H52-G52)+G52*INDEX(parametros_recargas!$E$21:$L$21,MATCH(parametros_recargas!$B$56,parametros_recargas!$E$12:$L$12,0)) -> 26.52 | I74: =MAX(0,I52-H52)+H52*INDEX(parametros_recargas!$E$21:$L$21,MATCH(parametros_recargas!$B$56,parametros_recargas!$E$12:$L$12,0)) -> 21.04 | J74: =MAX(0,J52-I52)+I52*INDEX(parametros_recargas!$E$21:$L$21,MATCH(parametros_recargas!$B$56,parametros_recargas!$E$12:$L$12,0)) -> 21 | K74: =MAX(0,K52-J52)+J52*INDEX(parametros_recargas!$E$21:$L$21,MATCH(parametros_recargas!$B$56,parametros_recargas!$E$12:$L$12,0)) -> 20.88
A75: =datos_base!A4 -> ABC 5 kg | B75: =B53 -> 17 | C75: =MAX(0,C53-B53)+B53*INDEX(parametros_recargas!$E$21:$L$21,MATCH(parametros_recargas!$B$57,parametros_recargas!$E$12:$L$12,0)) -> 53.36 | D75: =MAX(0,D53-C53)+C53*INDEX(parametros_recargas!$E$21:$L$21,MATCH(parametros_recargas!$B$57,parametros_recargas!$E$12:$L$12,0)) -> 91.52 | E75: =MAX(0,E53-D53)+D53*INDEX(parametros_recargas!$E$21:$L$21,MATCH(parametros_recargas!$B$57,parametros_recargas!$E$12:$L$12,0)) -> 150.4 | F75: =MAX(0,F53-E53)+E53*INDEX(parametros_recargas!$E$21:$L$21,MATCH(parametros_recargas!$B$57,parametros_recargas!$E$12:$L$12,0)) -> 152.44 | G75: =MAX(0,G53-F53)+F53*INDEX(parametros_recargas!$E$21:$L$21,MATCH(parametros_recargas!$B$57,parametros_recargas!$E$12:$L$12,0)) -> 171.76 | H75: =MAX(0,H53-G53)+G53*INDEX(parametros_recargas!$E$21:$L$21,MATCH(parametros_recargas!$B$57,parametros_recargas!$E$12:$L$12,0)) -> 150.8 | I75: =MAX(0,I53-H53)+H53*INDEX(parametros_recargas!$E$21:$L$21,MATCH(parametros_recargas!$B$57,parametros_recargas!$E$12:$L$12,0)) -> 125.28 | J75: =MAX(0,J53-I53)+I53*INDEX(parametros_recargas!$E$21:$L$21,MATCH(parametros_recargas!$B$57,parametros_recargas!$E$12:$L$12,0)) -> 117.04 | K75: =MAX(0,K53-J53)+J53*INDEX(parametros_recargas!$E$21:$L$21,MATCH(parametros_recargas!$B$57,parametros_recargas!$E$12:$L$12,0)) -> 122.68
A76: =datos_base!A5 -> ABC 10 kg | B76: =B54 -> 2 | C76: =MAX(0,C54-B54)+B54*INDEX(parametros_recargas!$E$21:$L$21,MATCH(parametros_recargas!$B$58,parametros_recargas!$E$12:$L$12,0)) -> 3.16 | D76: =MAX(0,D54-C54)+C54*INDEX(parametros_recargas!$E$21:$L$21,MATCH(parametros_recargas!$B$58,parametros_recargas!$E$12:$L$12,0)) -> 5.4 | E76: =MAX(0,E54-D54)+D54*INDEX(parametros_recargas!$E$21:$L$21,MATCH(parametros_recargas!$B$58,parametros_recargas!$E$12:$L$12,0)) -> 9.8 | F76: =MAX(0,F54-E54)+E54*INDEX(parametros_recargas!$E$21:$L$21,MATCH(parametros_recargas!$B$58,parametros_recargas!$E$12:$L$12,0)) -> 9.52 | G76: =MAX(0,G54-F54)+F54*INDEX(parametros_recargas!$E$21:$L$21,MATCH(parametros_recargas!$B$58,parametros_recargas!$E$12:$L$12,0)) -> 11.16 | H76: =MAX(0,H54-G54)+G54*INDEX(parametros_recargas!$E$21:$L$21,MATCH(parametros_recargas!$B$58,parametros_recargas!$E$12:$L$12,0)) -> 8.88 | I76: =MAX(0,I54-H54)+H54*INDEX(parametros_recargas!$E$21:$L$21,MATCH(parametros_recargas!$B$58,parametros_recargas!$E$12:$L$12,0)) -> 7.36 | J76: =MAX(0,J54-I54)+I54*INDEX(parametros_recargas!$E$21:$L$21,MATCH(parametros_recargas!$B$58,parametros_recargas!$E$12:$L$12,0)) -> 7.68 | K76: =MAX(0,K54-J54)+J54*INDEX(parametros_recargas!$E$21:$L$21,MATCH(parametros_recargas!$B$58,parametros_recargas!$E$12:$L$12,0)) -> 7
A77: =datos_base!A6 -> Agua 10 l | B77: =B55 -> 2 | C77: =MAX(0,C55-B55)+B55*INDEX(parametros_recargas!$E$21:$L$21,MATCH(parametros_recargas!$B$59,parametros_recargas!$E$12:$L$12,0)) -> 4.16 | D77: =MAX(0,D55-C55)+C55*INDEX(parametros_recargas!$E$21:$L$21,MATCH(parametros_recargas!$B$59,parametros_recargas!$E$12:$L$12,0)) -> 8.48 | E77: =MAX(0,E55-D55)+D55*INDEX(parametros_recargas!$E$21:$L$21,MATCH(parametros_recargas!$B$59,parametros_recargas!$E$12:$L$12,0)) -> 13.12 | F77: =MAX(0,F55-E55)+E55*INDEX(parametros_recargas!$E$21:$L$21,MATCH(parametros_recargas!$B$59,parametros_recargas!$E$12:$L$12,0)) -> 13.08 | G77: =MAX(0,G55-F55)+F55*INDEX(parametros_recargas!$E$21:$L$21,MATCH(parametros_recargas!$B$59,parametros_recargas!$E$12:$L$12,0)) -> 15.96 | H77: =MAX(0,H55-G55)+G55*INDEX(parametros_recargas!$E$21:$L$21,MATCH(parametros_recargas!$B$59,parametros_recargas!$E$12:$L$12,0)) -> 11 | I77: =MAX(0,I55-H55)+H55*INDEX(parametros_recargas!$E$21:$L$21,MATCH(parametros_recargas!$B$59,parametros_recargas!$E$12:$L$12,0)) -> 10.56 | J77: =MAX(0,J55-I55)+I55*INDEX(parametros_recargas!$E$21:$L$21,MATCH(parametros_recargas!$B$59,parametros_recargas!$E$12:$L$12,0)) -> 10.04 | K77: =MAX(0,K55-J55)+J55*INDEX(parametros_recargas!$E$21:$L$21,MATCH(parametros_recargas!$B$59,parametros_recargas!$E$12:$L$12,0)) -> 10.44
A78: =datos_base!A7 -> AFFF 10 l | B78: =B56 -> 1 | C78: =MAX(0,C56-B56)+B56*INDEX(parametros_recargas!$E$21:$L$21,MATCH(parametros_recargas!$B$60,parametros_recargas!$E$12:$L$12,0)) -> 1.08 | D78: =MAX(0,D56-C56)+C56*INDEX(parametros_recargas!$E$21:$L$21,MATCH(parametros_recargas!$B$60,parametros_recargas!$E$12:$L$12,0)) -> 1.16 | E78: =MAX(0,E56-D56)+D56*INDEX(parametros_recargas!$E$21:$L$21,MATCH(parametros_recargas!$B$60,parametros_recargas!$E$12:$L$12,0)) -> 1.24 | F78: =MAX(0,F56-E56)+E56*INDEX(parametros_recargas!$E$21:$L$21,MATCH(parametros_recargas!$B$60,parametros_recargas!$E$12:$L$12,0)) -> 2.32 | G78: =MAX(0,G56-F56)+F56*INDEX(parametros_recargas!$E$21:$L$21,MATCH(parametros_recargas!$B$60,parametros_recargas!$E$12:$L$12,0)) -> 1.48 | H78: =MAX(0,H56-G56)+G56*INDEX(parametros_recargas!$E$21:$L$21,MATCH(parametros_recargas!$B$60,parametros_recargas!$E$12:$L$12,0)) -> 2.56 | I78: =MAX(0,I56-H56)+H56*INDEX(parametros_recargas!$E$21:$L$21,MATCH(parametros_recargas!$B$60,parametros_recargas!$E$12:$L$12,0)) -> 1.72 | J78: =MAX(0,J56-I56)+I56*INDEX(parametros_recargas!$E$21:$L$21,MATCH(parametros_recargas!$B$60,parametros_recargas!$E$12:$L$12,0)) -> 1.8 | K78: =MAX(0,K56-J56)+J56*INDEX(parametros_recargas!$E$21:$L$21,MATCH(parametros_recargas!$B$60,parametros_recargas!$E$12:$L$12,0)) -> 1.88
A79: =datos_base!A8 -> AFFF 50 l s/ruedas | B79: =B57 -> 1 | C79: =MAX(0,C57-B57)+B57*INDEX(parametros_recargas!$E$21:$L$21,MATCH(parametros_recargas!$B$61,parametros_recargas!$E$12:$L$12,0)) -> 0.08 | D79: =MAX(0,D57-C57)+C57*INDEX(parametros_recargas!$E$21:$L$21,MATCH(parametros_recargas!$B$61,parametros_recargas!$E$12:$L$12,0)) -> 1.08 | E79: =MAX(0,E57-D57)+D57*INDEX(parametros_recargas!$E$21:$L$21,MATCH(parametros_recargas!$B$61,parametros_recargas!$E$12:$L$12,0)) -> 0.16 | F79: =MAX(0,F57-E57)+E57*INDEX(parametros_recargas!$E$21:$L$21,MATCH(parametros_recargas!$B$61,parametros_recargas!$E$12:$L$12,0)) -> 1.16 | G79: =MAX(0,G57-F57)+F57*INDEX(parametros_recargas!$E$21:$L$21,MATCH(parametros_recargas!$B$61,parametros_recargas!$E$12:$L$12,0)) -> 1.24 | H79: =MAX(0,H57-G57)+G57*INDEX(parametros_recargas!$E$21:$L$21,MATCH(parametros_recargas!$B$61,parametros_recargas!$E$12:$L$12,0)) -> 1.32 | I79: =MAX(0,I57-H57)+H57*INDEX(parametros_recargas!$E$21:$L$21,MATCH(parametros_recargas!$B$61,parametros_recargas!$E$12:$L$12,0)) -> 0.4 | J79: =MAX(0,J57-I57)+I57*INDEX(parametros_recargas!$E$21:$L$21,MATCH(parametros_recargas!$B$61,parametros_recargas!$E$12:$L$12,0)) -> 1.4 | K79: =MAX(0,K57-J57)+J57*INDEX(parametros_recargas!$E$21:$L$21,MATCH(parametros_recargas!$B$61,parametros_recargas!$E$12:$L$12,0)) -> 0.48
A80: =datos_base!A9 -> BC 5 kg | B80: =B58 -> 1 | C80: =MAX(0,C58-B58)+B58*INDEX(parametros_recargas!$E$21:$L$21,MATCH(parametros_recargas!$B$62,parametros_recargas!$E$12:$L$12,0)) -> 0.08 | D80: =MAX(0,D58-C58)+C58*INDEX(parametros_recargas!$E$21:$L$21,MATCH(parametros_recargas!$B$62,parametros_recargas!$E$12:$L$12,0)) -> 0.08 | E80: =MAX(0,E58-D58)+D58*INDEX(parametros_recargas!$E$21:$L$21,MATCH(parametros_recargas!$B$62,parametros_recargas!$E$12:$L$12,0)) -> 1.08 | F80: =MAX(0,F58-E58)+E58*INDEX(parametros_recargas!$E$21:$L$21,MATCH(parametros_recargas!$B$62,parametros_recargas!$E$12:$L$12,0)) -> 0.16 | G80: =MAX(0,G58-F58)+F58*INDEX(parametros_recargas!$E$21:$L$21,MATCH(parametros_recargas!$B$62,parametros_recargas!$E$12:$L$12,0)) -> 1.16 | H80: =MAX(0,H58-G58)+G58*INDEX(parametros_recargas!$E$21:$L$21,MATCH(parametros_recargas!$B$62,parametros_recargas!$E$12:$L$12,0)) -> 0.24 | I80: =MAX(0,I58-H58)+H58*INDEX(parametros_recargas!$E$21:$L$21,MATCH(parametros_recargas!$B$62,parametros_recargas!$E$12:$L$12,0)) -> 0.24 | J80: =MAX(0,J58-I58)+I58*INDEX(parametros_recargas!$E$21:$L$21,MATCH(parametros_recargas!$B$62,parametros_recargas!$E$12:$L$12,0)) -> 1.24 | K80: =MAX(0,K58-J58)+J58*INDEX(parametros_recargas!$E$21:$L$21,MATCH(parametros_recargas!$B$62,parametros_recargas!$E$12:$L$12,0)) -> 0.32
A81: =datos_base!A10 -> Sales K 6 l | B81: =B59 -> 1 | C81: =MAX(0,C59-B59)+B59*INDEX(parametros_recargas!$E$21:$L$21,MATCH(parametros_recargas!$B$63,parametros_recargas!$E$12:$L$12,0)) -> 2.08 | D81: =MAX(0,D59-C59)+C59*INDEX(parametros_recargas!$E$21:$L$21,MATCH(parametros_recargas!$B$63,parametros_recargas!$E$12:$L$12,0)) -> 4.24 | E81: =MAX(0,E59-D59)+D59*INDEX(parametros_recargas!$E$21:$L$21,MATCH(parametros_recargas!$B$63,parametros_recargas!$E$12:$L$12,0)) -> 5.56 | F81: =MAX(0,F59-E59)+E59*INDEX(parametros_recargas!$E$21:$L$21,MATCH(parametros_recargas!$B$63,parametros_recargas!$E$12:$L$12,0)) -> 5.96 | G81: =MAX(0,G59-F59)+F59*INDEX(parametros_recargas!$E$21:$L$21,MATCH(parametros_recargas!$B$63,parametros_recargas!$E$12:$L$12,0)) -> 7.36 | H81: =MAX(0,H59-G59)+G59*INDEX(parametros_recargas!$E$21:$L$21,MATCH(parametros_recargas!$B$63,parametros_recargas!$E$12:$L$12,0)) -> 5.84 | I81: =MAX(0,I59-H59)+H59*INDEX(parametros_recargas!$E$21:$L$21,MATCH(parametros_recargas!$B$63,parametros_recargas!$E$12:$L$12,0)) -> 5.16 | J81: =MAX(0,J59-I59)+I59*INDEX(parametros_recargas!$E$21:$L$21,MATCH(parametros_recargas!$B$63,parametros_recargas!$E$12:$L$12,0)) -> 5.4 | K81: =MAX(0,K59-J59)+J59*INDEX(parametros_recargas!$E$21:$L$21,MATCH(parametros_recargas!$B$63,parametros_recargas!$E$12:$L$12,0)) -> 4.64
A82: =datos_base!A11 -> CO₂ 2 kg | B82: =B60 -> 5 | C82: =MAX(0,C60-B60)+B60*INDEX(parametros_recargas!$E$21:$L$21,MATCH(parametros_recargas!$B$64,parametros_recargas!$E$12:$L$12,0)) -> 11.316667 | D82: =MAX(0,D60-C60)+C60*INDEX(parametros_recargas!$E$21:$L$21,MATCH(parametros_recargas!$B$64,parametros_recargas!$E$12:$L$12,0)) -> 21.013333 | E82: =MAX(0,E60-D60)+D60*INDEX(parametros_recargas!$E$21:$L$21,MATCH(parametros_recargas!$B$64,parametros_recargas!$E$12:$L$12,0)) -> 35.28 | F82: =MAX(0,F60-E60)+E60*INDEX(parametros_recargas!$E$21:$L$21,MATCH(parametros_recargas!$B$64,parametros_recargas!$E$12:$L$12,0)) -> 34.37 | G82: =MAX(0,G60-F60)+F60*INDEX(parametros_recargas!$E$21:$L$21,MATCH(parametros_recargas!$B$64,parametros_recargas!$E$12:$L$12,0)) -> 38.27 | H82: =MAX(0,H60-G60)+G60*INDEX(parametros_recargas!$E$21:$L$21,MATCH(parametros_recargas!$B$64,parametros_recargas!$E$12:$L$12,0)) -> 33.296667 | I82: =MAX(0,I60-H60)+H60*INDEX(parametros_recargas!$E$21:$L$21,MATCH(parametros_recargas!$B$64,parametros_recargas!$E$12:$L$12,0)) -> 25.88 | J82: =MAX(0,J60-I60)+I60*INDEX(parametros_recargas!$E$21:$L$21,MATCH(parametros_recargas!$B$64,parametros_recargas!$E$12:$L$12,0)) -> 23.893333 | K82: =MAX(0,K60-J60)+J60*INDEX(parametros_recargas!$E$21:$L$21,MATCH(parametros_recargas!$B$64,parametros_recargas!$E$12:$L$12,0)) -> 25.716667
A83: =datos_base!A12 -> CO₂ 5 kg | B83: =B61 -> 2 | C83: =MAX(0,C61-B61)+B61*INDEX(parametros_recargas!$E$21:$L$21,MATCH(parametros_recargas!$B$65,parametros_recargas!$E$12:$L$12,0)) -> 4.1266667 | D83: =MAX(0,D61-C61)+C61*INDEX(parametros_recargas!$E$21:$L$21,MATCH(parametros_recargas!$B$65,parametros_recargas!$E$12:$L$12,0)) -> 7.38 | E83: =MAX(0,E61-D61)+D61*INDEX(parametros_recargas!$E$21:$L$21,MATCH(parametros_recargas!$B$65,parametros_recargas!$E$12:$L$12,0)) -> 10.823333 | F83: =MAX(0,F61-E61)+E61*INDEX(parametros_recargas!$E$21:$L$21,MATCH(parametros_recargas!$B$65,parametros_recargas!$E$12:$L$12,0)) -> 10.456667 | G83: =MAX(0,G61-F61)+F61*INDEX(parametros_recargas!$E$21:$L$21,MATCH(parametros_recargas!$B$65,parametros_recargas!$E$12:$L$12,0)) -> 13.026667 | H83: =MAX(0,H61-G61)+G61*INDEX(parametros_recargas!$E$21:$L$21,MATCH(parametros_recargas!$B$65,parametros_recargas!$E$12:$L$12,0)) -> 7.7233333 | I83: =MAX(0,I61-H61)+H61*INDEX(parametros_recargas!$E$21:$L$21,MATCH(parametros_recargas!$B$65,parametros_recargas!$E$12:$L$12,0)) -> 9.04 | J83: =MAX(0,J61-I61)+I61*INDEX(parametros_recargas!$E$21:$L$21,MATCH(parametros_recargas!$B$65,parametros_recargas!$E$12:$L$12,0)) -> 8.42 | K83: =MAX(0,K61-J61)+J61*INDEX(parametros_recargas!$E$21:$L$21,MATCH(parametros_recargas!$B$65,parametros_recargas!$E$12:$L$12,0)) -> 8.7366667
A84: =datos_base!A13 -> HCFC/HFC 5 kg | B84: =B62 -> 1 | C84: =MAX(0,C62-B62)+B62*INDEX(parametros_recargas!$E$21:$L$21,MATCH(parametros_recargas!$B$66,parametros_recargas!$E$12:$L$12,0)) -> 1.08 | D84: =MAX(0,D62-C62)+C62*INDEX(parametros_recargas!$E$21:$L$21,MATCH(parametros_recargas!$B$66,parametros_recargas!$E$12:$L$12,0)) -> 1.16 | E84: =MAX(0,E62-D62)+D62*INDEX(parametros_recargas!$E$21:$L$21,MATCH(parametros_recargas!$B$66,parametros_recargas!$E$12:$L$12,0)) -> 1.24 | F84: =MAX(0,F62-E62)+E62*INDEX(parametros_recargas!$E$21:$L$21,MATCH(parametros_recargas!$B$66,parametros_recargas!$E$12:$L$12,0)) -> 2.32 | G84: =MAX(0,G62-F62)+F62*INDEX(parametros_recargas!$E$21:$L$21,MATCH(parametros_recargas!$B$66,parametros_recargas!$E$12:$L$12,0)) -> 1.48 | H84: =MAX(0,H62-G62)+G62*INDEX(parametros_recargas!$E$21:$L$21,MATCH(parametros_recargas!$B$66,parametros_recargas!$E$12:$L$12,0)) -> 1.56 | I84: =MAX(0,I62-H62)+H62*INDEX(parametros_recargas!$E$21:$L$21,MATCH(parametros_recargas!$B$66,parametros_recargas!$E$12:$L$12,0)) -> 1.64 | J84: =MAX(0,J62-I62)+I62*INDEX(parametros_recargas!$E$21:$L$21,MATCH(parametros_recargas!$B$66,parametros_recargas!$E$12:$L$12,0)) -> 1.72 | K84: =MAX(0,K62-J62)+J62*INDEX(parametros_recargas!$E$21:$L$21,MATCH(parametros_recargas!$B$66,parametros_recargas!$E$12:$L$12,0)) -> 1.8
A85: =datos_base!A14 -> Clase D 9 l | B85: =B63 -> 1 | C85: =MAX(0,C63-B63)+B63*INDEX(parametros_recargas!$E$21:$L$21,MATCH(parametros_recargas!$B$67,parametros_recargas!$E$12:$L$12,0)) -> 0.08 | D85: =MAX(0,D63-C63)+C63*INDEX(parametros_recargas!$E$21:$L$21,MATCH(parametros_recargas!$B$67,parametros_recargas!$E$12:$L$12,0)) -> 0.08 | E85: =MAX(0,E63-D63)+D63*INDEX(parametros_recargas!$E$21:$L$21,MATCH(parametros_recargas!$B$67,parametros_recargas!$E$12:$L$12,0)) -> 1.08 | F85: =MAX(0,F63-E63)+E63*INDEX(parametros_recargas!$E$21:$L$21,MATCH(parametros_recargas!$B$67,parametros_recargas!$E$12:$L$12,0)) -> 0.16 | G85: =MAX(0,G63-F63)+F63*INDEX(parametros_recargas!$E$21:$L$21,MATCH(parametros_recargas!$B$67,parametros_recargas!$E$12:$L$12,0)) -> 0.16 | H85: =MAX(0,H63-G63)+G63*INDEX(parametros_recargas!$E$21:$L$21,MATCH(parametros_recargas!$B$67,parametros_recargas!$E$12:$L$12,0)) -> 1.16 | I85: =MAX(0,I63-H63)+H63*INDEX(parametros_recargas!$E$21:$L$21,MATCH(parametros_recargas!$B$67,parametros_recargas!$E$12:$L$12,0)) -> 0.24 | J85: =MAX(0,J63-I63)+I63*INDEX(parametros_recargas!$E$21:$L$21,MATCH(parametros_recargas!$B$67,parametros_recargas!$E$12:$L$12,0)) -> 0.24 | K85: =MAX(0,K63-J63)+J63*INDEX(parametros_recargas!$E$21:$L$21,MATCH(parametros_recargas!$B$67,parametros_recargas!$E$12:$L$12,0)) -> 1.24
A86: =datos_base!A15 -> ABC 25 kg s/ruedas | B86: =B64 -> 1 | C86: =MAX(0,C64-B64)+B64*INDEX(parametros_recargas!$E$21:$L$21,MATCH(parametros_recargas!$B$68,parametros_recargas!$E$12:$L$12,0)) -> 0.08 | D86: =MAX(0,D64-C64)+C64*INDEX(parametros_recargas!$E$21:$L$21,MATCH(parametros_recargas!$B$68,parametros_recargas!$E$12:$L$12,0)) -> 1.08 | E86: =MAX(0,E64-D64)+D64*INDEX(parametros_recargas!$E$21:$L$21,MATCH(parametros_recargas!$B$68,parametros_recargas!$E$12:$L$12,0)) -> 1.16 | F86: =MAX(0,F64-E64)+E64*INDEX(parametros_recargas!$E$21:$L$21,MATCH(parametros_recargas!$B$68,parametros_recargas!$E$12:$L$12,0)) -> 2.24 | G86: =MAX(0,G64-F64)+F64*INDEX(parametros_recargas!$E$21:$L$21,MATCH(parametros_recargas!$B$68,parametros_recargas!$E$12:$L$12,0)) -> 1.4 | H86: =MAX(0,H64-G64)+G64*INDEX(parametros_recargas!$E$21:$L$21,MATCH(parametros_recargas!$B$68,parametros_recargas!$E$12:$L$12,0)) -> 1.48 | I86: =MAX(0,I64-H64)+H64*INDEX(parametros_recargas!$E$21:$L$21,MATCH(parametros_recargas!$B$68,parametros_recargas!$E$12:$L$12,0)) -> 1.56 | J86: =MAX(0,J64-I64)+I64*INDEX(parametros_recargas!$E$21:$L$21,MATCH(parametros_recargas!$B$68,parametros_recargas!$E$12:$L$12,0)) -> 0.64 | K86: =MAX(0,K64-J64)+J64*INDEX(parametros_recargas!$E$21:$L$21,MATCH(parametros_recargas!$B$68,parametros_recargas!$E$12:$L$12,0)) -> 1.64
A87: =datos_base!A16 -> ABC 50 kg s/ruedas | B87: =B65 -> 1 | C87: =MAX(0,C65-B65)+B65*INDEX(parametros_recargas!$E$21:$L$21,MATCH(parametros_recargas!$B$69,parametros_recargas!$E$12:$L$12,0)) -> 1.08 | D87: =MAX(0,D65-C65)+C65*INDEX(parametros_recargas!$E$21:$L$21,MATCH(parametros_recargas!$B$69,parametros_recargas!$E$12:$L$12,0)) -> 2.16 | E87: =MAX(0,E65-D65)+D65*INDEX(parametros_recargas!$E$21:$L$21,MATCH(parametros_recargas!$B$69,parametros_recargas!$E$12:$L$12,0)) -> 3.32 | F87: =MAX(0,F65-E65)+E65*INDEX(parametros_recargas!$E$21:$L$21,MATCH(parametros_recargas!$B$69,parametros_recargas!$E$12:$L$12,0)) -> 3.56 | G87: =MAX(0,G65-F65)+F65*INDEX(parametros_recargas!$E$21:$L$21,MATCH(parametros_recargas!$B$69,parametros_recargas!$E$12:$L$12,0)) -> 3.8 | H87: =MAX(0,H65-G65)+G65*INDEX(parametros_recargas!$E$21:$L$21,MATCH(parametros_recargas!$B$69,parametros_recargas!$E$12:$L$12,0)) -> 3.04 | I87: =MAX(0,I65-H65)+H65*INDEX(parametros_recargas!$E$21:$L$21,MATCH(parametros_recargas!$B$69,parametros_recargas!$E$12:$L$12,0)) -> 3.2 | J87: =MAX(0,J65-I65)+I65*INDEX(parametros_recargas!$E$21:$L$21,MATCH(parametros_recargas!$B$69,parametros_recargas!$E$12:$L$12,0)) -> 2.36 | K87: =MAX(0,K65-J65)+J65*INDEX(parametros_recargas!$E$21:$L$21,MATCH(parametros_recargas!$B$69,parametros_recargas!$E$12:$L$12,0)) -> 2.44
A88: =datos_base!A17 -> ABC 70 kg s/ruedas | B88: =B66 -> 1 | C88: =MAX(0,C66-B66)+B66*INDEX(parametros_recargas!$E$21:$L$21,MATCH(parametros_recargas!$B$70,parametros_recargas!$E$12:$L$12,0)) -> 0.08 | D88: =MAX(0,D66-C66)+C66*INDEX(parametros_recargas!$E$21:$L$21,MATCH(parametros_recargas!$B$70,parametros_recargas!$E$12:$L$12,0)) -> 0.08 | E88: =MAX(0,E66-D66)+D66*INDEX(parametros_recargas!$E$21:$L$21,MATCH(parametros_recargas!$B$70,parametros_recargas!$E$12:$L$12,0)) -> 1.08 | F88: =MAX(0,F66-E66)+E66*INDEX(parametros_recargas!$E$21:$L$21,MATCH(parametros_recargas!$B$70,parametros_recargas!$E$12:$L$12,0)) -> 1.16 | G88: =MAX(0,G66-F66)+F66*INDEX(parametros_recargas!$E$21:$L$21,MATCH(parametros_recargas!$B$70,parametros_recargas!$E$12:$L$12,0)) -> 0.24 | H88: =MAX(0,H66-G66)+G66*INDEX(parametros_recargas!$E$21:$L$21,MATCH(parametros_recargas!$B$70,parametros_recargas!$E$12:$L$12,0)) -> 1.24 | I88: =MAX(0,I66-H66)+H66*INDEX(parametros_recargas!$E$21:$L$21,MATCH(parametros_recargas!$B$70,parametros_recargas!$E$12:$L$12,0)) -> 0.32 | J88: =MAX(0,J66-I66)+I66*INDEX(parametros_recargas!$E$21:$L$21,MATCH(parametros_recargas!$B$70,parametros_recargas!$E$12:$L$12,0)) -> 0.32 | K88: =MAX(0,K66-J66)+J66*INDEX(parametros_recargas!$E$21:$L$21,MATCH(parametros_recargas!$B$70,parametros_recargas!$E$12:$L$12,0)) -> 1.32
A89: =datos_base!A18 -> ABC 100 kg s/ruedas | B89: =B67 -> 1 | C89: =MAX(0,C67-B67)+B67*INDEX(parametros_recargas!$E$21:$L$21,MATCH(parametros_recargas!$B$71,parametros_recargas!$E$12:$L$12,0)) -> 0.08 | D89: =MAX(0,D67-C67)+C67*INDEX(parametros_recargas!$E$21:$L$21,MATCH(parametros_recargas!$B$71,parametros_recargas!$E$12:$L$12,0)) -> 0.08 | E89: =MAX(0,E67-D67)+D67*INDEX(parametros_recargas!$E$21:$L$21,MATCH(parametros_recargas!$B$71,parametros_recargas!$E$12:$L$12,0)) -> 0.08 | F89: =MAX(0,F67-E67)+E67*INDEX(parametros_recargas!$E$21:$L$21,MATCH(parametros_recargas!$B$71,parametros_recargas!$E$12:$L$12,0)) -> 1.08 | G89: =MAX(0,G67-F67)+F67*INDEX(parametros_recargas!$E$21:$L$21,MATCH(parametros_recargas!$B$71,parametros_recargas!$E$12:$L$12,0)) -> 0.16 | H89: =MAX(0,H67-G67)+G67*INDEX(parametros_recargas!$E$21:$L$21,MATCH(parametros_recargas!$B$71,parametros_recargas!$E$12:$L$12,0)) -> 1.16 | I89: =MAX(0,I67-H67)+H67*INDEX(parametros_recargas!$E$21:$L$21,MATCH(parametros_recargas!$B$71,parametros_recargas!$E$12:$L$12,0)) -> 0.24 | J89: =MAX(0,J67-I67)+I67*INDEX(parametros_recargas!$E$21:$L$21,MATCH(parametros_recargas!$B$71,parametros_recargas!$E$12:$L$12,0)) -> 0.24 | K89: =MAX(0,K67-J67)+J67*INDEX(parametros_recargas!$E$21:$L$21,MATCH(parametros_recargas!$B$71,parametros_recargas!$E$12:$L$12,0)) -> 0.24
A90: Fábrica: cilindro vacío (se carga en esta planta) | B90: =SUMIF($F$30:$F$46,"Fábrica: cilindro vacío",B73:B89) -> 26 | C90: =SUMIF($F$30:$F$46,"Fábrica: cilindro vacío",C73:C89) -> 67.08 | D90: =SUMIF($F$30:$F$46,"Fábrica: cilindro vacío",D73:D89) -> 116.28 | E90: =SUMIF($F$30:$F$46,"Fábrica: cilindro vacío",E73:E89) -> 190 | F90: =SUMIF($F$30:$F$46,"Fábrica: cilindro vacío",F73:F89) -> 195.92 | G90: =SUMIF($F$30:$F$46,"Fábrica: cilindro vacío",G73:G89) -> 217.2 | H90: =SUMIF($F$30:$F$46,"Fábrica: cilindro vacío",H73:H89) -> 193.12 | I90: =SUMIF($F$30:$F$46,"Fábrica: cilindro vacío",I73:I89) -> 159 | ... K90: =SUMIF($F$30:$F$46,"Fábrica: cilindro vacío",K73:K89) -> 156.2
A91: Fábrica: terminado (sale de la línea) | B91: =SUMIF($F$30:$F$46,"Fábrica: terminado",B73:B89) -> 0 | C91: =SUMIF($F$30:$F$46,"Fábrica: terminado",C73:C89) -> 0 | D91: =SUMIF($F$30:$F$46,"Fábrica: terminado",D73:D89) -> 0 | E91: =SUMIF($F$30:$F$46,"Fábrica: terminado",E73:E89) -> 0 | F91: =SUMIF($F$30:$F$46,"Fábrica: terminado",F73:F89) -> 0 | G91: =SUMIF($F$30:$F$46,"Fábrica: terminado",G73:G89) -> 0 | H91: =SUMIF($F$30:$F$46,"Fábrica: terminado",H73:H89) -> 0 | I91: =SUMIF($F$30:$F$46,"Fábrica: terminado",I73:I89) -> 0 | ... K91: =SUMIF($F$30:$F$46,"Fábrica: terminado",K73:K89) -> 0
A92: Compra | B92: =SUMIF($F$30:$F$46,"Compra",B73:B89) -> 15 | C92: =SUMIF($F$30:$F$46,"Compra",C73:C89) -> 24.083333 | D92: =SUMIF($F$30:$F$46,"Compra",D73:D89) -> 44.673333 | E92: =SUMIF($F$30:$F$46,"Compra",E73:E89) -> 69.583333 | F92: =SUMIF($F$30:$F$46,"Compra",F73:F89) -> 69.986667 | G92: =SUMIF($F$30:$F$46,"Compra",G73:G89) -> 80.136667 | H92: =SUMIF($F$30:$F$46,"Compra",H73:H89) -> 64.7 | I92: =SUMIF($F$30:$F$46,"Compra",I73:I89) -> 54.88 | ... K92: =SUMIF($F$30:$F$46,"Compra",K73:K89) -> 55.253333
A93: Kits de sustituto | B93: =SUM(B73:B89) -> 41 | C93: =SUM(C73:C89) -> 91.163333 | D93: =SUM(D73:D89) -> 160.95333 | E93: =SUM(E73:E89) -> 259.58333 | F93: =SUM(F73:F89) -> 265.90667 | G93: =SUM(G73:G89) -> 297.33667 | H93: =SUM(H73:H89) -> 257.82 | I93: =SUM(I73:I89) -> 213.88 | ... K93: =SUM(K73:K89) -> 211.45333
A95: Manuales importa B73:K76 y Carros B86:K89 · § 9

Sheet Plan mensual
A1: 2026 | B1: Agente | C1: u. equiv. | D1: Ene | E1: Feb | F1: Mar | G1: Abr | H1: May | I1: Jun | J1: Jul | K1: Ago | L1: Sep | M1: Oct | N1: Nov | O1: Dic | P1: Total
A2: =parametros_recargas!A55 -> ABC 1 kg | B2: =parametros_recargas!B55 -> ABC | C2: =parametros_recargas!C55 -> 1 | D2: =datos_base!$B$2*parametros_recargas!E$55 -> 231.16456 | E2: =datos_base!$B$2*parametros_recargas!F$55 -> 184.11342 | F2: =datos_base!$B$2*parametros_recargas!G$55 -> 137.15538 | G2: =datos_base!$B$2*parametros_recargas!H$55 -> 137.15538 | H2: =datos_base!$B$2*parametros_recargas!I$55 -> 137.24849 | I2: =datos_base!$B$2*parametros_recargas!J$55 -> 137.24849 | J2: =datos_base!$B$2*parametros_recargas!K$55 -> 137.08745 | K2: =datos_base!$B$2*parametros_recargas!L$55 -> 137.24849 | ... O2: =datos_base!$B$2*parametros_recargas!P$55 -> 231.24508 | P2: =SUM(D2:O2) -> 1928.3325
A3: =parametros_recargas!A56 -> ABC 2,5 kg | B3: =parametros_recargas!B56 -> ABC | C3: =parametros_recargas!C56 -> 1 | D3: =datos_base!$B$3*parametros_recargas!E$56 -> 10.978276 | E3: =datos_base!$B$3*parametros_recargas!F$56 -> 10.978276 | F3: =datos_base!$B$3*parametros_recargas!G$56 -> 15.067705 | G3: =datos_base!$B$3*parametros_recargas!H$56 -> 17.54856 | H3: =datos_base!$B$3*parametros_recargas!I$56 -> 18.993868 | I3: =datos_base!$B$3*parametros_recargas!J$56 -> 18.779233 | J3: =datos_base!$B$3*parametros_recargas!K$56 -> 13.578814 | K3: =datos_base!$B$3*parametros_recargas!L$56 -> 15.920476 | ... O3: =datos_base!$B$3*parametros_recargas!P$56 -> 14.724437 | P3: =SUM(D3:O3) -> 182.98967
A4: =parametros_recargas!A57 -> ABC 5 kg | B4: =parametros_recargas!B57 -> ABC | C4: =parametros_recargas!C57 -> 1 | D4: =datos_base!$B$4*parametros_recargas!E$57 -> 72.198344 | E4: =datos_base!$B$4*parametros_recargas!F$57 -> 70.410359 | F4: =datos_base!$B$4*parametros_recargas!G$57 -> 88.453999 | G4: =datos_base!$B$4*parametros_recargas!H$57 -> 107.84996 | H4: =datos_base!$B$4*parametros_recargas!I$57 -> 108.25044 | I4: =datos_base!$B$4*parametros_recargas!J$57 -> 106.88175 | J4: =datos_base!$B$4*parametros_recargas!K$57 -> 86.29466 | K4: =datos_base!$B$4*parametros_recargas!L$57 -> 86.081919 | ... O4: =datos_base!$B$4*parametros_recargas!P$57 -> 91.838905 | P4: =SUM(D4:O4) -> 1081.532
A5: =parametros_recargas!A58 -> ABC 10 kg | B5: =parametros_recargas!B58 -> ABC | C5: =parametros_recargas!C58 -> 1 | D5: =datos_base!$B$5*parametros_recargas!E$58 -> 4.2401126 | E5: =datos_base!$B$5*parametros_recargas!F$58 -> 4.2401126 | F5: =datos_base!$B$5*parametros_recargas!G$58 -> 5.458969 | G5: =datos_base!$B$5*parametros_recargas!H$58 -> 6.6496376 | H5: =datos_base!$B$5*parametros_recargas!I$58 -> 6.7118266 | I5: =datos_base!$B$5*parametros_recargas!J$58 -> 6.5179861 | J5: =datos_base!$B$5*parametros_recargas!K$58 -> 5.1230199 | K5: =datos_base!$B$5*parametros_recargas!L$58 -> 5.1674782 | ... O5: =datos_base!$B$5*parametros_recargas!P$58 -> 5.4929702 | P5: =SUM(D5:O5) -> 65.62388
A6: =parametros_recargas!A59 -> Agua 10 l | B6: =parametros_recargas!B59 -> Agua | C6: =parametros_recargas!C59 -> 1 | D6: =datos_base!$B$6*parametros_recargas!E$59 -> 5.9255559 | E6: =datos_base!$B$6*parametros_recargas!F$59 -> 5.9255559 | F6: =datos_base!$B$6*parametros_recargas!G$59 -> 7.3133784 | G6: =datos_base!$B$6*parametros_recargas!H$59 -> 8.7765029 | H6: =datos_base!$B$6*parametros_recargas!I$59 -> 8.8313804 | I6: =datos_base!$B$6*parametros_recargas!J$59 -> 8.5730449 | J6: =datos_base!$B$6*parametros_recargas!K$59 -> 6.968499 | K6: =datos_base!$B$6*parametros_recargas!L$59 -> 6.9817644 | ... O6: =datos_base!$B$6*parametros_recargas!P$59 -> 7.4273521 | P6: =SUM(D6:O6) -> 88.339839
A7: =parametros_recargas!A60 -> AFFF 10 l | B7: =parametros_recargas!B60 -> AFFF | C7: =parametros_recargas!C60 -> 1 | D7: =datos_base!$B$7*parametros_recargas!E$60 -> 1.0516648 | E7: =datos_base!$B$7*parametros_recargas!F$60 -> 1.0516648 | F7: =datos_base!$B$7*parametros_recargas!G$60 -> 1.0516648 | G7: =datos_base!$B$7*parametros_recargas!H$60 -> 1.0516648 | H7: =datos_base!$B$7*parametros_recargas!I$60 -> 1.0516648 | I7: =datos_base!$B$7*parametros_recargas!J$60 -> 1.0516648 | J7: =datos_base!$B$7*parametros_recargas!K$60 -> 1.0516648 | K7: =datos_base!$B$7*parametros_recargas!L$60 -> 1.0516648 | ... O7: =datos_base!$B$7*parametros_recargas!P$60 -> 1.0516648 | P7: =SUM(D7:O7) -> 12.619977
A8: =parametros_recargas!A61 -> AFFF 50 l s/ruedas | B8: =parametros_recargas!B61 -> AFFF | C8: =parametros_recargas!C61 -> 6.3608539 | D8: =datos_base!$B$8*parametros_recargas!E$61 -> 0.52583235 | E8: =datos_base!$B$8*parametros_recargas!F$61 -> 0.52583235 | F8: =datos_base!$B$8*parametros_recargas!G$61 -> 0.52583235 | G8: =datos_base!$B$8*parametros_recargas!H$61 -> 0.52583235 | H8: =datos_base!$B$8*parametros_recargas!I$61 -> 0.52583235 | I8: =datos_base!$B$8*parametros_recargas!J$61 -> 0.52583235 | J8: =datos_base!$B$8*parametros_recargas!K$61 -> 0.52583235 | K8: =datos_base!$B$8*parametros_recargas!L$61 -> 0.52583235 | ... O8: =datos_base!$B$8*parametros_recargas!P$61 -> 0.52583235 | P8: =SUM(D8:O8) -> 6.3099882
A9: =parametros_recargas!A62 -> BC 5 kg | B9: =parametros_recargas!B62 -> BC | C9: =parametros_recargas!C62 -> 1 | D9: =datos_base!$B$9*parametros_recargas!E$62 -> 0.31549941 | E9: =datos_base!$B$9*parametros_recargas!F$62 -> 0.31549941 | F9: =datos_base!$B$9*parametros_recargas!G$62 -> 0.31549941 | G9: =datos_base!$B$9*parametros_recargas!H$62 -> 0.31549941 | H9: =datos_base!$B$9*parametros_recargas!I$62 -> 0.31549941 | I9: =datos_base!$B$9*parametros_recargas!J$62 -> 0.31549941 | J9: =datos_base!$B$9*parametros_recargas!K$62 -> 0.31549941 | K9: =datos_base!$B$9*parametros_recargas!L$62 -> 0.31549941 | ... O9: =datos_base!$B$9*parametros_recargas!P$62 -> 0.31549941 | P9: =SUM(D9:O9) -> 3.7859929
A10: =parametros_recargas!A63 -> Sales K 6 l | B10: =parametros_recargas!B63 -> Sales K | C10: =parametros_recargas!C63 -> 1 | D10: =datos_base!$B$10*parametros_recargas!E$63 -> 3.1591319 | E10: =datos_base!$B$10*parametros_recargas!F$63 -> 3.1591319 | F10: =datos_base!$B$10*parametros_recargas!G$63 -> 3.8083222 | G10: =datos_base!$B$10*parametros_recargas!H$63 -> 4.3084895 | H10: =datos_base!$B$10*parametros_recargas!I$63 -> 4.4168185 | I10: =datos_base!$B$10*parametros_recargas!J$63 -> 4.3262092 | J10: =datos_base!$B$10*parametros_recargas!K$63 -> 3.5437322 | K10: =datos_base!$B$10*parametros_recargas!L$63 -> 3.6947385 | ... O10: =datos_base!$B$10*parametros_recargas!P$63 -> 3.7676282 | P10: =SUM(D10:O10) -> 45.431917
A11: =parametros_recargas!A64 -> CO₂ 2 kg | B11: =parametros_recargas!B64 -> CO₂ | C11: =parametros_recargas!C64 -> 1 | D11: =datos_base!$B$11*parametros_recargas!E$64 -> 15.3961 | E11: =datos_base!$B$11*parametros_recargas!F$64 -> 15.3961 | F11: =datos_base!$B$11*parametros_recargas!G$64 -> 20.726014 | G11: =datos_base!$B$11*parametros_recargas!H$64 -> 25.739092 | H11: =datos_base!$B$11*parametros_recargas!I$64 -> 25.843596 | I11: =datos_base!$B$11*parametros_recargas!J$64 -> 25.514767 | J11: =datos_base!$B$11*parametros_recargas!K$64 -> 20.0221 | K11: =datos_base!$B$11*parametros_recargas!L$64 -> 19.960527 | ... O11: =datos_base!$B$11*parametros_recargas!P$64 -> 20.513682 | P11: =SUM(D11:O11) -> 249.87554
A12: =parametros_recargas!A65 -> CO₂ 5 kg | B12: =parametros_recargas!B65 -> CO₂ | C12: =parametros_recargas!C65 -> 1 | D12: =datos_base!$B$12*parametros_recargas!E$65 -> 5.2879793 | E12: =datos_base!$B$12*parametros_recargas!F$65 -> 5.2879793 | F12: =datos_base!$B$12*parametros_recargas!G$65 -> 5.7380175 | G12: =datos_base!$B$12*parametros_recargas!H$65 -> 6.3615459 | H12: =datos_base!$B$12*parametros_recargas!I$65 -> 6.4686891 | I12: =datos_base!$B$12*parametros_recargas!J$65 -> 6.1673534 | J12: =datos_base!$B$12*parametros_recargas!K$65 -> 5.4480711 | K12: =datos_base!$B$12*parametros_recargas!L$65 -> 5.5231226 | ... O12: =datos_base!$B$12*parametros_recargas!P$65 -> 5.954209 | P12: =SUM(D12:O12) -> 69.409873
A13: =parametros_recargas!A66 -> HCFC/HFC 5 kg | B13: =parametros_recargas!B66 -> Halogenado | C13: =parametros_recargas!C66 -> 1 | D13: =datos_base!$B$13*parametros_recargas!E$66 -> 0.89949535 | E13: =datos_base!$B$13*parametros_recargas!F$66 -> 0.89949535 | F13: =datos_base!$B$13*parametros_recargas!G$66 -> 0.84133181 | G13: =datos_base!$B$13*parametros_recargas!H$66 -> 0.84133181 | H13: =datos_base!$B$13*parametros_recargas!I$66 -> 0.84133181 | I13: =datos_base!$B$13*parametros_recargas!J$66 -> 0.78316827 | J13: =datos_base!$B$13*parametros_recargas!K$66 -> 0.78316827 | K13: =datos_base!$B$13*parametros_recargas!L$66 -> 0.78316827 | ... O13: =datos_base!$B$13*parametros_recargas!P$66 -> 0.89949535 | P13: =SUM(D13:O13) -> 10.095982
A14: =parametros_recargas!A67 -> Clase D 9 l | B14: =parametros_recargas!B67 -> Clase D | C14: =parametros_recargas!C67 -> 1 | D14: =datos_base!$B$14*parametros_recargas!E$67 -> 0.31549941 | E14: =datos_base!$B$14*parametros_recargas!F$67 -> 0.31549941 | F14: =datos_base!$B$14*parametros_recargas!G$67 -> 0.31549941 | G14: =datos_base!$B$14*parametros_recargas!H$67 -> 0.31549941 | H14: =datos_base!$B$14*parametros_recargas!I$67 -> 0.31549941 | I14: =datos_base!$B$14*parametros_recargas!J$67 -> 0.31549941 | J14: =datos_base!$B$14*parametros_recargas!K$67 -> 0.31549941 | K14: =datos_base!$B$14*parametros_recargas!L$67 -> 0.31549941 | ... O14: =datos_base!$B$14*parametros_recargas!P$67 -> 0.31549941 | P14: =SUM(D14:O14) -> 3.7859929
A15: =parametros_recargas!A68 -> ABC 25 kg s/ruedas | B15: =parametros_recargas!B68 -> ABC | C15: =parametros_recargas!C68 -> 6.3608539 | D15: =datos_base!$B$15*parametros_recargas!E$68 -> 0.7254317 | E15: =datos_base!$B$15*parametros_recargas!F$68 -> 0.7254317 | F15: =datos_base!$B$15*parametros_recargas!G$68 -> 0.80816988 | G15: =datos_base!$B$15*parametros_recargas!H$68 -> 0.91787619 | H15: =datos_base!$B$15*parametros_recargas!I$68 -> 0.92233076 | I15: =datos_base!$B$15*parametros_recargas!J$68 -> 0.88608514 | J15: =datos_base!$B$15*parametros_recargas!K$68 -> 0.76505824 | K15: =datos_base!$B$15*parametros_recargas!L$68 -> 0.77155593 | ... O15: =datos_base!$B$15*parametros_recargas!P$68 -> 0.83959259 | P15: =SUM(D15:O15) -> 9.7804822
A16: =parametros_recargas!A69 -> ABC 50 kg s/ruedas | B16: =parametros_recargas!B69 -> ABC | C16: =parametros_recargas!C69 -> 6.3608539 | D16: =datos_base!$B$16*parametros_recargas!E$69 -> 1.5959517 | E16: =datos_base!$B$16*parametros_recargas!F$69 -> 1.5959517 | F16: =datos_base!$B$16*parametros_recargas!G$69 -> 1.7779752 | G16: =datos_base!$B$16*parametros_recargas!H$69 -> 2.0193274 | H16: =datos_base!$B$16*parametros_recargas!I$69 -> 2.0291249 | I16: =datos_base!$B$16*parametros_recargas!J$69 -> 1.9493868 | J16: =datos_base!$B$16*parametros_recargas!K$69 -> 1.6831336 | K16: =datos_base!$B$16*parametros_recargas!L$69 -> 1.6974227 | ... O16: =datos_base!$B$16*parametros_recargas!P$69 -> 1.8471015 | P16: =SUM(D16:O16) -> 21.51706
A17: =parametros_recargas!A70 -> ABC 70 kg s/ruedas | B17: =parametros_recargas!B70 -> ABC | C17: =parametros_recargas!C70 -> 6.3608539 | D17: =datos_base!$B$17*parametros_recargas!E$70 -> 0.3482077 | E17: =datos_base!$B$17*parametros_recargas!F$70 -> 0.3482077 | F17: =datos_base!$B$17*parametros_recargas!G$70 -> 0.38792145 | G17: =datos_base!$B$17*parametros_recargas!H$70 -> 0.44058151 | H17: =datos_base!$B$17*parametros_recargas!I$70 -> 0.4427182 | I17: =datos_base!$B$17*parametros_recargas!J$70 -> 0.42532058 | J17: =datos_base!$B$17*parametros_recargas!K$70 -> 0.36722983 | K17: =datos_base!$B$17*parametros_recargas!L$70 -> 0.37034591 | ... O17: =datos_base!$B$17*parametros_recargas!P$70 -> 0.40300445 | P17: =SUM(D17:O17) -> 4.6946312
A18: =parametros_recargas!A71 -> ABC 100 kg s/ruedas | B18: =parametros_recargas!B71 -> ABC | C18: =parametros_recargas!C71 -> 6.3608539 | D18: =datos_base!$B$18*parametros_recargas!E$71 -> 0.23214056 | E18: =datos_base!$B$18*parametros_recargas!F$71 -> 0.23214056 | F18: =datos_base!$B$18*parametros_recargas!G$71 -> 0.25861553 | G18: =datos_base!$B$18*parametros_recargas!H$71 -> 0.29371976 | H18: =datos_base!$B$18*parametros_recargas!I$71 -> 0.29514422 | I18: =datos_base!$B$18*parametros_recargas!J$71 -> 0.28354581 | J18: =datos_base!$B$18*parametros_recargas!K$71 -> 0.24482031 | K18: =datos_base!$B$18*parametros_recargas!L$71 -> 0.24689689 | ... O18: =datos_base!$B$18*parametros_recargas!P$71 -> 0.26866925 | P18: =SUM(D18:O18) -> 3.1297543
A19: Total recipientes (con mantenimiento de sustitutos) | D19: =SUM(D2:D18) -> 354.35978 | E19: =SUM(E2:E18) -> 305.52065 | F19: =SUM(F2:F18) -> 290.0043 | G19: =SUM(G2:G18) -> 321.1105 | H19: =SUM(H2:H18) -> 323.50426 | I19: =SUM(I2:I18) -> 320.54484 | J19: =SUM(J2:J18) -> 284.11825 | K19: =SUM(K2:K18) -> 286.6564 | ... P19: =SUM(P2:P18) -> 3787.2551
A20: Por agente (u. equivalentes)
A21: ABC | D21: =SUMPRODUCT(($B$2:$B$18=$A21)*D$2:D$18*$C$2:$C$18) -> 337.03878 | E21: =SUMPRODUCT(($B$2:$B$18=$A21)*E$2:E$18*$C$2:$C$18) -> 288.19966 | F21: =SUMPRODUCT(($B$2:$B$18=$A21)*F$2:F$18*$C$2:$C$18) -> 266.69867 | G21: =SUMPRODUCT(($B$2:$B$18=$A21)*G$2:G$18*$C$2:$C$18) -> 292.55745 | H21: =SUMPRODUCT(($B$2:$B$18=$A21)*H$2:H$18*$C$2:$C$18) -> 294.67184 | I21: =SUMPRODUCT(($B$2:$B$18=$A21)*I$2:I$18*$C$2:$C$18) -> 291.97248 | J21: =SUMPRODUCT(($B$2:$B$18=$A21)*J$2:J$18*$C$2:$C$18) -> 261.54969 | K21: =SUMPRODUCT(($B$2:$B$18=$A21)*K$2:K$18*$C$2:$C$18) -> 264.04937 | ... P21: =SUMPRODUCT(($B$2:$B$18=$A21)*P$2:P$18*$C$2:$C$18) -> 3507.3269
A22: BC | D22: =SUMPRODUCT(($B$2:$B$18=$A22)*D$2:D$18*$C$2:$C$18) -> 0.31549941 | E22: =SUMPRODUCT(($B$2:$B$18=$A22)*E$2:E$18*$C$2:$C$18) -> 0.31549941 | F22: =SUMPRODUCT(($B$2:$B$18=$A22)*F$2:F$18*$C$2:$C$18) -> 0.31549941 | G22: =SUMPRODUCT(($B$2:$B$18=$A22)*G$2:G$18*$C$2:$C$18) -> 0.31549941 | H22: =SUMPRODUCT(($B$2:$B$18=$A22)*H$2:H$18*$C$2:$C$18) -> 0.31549941 | I22: =SUMPRODUCT(($B$2:$B$18=$A22)*I$2:I$18*$C$2:$C$18) -> 0.31549941 | J22: =SUMPRODUCT(($B$2:$B$18=$A22)*J$2:J$18*$C$2:$C$18) -> 0.31549941 | K22: =SUMPRODUCT(($B$2:$B$18=$A22)*K$2:K$18*$C$2:$C$18) -> 0.31549941 | ... P22: =SUMPRODUCT(($B$2:$B$18=$A22)*P$2:P$18*$C$2:$C$18) -> 3.7859929
A23: Clase D | D23: =SUMPRODUCT(($B$2:$B$18=$A23)*D$2:D$18*$C$2:$C$18) -> 0.31549941 | E23: =SUMPRODUCT(($B$2:$B$18=$A23)*E$2:E$18*$C$2:$C$18) -> 0.31549941 | F23: =SUMPRODUCT(($B$2:$B$18=$A23)*F$2:F$18*$C$2:$C$18) -> 0.31549941 | G23: =SUMPRODUCT(($B$2:$B$18=$A23)*G$2:G$18*$C$2:$C$18) -> 0.31549941 | H23: =SUMPRODUCT(($B$2:$B$18=$A23)*H$2:H$18*$C$2:$C$18) -> 0.31549941 | I23: =SUMPRODUCT(($B$2:$B$18=$A23)*I$2:I$18*$C$2:$C$18) -> 0.31549941 | J23: =SUMPRODUCT(($B$2:$B$18=$A23)*J$2:J$18*$C$2:$C$18) -> 0.31549941 | K23: =SUMPRODUCT(($B$2:$B$18=$A23)*K$2:K$18*$C$2:$C$18) -> 0.31549941 | ... P23: =SUMPRODUCT(($B$2:$B$18=$A23)*P$2:P$18*$C$2:$C$18) -> 3.7859929
A24: Agua | D24: =SUMPRODUCT(($B$2:$B$18=$A24)*D$2:D$18*$C$2:$C$18) -> 5.9255559 | E24: =SUMPRODUCT(($B$2:$B$18=$A24)*E$2:E$18*$C$2:$C$18) -> 5.9255559 | F24: =SUMPRODUCT(($B$2:$B$18=$A24)*F$2:F$18*$C$2:$C$18) -> 7.3133784 | G24: =SUMPRODUCT(($B$2:$B$18=$A24)*G$2:G$18*$C$2:$C$18) -> 8.7765029 | H24: =SUMPRODUCT(($B$2:$B$18=$A24)*H$2:H$18*$C$2:$C$18) -> 8.8313804 | I24: =SUMPRODUCT(($B$2:$B$18=$A24)*I$2:I$18*$C$2:$C$18) -> 8.5730449 | J24: =SUMPRODUCT(($B$2:$B$18=$A24)*J$2:J$18*$C$2:$C$18) -> 6.968499 | K24: =SUMPRODUCT(($B$2:$B$18=$A24)*K$2:K$18*$C$2:$C$18) -> 6.9817644 | ... P24: =SUMPRODUCT(($B$2:$B$18=$A24)*P$2:P$18*$C$2:$C$18) -> 88.339839
A25: AFFF | D25: =SUMPRODUCT(($B$2:$B$18=$A25)*D$2:D$18*$C$2:$C$18) -> 4.3964075 | E25: =SUMPRODUCT(($B$2:$B$18=$A25)*E$2:E$18*$C$2:$C$18) -> 4.3964075 | F25: =SUMPRODUCT(($B$2:$B$18=$A25)*F$2:F$18*$C$2:$C$18) -> 4.3964075 | G25: =SUMPRODUCT(($B$2:$B$18=$A25)*G$2:G$18*$C$2:$C$18) -> 4.3964075 | H25: =SUMPRODUCT(($B$2:$B$18=$A25)*H$2:H$18*$C$2:$C$18) -> 4.3964075 | I25: =SUMPRODUCT(($B$2:$B$18=$A25)*I$2:I$18*$C$2:$C$18) -> 4.3964075 | J25: =SUMPRODUCT(($B$2:$B$18=$A25)*J$2:J$18*$C$2:$C$18) -> 4.3964075 | K25: =SUMPRODUCT(($B$2:$B$18=$A25)*K$2:K$18*$C$2:$C$18) -> 4.3964075 | ... P25: =SUMPRODUCT(($B$2:$B$18=$A25)*P$2:P$18*$C$2:$C$18) -> 52.75689
A26: Sales K | D26: =SUMPRODUCT(($B$2:$B$18=$A26)*D$2:D$18*$C$2:$C$18) -> 3.1591319 | E26: =SUMPRODUCT(($B$2:$B$18=$A26)*E$2:E$18*$C$2:$C$18) -> 3.1591319 | F26: =SUMPRODUCT(($B$2:$B$18=$A26)*F$2:F$18*$C$2:$C$18) -> 3.8083222 | G26: =SUMPRODUCT(($B$2:$B$18=$A26)*G$2:G$18*$C$2:$C$18) -> 4.3084895 | H26: =SUMPRODUCT(($B$2:$B$18=$A26)*H$2:H$18*$C$2:$C$18) -> 4.4168185 | I26: =SUMPRODUCT(($B$2:$B$18=$A26)*I$2:I$18*$C$2:$C$18) -> 4.3262092 | J26: =SUMPRODUCT(($B$2:$B$18=$A26)*J$2:J$18*$C$2:$C$18) -> 3.5437322 | K26: =SUMPRODUCT(($B$2:$B$18=$A26)*K$2:K$18*$C$2:$C$18) -> 3.6947385 | ... P26: =SUMPRODUCT(($B$2:$B$18=$A26)*P$2:P$18*$C$2:$C$18) -> 45.431917
A27: CO₂ | D27: =SUMPRODUCT(($B$2:$B$18=$A27)*D$2:D$18*$C$2:$C$18) -> 20.684079 | E27: =SUMPRODUCT(($B$2:$B$18=$A27)*E$2:E$18*$C$2:$C$18) -> 20.684079 | F27: =SUMPRODUCT(($B$2:$B$18=$A27)*F$2:F$18*$C$2:$C$18) -> 26.464032 | G27: =SUMPRODUCT(($B$2:$B$18=$A27)*G$2:G$18*$C$2:$C$18) -> 32.100638 | H27: =SUMPRODUCT(($B$2:$B$18=$A27)*H$2:H$18*$C$2:$C$18) -> 32.312285 | I27: =SUMPRODUCT(($B$2:$B$18=$A27)*I$2:I$18*$C$2:$C$18) -> 31.68212 | J27: =SUMPRODUCT(($B$2:$B$18=$A27)*J$2:J$18*$C$2:$C$18) -> 25.470171 | K27: =SUMPRODUCT(($B$2:$B$18=$A27)*K$2:K$18*$C$2:$C$18) -> 25.48365 | ... P27: =SUMPRODUCT(($B$2:$B$18=$A27)*P$2:P$18*$C$2:$C$18) -> 319.28542
A28: Halogenado | D28: =SUMPRODUCT(($B$2:$B$18=$A28)*D$2:D$18*$C$2:$C$18) -> 0.89949535 | E28: =SUMPRODUCT(($B$2:$B$18=$A28)*E$2:E$18*$C$2:$C$18) -> 0.89949535 | F28: =SUMPRODUCT(($B$2:$B$18=$A28)*F$2:F$18*$C$2:$C$18) -> 0.84133181 | G28: =SUMPRODUCT(($B$2:$B$18=$A28)*G$2:G$18*$C$2:$C$18) -> 0.84133181 | H28: =SUMPRODUCT(($B$2:$B$18=$A28)*H$2:H$18*$C$2:$C$18) -> 0.84133181 | I28: =SUMPRODUCT(($B$2:$B$18=$A28)*I$2:I$18*$C$2:$C$18) -> 0.78316827 | J28: =SUMPRODUCT(($B$2:$B$18=$A28)*J$2:J$18*$C$2:$C$18) -> 0.78316827 | K28: =SUMPRODUCT(($B$2:$B$18=$A28)*K$2:K$18*$C$2:$C$18) -> 0.78316827 | ... P28: =SUMPRODUCT(($B$2:$B$18=$A28)*P$2:P$18*$C$2:$C$18) -> 10.095982
A29: Mangueras con PH anual (u.) | D29: =SUMPRODUCT(D$2:D$18*parametros_recargas!$D$55:$D$71) -> 8.7155433 | E29: =SUMPRODUCT(E$2:E$18*parametros_recargas!$D$55:$D$71) -> 8.7155433 | F29: =SUMPRODUCT(F$2:F$18*parametros_recargas!$D$55:$D$71) -> 9.4965319 | G29: =SUMPRODUCT(G$2:G$18*parametros_recargas!$D$55:$D$71) -> 10.558883 | H29: =SUMPRODUCT(H$2:H$18*parametros_recargas!$D$55:$D$71) -> 10.68384 | I29: =SUMPRODUCT(I$2:I$18*parametros_recargas!$D$55:$D$71) -> 10.237524 | J29: =SUMPRODUCT(J$2:J$18*parametros_recargas!$D$55:$D$71) -> 9.0341454 | K29: =SUMPRODUCT(K$2:K$18*parametros_recargas!$D$55:$D$71) -> 9.1351764 | ... P29: =SUMPRODUCT(P$2:P$18*parametros_recargas!$D$55:$D$71) -> 114.84179
A30: Sustitutos ABC nuevos como cilindro vacío (u. equiv.) | D30: =SUMPRODUCT(sobrestock_sustitutos!$B$73:$B$73,--(sobrestock_sustitutos!$F$30:$F$30="Fábrica: cilindro vacío"),parametros_recargas!$C$55:$C$55)*parametros_recargas!E$109+SUMPRODUCT(sobrestock_sustitutos!$B$74:$B$76,--(sobrestock_sustitutos!$F$31:$F$33="Fábrica: cilindro vacío"),parametros_recargas!$C$56:$C$58)*parametros_recargas!E$110+SUMPRODUCT(sobrestock_sustitutos!$B$86:$B$89,--(sobrestock_sustitutos!$F$43:$F$46="Fábrica: cilindro vacío"),parametros_recargas!$C$68:$C$71)*parametros_recargas!E$111 -> 4.3626903 | E30: =SUMPRODUCT(sobrestock_sustitutos!$B$73:$B$73,--(sobrestock_sustitutos!$F$30:$F$30="Fábrica: cilindro vacío"),parametros_recargas!$C$55:$C$55)*parametros_recargas!F$109+SUMPRODUCT(sobrestock_sustitutos!$B$74:$B$76,--(sobrestock_sustitutos!$F$31:$F$33="Fábrica: cilindro vacío"),parametros_recargas!$C$56:$C$58)*parametros_recargas!F$110+SUMPRODUCT(sobrestock_sustitutos!$B$86:$B$89,--(sobrestock_sustitutos!$F$43:$F$46="Fábrica: cilindro vacío"),parametros_recargas!$C$68:$C$71)*parametros_recargas!F$111 -> 3.6682562 | F30: =SUMPRODUCT(sobrestock_sustitutos!$B$73:$B$73,--(sobrestock_sustitutos!$F$30:$F$30="Fábrica: cilindro vacío"),parametros_recargas!$C$55:$C$55)*parametros_recargas!G$109+SUMPRODUCT(sobrestock_sustitutos!$B$74:$B$76,--(sobrestock_sustitutos!$F$31:$F$33="Fábrica: cilindro vacío"),parametros_recargas!$C$56:$C$58)*parametros_recargas!G$110+SUMPRODUCT(sobrestock_sustitutos!$B$86:$B$89,--(sobrestock_sustitutos!$F$43:$F$46="Fábrica: cilindro vacío"),parametros_recargas!$C$68:$C$71)*parametros_recargas!G$111 -> 4.1599074 | G30: =SUMPRODUCT(sobrestock_sustitutos!$B$73:$B$73,--(sobrestock_sustitutos!$F$30:$F$30="Fábrica: cilindro vacío"),parametros_recargas!$C$55:$C$55)*parametros_recargas!H$109+SUMPRODUCT(sobrestock_sustitutos!$B$74:$B$76,--(sobrestock_sustitutos!$F$31:$F$33="Fábrica: cilindro vacío"),parametros_recargas!$C$56:$C$58)*parametros_recargas!H$110+SUMPRODUCT(sobrestock_sustitutos!$B$86:$B$89,--(sobrestock_sustitutos!$F$43:$F$46="Fábrica: cilindro vacío"),parametros_recargas!$C$68:$C$71)*parametros_recargas!H$111 -> 4.1599074 | H30: =SUMPRODUCT(sobrestock_sustitutos!$B$73:$B$73,--(sobrestock_sustitutos!$F$30:$F$30="Fábrica: cilindro vacío"),parametros_recargas!$C$55:$C$55)*parametros_recargas!I$109+SUMPRODUCT(sobrestock_sustitutos!$B$74:$B$76,--(sobrestock_sustitutos!$F$31:$F$33="Fábrica: cilindro vacío"),parametros_recargas!$C$56:$C$58)*parametros_recargas!I$110+SUMPRODUCT(sobrestock_sustitutos!$B$86:$B$89,--(sobrestock_sustitutos!$F$43:$F$46="Fábrica: cilindro vacío"),parametros_recargas!$C$68:$C$71)*parametros_recargas!I$111 -> 4.0499074 | I30: =SUMPRODUCT(sobrestock_sustitutos!$B$73:$B$73,--(sobrestock_sustitutos!$F$30:$F$30="Fábrica: cilindro vacío"),parametros_recargas!$C$55:$C$55)*parametros_recargas!J$109+SUMPRODUCT(sobrestock_sustitutos!$B$74:$B$76,--(sobrestock_sustitutos!$F$31:$F$33="Fábrica: cilindro vacío"),parametros_recargas!$C$56:$C$58)*parametros_recargas!J$110+SUMPRODUCT(sobrestock_sustitutos!$B$86:$B$89,--(sobrestock_sustitutos!$F$43:$F$46="Fábrica: cilindro vacío"),parametros_recargas!$C$68:$C$71)*parametros_recargas!J$111 -> 3.6854732 | J30: =SUMPRODUCT(sobrestock_sustitutos!$B$73:$B$73,--(sobrestock_sustitutos!$F$30:$F$30="Fábrica: cilindro vacío"),parametros_recargas!$C$55:$C$55)*parametros_recargas!K$109+SUMPRODUCT(sobrestock_sustitutos!$B$74:$B$76,--(sobrestock_sustitutos!$F$31:$F$33="Fábrica: cilindro vacío"),parametros_recargas!$C$56:$C$58)*parametros_recargas!K$110+SUMPRODUCT(sobrestock_sustitutos!$B$86:$B$89,--(sobrestock_sustitutos!$F$43:$F$46="Fábrica: cilindro vacío"),parametros_recargas!$C$68:$C$71)*parametros_recargas!K$111 -> 4.0499074 | K30: =SUMPRODUCT(sobrestock_sustitutos!$B$73:$B$73,--(sobrestock_sustitutos!$F$30:$F$30="Fábrica: cilindro vacío"),parametros_recargas!$C$55:$C$55)*parametros_recargas!L$109+SUMPRODUCT(sobrestock_sustitutos!$B$74:$B$76,--(sobrestock_sustitutos!$F$31:$F$33="Fábrica: cilindro vacío"),parametros_recargas!$C$56:$C$58)*parametros_recargas!L$110+SUMPRODUCT(sobrestock_sustitutos!$B$86:$B$89,--(sobrestock_sustitutos!$F$43:$F$46="Fábrica: cilindro vacío"),parametros_recargas!$C$68:$C$71)*parametros_recargas!L$111 -> 4.0499074 | ... O30: =SUMPRODUCT(sobrestock_sustitutos!$B$73:$B$73,--(sobrestock_sustitutos!$F$30:$F$30="Fábrica: cilindro vacío"),parametros_recargas!$C$55:$C$55)*parametros_recargas!P$109+SUMPRODUCT(sobrestock_sustitutos!$B$74:$B$76,--(sobrestock_sustitutos!$F$31:$F$33="Fábrica: cilindro vacío"),parametros_recargas!$C$56:$C$58)*parametros_recargas!P$110+SUMPRODUCT(sobrestock_sustitutos!$B$86:$B$89,--(sobrestock_sustitutos!$F$43:$F$46="Fábrica: cilindro vacío"),parametros_recargas!$C$68:$C$71)*parametros_recargas!P$111 -> 4.4554732 | P30: =SUM(D30:O30) -> 47.443416
A33: 2027 | B33: Agente | C33: u. equiv. | D33: Ene | E33: Feb | F33: Mar | G33: Abr | H33: May | I33: Jun | J33: Jul | K33: Ago | L33: Sep | M33: Oct | N33: Nov | O33: Dic | P33: Total
A34: =parametros_recargas!A55 -> ABC 1 kg | B34: =parametros_recargas!B55 -> ABC | C34: =parametros_recargas!C55 -> 1 | D34: =datos_base!$C$2*parametros_recargas!E$55+sobrestock_sustitutos!$B$51/12 -> 1128.1145 | E34: =datos_base!$C$2*parametros_recargas!F$55+sobrestock_sustitutos!$B$51/12 -> 898.49851 | F34: =datos_base!$C$2*parametros_recargas!G$55+sobrestock_sustitutos!$B$51/12 -> 669.33691 | G34: =datos_base!$C$2*parametros_recargas!H$55+sobrestock_sustitutos!$B$51/12 -> 669.33691 | H34: =datos_base!$C$2*parametros_recargas!I$55+sobrestock_sustitutos!$B$51/12 -> 669.79129 | I34: =datos_base!$C$2*parametros_recargas!J$55+sobrestock_sustitutos!$B$51/12 -> 669.79129 | J34: =datos_base!$C$2*parametros_recargas!K$55+sobrestock_sustitutos!$B$51/12 -> 669.00539 | K34: =datos_base!$C$2*parametros_recargas!L$55+sobrestock_sustitutos!$B$51/12 -> 669.79129 | ... O34: =datos_base!$C$2*parametros_recargas!P$55+sobrestock_sustitutos!$B$51/12 -> 1128.5074 | P34: =SUM(D34:O34) -> 9410.5247
A35: =parametros_recargas!A56 -> ABC 2,5 kg | B35: =parametros_recargas!B56 -> ABC | C35: =parametros_recargas!C56 -> 1 | D35: =datos_base!$C$3*parametros_recargas!E$56+sobrestock_sustitutos!$B$52/12 -> 43.079482 | E35: =datos_base!$C$3*parametros_recargas!F$56+sobrestock_sustitutos!$B$52/12 -> 43.079482 | F35: =datos_base!$C$3*parametros_recargas!G$56+sobrestock_sustitutos!$B$52/12 -> 59.033548 | G35: =datos_base!$C$3*parametros_recargas!H$56+sobrestock_sustitutos!$B$52/12 -> 68.712093 | H35: =datos_base!$C$3*parametros_recargas!I$56+sobrestock_sustitutos!$B$52/12 -> 74.350662 | I35: =datos_base!$C$3*parametros_recargas!J$56+sobrestock_sustitutos!$B$52/12 -> 73.513308 | J35: =datos_base!$C$3*parametros_recargas!K$56+sobrestock_sustitutos!$B$52/12 -> 53.224945 | K35: =datos_base!$C$3*parametros_recargas!L$56+sobrestock_sustitutos!$B$52/12 -> 62.360456 | ... O35: =datos_base!$C$3*parametros_recargas!P$56+sobrestock_sustitutos!$B$52/12 -> 57.694359 | P35: =SUM(D35:O35) -> 716.89649
A36: =parametros_recargas!A57 -> ABC 5 kg | B36: =parametros_recargas!B57 -> ABC | C36: =parametros_recargas!C57 -> 1 | D36: =datos_base!$C$4*parametros_recargas!E$57+sobrestock_sustitutos!$B$53/12 -> 292.09949 | E36: =datos_base!$C$4*parametros_recargas!F$57+sobrestock_sustitutos!$B$53/12 -> 284.90075 | F36: =datos_base!$C$4*parametros_recargas!G$57+sobrestock_sustitutos!$B$53/12 -> 357.54752 | G36: =datos_base!$C$4*parametros_recargas!H$57+sobrestock_sustitutos!$B$53/12 -> 435.63897 | H36: =datos_base!$C$4*parametros_recargas!I$57+sobrestock_sustitutos!$B$53/12 -> 437.25137 | I36: =datos_base!$C$4*parametros_recargas!J$57+sobrestock_sustitutos!$B$53/12 -> 431.74079 | J36: =datos_base!$C$4*parametros_recargas!K$57+sobrestock_sustitutos!$B$53/12 -> 348.85365 | K36: =datos_base!$C$4*parametros_recargas!L$57+sobrestock_sustitutos!$B$53/12 -> 347.99712 | ... O36: =datos_base!$C$4*parametros_recargas!P$57+sobrestock_sustitutos!$B$53/12 -> 371.17573 | P36: =SUM(D36:O36) -> 4371.432
A37: =parametros_recargas!A58 -> ABC 10 kg | B37: =parametros_recargas!B58 -> ABC | C37: =parametros_recargas!C58 -> 1 | D37: =datos_base!$C$5*parametros_recargas!E$58+sobrestock_sustitutos!$B$54/12 -> 15.849535 | E37: =datos_base!$C$5*parametros_recargas!F$58+sobrestock_sustitutos!$B$54/12 -> 15.849535 | F37: =datos_base!$C$5*parametros_recargas!G$58+sobrestock_sustitutos!$B$54/12 -> 20.357708 | G37: =datos_base!$C$5*parametros_recargas!H$58+sobrestock_sustitutos!$B$54/12 -> 24.761624 | H37: =datos_base!$C$5*parametros_recargas!I$58+sobrestock_sustitutos!$B$54/12 -> 24.991642 | I37: =datos_base!$C$5*parametros_recargas!J$58+sobrestock_sustitutos!$B$54/12 -> 24.274686 | J37: =datos_base!$C$5*parametros_recargas!K$58+sobrestock_sustitutos!$B$54/12 -> 19.115137 | K37: =datos_base!$C$5*parametros_recargas!L$58+sobrestock_sustitutos!$B$54/12 -> 19.279574 | ... O37: =datos_base!$C$5*parametros_recargas!P$58+sobrestock_sustitutos!$B$54/12 -> 20.483468 | P37: =SUM(D37:O37) -> 244.72248
A38: =parametros_recargas!A59 -> Agua 10 l | B38: =parametros_recargas!B59 -> Agua | C38: =parametros_recargas!C59 -> 1 | D38: =datos_base!$C$6*parametros_recargas!E$59+sobrestock_sustitutos!$B$55/12 -> 24.099078 | E38: =datos_base!$C$6*parametros_recargas!F$59+sobrestock_sustitutos!$B$55/12 -> 24.099078 | F38: =datos_base!$C$6*parametros_recargas!G$59+sobrestock_sustitutos!$B$55/12 -> 29.70428 | G38: =datos_base!$C$6*parametros_recargas!H$59+sobrestock_sustitutos!$B$55/12 -> 35.613615 | H38: =datos_base!$C$6*parametros_recargas!I$59+sobrestock_sustitutos!$B$55/12 -> 35.835257 | I38: =datos_base!$C$6*parametros_recargas!J$59+sobrestock_sustitutos!$B$55/12 -> 34.79188 | J38: =datos_base!$C$6*parametros_recargas!K$59+sobrestock_sustitutos!$B$55/12 -> 28.311365 | K38: =datos_base!$C$6*parametros_recargas!L$59+sobrestock_sustitutos!$B$55/12 -> 28.364942 | ... O38: =datos_base!$C$6*parametros_recargas!P$59+sobrestock_sustitutos!$B$55/12 -> 30.164602 | P38: =SUM(D38:O38) -> 358.79105
A39: =parametros_recargas!A60 -> AFFF 10 l | B39: =parametros_recargas!B60 -> AFFF | C39: =parametros_recargas!C60 -> 1 | D39: =datos_base!$C$7*parametros_recargas!E$60+sobrestock_sustitutos!$B$56/12 -> 7.5377307 | E39: =datos_base!$C$7*parametros_recargas!F$60+sobrestock_sustitutos!$B$56/12 -> 7.5377307 | F39: =datos_base!$C$7*parametros_recargas!G$60+sobrestock_sustitutos!$B$56/12 -> 7.5377307 | G39: =datos_base!$C$7*parametros_recargas!H$60+sobrestock_sustitutos!$B$56/12 -> 7.5377307 | H39: =datos_base!$C$7*parametros_recargas!I$60+sobrestock_sustitutos!$B$56/12 -> 7.5377307 | I39: =datos_base!$C$7*parametros_recargas!J$60+sobrestock_sustitutos!$B$56/12 -> 7.5377307 | J39: =datos_base!$C$7*parametros_recargas!K$60+sobrestock_sustitutos!$B$56/12 -> 7.5377307 | K39: =datos_base!$C$7*parametros_recargas!L$60+sobrestock_sustitutos!$B$56/12 -> 7.5377307 | ... O39: =datos_base!$C$7*parametros_recargas!P$60+sobrestock_sustitutos!$B$56/12 -> 7.5377307 | P39: =SUM(D39:O39) -> 90.452768
A40: =parametros_recargas!A61 -> AFFF 50 l s/ruedas | B40: =parametros_recargas!B61 -> AFFF | C40: =parametros_recargas!C61 -> 6.3608539 | D40: =datos_base!$C$8*parametros_recargas!E$61+sobrestock_sustitutos!$B$57/12 -> 3.9290904 | E40: =datos_base!$C$8*parametros_recargas!F$61+sobrestock_sustitutos!$B$57/12 -> 3.9290904 | F40: =datos_base!$C$8*parametros_recargas!G$61+sobrestock_sustitutos!$B$57/12 -> 3.9290904 | G40: =datos_base!$C$8*parametros_recargas!H$61+sobrestock_sustitutos!$B$57/12 -> 3.9290904 | H40: =datos_base!$C$8*parametros_recargas!I$61+sobrestock_sustitutos!$B$57/12 -> 3.9290904 | I40: =datos_base!$C$8*parametros_recargas!J$61+sobrestock_sustitutos!$B$57/12 -> 3.9290904 | J40: =datos_base!$C$8*parametros_recargas!K$61+sobrestock_sustitutos!$B$57/12 -> 3.9290904 | K40: =datos_base!$C$8*parametros_recargas!L$61+sobrestock_sustitutos!$B$57/12 -> 3.9290904 | ... O40: =datos_base!$C$8*parametros_recargas!P$61+sobrestock_sustitutos!$B$57/12 -> 3.9290904 | P40: =SUM(D40:O40) -> 47.149085
