Workbook

Sheet Links
A1: Links e IMPORTRANGE
A2: Pegar en B el link de cada Google Sheet. La primera vez, tocar la primera celda de cada bloque y «Permitir acceso». Todos los IMPORTRANGE del libro están en esta hoja; las demás la leen.
A3: Archivo | B3: Link | G3: Qué se importa | M3: Estado
A4: Proyecciones | B4: https://docs.google.com/spreadsheets/d/1xc4xDAwSYT3l-RulPYtcePxiCninrbQGzaBUsgO0YEs/edit?gid=1764491891#gid=1764491891 | G4: Indexado Dim Técnico B3:K10 y B15:K22 → datos_base y carros en las guillotinas compartidas | M4: =IF(ISERROR(B13),"Falta el link o «Permitir acceso»","OK") -> OK
A5: Aprovechamiento Recargas Planta Comercial | B5: PEGAR ACÁ EL LINK DEL GOOGLE SHEET | G5: sobrestock_sustitutos B73:K76 y B86:K89: alta de sustitutos ABC (cilindros vacíos) | M5: =IF(ISERROR(B34),"Falta el link o «Permitir acceso»","OK") -> OK
A6: Aprovechamiento Recargas Planta Industrial | B6: PEGAR ACÁ EL LINK DEL GOOGLE SHEET | G6: sobrestock_sustitutos B73:K76 y B86:K89: alta de sustitutos ABC (terminados) | M6: =IF(ISERROR(B27),"Falta el link o «Permitir acceso»","OK") -> OK
A7: MRP (FLAMA_MRP) | B7: PEGAR ACÁ EL LINK DEL GOOGLE SHEET | G7: ESTACIONALIDAD C4:N6 (E01, E02 y E03) → parametros_manuales | M7: =IF(ISERROR(B41),"Falta el link o «Permitir acceso»","OK") -> OK
A8: Análisis alternativas corte chapa | B8: PEGAR ACÁ EL LINK DEL GOOGLE SHEET | G8: Corte B19:G27 (piezas y golpes por hoja; golpes por minuto) → parametros_manuales filas 118 a 137 | M8: =IF(ISERROR(B49),"Falta el link o «Permitir acceso»","OK") -> OK
A11: Proyecciones · Indexado Dim Técnico!B3:K6: matafuegos terminados
B12: 2026 | C12: 2027 | D12: 2028 | E12: 2029 | F12: 2030 | G12: 2031 | H12: 2032 | I12: 2033 | J12: 2034 | K12: 2035
A13: ABC 1 kg | B13: =IFERROR(__xludf.DUMMYFUNCTION("IMPORTRANGE(Links!$B$4,""Indexado Dim Técnico!B3:K6"")"),4178.736543) -> 4178.7365
A14: ABC 2,5 kg
A15: ABC 5 kg
A16: ABC 10 kg
A18: Proyecciones · Indexado Dim Técnico!B15:K18: cilindros vendidos vacíos
B19: 2026 | C19: 2027 | D19: 2028 | E19: 2029 | F19: 2030 | G19: 2031 | H19: 2032 | I19: 2033 | J19: 2034 | K19: 2035
A20: ABC 1 kg | B20: =IFERROR(__xludf.DUMMYFUNCTION("IMPORTRANGE(Links!$B$4,""Indexado Dim Técnico!B15:K18"")"),0) -> 0
A21: ABC 2,5 kg
A22: ABC 5 kg
A23: ABC 10 kg
A25: Aprovechamiento Recargas Planta Industrial · sobrestock_sustitutos!B73:K76: alta de sustitutos ABC terminados
B26: 2026 | C26: 2027 | D26: 2028 | E26: 2029 | F26: 2030 | G26: 2031 | H26: 2032 | I26: 2033 | J26: 2034 | K26: 2035
A27: ABC 1 kg | B27: =IFERROR(__xludf.DUMMYFUNCTION("IMPORTRANGE(Links!$B$6,""sobrestock_sustitutos!B73:K76"")"),0) -> 0
A28: ABC 2,5 kg
A29: ABC 5 kg
A30: ABC 10 kg
A32: Aprovechamiento Recargas Planta Comercial · sobrestock_sustitutos!B73:K76: alta de sustitutos ABC cilindros vacíos
B33: 2026 | C33: 2027 | D33: 2028 | E33: 2029 | F33: 2030 | G33: 2031 | H33: 2032 | I33: 2033 | J33: 2034 | K33: 2035
A34: ABC 1 kg | B34: =IFERROR(__xludf.DUMMYFUNCTION("IMPORTRANGE(Links!$B$5,""sobrestock_sustitutos!B73:K76"")"),0) -> 0
A35: ABC 2,5 kg
A36: ABC 5 kg
A37: ABC 10 kg
A39: MRP (FLAMA_MRP) · ESTACIONALIDAD!C4:N4: E01 automotor (1 kg)
B40: Ene | C40: Feb | D40: Mar | E40: Abr | F40: May | G40: Jun | H40: Jul | I40: Ago | J40: Sep | K40: Oct | L40: Nov | M40: Dic
A41: E01 automotor (1 kg) | B41: =IFERROR(__xludf.DUMMYFUNCTION("IMPORTRANGE(Links!$B$7,""ESTACIONALIDAD!C4:N4"")"),0.12) -> 0.12
A43: MRP (FLAMA_MRP) · ESTACIONALIDAD!C5:N5: E02 manual comercial (2,5 a 10 kg)
B44: Ene | C44: Feb | D44: Mar | E44: Abr | F44: May | G44: Jun | H44: Jul | I44: Ago | J44: Sep | K44: Oct | L44: Nov | M44: Dic
A45: E02 manual comercial (2,5 a 10 kg) | B45: =IFERROR(__xludf.DUMMYFUNCTION("IMPORTRANGE(Links!$B$7,""ESTACIONALIDAD!C5:N5"")"),0.1) -> 0.1
A47: Análisis alternativas corte chapa · Corte!B19:G22: piezas, golpes y tandas por hoja y golpes por minuto (1 a 10 kg)
B48: Piezas por hoja | C48: Golpes G1 por hoja | D48: Golpes G2 por hoja | E48: Tandas G2 por hoja | F48: Golpes/min G1 | G48: Golpes/min G2
A49: ABC 1 kg | B49: =IFERROR(__xludf.DUMMYFUNCTION("IMPORTRANGE(Links!$B$8,""Corte!B19:G22"")"),45) -> 45
A50: ABC 2,5 kg
A51: ABC 5 kg
A52: ABC 10 kg
A54: Análisis alternativas corte chapa · Corte!B23:G27: piezas y golpes por hoja (25 a 100 kg y hoja mixta)
B55: Piezas por hoja | C55: Golpes G1 por hoja | D55: Golpes G2 por hoja | E55: Tandas G2 por hoja | F55: Golpes/min G1 | G55: Golpes/min G2
A56: 25 kg | B56: =IFERROR(__xludf.DUMMYFUNCTION("IMPORTRANGE(Links!$B$8,""Corte!B23:G27"")"),7.11198427852906) -> 7.1119843
A57: 50 kg
A58: 70 kg
A59: 100 kg
A60: Hoja mixta 70 + 100 kg
A62: Proyecciones · Indexado Dim Técnico!B7:K10: carros terminados
B63: 2026 | C63: 2027 | D63: 2028 | E63: 2029 | F63: 2030 | G63: 2031 | H63: 2032 | I63: 2033 | J63: 2034 | K63: 2035
A64: 25 kg | B64: =IFERROR(__xludf.DUMMYFUNCTION("IMPORTRANGE(Links!$B$4,""Indexado Dim Técnico!B7:K10"")"),34.05179136) -> 34.051791
A65: 50 kg
A66: 70 kg
A67: 100 kg
A69: Proyecciones · Indexado Dim Técnico!B19:K22: cilindros de carros vacíos
B70: 2026 | C70: 2027 | D70: 2028 | E70: 2029 | F70: 2030 | G70: 2031 | H70: 2032 | I70: 2033 | J70: 2034 | K70: 2035
A71: 25 kg | B71: =IFERROR(__xludf.DUMMYFUNCTION("IMPORTRANGE(Links!$B$4,""Indexado Dim Técnico!B19:K22"")"),0) -> 0
A72: 50 kg
A73: 70 kg
A74: 100 kg
A76: Aprovechamiento Recargas Planta Industrial · sobrestock_sustitutos!B86:K89: alta de sustitutos ABC terminados (carros)
B77: 2026 | C77: 2027 | D77: 2028 | E77: 2029 | F77: 2030 | G77: 2031 | H77: 2032 | I77: 2033 | J77: 2034 | K77: 2035
A78: 25 kg | B78: =IFERROR(__xludf.DUMMYFUNCTION("IMPORTRANGE(Links!$B$6,""sobrestock_sustitutos!B86:K89"")"),1) -> 1
A79: 50 kg
A80: 70 kg
A81: 100 kg
A83: Aprovechamiento Recargas Planta Comercial · sobrestock_sustitutos!B86:K89: alta de sustitutos ABC cilindros (carros)
B84: 2026 | C84: 2027 | D84: 2028 | E84: 2029 | F84: 2030 | G84: 2031 | H84: 2032 | I84: 2033 | J84: 2034 | K84: 2035
A85: 25 kg | B85: =IFERROR(__xludf.DUMMYFUNCTION("IMPORTRANGE(Links!$B$5,""sobrestock_sustitutos!B86:K89"")"),1) -> 1
A86: 50 kg
A87: 70 kg
A88: 100 kg
A90: MRP (FLAMA_MRP) · ESTACIONALIDAD!C6:N6: E03 rodantes (25 a 100 kg)
B91: Ene | C91: Feb | D91: Mar | E91: Abr | F91: May | G91: Jun | H91: Jul | I91: Ago | J91: Sep | K91: Oct | L91: Nov | M91: Dic
A92: E03 rodantes (25 a 100 kg) | B92: =IFERROR(__xludf.DUMMYFUNCTION("IMPORTRANGE(Links!$B$7,""ESTACIONALIDAD!C6:N6"")"),0.085) -> 0.085

Sheet datos_base
A1: Matafuegos terminados (total para el cálculo = base + planta industrial) | B1: 2026 | C1: 2027 | D1: 2028 | E1: 2029 | F1: 2030 | G1: 2031 | H1: 2032 | I1: 2033 | J1: 2034 | K1: 2035
A2: ABC 1 kg | B2: =B19+B33 -> 4178.7365 | C2: =C19+C33 -> 5997.304 | D2: =D19+D33 -> 6851.7478 | E2: =E19+E33 -> 8467.1355 | F2: =F19+F33 -> 12680.633 | G2: =G19+G33 -> 15620.253 | H2: =H19+H33 -> 20332.553 | I2: =I19+I33 -> 25132.078 | ... K2: =K19+K33 -> 32072.639
A3: ABC 2,5 kg | B3: =B20+B34 -> 297.03036 | C3: =C20+C34 -> 714.88745 | D3: =D20+D34 -> 994.42806 | E3: =E20+E34 -> 1513.7582 | F3: =F20+F34 -> 2325.7077 | G3: =G20+G34 -> 3267.8299 | H3: =H20+H34 -> 4116.2355 | I3: =I20+I34 -> 5115.0266 | ... K3: =K20+K34 -> 7436.4584
A4: ABC 5 kg | B4: =B21+B35 -> 2264.773 | C4: =C21+C35 -> 3874.6989 | D4: =D21+D35 -> 5141.4176 | E4: =E21+E35 -> 6901.5953 | F4: =F21+F35 -> 10899.547 | G4: =G21+G35 -> 14695.644 | H4: =H21+H35 -> 18955.2 | I4: =I21+I35 -> 23433.946 | ... K4: =K21+K35 -> 30814.979
A5: ABC 10 kg | B5: =B22+B36 -> 92.833182 | C5: =C22+C36 -> 179.3273 | D5: =D22+D36 -> 256.21878 | E5: =E22+E36 -> 362.50049 | F5: =F22+F36 -> 607.51815 | G5: =G22+G36 -> 878.72503 | H5: =H22+H36 -> 1131.6805 | I5: =I22+I36 -> 1399.2048 | ... K5: =K22+K36 -> 1844.9281
A6: Total terminados | B6: =SUM(B2:B5) -> 6833.3731 | C6: =SUM(C2:C5) -> 10766.218 | D6: =SUM(D2:D5) -> 13243.812 | E6: =SUM(E2:E5) -> 17244.99 | F6: =SUM(F2:F5) -> 26513.406 | G6: =SUM(G2:G5) -> 34462.452 | H6: =SUM(H2:H5) -> 44535.669 | I6: =SUM(I2:I5) -> 55080.256 | ... K6: =SUM(K2:K5) -> 72169.004
A8: Cilindros vendidos vacíos (total para el cálculo = base + planta comercial) | B8: 2026 | C8: 2027 | D8: 2028 | E8: 2029 | F8: 2030 | G8: 2031 | H8: 2032 | I8: 2033 | J8: 2034 | K8: 2035
A9: Cilindros ABC 1 kg | B9: =B26+B41 -> 0 | C9: =C26+C41 -> 0 | D9: =D26+D41 -> 7662.4 | E9: =E26+E41 -> 26694.8 | F9: =F26+F41 -> 49434.8 | G9: =G26+G41 -> 71680.2 | H9: =H26+H41 -> 101340.6 | I9: =I26+I41 -> 131001 | ... K9: =K26+K41 -> 170548
A10: Cilindros ABC 2,5 kg | B10: =B27+B42 -> 3 | C10: =C27+C42 -> 9.24 | D10: =D27+D42 -> 315.56 | E10: =E27+E42 -> 1067.96 | F10: =F27+F42 -> 1958.92 | G10: =G27+G42 -> 2831.68 | H10: =H27+H42 -> 3989.52 | I10: =I27+I42 -> 5144.04 | ... K10: =K27+K42 -> 6689.88
A11: Cilindros ABC 5 kg | B11: =B28+B43 -> 17 | C11: =C28+C43 -> 53.36 | D11: =D28+D43 -> 1570.32 | E11: =E28+E43 -> 5302.4 | F11: =F28+F43 -> 9693.24 | G11: =G28+G43 -> 14005.96 | H11: =H28+H43 -> 19709.4 | I11: =I28+I43 -> 25408.28 | ... K11: =K28+K43 -> 33037.68
A12: Cilindros ABC 10 kg | B12: =B29+B44 -> 2 | C12: =C29+C44 -> 3.16 | D12: =D29+D44 -> 95.8 | E12: =E29+E44 -> 324.8 | F12: =F29+F44 -> 592.92 | G12: =G29+G44 -> 856.96 | H12: =H29+H44 -> 1204.28 | I12: =I29+I44 -> 1552.36 | ... K12: =K29+K44 -> 2018
A13: Total cilindros | B13: =SUM(B9:B12) -> 22 | C13: =SUM(C9:C12) -> 65.76 | D13: =SUM(D9:D12) -> 9644.08 | E13: =SUM(E9:E12) -> 33389.96 | F13: =SUM(F9:F12) -> 61679.88 | G13: =SUM(G9:G12) -> 89374.8 | H13: =SUM(H9:H12) -> 126243.8 | I13: =SUM(I9:I12) -> 163105.68 | ... K13: =SUM(K9:K12) -> 212293.56
A15: Total recipientes a fabricar | B15: =B6+B13 -> 6855.3731 | C15: =C6+C13 -> 10831.978 | D15: =D6+D13 -> 22887.892 | E15: =E6+E13 -> 50634.95 | F15: =F6+F13 -> 88193.286 | G15: =G6+G13 -> 123837.25 | H15: =H6+H13 -> 170779.47 | I15: =I6+I13 -> 218185.94 | ... K15: =K6+K13 -> 284462.56
A18: PROYECCIONES — Matafuegos terminados (Indexado Dim Técnico B3:K6, hoja Links) | B18: 2026 | C18: 2027 | D18: 2028 | E18: 2029 | F18: 2030 | G18: 2031 | H18: 2032 | I18: 2033 | J18: 2034 | K18: 2035
A19: ABC 1 kg | B19: =Links!B13 -> 4178.7365 | C19: =Links!C13 -> 5997.304 | D19: =Links!D13 -> 6851.7478 | E19: =Links!E13 -> 8467.1355 | F19: =Links!F13 -> 12680.633 | G19: =Links!G13 -> 15620.253 | H19: =Links!H13 -> 20332.553 | I19: =Links!I13 -> 25132.078 | ... K19: =Links!K13 -> 32072.639
A20: ABC 2,5 kg | B20: =Links!B14 -> 295.03036 | C20: =Links!C14 -> 709.72745 | D20: =Links!D14 -> 986.86806 | E20: =Links!E14 -> 1500.6382 | F20: =Links!F14 -> 2312.6277 | G20: =Links!G14 -> 3252.8699 | H20: =Links!H14 -> 4102.3155 | I20: =Links!I14 -> 5104.3066 | ... K20: =Links!K14 -> 7424.8584
A21: ABC 5 kg | B21: =Links!B15 -> 2255.773 | C21: =Links!C15 -> 3846.9789 | D21: =Links!D15 -> 5093.5376 | E21: =Links!E15 -> 6823.1153 | F21: =Links!F15 -> 10819.307 | G21: =Links!G15 -> 14605.964 | H21: =Links!H15 -> 18877.76 | I21: =Links!I15 -> 23368.186 | ... K21: =Links!K15 -> 30750.779
A22: ABC 10 kg | B22: =Links!B16 -> 91.833182 | C22: =Links!C16 -> 177.2473 | D22: =Links!D16 -> 252.97878 | E22: =Links!E16 -> 358.02049 | F22: =Links!F16 -> 602.71815 | G22: =Links!G16 -> 872.60503 | H22: =Links!H16 -> 1127.1605 | I22: =Links!I16 -> 1395.4448 | ... K22: =Links!K16 -> 1840.8481
A23: Total base terminados | B23: =SUM(B19:B22) -> 6821.3731 | C23: =SUM(C19:C22) -> 10731.258 | D23: =SUM(D19:D22) -> 13185.132 | E23: =SUM(E19:E22) -> 17148.91 | F23: =SUM(F19:F22) -> 26415.286 | G23: =SUM(G19:G22) -> 34351.692 | H23: =SUM(H19:H22) -> 44439.789 | I23: =SUM(I19:I22) -> 55000.016 | ... K23: =SUM(K19:K22) -> 72089.124
A25: PROYECCIONES — Cilindros vendidos vacíos (Indexado Dim Técnico B15:K18, hoja Links) | B25: 2026 | C25: 2027 | D25: 2028 | E25: 2029 | F25: 2030 | G25: 2031 | H25: 2032 | I25: 2033 | J25: 2034 | K25: 2035
A26: Cilindros ABC 1 kg | B26: =Links!B20 -> 0 | C26: =Links!C20 -> 0 | D26: =Links!D20 -> 7662.4 | E26: =Links!E20 -> 26694.8 | F26: =Links!F20 -> 49434.8 | G26: =Links!G20 -> 71680.2 | H26: =Links!H20 -> 101340.6 | I26: =Links!I20 -> 131001 | ... K26: =Links!K20 -> 170548
A27: Cilindros ABC 2,5 kg | B27: =Links!B21 -> 0 | C27: =Links!C21 -> 0 | D27: =Links!D21 -> 299.6 | E27: =Links!E21 -> 1043.8 | F27: =Links!F21 -> 1933 | G27: =Links!G21 -> 2803 | H27: =Links!H21 -> 3963 | I27: =Links!I21 -> 5123 | ... K27: =Links!K21 -> 6669
A28: Cilindros ABC 5 kg | B28: =Links!B22 -> 0 | C28: =Links!C22 -> 0 | D28: =Links!D22 -> 1478.8 | E28: =Links!E22 -> 5152 | F28: =Links!F22 -> 9540.8 | G28: =Links!G22 -> 13834.2 | H28: =Links!H22 -> 19558.6 | I28: =Links!I22 -> 25283 | ... K28: =Links!K22 -> 32915
A29: Cilindros ABC 10 kg | B29: =Links!B23 -> 0 | C29: =Links!C23 -> 0 | D29: =Links!D23 -> 90.4 | E29: =Links!E23 -> 315 | F29: =Links!F23 -> 583.4 | G29: =Links!G23 -> 845.8 | H29: =Links!H23 -> 1195.4 | I29: =Links!I23 -> 1545 | ... K29: =Links!K23 -> 2011
A30: Total base cilindros | B30: =SUM(B26:B29) -> 0 | C30: =SUM(C26:C29) -> 0 | D30: =SUM(D26:D29) -> 9531.2 | E30: =SUM(E26:E29) -> 33205.6 | F30: =SUM(F26:F29) -> 61492 | G30: =SUM(G26:G29) -> 89163.2 | H30: =SUM(H26:H29) -> 126057.6 | I30: =SUM(I26:I29) -> 162952 | ... K30: =SUM(K26:K29) -> 212143
A32: PLANTA INDUSTRIAL — Sustitutos ABC terminados: alta anual (sobrestock_sustitutos, paso 4) | B32: 2026 | C32: 2027 | D32: 2028 | E32: 2029 | F32: 2030 | G32: 2031 | H32: 2032 | I32: 2033 | J32: 2034 | K32: 2035
A33: ABC 1 kg | B33: =IFERROR(Links!B27,0) -> 0 | C33: =IFERROR(Links!C27,0) -> 0 | D33: =IFERROR(Links!D27,0) -> 0 | E33: =IFERROR(Links!E27,0) -> 0 | F33: =IFERROR(Links!F27,0) -> 0 | G33: =IFERROR(Links!G27,0) -> 0 | H33: =IFERROR(Links!H27,0) -> 0 | I33: =IFERROR(Links!I27,0) -> 0 | ... K33: =IFERROR(Links!K27,0) -> 0
A34: ABC 2,5 kg | B34: =IFERROR(Links!B28,0) -> 2 | C34: =IFERROR(Links!C28,0) -> 5.16 | D34: =IFERROR(Links!D28,0) -> 7.56 | E34: =IFERROR(Links!E28,0) -> 13.12 | F34: =IFERROR(Links!F28,0) -> 13.08 | G34: =IFERROR(Links!G28,0) -> 14.96 | H34: =IFERROR(Links!H28,0) -> 13.92 | I34: =IFERROR(Links!I28,0) -> 10.72 | ... K34: =IFERROR(Links!K28,0) -> 11.6
A35: ABC 5 kg | B35: =IFERROR(Links!B29,0) -> 9 | C35: =IFERROR(Links!C29,0) -> 27.72 | D35: =IFERROR(Links!D29,0) -> 47.88 | E35: =IFERROR(Links!E29,0) -> 78.48 | F35: =IFERROR(Links!F29,0) -> 80.24 | G35: =IFERROR(Links!G29,0) -> 89.68 | H35: =IFERROR(Links!H29,0) -> 77.44 | I35: =IFERROR(Links!I29,0) -> 65.76 | ... K35: =IFERROR(Links!K29,0) -> 64.2
A36: ABC 10 kg | B36: =IFERROR(Links!B30,0) -> 1 | C36: =IFERROR(Links!C30,0) -> 2.08 | D36: =IFERROR(Links!D30,0) -> 3.24 | E36: =IFERROR(Links!E30,0) -> 4.48 | F36: =IFERROR(Links!F30,0) -> 4.8 | G36: =IFERROR(Links!G30,0) -> 6.12 | H36: =IFERROR(Links!H30,0) -> 4.52 | I36: =IFERROR(Links!I30,0) -> 3.76 | ... K36: =IFERROR(Links!K30,0) -> 4.08
A37: Total sustitutos planta industrial | B37: =SUM(B33:B36) -> 12 | C37: =SUM(C33:C36) -> 34.96 | D37: =SUM(D33:D36) -> 58.68 | E37: =SUM(E33:E36) -> 96.08 | F37: =SUM(F33:F36) -> 98.12 | G37: =SUM(G33:G36) -> 110.76 | H37: =SUM(H33:H36) -> 95.88 | I37: =SUM(I33:I36) -> 80.24 | ... K37: =SUM(K33:K36) -> 79.88
A40: PLANTA COMERCIAL — Sustitutos ABC cilindros vacíos: alta anual (sobrestock_sustitutos, paso 4) | B40: 2026 | C40: 2027 | D40: 2028 | E40: 2029 | F40: 2030 | G40: 2031 | H40: 2032 | I40: 2033 | J40: 2034 | K40: 2035
A41: ABC 1 kg | B41: =IFERROR(Links!B34,0) -> 0 | C41: =IFERROR(Links!C34,0) -> 0 | D41: =IFERROR(Links!D34,0) -> 0 | E41: =IFERROR(Links!E34,0) -> 0 | F41: =IFERROR(Links!F34,0) -> 0 | G41: =IFERROR(Links!G34,0) -> 0 | H41: =IFERROR(Links!H34,0) -> 0 | I41: =IFERROR(Links!I34,0) -> 0 | ... K41: =IFERROR(Links!K34,0) -> 0
A42: ABC 2,5 kg | B42: =IFERROR(Links!B35,0) -> 3 | C42: =IFERROR(Links!C35,0) -> 9.24 | D42: =IFERROR(Links!D35,0) -> 15.96 | E42: =IFERROR(Links!E35,0) -> 24.16 | F42: =IFERROR(Links!F35,0) -> 25.92 | G42: =IFERROR(Links!G35,0) -> 28.68 | H42: =IFERROR(Links!H35,0) -> 26.52 | I42: =IFERROR(Links!I35,0) -> 21.04 | ... K42: =IFERROR(Links!K35,0) -> 20.88
A43: ABC 5 kg | B43: =IFERROR(Links!B36,0) -> 17 | C43: =IFERROR(Links!C36,0) -> 53.36 | D43: =IFERROR(Links!D36,0) -> 91.52 | E43: =IFERROR(Links!E36,0) -> 150.4 | F43: =IFERROR(Links!F36,0) -> 152.44 | G43: =IFERROR(Links!G36,0) -> 171.76 | H43: =IFERROR(Links!H36,0) -> 150.8 | I43: =IFERROR(Links!I36,0) -> 125.28 | ... K43: =IFERROR(Links!K36,0) -> 122.68
A44: ABC 10 kg | B44: =IFERROR(Links!B37,0) -> 2 | C44: =IFERROR(Links!C37,0) -> 3.16 | D44: =IFERROR(Links!D37,0) -> 5.4 | E44: =IFERROR(Links!E37,0) -> 9.8 | F44: =IFERROR(Links!F37,0) -> 9.52 | G44: =IFERROR(Links!G37,0) -> 11.16 | H44: =IFERROR(Links!H37,0) -> 8.88 | I44: =IFERROR(Links!I37,0) -> 7.36 | ... K44: =IFERROR(Links!K37,0) -> 7
A45: Total sustitutos planta comercial | B45: =SUM(B41:B44) -> 22 | C45: =SUM(C41:C44) -> 65.76 | D45: =SUM(D41:D44) -> 112.88 | E45: =SUM(E41:E44) -> 184.36 | F45: =SUM(F41:F44) -> 187.88 | G45: =SUM(G41:G44) -> 211.6 | H45: =SUM(H41:H44) -> 186.2 | I45: =SUM(I41:I44) -> 153.68 | ... K45: =SUM(K41:K44) -> 150.56
A47: A la línea de manuales entran solo los ABC de 1 a 10 kg; los demás tipos se compran.

Sheet parametros_manuales
A1: Parámetro | B1: Valor | C1: Nota
A2: Días hábiles por mes | B2: 20 | C2: Excel original, Parametros B37
A3: Horas por día (1 turno) | B3: 8 | C3: Excel original, Parametros D37
A4: Refrigerio (min/turno) | B4: 30 | C4: Excel original, Parametros H37
A5: Horas productivas por turno | B5: =B3-B4/60 -> 7.5 | C5: Horas/día − refrigerio
A6: Turnos por día | B6: 1 | C6: Un solo turno (editable)
A7: Horas productivas por mes | B7: =B2*B5*B6 -> 150 | C7: Días × horas productivas × turnos
A8: Umbral de aprovechamiento | B8: 0.9 | C8: Límite duro (análisis de riesgos) · Word de recargas § 8
A9: Año de inicio del 2° turno (antes: más máquinas) | B9: 2032 | C9: Todos los turnos entran ese año · Word de recargas § 8
A10: ESTACIONALIDAD (% de la demanda anual por mes; MRP, hoja Links)
A11: Modelo | B11: Ene | C11: Feb | D11: Mar | E11: Abr | F11: May | G11: Jun | H11: Jul | I11: Ago | J11: Sep | K11: Oct | L11: Nov | M11: Dic | N11: Total
A12: 1 kg | B12: =Links!B41 -> 0.12 | C12: =Links!C41 -> 0.09 | D12: =Links!D41 -> 0.08 | E12: =Links!E41 -> 0.075 | F12: =Links!F41 -> 0.07 | G12: =Links!G41 -> 0.07 | H12: =Links!H41 -> 0.075 | I12: =Links!I41 -> 0.075 | ... M12: =Links!M41 -> 0.12 | N12: =SUM(B12:M12) -> 1 | O12: MRP, ESTACIONALIDAD E01 automotor (1 kg) (hoja Links)
A13: 2,5 kg | B13: =Links!B45 -> 0.1 | C13: =Links!C45 -> 0.08 | D13: =Links!D45 -> 0.085 | E13: =Links!E45 -> 0.085 | F13: =Links!F45 -> 0.08 | G13: =Links!G45 -> 0.075 | H13: =Links!H45 -> 0.08 | I13: =Links!I45 -> 0.08 | ... M13: =Links!M45 -> 0.11 | N13: =SUM(B13:M13) -> 1 | O13: MRP, ESTACIONALIDAD E02 manual comercial (2,5 a 10 kg) (hoja Links)
A14: 5 kg | B14: =Links!B45 -> 0.1 | C14: =Links!C45 -> 0.08 | D14: =Links!D45 -> 0.085 | E14: =Links!E45 -> 0.085 | F14: =Links!F45 -> 0.08 | G14: =Links!G45 -> 0.075 | H14: =Links!H45 -> 0.08 | I14: =Links!I45 -> 0.08 | ... M14: =Links!M45 -> 0.11 | N14: =SUM(B14:M14) -> 1 | O14: MRP, ESTACIONALIDAD E02 manual comercial (2,5 a 10 kg) (hoja Links)
A15: 10 kg | B15: =Links!B45 -> 0.1 | C15: =Links!C45 -> 0.08 | D15: =Links!D45 -> 0.085 | E15: =Links!E45 -> 0.085 | F15: =Links!F45 -> 0.08 | G15: =Links!G45 -> 0.075 | H15: =Links!H45 -> 0.08 | I15: =Links!I45 -> 0.08 | ... M15: =Links!M45 -> 0.11 | N15: =SUM(B15:M15) -> 1 | O15: MRP, ESTACIONALIDAD E02 manual comercial (2,5 a 10 kg) (hoja Links)
A17: CAPACIDAD POR PUESTO
A18: N° | B18: Puesto | C18: Máquina | D18: 1 kg | E18: 2,5 kg | F18: 5 kg | G18: 10 kg | H18: Alcance | I18: Piezas por unidad | J18: % que pasa | K18: Tiempo tipo (s/u) | L18: Disponibilidad | M18: Cap. real (u/h) | N18: Cap. real (u/mes) | O18: SUPOSICIONES
A19: 1 | B19: Recepción de materia prima | C19: Autoelevador Heli CPCD50 + micrómetro | D19: 1 | E19: 1 | F19: 1 | G19: 1 | H19: Todos | I19: 1 | J19: 1 | K19: 60 | L19: =F52 -> 1 | M19: =IF(K19>0,3600/K19*L19,0) -> 60 | N19: =M19*$B$7 -> 9000 | O19: 25 min x pallet de 20 hojas en carros (1,25 min x hoja)
A20: 2 | B20: Corte de chapa — 1.er corte en franjas (guillotina 1, manuales + carros) | C20: Guillotina hidráulica Ermaksan CNC HGS 2600-6 (tope 1.000 mm), compartida con carros | D20: 1 | E20: 1 | F20: 1 | G20: 1 | H20: Todos | I20: 1 | J20: 1 | K20: =$H$128 -> 6.5815524 | L20: =F53 -> 0.97422222 | M20: =IF(K20>0,3600/K20*L20,0) -> 532.88339 | N20: =M20*$B$7 -> 79932.509 | O20: (Golpes G1 × min por corte + parte de la manipulación por hoja) ÷ piezas; promedio ponderado (fila 128). La carga de carros se suma en Demanda puesto (filas 148 a 157)
A21: 3 | B21: Corte de chapa — 2.º corte en piezas (guillotina 2, manuales + carros) | C21: Guillotina hidráulica QC12Y 6 × 2500 (tope 800 mm), compartida con carros | D21: 1 | E21: 1 | F21: 1 | G21: 1 | H21: Todos | I21: 1 | J21: 1 | K21: =$I$128 -> 4.8793839 | L21: =F54 -> 0.99333333 | M21: =IF(K21>0,3600/K21*L21,0) -> 732.87941 | N21: =M21*$B$7 -> 109931.91 | O21: (Golpes G2 × min por corte + resto de la manipulación) ÷ piezas; promedio ponderado (fila 128). La carga de carros se suma en Demanda puesto (filas 160 a 169)
A22: 4 | B22: Corte de disco y embutido (cúpula y fondo) | C22: Prensa embutidora Sangiacomo + alimentador Cena PRE-1 | D22: 1 | E22: 1 | F22: 1 | G22: 1 | H22: Todos | I22: 2 | J22: 1 | K22: 8 | L22: =F55 -> 0.68 | M22: =IF(K22>0,3600/K22*L22,0) -> 306 | N22: =M22*$B$7 -> 45900 | O22: Son 10c segundos contemplando cupula y fondo
A23: 5 | B23: Preparación de cuello | C23: Prensa de banco Pannier MarkFirst MB-21 | D23: 1 | E23: 1 | F23: 1 | G23: 1 | H23: Todos | I23: 1 | J23: 1 | K23: 60 | L23: =F56 -> 1 | M23: =IF(K23>0,3600/K23*L23,0) -> 60 | N23: =M23*$B$7 -> 9000
A24: 6 | B24: Numerado de cúpula | C24: Micropercusión Pannier ADP120160D Deep Marker | D24: 1 | E24: 1 | F24: 1 | G24: 1 | H24: Todos | I24: 1 | J24: 1 | K24: 20 | L24: =F57 -> 1 | M24: =IF(K24>0,3600/K24*L24,0) -> 180 | N24: =M24*$B$7 -> 27000
A25: 7 | B25: Soldadura del cuello a la cúpula | C25: Firesafer FS-HFM1 (versión manual) | D25: 1 | E25: 1 | F25: 1 | G25: 1 | H25: Todos | I25: 1 | J25: 1 | K25: 25 | L25: =F58 -> 0.97333333 | M25: =IF(K25>0,3600/K25*L25,0) -> 140.16 | N25: =M25*$B$7 -> 21024
A26: 8 | B26: Cilindrado | C26: Cilindradora Firesafer × 2 (cotización FS202609FFCLM01, ítem 8), moldes de 1 a 10 kg | D26: 1 | E26: 1 | F26: 1 | G26: 1 | H26: Todos | I26: 1 | J26: 1 | K26: 15 | L26: =F59 -> 0.98666667 | M26: =IF(K26>0,3600/K26*L26,0) -> 236.8 | N26: =M26*$B$7 -> 35520 | O26: Cotización Firesafer: 4 a 10 piezas/min; se toma 4 (15 s). Son 2 máquinas (ítem 8 × 2, CNY 58.500 c/u) más moldes de CNY 8.000 por tamaño; en los resúmenes queda 1 máquina
A27: 9 | B27: Soldadura longitudinal — 2,5 a 10 kg | C27: Soldadora longitudinal Firesafer | D27: 0 | E27: 1 | F27: 1 | G27: 1 | H27: Todos | I27: 1 | J27: 1 | K27: 115 | L27: =F60 -> 0.98666667 | M27: =IF(K27>0,3600/K27*L27,0) -> 30.886957 | N27: =M27*$B$7 -> 4633.0435
A28: 10 | B28: Soldadura longitudinal TIG — 1 kg | C28: Soldadora longitudinal Firesafer + fuente TIG (cotización FS202609FFCLM01, ítems 13 y 14) | D28: 1 | E28: 0 | F28: 0 | G28: 0 | H28: Todos | I28: 1 | J28: 1 | K28: 30 | L28: =F61 -> 1 | M28: =IF(K28>0,3600/K28*L28,0) -> 120 | N28: =M28*$B$7 -> 18000 | O28: Cotización Firesafer: 2 a 4 piezas/min; se toma 2 (30 s). Puesto exclusivo del 1 kg (Ø76,2 × 0,90 × 263,5 mm), CNY 58.500 + CNY 11.000 de la fuente TIG
A29: 11 | B29: Encastre de fondo | C29: Prensa hidráulica motorizada Del Fabro 30 t | D29: 1 | E29: 1 | F29: 1 | G29: 1 | H29: Todos | I29: 1 | J29: 1 | K29: 30 | L29: =F62 -> 0.98222222 | M29: =IF(K29>0,3600/K29*L29,0) -> 117.86667 | N29: =M29*$B$7 -> 17680
A30: 12 | B30: Bordoneado | C30: Bordoneadora motorizada Pilman SWM-400 | D30: 1 | E30: 1 | F30: 1 | G30: 1 | H30: Todos | I30: 1 | J30: 1 | K30: 20 | L30: =F63 -> 0.98222222 | M30: =IF(K30>0,3600/K30*L30,0) -> 176.8 | N30: =M30*$B$7 -> 26520
A31: 13 | B31: Soldadura circunferencial de cúpula y fondo | C31: Soldadora circunferencial Firesafer | D31: 1 | E31: 1 | F31: 1 | G31: 1 | H31: Todos | I31: 1 | J31: 1 | K31: 60 | L31: =F64 -> 0.98222222 | M31: =IF(K31>0,3600/K31*L31,0) -> 58.933333 | N31: =M31*$B$7 -> 8840
A32: 14 | B32: Control de calidad — Espesor | C32: Medidor de espesores Melisam MR017 | D32: 1 | E32: 1 | F32: 1 | G32: 1 | H32: Todos | I32: 1 | J32: 0.02 | K32: 120 | L32: =F65 -> 1 | M32: =IF(K32>0,3600/K32*L32,0) -> 30 | N32: =M32*$B$7 -> 4500
A33: 15 | B33: Prueba hidráulica | C33: Banco Firesafer FS-JD12A | D33: 1 | E33: 1 | F33: 1 | G33: 1 | H33: Todos | I33: 1 | J33: 1 | K33: 60 | L33: =F66 -> 0.98222222 | M33: =IF(K33>0,3600/K33*L33,0) -> 58.933333 | N33: =M33*$B$7 -> 8840
A34: 16 | B34: Secado | C34: Secadora de cilindros Yukon | D34: 1 | E34: 1 | F34: 1 | G34: 1 | H34: Todos | I34: 1 | J34: 1 | K34: 120 | L34: =F67 -> 1 | M34: =IF(K34>0,3600/K34*L34,0) -> 30 | N34: =M34*$B$7 -> 4500 | O34: las 4 maquinas sirven para secado de carros
A35: 17 | B35: Granallado | C35: Granalladora de rodillos AirBlast G-100 | D35: 1 | E35: 1 | F35: 1 | G35: 1 | H35: Todos | I35: 1 | J35: 1 | K35: 30 | L35: =F68 -> 1 | M35: =IF(K35>0,3600/K35*L35,0) -> 120 | N35: =M35*$B$7 -> 18000
A36: 18 | B36: Detección de defectos | C36: Mesa de inspección con iluminación | D36: 1 | E36: 1 | F36: 1 | G36: 1 | H36: Todos | I36: 1 | J36: 1 | K36: 20 | L36: =F69 -> 1 | M36: =IF(K36>0,3600/K36*L36,0) -> 180 | N36: =M36*$B$7 -> 27000
A37: 19 | B37: Corrección de defectos | C37: Amoladora 115 mm + machos y calibres | D37: 1 | E37: 1 | F37: 1 | G37: 1 | H37: Todos | I37: 1 | J37: 0.05 | K37: 180 | L37: =F70 -> 1 | M37: =IF(K37>0,3600/K37*L37,0) -> 20 | N37: =M37*$B$7 -> 3000
A38: 20 | B38: Pintura en polvo + horno | C38: Línea de pintura en polvo Firesafer | D38: 1 | E38: 1 | F38: 1 | G38: 1 | H38: Todos | I38: 1 | J38: 1 | K38: 25 | L38: =F71 -> 0.94666667 | M38: =IF(K38>0,3600/K38*L38,0) -> 136.32 | N38: =M38*$B$7 -> 20448
A39: 21 | B39: Carga de polvo | C39: Cargadora Firesafer FS-A10 / Yukon M-000121 | D39: 1 | E39: 1 | F39: 1 | G39: 1 | H39: Terminados | I39: 1 | J39: 1 | K39: 45 | L39: =F72 -> 1 | M39: =IF(K39>0,3600/K39*L39,0) -> 80 | N39: =M39*$B$7 -> 12000
A40: 22 | B40: Ensamblaje | C40: Puesto manual con llave dinamométrica | D40: 1 | E40: 1 | F40: 1 | G40: 1 | H40: Terminados | I40: 1 | J40: 1 | K40: 100 | L40: =F73 -> 0.98222222 | M40: =IF(K40>0,3600/K40*L40,0) -> 35.36 | N40: =M40*$B$7 -> 5304
A41: 23 | B41: Presurización | C41: Pinza neumática Yukon M-000150 + pack N₂ | D41: 1 | E41: 1 | F41: 1 | G41: 1 | H41: Terminados | I41: 1 | J41: 1 | K41: 30 | L41: =F74 -> 1 | M41: =IF(K41>0,3600/K41*L41,0) -> 120 | N41: =M41*$B$7 -> 18000
A42: 24 | B42: Control de calidad — Ensayo de pérdidas | C42: Tanque de inmersión de acero inoxidable | D42: 1 | E42: 1 | F42: 1 | G42: 1 | H42: Terminados | I42: 1 | J42: 1 | K42: =(60+120+60)/6 -> 40 | L42: =F75 -> 1 | M42: =IF(K42>0,3600/K42*L42,0) -> 90 | N42: =M42*$B$7 -> 13500 | O42: W-MAN, «Ensayo de pérdidas»: tandas de 6 en el tanque; 1 min para bajarlos + 2 min de observación + 1 min para sacarlos = 4 min por tanda, 40 s por matafuego
A43: 25 | B43: Etiquetado | C43: Dispensador de etiquetas + impresora Zebra ZD421 | D43: 1 | E43: 1 | F43: 1 | G43: 1 | H43: Terminados | I43: 1 | J43: 1 | K43: 60 | L43: =F76 -> 1 | M43: =IF(K43>0,3600/K43*L43,0) -> 60 | N43: =M43*$B$7 -> 9000
A44: 26 | B44: Embalaje y paletizado | C44: Armadora de cajas + envolvedora EDOS PS 5 | D44: 1 | E44: 1 | F44: 1 | G44: 1 | H44: Todos | I44: 1 | J44: 1 | K44: 45 | L44: =F77 -> 0.99111111 | M44: =IF(K44>0,3600/K44*L44,0) -> 79.288889 | N44: =M44*$B$7 -> 11893.333 | O44: 25 seg embalaje + 20 seg paletizado (1000kg pallet/13 kg mat)=76 mat x pallet *20s = 25 min x pallet
A46: Alcance: "Todos" = matafuegos terminados + cilindros vacíos; "Terminados" = solo los que se cargan como matafuego.
A47: Tiempo tipo = tiempo PCP del Excel original ((tpr + tdl + ta) / rendimiento). Disponibilidad = descuento por cambios de matriz del Excel original.
A48: Cap. real (u/h) = 3600 / tiempo tipo × disponibilidad. Cap. real (u/mes) = cap. real × horas productivas del mes.
A50: DISPONIBILIDAD
A51: N° | B51: Puesto | C51: Cambio de matriz (min/cambio) | D51: N° cambios/mes (est.) | E51: Pérdida por cambios (h/mes) | F51: Disponibilidad (cambios) | G51: SUPOSICIONES
A52: 1 | B52: Recepción de materia prima | C52: 0 | D52: 0 | E52: =C52*D52/60 -> 0 | F52: =MAX(0,1-E52/150) -> 1
A53: 2 | B53: Corte de chapa — 1.er corte en franjas (guillotina 1, manuales + carros) | C53: 5 | D53: 12 | E53: =C53*D53/60+8.6*$B$2/60 -> 3.8666667 | F53: =MAX(0,1-E53/150) -> 0.97422222 | G53: Más 8,6 min/día de tiras de accesorios de carros (W-CAR: placas 1,7 + patas 1,9 + 5,0)
A54: 3 | B54: Corte de chapa — 2.º corte en piezas (guillotina 2, manuales + carros) | C54: 5 | D54: 12 | E54: =C54*D54/60 -> 1 | F54: =MAX(0,1-E54/150) -> 0.99333333 | G54: Igual que la G1: cambio de tope y de programa por formato
A55: 4 | B55: Corte de disco y embutido (cúpula y fondo) | C55: 90 | D55: 32 | E55: =C55*D55/60 -> 48 | F55: =MAX(0,1-E55/150) -> 0.68 | G55: Es 32 porque contemplamos 4 cambios de cupula y 4 de fondo x semana (8*4)
A56: 5 | B56: Preparación de cuello | C56: 0 | D56: 0 | E56: =C56*D56/60 -> 0 | F56: =MAX(0,1-E56/150) -> 1
A57: 6 | B57: Numerado de cúpula | E57: =C57*D57/60 -> 0 | F57: =MAX(0,1-E57/150) -> 1
A58: 7 | B58: Soldadura del cuello a la cúpula | C58: 15 | D58: 16 | E58: =C58*D58/60 -> 4 | F58: =MAX(0,1-E58/150) -> 0.97333333
A59: 8 | B59: Cilindrado | C59: 10 | D59: 12 | E59: =C59*D59/60 -> 2 | F59: =MAX(0,1-E59/150) -> 0.98666667
A60: 9 | B60: Soldadura longitudinal — 2,5 a 10 kg | C60: 10 | D60: 12 | E60: =C60*D60/60 -> 2 | F60: =MAX(0,1-E60/150) -> 0.98666667
A61: 10 | B61: Soldadura longitudinal TIG — 1 kg | C61: 0 | D61: 0 | E61: =C61*D61/60 -> 0 | F61: =MAX(0,1-E61/150) -> 1 | G61: Puesto exclusivo del 1 kg: sin cambios de molde
A62: 11 | B62: Encastre de fondo | C62: 10 | D62: 16 | E62: =C62*D62/60 -> 2.6666667 | F62: =MAX(0,1-E62/150) -> 0.98222222
A63: 12 | B63: Bordoneado | C63: 10 | D63: 16 | E63: =C63*D63/60 -> 2.6666667 | F63: =MAX(0,1-E63/150) -> 0.98222222
A64: 13 | B64: Soldadura circunferencial de cúpula y fondo | C64: 10 | D64: 16 | E64: =C64*D64/60 -> 2.6666667 | F64: =MAX(0,1-E64/150) -> 0.98222222
A65: 14 | B65: Control de calidad — Espesor | C65: 0 | D65: 0 | E65: =C65*D65/60 -> 0 | F65: =MAX(0,1-E65/150) -> 1
A66: 15 | B66: Prueba hidráulica | C66: 10 | D66: 16 | E66: =C66*D66/60 -> 2.6666667 | F66: =MAX(0,1-E66/150) -> 0.98222222
A67: 16 | B67: Secado | C67: 0 | D67: 0 | E67: =C67*D67/60 -> 0 | F67: =MAX(0,1-E67/150) -> 1
A68: 17 | B68: Granallado | C68: 10 | D68: 0 | E68: =C68*D68/60 -> 0 | F68: =MAX(0,1-E68/150) -> 1
A69: 18 | B69: Detección de defectos | C69: 0 | D69: 0 | E69: =C69*D69/60 -> 0 | F69: =MAX(0,1-E69/150) -> 1
A70: 19 | B70: Corrección de defectos | C70: 0 | D70: 0 | E70: =C70*D70/60 -> 0 | F70: =MAX(0,1-E70/150) -> 1
A71: 20 | B71: Pintura en polvo + horno | C71: 30 | D71: 16 | E71: =C71*D71/60 -> 8 | F71: =MAX(0,1-E71/150) -> 0.94666667
A72: 21 | B72: Carga de polvo | C72: 0 | D72: 0 | E72: =C72*D72/60 -> 0 | F72: =MAX(0,1-E72/150) -> 1
A73: 22 | B73: Ensamblaje | C73: 10 | D73: 16 | E73: =C73*D73/60 -> 2.6666667 | F73: =MAX(0,1-E73/150) -> 0.98222222
... A77: 26 | B77: Embalaje y paletizado | C77: 5 | D77: 16 | E77: =C77*D77/60 -> 1.3333333 | F77: =MAX(0,1-E77/150) -> 0.99111111
A80: PRODUCCIÓN CON SOBRESTOCK (perfil mensual de producción, % de la demanda anual)
A81: Regla: el pico de diciembre y enero se cubre con stock fabricado antes. Diciembre puede salir de stock del mismo año; enero solo de stock hecho en octubre y noviembre, porque recién desde octubre se puede numerar con el año siguiente.
A82: Nivel máximo de producción (L): el mínimo que cumple la regla del lote. El stock de enero tiene que entrar en la capacidad libre de octubre y noviembre: (Ene − L) ≤ (L − Oct) + (L − Nov), o sea L ≥ (Ene + Oct + Nov) / 3.
A83: Meses de sobrestock: se fabrica lo más tarde posible, hacia atrás desde noviembre y usando toda la capacidad libre hasta L, para que sean los menos meses posibles.
A85: Nivel máximo de producción mensual L (% del año) | B85: =MAX(B88:B91) -> 0.09 | C85: Por defecto el mayor de los L mínimos (lo fija el 1 kg). Se puede escribir otro valor, siempre que la columna G diga OK.
A87: Modelo | B87: L mínimo por regla de lote | C87: Exceso de diciembre | D87: Exceso de enero (año siguiente) | E87: Stock a fabricar (% del año) | F87: Meses de sobrestock | G87: Stock de enero cubierto en oct–nov | H87: Stock máximo acumulado (% del año)
A88: 1 kg | B88: =(B12+K12+L12)/3 -> 0.09 | C88: =MAX(0,M12-$B$85) -> 0.03 | D88: =MAX(0,B12-$B$85) -> 0.03 | E88: =C88+D88 -> 0.06 | F88: =COUNTIF(C96:L96,">0.000001") -> 4 | G88: =IF(K96+L96>=D88-0.000001,"OK","No alcanza: subir L") -> OK | H88: =SUM(B96:L96) -> 0.06
A89: 2,5 kg | B89: =(B13+K13+L13)/3 -> 0.081666667 | C89: =MAX(0,M13-$B$85) -> 0.02 | D89: =MAX(0,B13-$B$85) -> 0.01 | E89: =C89+D89 -> 0.03 | F89: =COUNTIF(C101:L101,">0.000001") -> 2 | G89: =IF(K101+L101>=D89-0.000001,"OK","No alcanza: subir L") -> OK | H89: =SUM(B101:L101) -> 0.03
A90: 5 kg | B90: =(B14+K14+L14)/3 -> 0.081666667 | C90: =MAX(0,M14-$B$85) -> 0.02 | D90: =MAX(0,B14-$B$85) -> 0.01 | E90: =C90+D90 -> 0.03 | F90: =COUNTIF(C106:L106,">0.000001") -> 2 | G90: =IF(K106+L106>=D90-0.000001,"OK","No alcanza: subir L") -> OK | H90: =SUM(B106:L106) -> 0.03
A91: 10 kg | B91: =(B15+K15+L15)/3 -> 0.081666667 | C91: =MAX(0,M15-$B$85) -> 0.02 | D91: =MAX(0,B15-$B$85) -> 0.01 | E91: =C91+D91 -> 0.03 | F91: =COUNTIF(C111:L111,">0.000001") -> 2 | G91: =IF(K111+L111>=D91-0.000001,"OK","No alcanza: subir L") -> OK | H91: =SUM(B111:L111) -> 0.03
A93: Modelo 1 kg | B93: Ene | C93: Feb | D93: Mar | E93: Abr | F93: May | G93: Jun | H93: Jul | I93: Ago | J93: Sep | K93: Oct | L93: Nov | M93: Dic | N93: Total
A94: Demanda (% del año) | B94: =B12 -> 0.12 | C94: =C12 -> 0.09 | D94: =D12 -> 0.08 | E94: =E12 -> 0.075 | F94: =F12 -> 0.07 | G94: =G12 -> 0.07 | H94: =H12 -> 0.075 | I94: =I12 -> 0.075 | ... M94: =M12 -> 0.12 | N94: =SUM(B94:M94) -> 1
A95: Capacidad libre hasta L | B95: 0 | C95: =MAX(0,$B$85-C94) -> 0 | D95: =MAX(0,$B$85-D94) -> 0.01 | E95: =MAX(0,$B$85-E94) -> 0.015 | F95: =MAX(0,$B$85-F94) -> 0.02 | G95: =MAX(0,$B$85-G94) -> 0.02 | H95: =MAX(0,$B$85-H94) -> 0.015 | I95: =MAX(0,$B$85-I94) -> 0.015 | J95: =MAX(0,$B$85-J94) -> 0.015 | ... L95: =MAX(0,$B$85-L94) -> 0.015 | M95: 0 | N95: =SUM(B95:M95) -> 0.14
A96: Sobrestock fabricado | B96: 0 | C96: =MIN(C95,MAX(0,$E$88-SUM(D95:L95))) -> 0 | D96: =MIN(D95,MAX(0,$E$88-SUM(E95:L95))) -> 0 | E96: =MIN(E95,MAX(0,$E$88-SUM(F95:L95))) -> 0 | F96: =MIN(F95,MAX(0,$E$88-SUM(G95:L95))) -> 0 | G96: =MIN(G95,MAX(0,$E$88-SUM(H95:L95))) -> 0 | H96: =MIN(H95,MAX(0,$E$88-SUM(I95:L95))) -> 0 | I96: =MIN(I95,MAX(0,$E$88-SUM(J95:L95))) -> 0.015 | J96: =MIN(J95,MAX(0,$E$88-SUM(K95:L95))) -> 0.015 | K96: =MIN(K95,MAX(0,$E$88-SUM(L95))) -> 0.015 | L96: =MIN(L95,MAX(0,$E$88-0)) -> 0.015 | M96: 0 | N96: =SUM(B96:M96) -> 0.06
A97: PRODUCCIÓN (% del año) | B97: =MIN(B94,$B$85) -> 0.09 | C97: =C94+C96 -> 0.09 | D97: =D94+D96 -> 0.08 | E97: =E94+E96 -> 0.075 | F97: =F94+F96 -> 0.07 | G97: =G94+G96 -> 0.07 | H97: =H94+H96 -> 0.075 | I97: =I94+I96 -> 0.09 | J97: =J94+J96 -> 0.09 | ... L97: =L94+L96 -> 0.09 | M97: =MIN(M94,$B$85) -> 0.09 | N97: =SUM(B97:M97) -> 1
A98: Modelo 2,5 kg | B98: Ene | C98: Feb | D98: Mar | E98: Abr | F98: May | G98: Jun | H98: Jul | I98: Ago | J98: Sep | K98: Oct | L98: Nov | M98: Dic | N98: Total
A99: Demanda (% del año) | B99: =B13 -> 0.1 | C99: =C13 -> 0.08 | D99: =D13 -> 0.085 | E99: =E13 -> 0.085 | F99: =F13 -> 0.08 | G99: =G13 -> 0.075 | H99: =H13 -> 0.08 | I99: =I13 -> 0.08 | ... M99: =M13 -> 0.11 | N99: =SUM(B99:M99) -> 1
A100: Capacidad libre hasta L | B100: 0 | C100: =MAX(0,$B$85-C99) -> 0.01 | D100: =MAX(0,$B$85-D99) -> 0.005 | E100: =MAX(0,$B$85-E99) -> 0.005 | F100: =MAX(0,$B$85-F99) -> 0.01 | G100: =MAX(0,$B$85-G99) -> 0.015 | H100: =MAX(0,$B$85-H99) -> 0.01 | I100: =MAX(0,$B$85-I99) -> 0.01 | J100: =MAX(0,$B$85-J99) -> 0.01 | ... L100: =MAX(0,$B$85-L99) -> 0.02 | M100: 0 | N100: =SUM(B100:M100) -> 0.11
A101: Sobrestock fabricado | B101: 0 | C101: =MIN(C100,MAX(0,$E$89-SUM(D100:L100))) -> 0 | D101: =MIN(D100,MAX(0,$E$89-SUM(E100:L100))) -> 0 | E101: =MIN(E100,MAX(0,$E$89-SUM(F100:L100))) -> 0 | F101: =MIN(F100,MAX(0,$E$89-SUM(G100:L100))) -> 0 | G101: =MIN(G100,MAX(0,$E$89-SUM(H100:L100))) -> 0 | H101: =MIN(H100,MAX(0,$E$89-SUM(I100:L100))) -> 0 | I101: =MIN(I100,MAX(0,$E$89-SUM(J100:L100))) -> 0 | J101: =MIN(J100,MAX(0,$E$89-SUM(K100:L100))) -> 0 | K101: =MIN(K100,MAX(0,$E$89-SUM(L100))) -> 0.01 | L101: =MIN(L100,MAX(0,$E$89-0)) -> 0.02 | M101: 0 | N101: =SUM(B101:M101) -> 0.03
A102: PRODUCCIÓN (% del año) | B102: =MIN(B99,$B$85) -> 0.09 | C102: =C99+C101 -> 0.08 | D102: =D99+D101 -> 0.085 | E102: =E99+E101 -> 0.085 | F102: =F99+F101 -> 0.08 | G102: =G99+G101 -> 0.075 | H102: =H99+H101 -> 0.08 | I102: =I99+I101 -> 0.08 | J102: =J99+J101 -> 0.08 | ... L102: =L99+L101 -> 0.09 | M102: =MIN(M99,$B$85) -> 0.09 | N102: =SUM(B102:M102) -> 1
A103: Modelo 5 kg | B103: Ene | C103: Feb | D103: Mar | E103: Abr | F103: May | G103: Jun | H103: Jul | I103: Ago | J103: Sep | K103: Oct | L103: Nov | M103: Dic | N103: Total
A104: Demanda (% del año) | B104: =B14 -> 0.1 | C104: =C14 -> 0.08 | D104: =D14 -> 0.085 | E104: =E14 -> 0.085 | F104: =F14 -> 0.08 | G104: =G14 -> 0.075 | H104: =H14 -> 0.08 | I104: =I14 -> 0.08 | ... M104: =M14 -> 0.11 | N104: =SUM(B104:M104) -> 1
A105: Capacidad libre hasta L | B105: 0 | C105: =MAX(0,$B$85-C104) -> 0.01 | D105: =MAX(0,$B$85-D104) -> 0.005 | E105: =MAX(0,$B$85-E104) -> 0.005 | F105: =MAX(0,$B$85-F104) -> 0.01 | G105: =MAX(0,$B$85-G104) -> 0.015 | H105: =MAX(0,$B$85-H104) -> 0.01 | I105: =MAX(0,$B$85-I104) -> 0.01 | J105: =MAX(0,$B$85-J104) -> 0.01 | ... L105: =MAX(0,$B$85-L104) -> 0.02 | M105: 0 | N105: =SUM(B105:M105) -> 0.11
A106: Sobrestock fabricado | B106: 0 | C106: =MIN(C105,MAX(0,$E$90-SUM(D105:L105))) -> 0 | D106: =MIN(D105,MAX(0,$E$90-SUM(E105:L105))) -> 0 | E106: =MIN(E105,MAX(0,$E$90-SUM(F105:L105))) -> 0 | F106: =MIN(F105,MAX(0,$E$90-SUM(G105:L105))) -> 0 | G106: =MIN(G105,MAX(0,$E$90-SUM(H105:L105))) -> 0 | H106: =MIN(H105,MAX(0,$E$90-SUM(I105:L105))) -> 0 | I106: =MIN(I105,MAX(0,$E$90-SUM(J105:L105))) -> 0 | J106: =MIN(J105,MAX(0,$E$90-SUM(K105:L105))) -> 0 | K106: =MIN(K105,MAX(0,$E$90-SUM(L105))) -> 0.01 | L106: =MIN(L105,MAX(0,$E$90-0)) -> 0.02 | M106: 0 | N106: =SUM(B106:M106) -> 0.03
A107: PRODUCCIÓN (% del año) | B107: =MIN(B104,$B$85) -> 0.09 | C107: =C104+C106 -> 0.08 | D107: =D104+D106 -> 0.085 | E107: =E104+E106 -> 0.085 | F107: =F104+F106 -> 0.08 | G107: =G104+G106 -> 0.075 | H107: =H104+H106 -> 0.08 | I107: =I104+I106 -> 0.08 | J107: =J104+J106 -> 0.08 | ... L107: =L104+L106 -> 0.09 | M107: =MIN(M104,$B$85) -> 0.09 | N107: =SUM(B107:M107) -> 1
A108: Modelo 10 kg | B108: Ene | C108: Feb | D108: Mar | E108: Abr | F108: May | G108: Jun | H108: Jul | I108: Ago | J108: Sep | K108: Oct | L108: Nov | M108: Dic | N108: Total
A109: Demanda (% del año) | B109: =B15 -> 0.1 | C109: =C15 -> 0.08 | D109: =D15 -> 0.085 | E109: =E15 -> 0.085 | F109: =F15 -> 0.08 | G109: =G15 -> 0.075 | H109: =H15 -> 0.08 | I109: =I15 -> 0.08 | ... M109: =M15 -> 0.11 | N109: =SUM(B109:M109) -> 1
A110: Capacidad libre hasta L | B110: 0 | C110: =MAX(0,$B$85-C109) -> 0.01 | D110: =MAX(0,$B$85-D109) -> 0.005 | E110: =MAX(0,$B$85-E109) -> 0.005 | F110: =MAX(0,$B$85-F109) -> 0.01 | G110: =MAX(0,$B$85-G109) -> 0.015 | H110: =MAX(0,$B$85-H109) -> 0.01 | I110: =MAX(0,$B$85-I109) -> 0.01 | J110: =MAX(0,$B$85-J109) -> 0.01 | ... L110: =MAX(0,$B$85-L109) -> 0.02 | M110: 0 | N110: =SUM(B110:M110) -> 0.11
A111: Sobrestock fabricado | B111: 0 | C111: =MIN(C110,MAX(0,$E$91-SUM(D110:L110))) -> 0 | D111: =MIN(D110,MAX(0,$E$91-SUM(E110:L110))) -> 0 | E111: =MIN(E110,MAX(0,$E$91-SUM(F110:L110))) -> 0 | F111: =MIN(F110,MAX(0,$E$91-SUM(G110:L110))) -> 0 | G111: =MIN(G110,MAX(0,$E$91-SUM(H110:L110))) -> 0 | H111: =MIN(H110,MAX(0,$E$91-SUM(I110:L110))) -> 0 | I111: =MIN(I110,MAX(0,$E$91-SUM(J110:L110))) -> 0 | J111: =MIN(J110,MAX(0,$E$91-SUM(K110:L110))) -> 0 | K111: =MIN(K110,MAX(0,$E$91-SUM(L110))) -> 0.01 | L111: =MIN(L110,MAX(0,$E$91-0)) -> 0.02 | M111: 0 | N111: =SUM(B111:M111) -> 0.03
...

Sheet Plan mensual
A1: 2026 | B1: Producto | C1: Tipo | D1: Ene | E1: Feb | F1: Mar | G1: Abr | H1: May | I1: Jun | J1: Jul | K1: Ago | L1: Sep | M1: Oct | N1: Nov | O1: Dic | P1: Total anual
A2: 2026 | B2: ABC 1 kg | C2: Terminado | D2: =datos_base!$B$2*parametros_manuales!B$12 -> 501.44839 | E2: =datos_base!$B$2*parametros_manuales!C$12 -> 376.08629 | F2: =datos_base!$B$2*parametros_manuales!D$12 -> 334.29892 | G2: =datos_base!$B$2*parametros_manuales!E$12 -> 313.40524 | H2: =datos_base!$B$2*parametros_manuales!F$12 -> 292.51156 | I2: =datos_base!$B$2*parametros_manuales!G$12 -> 292.51156 | J2: =datos_base!$B$2*parametros_manuales!H$12 -> 313.40524 | K2: =datos_base!$B$2*parametros_manuales!I$12 -> 313.40524 | ... O2: =datos_base!$B$2*parametros_manuales!M$12 -> 501.44839 | P2: =SUM(D2:O2) -> 4178.7365
A3: 2026 | B3: ABC 2,5 kg | C3: Terminado | D3: =datos_base!$B$3*parametros_manuales!B$13 -> 29.703036 | E3: =datos_base!$B$3*parametros_manuales!C$13 -> 23.762429 | F3: =datos_base!$B$3*parametros_manuales!D$13 -> 25.24758 | G3: =datos_base!$B$3*parametros_manuales!E$13 -> 25.24758 | H3: =datos_base!$B$3*parametros_manuales!F$13 -> 23.762429 | I3: =datos_base!$B$3*parametros_manuales!G$13 -> 22.277277 | J3: =datos_base!$B$3*parametros_manuales!H$13 -> 23.762429 | K3: =datos_base!$B$3*parametros_manuales!I$13 -> 23.762429 | ... O3: =datos_base!$B$3*parametros_manuales!M$13 -> 32.673339 | P3: =SUM(D3:O3) -> 297.03036
A4: 2026 | B4: ABC 5 kg | C4: Terminado | D4: =datos_base!$B$4*parametros_manuales!B$14 -> 226.4773 | E4: =datos_base!$B$4*parametros_manuales!C$14 -> 181.18184 | F4: =datos_base!$B$4*parametros_manuales!D$14 -> 192.50571 | G4: =datos_base!$B$4*parametros_manuales!E$14 -> 192.50571 | H4: =datos_base!$B$4*parametros_manuales!F$14 -> 181.18184 | I4: =datos_base!$B$4*parametros_manuales!G$14 -> 169.85798 | J4: =datos_base!$B$4*parametros_manuales!H$14 -> 181.18184 | K4: =datos_base!$B$4*parametros_manuales!I$14 -> 181.18184 | ... O4: =datos_base!$B$4*parametros_manuales!M$14 -> 249.12503 | P4: =SUM(D4:O4) -> 2264.773
A5: 2026 | B5: ABC 10 kg | C5: Terminado | D5: =datos_base!$B$5*parametros_manuales!B$15 -> 9.2833182 | E5: =datos_base!$B$5*parametros_manuales!C$15 -> 7.4266545 | F5: =datos_base!$B$5*parametros_manuales!D$15 -> 7.8908204 | G5: =datos_base!$B$5*parametros_manuales!E$15 -> 7.8908204 | H5: =datos_base!$B$5*parametros_manuales!F$15 -> 7.4266545 | I5: =datos_base!$B$5*parametros_manuales!G$15 -> 6.9624886 | J5: =datos_base!$B$5*parametros_manuales!H$15 -> 7.4266545 | K5: =datos_base!$B$5*parametros_manuales!I$15 -> 7.4266545 | ... O5: =datos_base!$B$5*parametros_manuales!M$15 -> 10.21165 | P5: =SUM(D5:O5) -> 92.833182
A6: 2026 | B6: Cilindros ABC 1 kg | C6: Cilindro | D6: =datos_base!$B$9*parametros_manuales!B$12 -> 0 | E6: =datos_base!$B$9*parametros_manuales!C$12 -> 0 | F6: =datos_base!$B$9*parametros_manuales!D$12 -> 0 | G6: =datos_base!$B$9*parametros_manuales!E$12 -> 0 | H6: =datos_base!$B$9*parametros_manuales!F$12 -> 0 | I6: =datos_base!$B$9*parametros_manuales!G$12 -> 0 | J6: =datos_base!$B$9*parametros_manuales!H$12 -> 0 | K6: =datos_base!$B$9*parametros_manuales!I$12 -> 0 | ... O6: =datos_base!$B$9*parametros_manuales!M$12 -> 0 | P6: =SUM(D6:O6) -> 0
A7: 2026 | B7: Cilindros ABC 2,5 kg | C7: Cilindro | D7: =datos_base!$B$10*parametros_manuales!B$13 -> 0.3 | E7: =datos_base!$B$10*parametros_manuales!C$13 -> 0.24 | F7: =datos_base!$B$10*parametros_manuales!D$13 -> 0.255 | G7: =datos_base!$B$10*parametros_manuales!E$13 -> 0.255 | H7: =datos_base!$B$10*parametros_manuales!F$13 -> 0.24 | I7: =datos_base!$B$10*parametros_manuales!G$13 -> 0.225 | J7: =datos_base!$B$10*parametros_manuales!H$13 -> 0.24 | K7: =datos_base!$B$10*parametros_manuales!I$13 -> 0.24 | ... O7: =datos_base!$B$10*parametros_manuales!M$13 -> 0.33 | P7: =SUM(D7:O7) -> 3
A8: 2026 | B8: Cilindros ABC 5 kg | C8: Cilindro | D8: =datos_base!$B$11*parametros_manuales!B$14 -> 1.7 | E8: =datos_base!$B$11*parametros_manuales!C$14 -> 1.36 | F8: =datos_base!$B$11*parametros_manuales!D$14 -> 1.445 | G8: =datos_base!$B$11*parametros_manuales!E$14 -> 1.445 | H8: =datos_base!$B$11*parametros_manuales!F$14 -> 1.36 | I8: =datos_base!$B$11*parametros_manuales!G$14 -> 1.275 | J8: =datos_base!$B$11*parametros_manuales!H$14 -> 1.36 | K8: =datos_base!$B$11*parametros_manuales!I$14 -> 1.36 | ... O8: =datos_base!$B$11*parametros_manuales!M$14 -> 1.87 | P8: =SUM(D8:O8) -> 17
A9: 2026 | B9: Cilindros ABC 10 kg | C9: Cilindro | D9: =datos_base!$B$12*parametros_manuales!B$15 -> 0.2 | E9: =datos_base!$B$12*parametros_manuales!C$15 -> 0.16 | F9: =datos_base!$B$12*parametros_manuales!D$15 -> 0.17 | G9: =datos_base!$B$12*parametros_manuales!E$15 -> 0.17 | H9: =datos_base!$B$12*parametros_manuales!F$15 -> 0.16 | I9: =datos_base!$B$12*parametros_manuales!G$15 -> 0.15 | J9: =datos_base!$B$12*parametros_manuales!H$15 -> 0.16 | K9: =datos_base!$B$12*parametros_manuales!I$15 -> 0.16 | ... O9: =datos_base!$B$12*parametros_manuales!M$15 -> 0.22 | P9: =SUM(D9:O9) -> 2
B10: Total recipientes | D10: =SUM(D2:D9) -> 769.11204 | E10: =SUM(E2:E9) -> 590.21721 | F10: =SUM(F2:F9) -> 561.81303 | G10: =SUM(G2:G9) -> 540.91935 | H10: =SUM(H2:H9) -> 506.64248 | I10: =SUM(I2:I9) -> 493.2593 | J10: =SUM(J2:J9) -> 527.53617 | K10: =SUM(K2:K9) -> 527.53617 | ... P10: =SUM(P2:P9) -> 6855.3731
A12: 2027 | B12: Producto | C12: Tipo | D12: Ene | E12: Feb | F12: Mar | G12: Abr | H12: May | I12: Jun | J12: Jul | K12: Ago | L12: Sep | M12: Oct | N12: Nov | O12: Dic | P12: Total anual
A13: 2027 | B13: ABC 1 kg | C13: Terminado | D13: =datos_base!$C$2*parametros_manuales!B$12 -> 719.67648 | E13: =datos_base!$C$2*parametros_manuales!C$12 -> 539.75736 | F13: =datos_base!$C$2*parametros_manuales!D$12 -> 479.78432 | G13: =datos_base!$C$2*parametros_manuales!E$12 -> 449.7978 | H13: =datos_base!$C$2*parametros_manuales!F$12 -> 419.81128 | I13: =datos_base!$C$2*parametros_manuales!G$12 -> 419.81128 | J13: =datos_base!$C$2*parametros_manuales!H$12 -> 449.7978 | K13: =datos_base!$C$2*parametros_manuales!I$12 -> 449.7978 | ... O13: =datos_base!$C$2*parametros_manuales!M$12 -> 719.67648 | P13: =SUM(D13:O13) -> 5997.304
A14: 2027 | B14: ABC 2,5 kg | C14: Terminado | D14: =datos_base!$C$3*parametros_manuales!B$13 -> 71.488745 | E14: =datos_base!$C$3*parametros_manuales!C$13 -> 57.190996 | F14: =datos_base!$C$3*parametros_manuales!D$13 -> 60.765433 | G14: =datos_base!$C$3*parametros_manuales!E$13 -> 60.765433 | H14: =datos_base!$C$3*parametros_manuales!F$13 -> 57.190996 | I14: =datos_base!$C$3*parametros_manuales!G$13 -> 53.616559 | J14: =datos_base!$C$3*parametros_manuales!H$13 -> 57.190996 | K14: =datos_base!$C$3*parametros_manuales!I$13 -> 57.190996 | ... O14: =datos_base!$C$3*parametros_manuales!M$13 -> 78.63762 | P14: =SUM(D14:O14) -> 714.88745
A15: 2027 | B15: ABC 5 kg | C15: Terminado | D15: =datos_base!$C$4*parametros_manuales!B$14 -> 387.46989 | E15: =datos_base!$C$4*parametros_manuales!C$14 -> 309.97591 | F15: =datos_base!$C$4*parametros_manuales!D$14 -> 329.3494 | G15: =datos_base!$C$4*parametros_manuales!E$14 -> 329.3494 | H15: =datos_base!$C$4*parametros_manuales!F$14 -> 309.97591 | I15: =datos_base!$C$4*parametros_manuales!G$14 -> 290.60242 | J15: =datos_base!$C$4*parametros_manuales!H$14 -> 309.97591 | K15: =datos_base!$C$4*parametros_manuales!I$14 -> 309.97591 | ... O15: =datos_base!$C$4*parametros_manuales!M$14 -> 426.21688 | P15: =SUM(D15:O15) -> 3874.6989
A16: 2027 | B16: ABC 10 kg | C16: Terminado | D16: =datos_base!$C$5*parametros_manuales!B$15 -> 17.93273 | E16: =datos_base!$C$5*parametros_manuales!C$15 -> 14.346184 | F16: =datos_base!$C$5*parametros_manuales!D$15 -> 15.24282 | G16: =datos_base!$C$5*parametros_manuales!E$15 -> 15.24282 | H16: =datos_base!$C$5*parametros_manuales!F$15 -> 14.346184 | I16: =datos_base!$C$5*parametros_manuales!G$15 -> 13.449547 | J16: =datos_base!$C$5*parametros_manuales!H$15 -> 14.346184 | K16: =datos_base!$C$5*parametros_manuales!I$15 -> 14.346184 | ... O16: =datos_base!$C$5*parametros_manuales!M$15 -> 19.726003 | P16: =SUM(D16:O16) -> 179.3273
A17: 2027 | B17: Cilindros ABC 1 kg | C17: Cilindro | D17: =datos_base!$C$9*parametros_manuales!B$12 -> 0 | E17: =datos_base!$C$9*parametros_manuales!C$12 -> 0 | F17: =datos_base!$C$9*parametros_manuales!D$12 -> 0 | G17: =datos_base!$C$9*parametros_manuales!E$12 -> 0 | H17: =datos_base!$C$9*parametros_manuales!F$12 -> 0 | I17: =datos_base!$C$9*parametros_manuales!G$12 -> 0 | J17: =datos_base!$C$9*parametros_manuales!H$12 -> 0 | K17: =datos_base!$C$9*parametros_manuales!I$12 -> 0 | ... O17: =datos_base!$C$9*parametros_manuales!M$12 -> 0 | P17: =SUM(D17:O17) -> 0
A18: 2027 | B18: Cilindros ABC 2,5 kg | C18: Cilindro | D18: =datos_base!$C$10*parametros_manuales!B$13 -> 0.924 | E18: =datos_base!$C$10*parametros_manuales!C$13 -> 0.7392 | F18: =datos_base!$C$10*parametros_manuales!D$13 -> 0.7854 | G18: =datos_base!$C$10*parametros_manuales!E$13 -> 0.7854 | H18: =datos_base!$C$10*parametros_manuales!F$13 -> 0.7392 | I18: =datos_base!$C$10*parametros_manuales!G$13 -> 0.693 | J18: =datos_base!$C$10*parametros_manuales!H$13 -> 0.7392 | K18: =datos_base!$C$10*parametros_manuales!I$13 -> 0.7392 | ... O18: =datos_base!$C$10*parametros_manuales!M$13 -> 1.0164 | P18: =SUM(D18:O18) -> 9.24
A19: 2027 | B19: Cilindros ABC 5 kg | C19: Cilindro | D19: =datos_base!$C$11*parametros_manuales!B$14 -> 5.336 | E19: =datos_base!$C$11*parametros_manuales!C$14 -> 4.2688 | F19: =datos_base!$C$11*parametros_manuales!D$14 -> 4.5356 | G19: =datos_base!$C$11*parametros_manuales!E$14 -> 4.5356 | H19: =datos_base!$C$11*parametros_manuales!F$14 -> 4.2688 | I19: =datos_base!$C$11*parametros_manuales!G$14 -> 4.002 | J19: =datos_base!$C$11*parametros_manuales!H$14 -> 4.2688 | K19: =datos_base!$C$11*parametros_manuales!I$14 -> 4.2688 | ... O19: =datos_base!$C$11*parametros_manuales!M$14 -> 5.8696 | P19: =SUM(D19:O19) -> 53.36
A20: 2027 | B20: Cilindros ABC 10 kg | C20: Cilindro | D20: =datos_base!$C$12*parametros_manuales!B$15 -> 0.316 | E20: =datos_base!$C$12*parametros_manuales!C$15 -> 0.2528 | F20: =datos_base!$C$12*parametros_manuales!D$15 -> 0.2686 | G20: =datos_base!$C$12*parametros_manuales!E$15 -> 0.2686 | H20: =datos_base!$C$12*parametros_manuales!F$15 -> 0.2528 | I20: =datos_base!$C$12*parametros_manuales!G$15 -> 0.237 | J20: =datos_base!$C$12*parametros_manuales!H$15 -> 0.2528 | K20: =datos_base!$C$12*parametros_manuales!I$15 -> 0.2528 | ... O20: =datos_base!$C$12*parametros_manuales!M$15 -> 0.3476 | P20: =SUM(D20:O20) -> 3.16
B21: Total recipientes | D21: =SUM(D13:D20) -> 1203.1438 | E21: =SUM(E13:E20) -> 926.53125 | F21: =SUM(F13:F20) -> 890.73158 | G21: =SUM(G13:G20) -> 860.74506 | H21: =SUM(H13:H20) -> 806.58517 | I21: =SUM(I13:I20) -> 782.4118 | J21: =SUM(J13:J20) -> 836.57169 | K21: =SUM(K13:K20) -> 836.57169 | ... P21: =SUM(P13:P20) -> 10831.978
A23: 2028 | B23: Producto | C23: Tipo | D23: Ene | E23: Feb | F23: Mar | G23: Abr | H23: May | I23: Jun | J23: Jul | K23: Ago | L23: Sep | M23: Oct | N23: Nov | O23: Dic | P23: Total anual
A24: 2028 | B24: ABC 1 kg | C24: Terminado | D24: =datos_base!$D$2*parametros_manuales!B$12 -> 822.20973 | E24: =datos_base!$D$2*parametros_manuales!C$12 -> 616.6573 | F24: =datos_base!$D$2*parametros_manuales!D$12 -> 548.13982 | G24: =datos_base!$D$2*parametros_manuales!E$12 -> 513.88108 | H24: =datos_base!$D$2*parametros_manuales!F$12 -> 479.62234 | I24: =datos_base!$D$2*parametros_manuales!G$12 -> 479.62234 | J24: =datos_base!$D$2*parametros_manuales!H$12 -> 513.88108 | K24: =datos_base!$D$2*parametros_manuales!I$12 -> 513.88108 | ... O24: =datos_base!$D$2*parametros_manuales!M$12 -> 822.20973 | P24: =SUM(D24:O24) -> 6851.7478
A25: 2028 | B25: ABC 2,5 kg | C25: Terminado | D25: =datos_base!$D$3*parametros_manuales!B$13 -> 99.442806 | E25: =datos_base!$D$3*parametros_manuales!C$13 -> 79.554245 | F25: =datos_base!$D$3*parametros_manuales!D$13 -> 84.526385 | G25: =datos_base!$D$3*parametros_manuales!E$13 -> 84.526385 | H25: =datos_base!$D$3*parametros_manuales!F$13 -> 79.554245 | I25: =datos_base!$D$3*parametros_manuales!G$13 -> 74.582104 | J25: =datos_base!$D$3*parametros_manuales!H$13 -> 79.554245 | K25: =datos_base!$D$3*parametros_manuales!I$13 -> 79.554245 | ... O25: =datos_base!$D$3*parametros_manuales!M$13 -> 109.38709 | P25: =SUM(D25:O25) -> 994.42806
A26: 2028 | B26: ABC 5 kg | C26: Terminado | D26: =datos_base!$D$4*parametros_manuales!B$14 -> 514.14176 | E26: =datos_base!$D$4*parametros_manuales!C$14 -> 411.31341 | F26: =datos_base!$D$4*parametros_manuales!D$14 -> 437.0205 | G26: =datos_base!$D$4*parametros_manuales!E$14 -> 437.0205 | H26: =datos_base!$D$4*parametros_manuales!F$14 -> 411.31341 | I26: =datos_base!$D$4*parametros_manuales!G$14 -> 385.60632 | J26: =datos_base!$D$4*parametros_manuales!H$14 -> 411.31341 | K26: =datos_base!$D$4*parametros_manuales!I$14 -> 411.31341 | ... O26: =datos_base!$D$4*parametros_manuales!M$14 -> 565.55594 | P26: =SUM(D26:O26) -> 5141.4176
A27: 2028 | B27: ABC 10 kg | C27: Terminado | D27: =datos_base!$D$5*parametros_manuales!B$15 -> 25.621878 | E27: =datos_base!$D$5*parametros_manuales!C$15 -> 20.497502 | F27: =datos_base!$D$5*parametros_manuales!D$15 -> 21.778596 | G27: =datos_base!$D$5*parametros_manuales!E$15 -> 21.778596 | H27: =datos_base!$D$5*parametros_manuales!F$15 -> 20.497502 | I27: =datos_base!$D$5*parametros_manuales!G$15 -> 19.216408 | J27: =datos_base!$D$5*parametros_manuales!H$15 -> 20.497502 | K27: =datos_base!$D$5*parametros_manuales!I$15 -> 20.497502 | ... O27: =datos_base!$D$5*parametros_manuales!M$15 -> 28.184066 | P27: =SUM(D27:O27) -> 256.21878
A28: 2028 | B28: Cilindros ABC 1 kg | C28: Cilindro | D28: =datos_base!$D$9*parametros_manuales!B$12 -> 919.488 | E28: =datos_base!$D$9*parametros_manuales!C$12 -> 689.616 | F28: =datos_base!$D$9*parametros_manuales!D$12 -> 612.992 | G28: =datos_base!$D$9*parametros_manuales!E$12 -> 574.68 | H28: =datos_base!$D$9*parametros_manuales!F$12 -> 536.368 | I28: =datos_base!$D$9*parametros_manuales!G$12 -> 536.368 | J28: =datos_base!$D$9*parametros_manuales!H$12 -> 574.68 | K28: =datos_base!$D$9*parametros_manuales!I$12 -> 574.68 | ... O28: =datos_base!$D$9*parametros_manuales!M$12 -> 919.488 | P28: =SUM(D28:O28) -> 7662.4
A29: 2028 | B29: Cilindros ABC 2,5 kg | C29: Cilindro | D29: =datos_base!$D$10*parametros_manuales!B$13 -> 31.556 | E29: =datos_base!$D$10*parametros_manuales!C$13 -> 25.2448 | F29: =datos_base!$D$10*parametros_manuales!D$13 -> 26.8226 | G29: =datos_base!$D$10*parametros_manuales!E$13 -> 26.8226 | H29: =datos_base!$D$10*parametros_manuales!F$13 -> 25.2448 | I29: =datos_base!$D$10*parametros_manuales!G$13 -> 23.667 | J29: =datos_base!$D$10*parametros_manuales!H$13 -> 25.2448 | K29: =datos_base!$D$10*parametros_manuales!I$13 -> 25.2448 | ... O29: =datos_base!$D$10*parametros_manuales!M$13 -> 34.7116 | P29: =SUM(D29:O29) -> 315.56
A30: 2028 | B30: Cilindros ABC 5 kg | C30: Cilindro | D30: =datos_base!$D$11*parametros_manuales!B$14 -> 157.032 | E30: =datos_base!$D$11*parametros_manuales!C$14 -> 125.6256 | F30: =datos_base!$D$11*parametros_manuales!D$14 -> 133.4772 | G30: =datos_base!$D$11*parametros_manuales!E$14 -> 133.4772 | H30: =datos_base!$D$11*parametros_manuales!F$14 -> 125.6256 | I30: =datos_base!$D$11*parametros_manuales!G$14 -> 117.774 | J30: =datos_base!$D$11*parametros_manuales!H$14 -> 125.6256 | K30: =datos_base!$D$11*parametros_manuales!I$14 -> 125.6256 | ... O30: =datos_base!$D$11*parametros_manuales!M$14 -> 172.7352 | P30: =SUM(D30:O30) -> 1570.32
A31: 2028 | B31: Cilindros ABC 10 kg | C31: Cilindro | D31: =datos_base!$D$12*parametros_manuales!B$15 -> 9.58 | E31: =datos_base!$D$12*parametros_manuales!C$15 -> 7.664 | F31: =datos_base!$D$12*parametros_manuales!D$15 -> 8.143 | G31: =datos_base!$D$12*parametros_manuales!E$15 -> 8.143 | H31: =datos_base!$D$12*parametros_manuales!F$15 -> 7.664 | I31: =datos_base!$D$12*parametros_manuales!G$15 -> 7.185 | J31: =datos_base!$D$12*parametros_manuales!H$15 -> 7.664 | K31: =datos_base!$D$12*parametros_manuales!I$15 -> 7.664 | ... O31: =datos_base!$D$12*parametros_manuales!M$15 -> 10.538 | P31: =SUM(D31:O31) -> 95.8
B32: Total recipientes | D32: =SUM(D24:D31) -> 2579.0722 | E32: =SUM(E24:E31) -> 1976.1729 | F32: =SUM(F24:F31) -> 1872.9001 | G32: =SUM(G24:G31) -> 1800.3294 | H32: =SUM(H24:H31) -> 1685.8899 | I32: =SUM(I24:I31) -> 1644.0212 | J32: =SUM(J24:J31) -> 1758.4606 | K32: =SUM(K24:K31) -> 1758.4606 | ... P32: =SUM(P24:P31) -> 22887.892
A34: 2029 | B34: Producto | C34: Tipo | D34: Ene | E34: Feb | F34: Mar | G34: Abr | H34: May | I34: Jun | J34: Jul | K34: Ago | L34: Sep | M34: Oct | N34: Nov | O34: Dic | P34: Total anual
A35: 2029 | B35: ABC 1 kg | C35: Terminado | D35: =datos_base!$E$2*parametros_manuales!B$12 -> 1016.0563 | E35: =datos_base!$E$2*parametros_manuales!C$12 -> 762.0422 | F35: =datos_base!$E$2*parametros_manuales!D$12 -> 677.37084 | G35: =datos_base!$E$2*parametros_manuales!E$12 -> 635.03517 | H35: =datos_base!$E$2*parametros_manuales!F$12 -> 592.69949 | I35: =datos_base!$E$2*parametros_manuales!G$12 -> 592.69949 | J35: =datos_base!$E$2*parametros_manuales!H$12 -> 635.03517 | K35: =datos_base!$E$2*parametros_manuales!I$12 -> 635.03517 | ... O35: =datos_base!$E$2*parametros_manuales!M$12 -> 1016.0563 | P35: =SUM(D35:O35) -> 8467.1355
A36: 2029 | B36: ABC 2,5 kg | C36: Terminado | D36: =datos_base!$E$3*parametros_manuales!B$13 -> 151.37582 | E36: =datos_base!$E$3*parametros_manuales!C$13 -> 121.10065 | F36: =datos_base!$E$3*parametros_manuales!D$13 -> 128.66944 | G36: =datos_base!$E$3*parametros_manuales!E$13 -> 128.66944 | H36: =datos_base!$E$3*parametros_manuales!F$13 -> 121.10065 | I36: =datos_base!$E$3*parametros_manuales!G$13 -> 113.53186 | J36: =datos_base!$E$3*parametros_manuales!H$13 -> 121.10065 | K36: =datos_base!$E$3*parametros_manuales!I$13 -> 121.10065 | ... O36: =datos_base!$E$3*parametros_manuales!M$13 -> 166.5134 | P36: =SUM(D36:O36) -> 1513.7582
A37: 2029 | B37: ABC 5 kg | C37: Terminado | D37: =datos_base!$E$4*parametros_manuales!B$14 -> 690.15953 | E37: =datos_base!$E$4*parametros_manuales!C$14 -> 552.12763 | F37: =datos_base!$E$4*parametros_manuales!D$14 -> 586.6356 | G37: =datos_base!$E$4*parametros_manuales!E$14 -> 586.6356 | H37: =datos_base!$E$4*parametros_manuales!F$14 -> 552.12763 | I37: =datos_base!$E$4*parametros_manuales!G$14 -> 517.61965 | J37: =datos_base!$E$4*parametros_manuales!H$14 -> 552.12763 | K37: =datos_base!$E$4*parametros_manuales!I$14 -> 552.12763 | ... O37: =datos_base!$E$4*parametros_manuales!M$14 -> 759.17548 | P37: =SUM(D37:O37) -> 6901.5953
A38: 2029 | B38: ABC 10 kg | C38: Terminado | D38: =datos_base!$E$5*parametros_manuales!B$15 -> 36.250049 | E38: =datos_base!$E$5*parametros_manuales!C$15 -> 29.00004 | F38: =datos_base!$E$5*parametros_manuales!D$15 -> 30.812542 | G38: =datos_base!$E$5*parametros_manuales!E$15 -> 30.812542 | H38: =datos_base!$E$5*parametros_manuales!F$15 -> 29.00004 | I38: =datos_base!$E$5*parametros_manuales!G$15 -> 27.187537 | J38: =datos_base!$E$5*parametros_manuales!H$15 -> 29.00004 | K38: =datos_base!$E$5*parametros_manuales!I$15 -> 29.00004 | ... O38: =datos_base!$E$5*parametros_manuales!M$15 -> 39.875054 | P38: =SUM(D38:O38) -> 362.50049
A39: 2029 | B39: Cilindros ABC 1 kg | C39: Cilindro | D39: =datos_base!$E$9*parametros_manuales!B$12 -> 3203.376 | E39: =datos_base!$E$9*parametros_manuales!C$12 -> 2402.532 | F39: =datos_base!$E$9*parametros_manuales!D$12 -> 2135.584 | G39: =datos_base!$E$9*parametros_manuales!E$12 -> 2002.11 | H39: =datos_base!$E$9*parametros_manuales!F$12 -> 1868.636 | I39: =datos_base!$E$9*parametros_manuales!G$12 -> 1868.636 | J39: =datos_base!$E$9*parametros_manuales!H$12 -> 2002.11 | K39: =datos_base!$E$9*parametros_manuales!I$12 -> 2002.11 | ... O39: =datos_base!$E$9*parametros_manuales!M$12 -> 3203.376 | P39: =SUM(D39:O39) -> 26694.8
A40: 2029 | B40: Cilindros ABC 2,5 kg | C40: Cilindro | D40: =datos_base!$E$10*parametros_manuales!B$13 -> 106.796 | E40: =datos_base!$E$10*parametros_manuales!C$13 -> 85.4368 | F40: =datos_base!$E$10*parametros_manuales!D$13 -> 90.7766 | G40: =datos_base!$E$10*parametros_manuales!E$13 -> 90.7766 | H40: =datos_base!$E$10*parametros_manuales!F$13 -> 85.4368 | I40: =datos_base!$E$10*parametros_manuales!G$13 -> 80.097 | J40: =datos_base!$E$10*parametros_manuales!H$13 -> 85.4368 | K40: =datos_base!$E$10*parametros_manuales!I$13 -> 85.4368 | ... O40: =datos_base!$E$10*parametros_manuales!M$13 -> 117.4756 | P40: =SUM(D40:O40) -> 1067.96
A41: 2029 | B41: Cilindros ABC 5 kg | C41: Cilindro | D41: =datos_base!$E$11*parametros_manuales!B$14 -> 530.24 | E41: =datos_base!$E$11*parametros_manuales!C$14 -> 424.192 | F41: =datos_base!$E$11*parametros_manuales!D$14 -> 450.704 | G41: =datos_base!$E$11*parametros_manuales!E$14 -> 450.704 | H41: =datos_base!$E$11*parametros_manuales!F$14 -> 424.192 | I41: =datos_base!$E$11*parametros_manuales!G$14 -> 397.68 | J41: =datos_base!$E$11*parametros_manuales!H$14 -> 424.192 | K41: =datos_base!$E$11*parametros_manuales!I$14 -> 424.192 | ... O41: =datos_base!$E$11*parametros_manuales!M$14 -> 583.264 | P41: =SUM(D41:O41) -> 5302.4
A42: 2029 | B42: Cilindros ABC 10 kg | C42: Cilindro | D42: =datos_base!$E$12*parametros_manuales!B$15 -> 32.48 | E42: =datos_base!$E$12*parametros_manuales!C$15 -> 25.984 | F42: =datos_base!$E$12*parametros_manuales!D$15 -> 27.608 | G42: =datos_base!$E$12*parametros_manuales!E$15 -> 27.608 | H42: =datos_base!$E$12*parametros_manuales!F$15 -> 25.984 | I42: =datos_base!$E$12*parametros_manuales!G$15 -> 24.36 | J42: =datos_base!$E$12*parametros_manuales!H$15 -> 25.984 | K42: =datos_base!$E$12*parametros_manuales!I$15 -> 25.984 | ... O42: =datos_base!$E$12*parametros_manuales!M$15 -> 35.728 | P42: =SUM(D42:O42) -> 324.8
B43: Total recipientes | D43: =SUM(D35:D42) -> 5766.7337 | E43: =SUM(E35:E42) -> 4402.4153 | F43: =SUM(F35:F42) -> 4128.161 | G43: =SUM(G35:G42) -> 3952.3514 | H43: =SUM(H35:H42) -> 3699.1766 | I43: =SUM(I35:I42) -> 3621.8115 | J43: =SUM(J35:J42) -> 3874.9863 | K43: =SUM(K35:K42) -> 3874.9863 | ... P43: =SUM(P35:P42) -> 50634.95
A45: 2030 | B45: Producto | C45: Tipo | D45: Ene | E45: Feb | F45: Mar | G45: Abr | H45: May | I45: Jun | J45: Jul | K45: Ago | L45: Sep | M45: Oct | N45: Nov | O45: Dic | P45: Total anual
A46: 2030 | B46: ABC 1 kg | C46: Terminado | D46: =datos_base!$F$2*parametros_manuales!B$12 -> 1521.6759 | E46: =datos_base!$F$2*parametros_manuales!C$12 -> 1141.2569 | F46: =datos_base!$F$2*parametros_manuales!D$12 -> 1014.4506 | G46: =datos_base!$F$2*parametros_manuales!E$12 -> 951.04745 | H46: =datos_base!$F$2*parametros_manuales!F$12 -> 887.64429 | I46: =datos_base!$F$2*parametros_manuales!G$12 -> 887.64429 | J46: =datos_base!$F$2*parametros_manuales!H$12 -> 951.04745 | K46: =datos_base!$F$2*parametros_manuales!I$12 -> 951.04745 | ... O46: =datos_base!$F$2*parametros_manuales!M$12 -> 1521.6759 | P46: =SUM(D46:O46) -> 12680.633
A47: 2030 | B47: ABC 2,5 kg | C47: Terminado | D47: =datos_base!$F$3*parametros_manuales!B$13 -> 232.57077 | E47: =datos_base!$F$3*parametros_manuales!C$13 -> 186.05662 | F47: =datos_base!$F$3*parametros_manuales!D$13 -> 197.68516 | G47: =datos_base!$F$3*parametros_manuales!E$13 -> 197.68516 | H47: =datos_base!$F$3*parametros_manuales!F$13 -> 186.05662 | I47: =datos_base!$F$3*parametros_manuales!G$13 -> 174.42808 | J47: =datos_base!$F$3*parametros_manuales!H$13 -> 186.05662 | K47: =datos_base!$F$3*parametros_manuales!I$13 -> 186.05662 | ... O47: =datos_base!$F$3*parametros_manuales!M$13 -> 255.82785 | P47: =SUM(D47:O47) -> 2325.7077
A48: 2030 | B48: ABC 5 kg | C48: Terminado | D48: =datos_base!$F$4*parametros_manuales!B$14 -> 1089.9547 | E48: =datos_base!$F$4*parametros_manuales!C$14 -> 871.96376 | F48: =datos_base!$F$4*parametros_manuales!D$14 -> 926.46149 | G48: =datos_base!$F$4*parametros_manuales!E$14 -> 926.46149 | H48: =datos_base!$F$4*parametros_manuales!F$14 -> 871.96376 | I48: =datos_base!$F$4*parametros_manuales!G$14 -> 817.46602 | J48: =datos_base!$F$4*parametros_manuales!H$14 -> 871.96376 | K48: =datos_base!$F$4*parametros_manuales!I$14 -> 871.96376 | ... O48: =datos_base!$F$4*parametros_manuales!M$14 -> 1198.9502 | P48: =SUM(D48:O48) -> 10899.547
A49: 2030 | B49: ABC 10 kg | C49: Terminado | D49: =datos_base!$F$5*parametros_manuales!B$15 -> 60.751815 | E49: =datos_base!$F$5*parametros_manuales!C$15 -> 48.601452 | F49: =datos_base!$F$5*parametros_manuales!D$15 -> 51.639043 | G49: =datos_base!$F$5*parametros_manuales!E$15 -> 51.639043 | H49: =datos_base!$F$5*parametros_manuales!F$15 -> 48.601452 | I49: =datos_base!$F$5*parametros_manuales!G$15 -> 45.563861 | J49: =datos_base!$F$5*parametros_manuales!H$15 -> 48.601452 | K49: =datos_base!$F$5*parametros_manuales!I$15 -> 48.601452 | ... O49: =datos_base!$F$5*parametros_manuales!M$15 -> 66.826997 | P49: =SUM(D49:O49) -> 607.51815
A50: 2030 | B50: Cilindros ABC 1 kg | C50: Cilindro | D50: =datos_base!$F$9*parametros_manuales!B$12 -> 5932.176 | E50: =datos_base!$F$9*parametros_manuales!C$12 -> 4449.132 | F50: =datos_base!$F$9*parametros_manuales!D$12 -> 3954.784 | G50: =datos_base!$F$9*parametros_manuales!E$12 -> 3707.61 | H50: =datos_base!$F$9*parametros_manuales!F$12 -> 3460.436 | I50: =datos_base!$F$9*parametros_manuales!G$12 -> 3460.436 | J50: =datos_base!$F$9*parametros_manuales!H$12 -> 3707.61 | K50: =datos_base!$F$9*parametros_manuales!I$12 -> 3707.61 | ... O50: =datos_base!$F$9*parametros_manuales!M$12 -> 5932.176 | P50: =SUM(D50:O50) -> 49434.8
A51: 2030 | B51: Cilindros ABC 2,5 kg | C51: Cilindro | D51: =datos_base!$F$10*parametros_manuales!B$13 -> 195.892 | E51: =datos_base!$F$10*parametros_manuales!C$13 -> 156.7136 | F51: =datos_base!$F$10*parametros_manuales!D$13 -> 166.5082 | G51: =datos_base!$F$10*parametros_manuales!E$13 -> 166.5082 | H51: =datos_base!$F$10*parametros_manuales!F$13 -> 156.7136 | I51: =datos_base!$F$10*parametros_manuales!G$13 -> 146.919 | J51: =datos_base!$F$10*parametros_manuales!H$13 -> 156.7136 | K51: =datos_base!$F$10*parametros_manuales!I$13 -> 156.7136 | ... O51: =datos_base!$F$10*parametros_manuales!M$13 -> 215.4812 | P51: =SUM(D51:O51) -> 1958.92
A52: 2030 | B52: Cilindros ABC 5 kg | C52: Cilindro | D52: =datos_base!$F$11*parametros_manuales!B$14 -> 969.324 | E52: =datos_base!$F$11*parametros_manuales!C$14 -> 775.4592 | F52: =datos_base!$F$11*parametros_manuales!D$14 -> 823.9254 | G52: =datos_base!$F$11*parametros_manuales!E$14 -> 823.9254 | H52: =datos_base!$F$11*parametros_manuales!F$14 -> 775.4592 | I52: =datos_base!$F$11*parametros_manuales!G$14 -> 726.993 | J52: =datos_base!$F$11*parametros_manuales!H$14 -> 775.4592 | K52: =datos_base!$F$11*parametros_manuales!I$14 -> 775.4592 | ... O52: =datos_base!$F$11*parametros_manuales!M$14 -> 1066.2564 | P52: =SUM(D52:O52) -> 9693.24
A53: 2030 | B53: Cilindros ABC 10 kg | C53: Cilindro | D53: =datos_base!$F$12*parametros_manuales!B$15 -> 59.292 | E53: =datos_base!$F$12*parametros_manuales!C$15 -> 47.4336 | F53: =datos_base!$F$12*parametros_manuales!D$15 -> 50.3982 | G53: =datos_base!$F$12*parametros_manuales!E$15 -> 50.3982 | H53: =datos_base!$F$12*parametros_manuales!F$15 -> 47.4336 | I53: =datos_base!$F$12*parametros_manuales!G$15 -> 44.469 | J53: =datos_base!$F$12*parametros_manuales!H$15 -> 47.4336 | K53: =datos_base!$F$12*parametros_manuales!I$15 -> 47.4336 | ... O53: =datos_base!$F$12*parametros_manuales!M$15 -> 65.2212 | P53: =SUM(D53:O53) -> 592.92
B54: Total recipientes | D54: =SUM(D46:D53) -> 10061.637 | E54: =SUM(E46:E53) -> 7676.6172 | F54: =SUM(F46:F53) -> 7185.8521 | G54: =SUM(G46:G53) -> 6875.2749 | H54: =SUM(H46:H53) -> 6434.3085 | I54: =SUM(I46:I53) -> 6303.9193 | J54: =SUM(J46:J53) -> 6744.8857 | K54: =SUM(K46:K53) -> 6744.8857 | ... P54: =SUM(P46:P53) -> 88193.286
A56: 2031 | B56: Producto | C56: Tipo | D56: Ene | E56: Feb | F56: Mar | G56: Abr | H56: May | I56: Jun | J56: Jul | K56: Ago | L56: Sep | M56: Oct | N56: Nov | O56: Dic | P56: Total anual
A57: 2031 | B57: ABC 1 kg | C57: Terminado | D57: =datos_base!$G$2*parametros_manuales!B$12 -> 1874.4304 | E57: =datos_base!$G$2*parametros_manuales!C$12 -> 1405.8228 | F57: =datos_base!$G$2*parametros_manuales!D$12 -> 1249.6202 | G57: =datos_base!$G$2*parametros_manuales!E$12 -> 1171.519 | H57: =datos_base!$G$2*parametros_manuales!F$12 -> 1093.4177 | I57: =datos_base!$G$2*parametros_manuales!G$12 -> 1093.4177 | J57: =datos_base!$G$2*parametros_manuales!H$12 -> 1171.519 | K57: =datos_base!$G$2*parametros_manuales!I$12 -> 1171.519 | ... O57: =datos_base!$G$2*parametros_manuales!M$12 -> 1874.4304 | P57: =SUM(D57:O57) -> 15620.253
A58: 2031 | B58: ABC 2,5 kg | C58: Terminado | D58: =datos_base!$G$3*parametros_manuales!B$13 -> 326.78299 | E58: =datos_base!$G$3*parametros_manuales!C$13 -> 261.42639 | F58: =datos_base!$G$3*parametros_manuales!D$13 -> 277.76554 | G58: =datos_base!$G$3*parametros_manuales!E$13 -> 277.76554 | H58: =datos_base!$G$3*parametros_manuales!F$13 -> 261.42639 | I58: =datos_base!$G$3*parametros_manuales!G$13 -> 245.08724 | J58: =datos_base!$G$3*parametros_manuales!H$13 -> 261.42639 | K58: =datos_base!$G$3*parametros_manuales!I$13 -> 261.42639 | ... O58: =datos_base!$G$3*parametros_manuales!M$13 -> 359.46129 | P58: =SUM(D58:O58) -> 3267.8299
A59: 2031 | B59: ABC 5 kg | C59: Terminado | D59: =datos_base!$G$4*parametros_manuales!B$14 -> 1469.5644 | E59: =datos_base!$G$4*parametros_manuales!C$14 -> 1175.6515 | F59: =datos_base!$G$4*parametros_manuales!D$14 -> 1249.1297 | G59: =datos_base!$G$4*parametros_manuales!E$14 -> 1249.1297 | H59: =datos_base!$G$4*parametros_manuales!F$14 -> 1175.6515 | I59: =datos_base!$G$4*parametros_manuales!G$14 -> 1102.1733 | J59: =datos_base!$G$4*parametros_manuales!H$14 -> 1175.6515 | K59: =datos_base!$G$4*parametros_manuales!I$14 -> 1175.6515 | ... O59: =datos_base!$G$4*parametros_manuales!M$14 -> 1616.5209 | P59: =SUM(D59:O59) -> 14695.644
A60: 2031 | B60: ABC 10 kg | C60: Terminado | D60: =datos_base!$G$5*parametros_manuales!B$15 -> 87.872503 | E60: =datos_base!$G$5*parametros_manuales!C$15 -> 70.298003 | F60: =datos_base!$G$5*parametros_manuales!D$15 -> 74.691628 | G60: =datos_base!$G$5*parametros_manuales!E$15 -> 74.691628 | H60: =datos_base!$G$5*parametros_manuales!F$15 -> 70.298003 | I60: =datos_base!$G$5*parametros_manuales!G$15 -> 65.904377 | J60: =datos_base!$G$5*parametros_manuales!H$15 -> 70.298003 | K60: =datos_base!$G$5*parametros_manuales!I$15 -> 70.298003 | ... O60: =datos_base!$G$5*parametros_manuales!M$15 -> 96.659754 | P60: =SUM(D60:O60) -> 878.72503
A61: 2031 | B61: Cilindros ABC 1 kg | C61: Cilindro | D61: =datos_base!$G$9*parametros_manuales!B$12 -> 8601.624 | E61: =datos_base!$G$9*parametros_manuales!C$12 -> 6451.218 | F61: =datos_base!$G$9*parametros_manuales!D$12 -> 5734.416 | G61: =datos_base!$G$9*parametros_manuales!E$12 -> 5376.015 | H61: =datos_base!$G$9*parametros_manuales!F$12 -> 5017.614 | I61: =datos_base!$G$9*parametros_manuales!G$12 -> 5017.614 | J61: =datos_base!$G$9*parametros_manuales!H$12 -> 5376.015 | K61: =datos_base!$G$9*parametros_manuales!I$12 -> 5376.015 | ... O61: =datos_base!$G$9*parametros_manuales!M$12 -> 8601.624 | P61: =SUM(D61:O61) -> 71680.2
A62: 2031 | B62: Cilindros ABC 2,5 kg | C62: Cilindro | D62: =datos_base!$G$10*parametros_manuales!B$13 -> 283.168 | E62: =datos_base!$G$10*parametros_manuales!C$13 -> 226.5344 | F62: =datos_base!$G$10*parametros_manuales!D$13 -> 240.6928 | G62: =datos_base!$G$10*parametros_manuales!E$13 -> 240.6928 | H62: =datos_base!$G$10*parametros_manuales!F$13 -> 226.5344 | I62: =datos_base!$G$10*parametros_manuales!G$13 -> 212.376 | J62: =datos_base!$G$10*parametros_manuales!H$13 -> 226.5344 | K62: =datos_base!$G$10*parametros_manuales!I$13 -> 226.5344 | ... O62: =datos_base!$G$10*parametros_manuales!M$13 -> 311.4848 | P62: =SUM(D62:O62) -> 2831.68
A63: 2031 | B63: Cilindros ABC 5 kg | C63: Cilindro | D63: =datos_base!$G$11*parametros_manuales!B$14 -> 1400.596 | E63: =datos_base!$G$11*parametros_manuales!C$14 -> 1120.4768 | F63: =datos_base!$G$11*parametros_manuales!D$14 -> 1190.5066 | G63: =datos_base!$G$11*parametros_manuales!E$14 -> 1190.5066 | H63: =datos_base!$G$11*parametros_manuales!F$14 -> 1120.4768 | I63: =datos_base!$G$11*parametros_manuales!G$14 -> 1050.447 | J63: =datos_base!$G$11*parametros_manuales!H$14 -> 1120.4768 | K63: =datos_base!$G$11*parametros_manuales!I$14 -> 1120.4768 | ... O63: =datos_base!$G$11*parametros_manuales!M$14 -> 1540.6556 | P63: =SUM(D63:O63) -> 14005.96
A64: 2031 | B64: Cilindros ABC 10 kg | C64: Cilindro | D64: =datos_base!$G$12*parametros_manuales!B$15 -> 85.696 | E64: =datos_base!$G$12*parametros_manuales!C$15 -> 68.5568 | F64: =datos_base!$G$12*parametros_manuales!D$15 -> 72.8416 | G64: =datos_base!$G$12*parametros_manuales!E$15 -> 72.8416 | H64: =datos_base!$G$12*parametros_manuales!F$15 -> 68.5568 | I64: =datos_base!$G$12*parametros_manuales!G$15 -> 64.272 | J64: =datos_base!$G$12*parametros_manuales!H$15 -> 68.5568 | K64: =datos_base!$G$12*parametros_manuales!I$15 -> 68.5568 | ... O64: =datos_base!$G$12*parametros_manuales!M$15 -> 94.2656 | P64: =SUM(D64:O64) -> 856.96
B65: Total recipientes | D65: =SUM(D57:D64) -> 14129.734 | E65: =SUM(E57:E64) -> 10779.985 | F65: =SUM(F57:F64) -> 10089.664 | G65: =SUM(G57:G64) -> 9653.1619 | H65: =SUM(H57:H64) -> 9033.9756 | I65: =SUM(I57:I64) -> 8851.2916 | J65: =SUM(J57:J64) -> 9470.4779 | K65: =SUM(K57:K64) -> 9470.4779 | ... P65: =SUM(P57:P64) -> 123837.25
A67: 2032 | B67: Producto | C67: Tipo | D67: Ene | E67: Feb | F67: Mar | G67: Abr | H67: May | I67: Jun | J67: Jul | K67: Ago | L67: Sep | M67: Oct | N67: Nov | O67: Dic | P67: Total anual
A68: 2032 | B68: ABC 1 kg | C68: Terminado | D68: =datos_base!$H$2*parametros_manuales!B$12 -> 2439.9064 | E68: =datos_base!$H$2*parametros_manuales!C$12 -> 1829.9298 | F68: =datos_base!$H$2*parametros_manuales!D$12 -> 1626.6043 | G68: =datos_base!$H$2*parametros_manuales!E$12 -> 1524.9415 | H68: =datos_base!$H$2*parametros_manuales!F$12 -> 1423.2787 | I68: =datos_base!$H$2*parametros_manuales!G$12 -> 1423.2787 | J68: =datos_base!$H$2*parametros_manuales!H$12 -> 1524.9415 | K68: =datos_base!$H$2*parametros_manuales!I$12 -> 1524.9415 | ... O68: =datos_base!$H$2*parametros_manuales!M$12 -> 2439.9064 | P68: =SUM(D68:O68) -> 20332.553
A69: 2032 | B69: ABC 2,5 kg | C69: Terminado | D69: =datos_base!$H$3*parametros_manuales!B$13 -> 411.62355 | E69: =datos_base!$H$3*parametros_manuales!C$13 -> 329.29884 | F69: =datos_base!$H$3*parametros_manuales!D$13 -> 349.88002 | G69: =datos_base!$H$3*parametros_manuales!E$13 -> 349.88002 | H69: =datos_base!$H$3*parametros_manuales!F$13 -> 329.29884 | I69: =datos_base!$H$3*parametros_manuales!G$13 -> 308.71766 | J69: =datos_base!$H$3*parametros_manuales!H$13 -> 329.29884 | K69: =datos_base!$H$3*parametros_manuales!I$13 -> 329.29884 | ... O69: =datos_base!$H$3*parametros_manuales!M$13 -> 452.78591 | P69: =SUM(D69:O69) -> 4116.2355
A70: 2032 | B70: ABC 5 kg | C70: Terminado | D70: =datos_base!$H$4*parametros_manuales!B$14 -> 1895.52 | E70: =datos_base!$H$4*parametros_manuales!C$14 -> 1516.416 | F70: =datos_base!$H$4*parametros_manuales!D$14 -> 1611.192 | G70: =datos_base!$H$4*parametros_manuales!E$14 -> 1611.192 | H70: =datos_base!$H$4*parametros_manuales!F$14 -> 1516.416 | I70: =datos_base!$H$4*parametros_manuales!G$14 -> 1421.64 | J70: =datos_base!$H$4*parametros_manuales!H$14 -> 1516.416 | K70: =datos_base!$H$4*parametros_manuales!I$14 -> 1516.416 | ... O70: =datos_base!$H$4*parametros_manuales!M$14 -> 2085.072 | P70: =SUM(D70:O70) -> 18955.2
A71: 2032 | B71: ABC 10 kg | C71: Terminado | D71: =datos_base!$H$5*parametros_manuales!B$15 -> 113.16805 | E71: =datos_base!$H$5*parametros_manuales!C$15 -> 90.534444 | F71: =datos_base!$H$5*parametros_manuales!D$15 -> 96.192846 | G71: =datos_base!$H$5*parametros_manuales!E$15 -> 96.192846 | H71: =datos_base!$H$5*parametros_manuales!F$15 -> 90.534444 | I71: =datos_base!$H$5*parametros_manuales!G$15 -> 84.876041 | J71: =datos_base!$H$5*parametros_manuales!H$15 -> 90.534444 | K71: =datos_base!$H$5*parametros_manuales!I$15 -> 90.534444 | ... O71: =datos_base!$H$5*parametros_manuales!M$15 -> 124.48486 | P71: =SUM(D71:O71) -> 1131.6805
A72: 2032 | B72: Cilindros ABC 1 kg | C72: Cilindro | D72: =datos_base!$H$9*parametros_manuales!B$12 -> 12160.872 | E72: =datos_base!$H$9*parametros_manuales!C$12 -> 9120.654 | F72: =datos_base!$H$9*parametros_manuales!D$12 -> 8107.248 | G72: =datos_base!$H$9*parametros_manuales!E$12 -> 7600.545 | H72: =datos_base!$H$9*parametros_manuales!F$12 -> 7093.842 | I72: =datos_base!$H$9*parametros_manuales!G$12 -> 7093.842 | J72: =datos_base!$H$9*parametros_manuales!H$12 -> 7600.545 | K72: =datos_base!$H$9*parametros_manuales!I$12 -> 7600.545 | ... O72: =datos_base!$H$9*parametros_manuales!M$12 -> 12160.872 | P72: =SUM(D72:O72) -> 101340.6
A73: 2032 | B73: Cilindros ABC 2,5 kg | C73: Cilindro | D73: =datos_base!$H$10*parametros_manuales!B$13 -> 398.952 | E73: =datos_base!$H$10*parametros_manuales!C$13 -> 319.1616 | F73: =datos_base!$H$10*parametros_manuales!D$13 -> 339.1092 | G73: =datos_base!$H$10*parametros_manuales!E$13 -> 339.1092 | H73: =datos_base!$H$10*parametros_manuales!F$13 -> 319.1616 | I73: =datos_base!$H$10*parametros_manuales!G$13 -> 299.214 | J73: =datos_base!$H$10*parametros_manuales!H$13 -> 319.1616 | K73: =datos_base!$H$10*parametros_manuales!I$13 -> 319.1616 | ... O73: =datos_base!$H$10*parametros_manuales!M$13 -> 438.8472 | P73: =SUM(D73:O73) -> 3989.52
A74: 2032 | B74: Cilindros ABC 5 kg | C74: Cilindro | D74: =datos_base!$H$11*parametros_manuales!B$14 -> 1970.94 | E74: =datos_base!$H$11*parametros_manuales!C$14 -> 1576.752 | F74: =datos_base!$H$11*parametros_manuales!D$14 -> 1675.299 | G74: =datos_base!$H$11*parametros_manuales!E$14 -> 1675.299 | H74: =datos_base!$H$11*parametros_manuales!F$14 -> 1576.752 | I74: =datos_base!$H$11*parametros_manuales!G$14 -> 1478.205 | J74: =datos_base!$H$11*parametros_manuales!H$14 -> 1576.752 | K74: =datos_base!$H$11*parametros_manuales!I$14 -> 1576.752 | ... O74: =datos_base!$H$11*parametros_manuales!M$14 -> 2168.034 | P74: =SUM(D74:O74) -> 19709.4
A75: 2032 | B75: Cilindros ABC 10 kg | C75: Cilindro | D75: =datos_base!$H$12*parametros_manuales!B$15 -> 120.428 | E75: =datos_base!$H$12*parametros_manuales!C$15 -> 96.3424 | F75: =datos_base!$H$12*parametros_manuales!D$15 -> 102.3638 | G75: =datos_base!$H$12*parametros_manuales!E$15 -> 102.3638 | H75: =datos_base!$H$12*parametros_manuales!F$15 -> 96.3424 | I75: =datos_base!$H$12*parametros_manuales!G$15 -> 90.321 | J75: =datos_base!$H$12*parametros_manuales!H$15 -> 96.3424 | K75: =datos_base!$H$12*parametros_manuales!I$15 -> 96.3424 | ... O75: =datos_base!$H$12*parametros_manuales!M$15 -> 132.4708 | P75: =SUM(D75:O75) -> 1204.28
B76: Total recipientes | D76: =SUM(D68:D75) -> 19511.41 | E76: =SUM(E68:E75) -> 14879.089 | F76: =SUM(F68:F75) -> 13907.889 | G76: =SUM(G68:G75) -> 13299.523 | H76: =SUM(H68:H75) -> 12445.626 | I76: =SUM(I68:I75) -> 12200.094 | J76: =SUM(J68:J75) -> 13053.992 | K76: =SUM(K68:K75) -> 13053.992 | ... P76: =SUM(P68:P75) -> 170779.47
A78: 2033 | B78: Producto | C78: Tipo | D78: Ene | E78: Feb | F78: Mar | G78: Abr | H78: May | I78: Jun | J78: Jul | K78: Ago | L78: Sep | M78: Oct | N78: Nov | O78: Dic | P78: Total anual
A79: 2033 | B79: ABC 1 kg | C79: Terminado | D79: =datos_base!$I$2*parametros_manuales!B$12 -> 3015.8494 | E79: =datos_base!$I$2*parametros_manuales!C$12 -> 2261.8871 | F79: =datos_base!$I$2*parametros_manuales!D$12 -> 2010.5663 | G79: =datos_base!$I$2*parametros_manuales!E$12 -> 1884.9059 | H79: =datos_base!$I$2*parametros_manuales!F$12 -> 1759.2455 | I79: =datos_base!$I$2*parametros_manuales!G$12 -> 1759.2455 | J79: =datos_base!$I$2*parametros_manuales!H$12 -> 1884.9059 | K79: =datos_base!$I$2*parametros_manuales!I$12 -> 1884.9059 | ... O79: =datos_base!$I$2*parametros_manuales!M$12 -> 3015.8494 | P79: =SUM(D79:O79) -> 25132.078
A80: 2033 | B80: ABC 2,5 kg | C80: Terminado | D80: =datos_base!$I$3*parametros_manuales!B$13 -> 511.50266 | E80: =datos_base!$I$3*parametros_manuales!C$13 -> 409.20213 | F80: =datos_base!$I$3*parametros_manuales!D$13 -> 434.77726 | G80: =datos_base!$I$3*parametros_manuales!E$13 -> 434.77726 | H80: =datos_base!$I$3*parametros_manuales!F$13 -> 409.20213 | I80: =datos_base!$I$3*parametros_manuales!G$13 -> 383.62699 | J80: =datos_base!$I$3*parametros_manuales!H$13 -> 409.20213 | K80: =datos_base!$I$3*parametros_manuales!I$13 -> 409.20213 | ... O80: =datos_base!$I$3*parametros_manuales!M$13 -> 562.65292 | P80: =SUM(D80:O80) -> 5115.0266
A81: 2033 | B81: ABC 5 kg | C81: Terminado | D81: =datos_base!$I$4*parametros_manuales!B$14 -> 2343.3946 | E81: =datos_base!$I$4*parametros_manuales!C$14 -> 1874.7157 | F81: =datos_base!$I$4*parametros_manuales!D$14 -> 1991.8854 | G81: =datos_base!$I$4*parametros_manuales!E$14 -> 1991.8854 | H81: =datos_base!$I$4*parametros_manuales!F$14 -> 1874.7157 | I81: =datos_base!$I$4*parametros_manuales!G$14 -> 1757.546 | J81: =datos_base!$I$4*parametros_manuales!H$14 -> 1874.7157 | K81: =datos_base!$I$4*parametros_manuales!I$14 -> 1874.7157 | ... O81: =datos_base!$I$4*parametros_manuales!M$14 -> 2577.7341 | P81: =SUM(D81:O81) -> 23433.946
A82: 2033 | B82: ABC 10 kg | C82: Terminado | D82: =datos_base!$I$5*parametros_manuales!B$15 -> 139.92048 | E82: =datos_base!$I$5*parametros_manuales!C$15 -> 111.93638 | F82: =datos_base!$I$5*parametros_manuales!D$15 -> 118.93241 | G82: =datos_base!$I$5*parametros_manuales!E$15 -> 118.93241 | H82: =datos_base!$I$5*parametros_manuales!F$15 -> 111.93638 | I82: =datos_base!$I$5*parametros_manuales!G$15 -> 104.94036 | J82: =datos_base!$I$5*parametros_manuales!H$15 -> 111.93638 | K82: =datos_base!$I$5*parametros_manuales!I$15 -> 111.93638 | ... O82: =datos_base!$I$5*parametros_manuales!M$15 -> 153.91253 | P82: =SUM(D82:O82) -> 1399.2048
A83: 2033 | B83: Cilindros ABC 1 kg | C83: Cilindro | D83: =datos_base!$I$9*parametros_manuales!B$12 -> 15720.12 | E83: =datos_base!$I$9*parametros_manuales!C$12 -> 11790.09 | F83: =datos_base!$I$9*parametros_manuales!D$12 -> 10480.08 | G83: =datos_base!$I$9*parametros_manuales!E$12 -> 9825.075 | H83: =datos_base!$I$9*parametros_manuales!F$12 -> 9170.07 | I83: =datos_base!$I$9*parametros_manuales!G$12 -> 9170.07 | J83: =datos_base!$I$9*parametros_manuales!H$12 -> 9825.075 | K83: =datos_base!$I$9*parametros_manuales!I$12 -> 9825.075 | ... O83: =datos_base!$I$9*parametros_manuales!M$12 -> 15720.12 | P83: =SUM(D83:O83) -> 131001
A84: 2033 | B84: Cilindros ABC 2,5 kg | C84: Cilindro | D84: =datos_base!$I$10*parametros_manuales!B$13 -> 514.404 | E84: =datos_base!$I$10*parametros_manuales!C$13 -> 411.5232 | F84: =datos_base!$I$10*parametros_manuales!D$13 -> 437.2434 | G84: =datos_base!$I$10*parametros_manuales!E$13 -> 437.2434 | H84: =datos_base!$I$10*parametros_manuales!F$13 -> 411.5232 | I84: =datos_base!$I$10*parametros_manuales!G$13 -> 385.803 | J84: =datos_base!$I$10*parametros_manuales!H$13 -> 411.5232 | K84: =datos_base!$I$10*parametros_manuales!I$13 -> 411.5232 | ... O84: =datos_base!$I$10*parametros_manuales!M$13 -> 565.8444 | P84: =SUM(D84:O84) -> 5144.04
A85: 2033 | B85: Cilindros ABC 5 kg | C85: Cilindro | D85: =datos_base!$I$11*parametros_manuales!B$14 -> 2540.828 | E85: =datos_base!$I$11*parametros_manuales!C$14 -> 2032.6624 | F85: =datos_base!$I$11*parametros_manuales!D$14 -> 2159.7038 | G85: =datos_base!$I$11*parametros_manuales!E$14 -> 2159.7038 | H85: =datos_base!$I$11*parametros_manuales!F$14 -> 2032.6624 | I85: =datos_base!$I$11*parametros_manuales!G$14 -> 1905.621 | J85: =datos_base!$I$11*parametros_manuales!H$14 -> 2032.6624 | K85: =datos_base!$I$11*parametros_manuales!I$14 -> 2032.6624 | ... O85: =datos_base!$I$11*parametros_manuales!M$14 -> 2794.9108 | P85: =SUM(D85:O85) -> 25408.28
A86: 2033 | B86: Cilindros ABC 10 kg | C86: Cilindro | D86: =datos_base!$I$12*parametros_manuales!B$15 -> 155.236 | E86: =datos_base!$I$12*parametros_manuales!C$15 -> 124.1888 | F86: =datos_base!$I$12*parametros_manuales!D$15 -> 131.9506 | G86: =datos_base!$I$12*parametros_manuales!E$15 -> 131.9506 | H86: =datos_base!$I$12*parametros_manuales!F$15 -> 124.1888 | I86: =datos_base!$I$12*parametros_manuales!G$15 -> 116.427 | J86: =datos_base!$I$12*parametros_manuales!H$15 -> 124.1888 | K86: =datos_base!$I$12*parametros_manuales!I$15 -> 124.1888 | ... O86: =datos_base!$I$12*parametros_manuales!M$15 -> 170.7596 | P86: =SUM(D86:O86) -> 1552.36
B87: Total recipientes | D87: =SUM(D79:D86) -> 24941.255 | E87: =SUM(E79:E86) -> 19016.206 | F87: =SUM(F79:F86) -> 17765.139 | G87: =SUM(G79:G86) -> 16984.474 | H87: =SUM(H79:H86) -> 15893.544 | I87: =SUM(I79:I86) -> 15583.28 | J87: =SUM(J79:J86) -> 16674.21 | K87: =SUM(K79:K86) -> 16674.21 | ... P87: =SUM(P79:P86) -> 218185.94
A89: 2034 | B89: Producto | C89: Tipo | D89: Ene | E89: Feb | F89: Mar | G89: Abr | H89: May | I89: Jun | J89: Jul | K89: Ago | L89: Sep | M89: Oct | N89: Nov | O89: Dic | P89: Total anual
A90: 2034 | B90: ABC 1 kg | C90: Terminado | D90: =datos_base!$J$2*parametros_manuales!B$12 -> 3428.8003 | E90: =datos_base!$J$2*parametros_manuales!C$12 -> 2571.6003 | F90: =datos_base!$J$2*parametros_manuales!D$12 -> 2285.8669 | G90: =datos_base!$J$2*parametros_manuales!E$12 -> 2143.0002 | H90: =datos_base!$J$2*parametros_manuales!F$12 -> 2000.1335 | I90: =datos_base!$J$2*parametros_manuales!G$12 -> 2000.1335 | J90: =datos_base!$J$2*parametros_manuales!H$12 -> 2143.0002 | K90: =datos_base!$J$2*parametros_manuales!I$12 -> 2143.0002 | ... O90: =datos_base!$J$2*parametros_manuales!M$12 -> 3428.8003 | P90: =SUM(D90:O90) -> 28573.336
A91: 2034 | B91: ABC 2,5 kg | C91: Terminado | D91: =datos_base!$J$3*parametros_manuales!B$13 -> 620.53862 | E91: =datos_base!$J$3*parametros_manuales!C$13 -> 496.4309 | F91: =datos_base!$J$3*parametros_manuales!D$13 -> 527.45783 | G91: =datos_base!$J$3*parametros_manuales!E$13 -> 527.45783 | H91: =datos_base!$J$3*parametros_manuales!F$13 -> 496.4309 | I91: =datos_base!$J$3*parametros_manuales!G$13 -> 465.40397 | J91: =datos_base!$J$3*parametros_manuales!H$13 -> 496.4309 | K91: =datos_base!$J$3*parametros_manuales!I$13 -> 496.4309 | ... O91: =datos_base!$J$3*parametros_manuales!M$13 -> 682.59249 | P91: =SUM(D91:O91) -> 6205.3862
A92: 2034 | B92: ABC 5 kg | C92: Terminado | D92: =datos_base!$J$4*parametros_manuales!B$14 -> 2702.8525 | E92: =datos_base!$J$4*parametros_manuales!C$14 -> 2162.282 | F92: =datos_base!$J$4*parametros_manuales!D$14 -> 2297.4246 | G92: =datos_base!$J$4*parametros_manuales!E$14 -> 2297.4246 | H92: =datos_base!$J$4*parametros_manuales!F$14 -> 2162.282 | I92: =datos_base!$J$4*parametros_manuales!G$14 -> 2027.1393 | J92: =datos_base!$J$4*parametros_manuales!H$14 -> 2162.282 | K92: =datos_base!$J$4*parametros_manuales!I$14 -> 2162.282 | ... O92: =datos_base!$J$4*parametros_manuales!M$14 -> 2973.1377 | P92: =SUM(D92:O92) -> 27028.525
A93: 2034 | B93: ABC 10 kg | C93: Terminado | D93: =datos_base!$J$5*parametros_manuales!B$15 -> 161.62701 | E93: =datos_base!$J$5*parametros_manuales!C$15 -> 129.3016 | F93: =datos_base!$J$5*parametros_manuales!D$15 -> 137.38295 | G93: =datos_base!$J$5*parametros_manuales!E$15 -> 137.38295 | H93: =datos_base!$J$5*parametros_manuales!F$15 -> 129.3016 | I93: =datos_base!$J$5*parametros_manuales!G$15 -> 121.22025 | J93: =datos_base!$J$5*parametros_manuales!H$15 -> 129.3016 | K93: =datos_base!$J$5*parametros_manuales!I$15 -> 129.3016 | ... O93: =datos_base!$J$5*parametros_manuales!M$15 -> 177.78971 | P93: =SUM(D93:O93) -> 1616.2701
A94: 2034 | B94: Cilindros ABC 1 kg | C94: Cilindro | D94: =datos_base!$J$9*parametros_manuales!B$12 -> 17618.376 | E94: =datos_base!$J$9*parametros_manuales!C$12 -> 13213.782 | F94: =datos_base!$J$9*parametros_manuales!D$12 -> 11745.584 | G94: =datos_base!$J$9*parametros_manuales!E$12 -> 11011.485 | H94: =datos_base!$J$9*parametros_manuales!F$12 -> 10277.386 | I94: =datos_base!$J$9*parametros_manuales!G$12 -> 10277.386 | J94: =datos_base!$J$9*parametros_manuales!H$12 -> 11011.485 | K94: =datos_base!$J$9*parametros_manuales!I$12 -> 11011.485 | ... O94: =datos_base!$J$9*parametros_manuales!M$12 -> 17618.376 | P94: =SUM(D94:O94) -> 146819.8
A95: 2034 | B95: Cilindros ABC 2,5 kg | C95: Cilindro | D95: =datos_base!$J$10*parametros_manuales!B$13 -> 576.24 | E95: =datos_base!$J$10*parametros_manuales!C$13 -> 460.992 | F95: =datos_base!$J$10*parametros_manuales!D$13 -> 489.804 | G95: =datos_base!$J$10*parametros_manuales!E$13 -> 489.804 | H95: =datos_base!$J$10*parametros_manuales!F$13 -> 460.992 | I95: =datos_base!$J$10*parametros_manuales!G$13 -> 432.18 | J95: =datos_base!$J$10*parametros_manuales!H$13 -> 460.992 | K95: =datos_base!$J$10*parametros_manuales!I$13 -> 460.992 | ... O95: =datos_base!$J$10*parametros_manuales!M$13 -> 633.864 | P95: =SUM(D95:O95) -> 5762.4
A96: 2034 | B96: Cilindros ABC 5 kg | C96: Cilindro | D96: =datos_base!$J$11*parametros_manuales!B$14 -> 2845.284 | E96: =datos_base!$J$11*parametros_manuales!C$14 -> 2276.2272 | F96: =datos_base!$J$11*parametros_manuales!D$14 -> 2418.4914 | G96: =datos_base!$J$11*parametros_manuales!E$14 -> 2418.4914 | H96: =datos_base!$J$11*parametros_manuales!F$14 -> 2276.2272 | I96: =datos_base!$J$11*parametros_manuales!G$14 -> 2133.963 | J96: =datos_base!$J$11*parametros_manuales!H$14 -> 2276.2272 | K96: =datos_base!$J$11*parametros_manuales!I$14 -> 2276.2272 | ... O96: =datos_base!$J$11*parametros_manuales!M$14 -> 3129.8124 | P96: =SUM(D96:O96) -> 28452.84
A97: 2034 | B97: Cilindros ABC 10 kg | C97: Cilindro | D97: =datos_base!$J$12*parametros_manuales!B$15 -> 173.908 | E97: =datos_base!$J$12*parametros_manuales!C$15 -> 139.1264 | F97: =datos_base!$J$12*parametros_manuales!D$15 -> 147.8218 | G97: =datos_base!$J$12*parametros_manuales!E$15 -> 147.8218 | H97: =datos_base!$J$12*parametros_manuales!F$15 -> 139.1264 | I97: =datos_base!$J$12*parametros_manuales!G$15 -> 130.431 | J97: =datos_base!$J$12*parametros_manuales!H$15 -> 139.1264 | K97: =datos_base!$J$12*parametros_manuales!I$15 -> 139.1264 | ... O97: =datos_base!$J$12*parametros_manuales!M$15 -> 191.2988 | P97: =SUM(D97:O97) -> 1739.08
B98: Total recipientes | D98: =SUM(D90:D97) -> 28127.626 | E98: =SUM(E90:E97) -> 21449.742 | F98: =SUM(F90:F97) -> 20049.833 | G98: =SUM(G90:G97) -> 19172.868 | H98: =SUM(H90:H97) -> 17941.88 | I98: =SUM(I90:I97) -> 17587.857 | J98: =SUM(J90:J97) -> 18818.845 | K98: =SUM(K90:K97) -> 18818.845 | ... P98: =SUM(P90:P97) -> 246197.64
A100: 2035 | B100: Producto | C100: Tipo | D100: Ene | E100: Feb | F100: Mar | G100: Abr | H100: May | I100: Jun | J100: Jul | K100: Ago | L100: Sep | M100: Oct | N100: Nov | O100: Dic | P100: Total anual
A101: 2035 | B101: ABC 1 kg | C101: Terminado | D101: =datos_base!$K$2*parametros_manuales!B$12 -> 3848.7167 | E101: =datos_base!$K$2*parametros_manuales!C$12 -> 2886.5375 | F101: =datos_base!$K$2*parametros_manuales!D$12 -> 2565.8111 | G101: =datos_base!$K$2*parametros_manuales!E$12 -> 2405.4479 | H101: =datos_base!$K$2*parametros_manuales!F$12 -> 2245.0847 | I101: =datos_base!$K$2*parametros_manuales!G$12 -> 2245.0847 | J101: =datos_base!$K$2*parametros_manuales!H$12 -> 2405.4479 | K101: =datos_base!$K$2*parametros_manuales!I$12 -> 2405.4479 | ... O101: =datos_base!$K$2*parametros_manuales!M$12 -> 3848.7167 | P101: =SUM(D101:O101) -> 32072.639
A102: 2035 | B102: ABC 2,5 kg | C102: Terminado | D102: =datos_base!$K$3*parametros_manuales!B$13 -> 743.64584 | E102: =datos_base!$K$3*parametros_manuales!C$13 -> 594.91668 | F102: =datos_base!$K$3*parametros_manuales!D$13 -> 632.09897 | G102: =datos_base!$K$3*parametros_manuales!E$13 -> 632.09897 | H102: =datos_base!$K$3*parametros_manuales!F$13 -> 594.91668 | I102: =datos_base!$K$3*parametros_manuales!G$13 -> 557.73438 | J102: =datos_base!$K$3*parametros_manuales!H$13 -> 594.91668 | K102: =datos_base!$K$3*parametros_manuales!I$13 -> 594.91668 | ... O102: =datos_base!$K$3*parametros_manuales!M$13 -> 818.01043 | P102: =SUM(D102:O102) -> 7436.4584
A103: 2035 | B103: ABC 5 kg | C103: Terminado | D103: =datos_base!$K$4*parametros_manuales!B$14 -> 3081.4979 | E103: =datos_base!$K$4*parametros_manuales!C$14 -> 2465.1983 | F103: =datos_base!$K$4*parametros_manuales!D$14 -> 2619.2732 | G103: =datos_base!$K$4*parametros_manuales!E$14 -> 2619.2732 | H103: =datos_base!$K$4*parametros_manuales!F$14 -> 2465.1983 | I103: =datos_base!$K$4*parametros_manuales!G$14 -> 2311.1234 | J103: =datos_base!$K$4*parametros_manuales!H$14 -> 2465.1983 | K103: =datos_base!$K$4*parametros_manuales!I$14 -> 2465.1983 | ... O103: =datos_base!$K$4*parametros_manuales!M$14 -> 3389.6477 | P103: =SUM(D103:O103) -> 30814.979
A104: 2035 | B104: ABC 10 kg | C104: Terminado | D104: =datos_base!$K$5*parametros_manuales!B$15 -> 184.49281 | E104: =datos_base!$K$5*parametros_manuales!C$15 -> 147.59425 | F104: =datos_base!$K$5*parametros_manuales!D$15 -> 156.81889 | G104: =datos_base!$K$5*parametros_manuales!E$15 -> 156.81889 | H104: =datos_base!$K$5*parametros_manuales!F$15 -> 147.59425 | I104: =datos_base!$K$5*parametros_manuales!G$15 -> 138.36961 | J104: =datos_base!$K$5*parametros_manuales!H$15 -> 147.59425 | K104: =datos_base!$K$5*parametros_manuales!I$15 -> 147.59425 | ... O104: =datos_base!$K$5*parametros_manuales!M$15 -> 202.94209 | P104: =SUM(D104:O104) -> 1844.9281
A105: 2035 | B105: Cilindros ABC 1 kg | C105: Cilindro | D105: =datos_base!$K$9*parametros_manuales!B$12 -> 20465.76 | E105: =datos_base!$K$9*parametros_manuales!C$12 -> 15349.32 | F105: =datos_base!$K$9*parametros_manuales!D$12 -> 13643.84 | G105: =datos_base!$K$9*parametros_manuales!E$12 -> 12791.1 | H105: =datos_base!$K$9*parametros_manuales!F$12 -> 11938.36 | I105: =datos_base!$K$9*parametros_manuales!G$12 -> 11938.36 | J105: =datos_base!$K$9*parametros_manuales!H$12 -> 12791.1 | K105: =datos_base!$K$9*parametros_manuales!I$12 -> 12791.1 | ... O105: =datos_base!$K$9*parametros_manuales!M$12 -> 20465.76 | P105: =SUM(D105:O105) -> 170548
A106: 2035 | B106: Cilindros ABC 2,5 kg | C106: Cilindro | D106: =datos_base!$K$10*parametros_manuales!B$13 -> 668.988 | E106: =datos_base!$K$10*parametros_manuales!C$13 -> 535.1904 | F106: =datos_base!$K$10*parametros_manuales!D$13 -> 568.6398 | G106: =datos_base!$K$10*parametros_manuales!E$13 -> 568.6398 | H106: =datos_base!$K$10*parametros_manuales!F$13 -> 535.1904 | I106: =datos_base!$K$10*parametros_manuales!G$13 -> 501.741 | J106: =datos_base!$K$10*parametros_manuales!H$13 -> 535.1904 | K106: =datos_base!$K$10*parametros_manuales!I$13 -> 535.1904 | ... O106: =datos_base!$K$10*parametros_manuales!M$13 -> 735.8868 | P106: =SUM(D106:O106) -> 6689.88
A107: 2035 | B107: Cilindros ABC 5 kg | C107: Cilindro | D107: =datos_base!$K$11*parametros_manuales!B$14 -> 3303.768 | E107: =datos_base!$K$11*parametros_manuales!C$14 -> 2643.0144 | F107: =datos_base!$K$11*parametros_manuales!D$14 -> 2808.2028 | G107: =datos_base!$K$11*parametros_manuales!E$14 -> 2808.2028 | H107: =datos_base!$K$11*parametros_manuales!F$14 -> 2643.0144 | I107: =datos_base!$K$11*parametros_manuales!G$14 -> 2477.826 | J107: =datos_base!$K$11*parametros_manuales!H$14 -> 2643.0144 | K107: =datos_base!$K$11*parametros_manuales!I$14 -> 2643.0144 | ... O107: =datos_base!$K$11*parametros_manuales!M$14 -> 3634.1448 | P107: =SUM(D107:O107) -> 33037.68
A108: 2035 | B108: Cilindros ABC 10 kg | C108: Cilindro | D108: =datos_base!$K$12*parametros_manuales!B$15 -> 201.8 | E108: =datos_base!$K$12*parametros_manuales!C$15 -> 161.44 | F108: =datos_base!$K$12*parametros_manuales!D$15 -> 171.53 | G108: =datos_base!$K$12*parametros_manuales!E$15 -> 171.53 | H108: =datos_base!$K$12*parametros_manuales!F$15 -> 161.44 | I108: =datos_base!$K$12*parametros_manuales!G$15 -> 151.35 | J108: =datos_base!$K$12*parametros_manuales!H$15 -> 161.44 | K108: =datos_base!$K$12*parametros_manuales!I$15 -> 161.44 | ... O108: =datos_base!$K$12*parametros_manuales!M$15 -> 221.98 | P108: =SUM(D108:O108) -> 2018
B109: Total recipientes | D109: =SUM(D101:D108) -> 32498.669 | E109: =SUM(E101:E108) -> 24783.212 | F109: =SUM(F101:F108) -> 23166.215 | G109: =SUM(G101:G108) -> 22153.112 | H109: =SUM(H101:H108) -> 20730.799 | I109: =SUM(I101:I108) -> 20321.589 | J109: =SUM(J101:J108) -> 21743.902 | K109: =SUM(K101:K108) -> 21743.902 | ... P109: =SUM(P101:P108) -> 284462.56

Sheet Demanda puesto sin sobrestock
A1: Año 2026 | B1: Ene | C1: Feb | D1: Mar | E1: Abr | F1: May | G1: Jun | H1: Jul | I1: Ago | J1: Sep | K1: Oct | L1: Nov | M1: Dic | N1: Total anual | O1: Mes pico (u/mes) | P1: Demanda pico (u/h) | Q1: Mes pico
A2: =parametros_manuales!$B$19 -> Recepción de materia prima | B2: =(parametros_manuales!$D$19*('Plan mensual'!D2+IF(parametros_manuales!$H$19="Todos",'Plan mensual'!D6,0))+parametros_manuales!$E$19*('Plan mensual'!D3+IF(parametros_manuales!$H$19="Todos",'Plan mensual'!D7,0))+parametros_manuales!$F$19*('Plan mensual'!D4+IF(parametros_manuales!$H$19="Todos",'Plan mensual'!D8,0))+parametros_manuales!$G$19*('Plan mensual'!D5+IF(parametros_manuales!$H$19="Todos",'Plan mensual'!D9,0)))*parametros_manuales!$I$19*parametros_manuales!$J$19 -> 769.11204 | C2: =(parametros_manuales!$D$19*('Plan mensual'!E2+IF(parametros_manuales!$H$19="Todos",'Plan mensual'!E6,0))+parametros_manuales!$E$19*('Plan mensual'!E3+IF(parametros_manuales!$H$19="Todos",'Plan mensual'!E7,0))+parametros_manuales!$F$19*('Plan mensual'!E4+IF(parametros_manuales!$H$19="Todos",'Plan mensual'!E8,0))+parametros_manuales!$G$19*('Plan mensual'!E5+IF(parametros_manuales!$H$19="Todos",'Plan mensual'!E9,0)))*parametros_manuales!$I$19*parametros_manuales!$J$19 -> 590.21721 | D2: =(parametros_manuales!$D$19*('Plan mensual'!F2+IF(parametros_manuales!$H$19="Todos",'Plan mensual'!F6,0))+parametros_manuales!$E$19*('Plan mensual'!F3+IF(parametros_manuales!$H$19="Todos",'Plan mensual'!F7,0))+parametros_manuales!$F$19*('Plan mensual'!F4+IF(parametros_manuales!$H$19="Todos",'Plan mensual'!F8,0))+parametros_manuales!$G$19*('Plan mensual'!F5+IF(parametros_manuales!$H$19="Todos",'Plan mensual'!F9,0)))*parametros_manuales!$I$19*parametros_manuales!$J$19 -> 561.81303 | E2: =(parametros_manuales!$D$19*('Plan mensual'!G2+IF(parametros_manuales!$H$19="Todos",'Plan mensual'!G6,0))+parametros_manuales!$E$19*('Plan mensual'!G3+IF(parametros_manuales!$H$19="Todos",'Plan mensual'!G7,0))+parametros_manuales!$F$19*('Plan mensual'!G4+IF(parametros_manuales!$H$19="Todos",'Plan mensual'!G8,0))+parametros_manuales!$G$19*('Plan mensual'!G5+IF(parametros_manuales!$H$19="Todos",'Plan mensual'!G9,0)))*parametros_manuales!$I$19*parametros_manuales!$J$19 -> 540.91935 | F2: =(parametros_manuales!$D$19*('Plan mensual'!H2+IF(parametros_manuales!$H$19="Todos",'Plan mensual'!H6,0))+parametros_manuales!$E$19*('Plan mensual'!H3+IF(parametros_manuales!$H$19="Todos",'Plan mensual'!H7,0))+parametros_manuales!$F$19*('Plan mensual'!H4+IF(parametros_manuales!$H$19="Todos",'Plan mensual'!H8,0))+parametros_manuales!$G$19*('Plan mensual'!H5+IF(parametros_manuales!$H$19="Todos",'Plan mensual'!H9,0)))*parametros_manuales!$I$19*parametros_manuales!$J$19 -> 506.64248 | G2: =(parametros_manuales!$D$19*('Plan mensual'!I2+IF(parametros_manuales!$H$19="Todos",'Plan mensual'!I6,0))+parametros_manuales!$E$19*('Plan mensual'!I3+IF(parametros_manuales!$H$19="Todos",'Plan mensual'!I7,0))+parametros_manuales!$F$19*('Plan mensual'!I4+IF(parametros_manuales!$H$19="Todos",'Plan mensual'!I8,0))+parametros_manuales!$G$19*('Plan mensual'!I5+IF(parametros_manuales!$H$19="Todos",'Plan mensual'!I9,0)))*parametros_manuales!$I$19*parametros_manuales!$J$19 -> 493.2593 | H2: =(parametros_manuales!$D$19*('Plan mensual'!J2+IF(parametros_manuales!$H$19="Todos",'Plan mensual'!J6,0))+parametros_manuales!$E$19*('Plan mensual'!J3+IF(parametros_manuales!$H$19="Todos",'Plan mensual'!J7,0))+parametros_manuales!$F$19*('Plan mensual'!J4+IF(parametros_manuales!$H$19="Todos",'Plan mensual'!J8,0))+parametros_manuales!$G$19*('Plan mensual'!J5+IF(parametros_manuales!$H$19="Todos",'Plan mensual'!J9,0)))*parametros_manuales!$I$19*parametros_manuales!$J$19 -> 527.53617 | I2: =(parametros_manuales!$D$19*('Plan mensual'!K2+IF(parametros_manuales!$H$19="Todos",'Plan mensual'!K6,0))+parametros_manuales!$E$19*('Plan mensual'!K3+IF(parametros_manuales!$H$19="Todos",'Plan mensual'!K7,0))+parametros_manuales!$F$19*('Plan mensual'!K4+IF(parametros_manuales!$H$19="Todos",'Plan mensual'!K8,0))+parametros_manuales!$G$19*('Plan mensual'!K5+IF(parametros_manuales!$H$19="Todos",'Plan mensual'!K9,0)))*parametros_manuales!$I$19*parametros_manuales!$J$19 -> 527.53617 | ... M2: =(parametros_manuales!$D$19*('Plan mensual'!O2+IF(parametros_manuales!$H$19="Todos",'Plan mensual'!O6,0))+parametros_manuales!$E$19*('Plan mensual'!O3+IF(parametros_manuales!$H$19="Todos",'Plan mensual'!O7,0))+parametros_manuales!$F$19*('Plan mensual'!O4+IF(parametros_manuales!$H$19="Todos",'Plan mensual'!O8,0))+parametros_manuales!$G$19*('Plan mensual'!O5+IF(parametros_manuales!$H$19="Todos",'Plan mensual'!O9,0)))*parametros_manuales!$I$19*parametros_manuales!$J$19 -> 795.87841 | N2: =SUM(B2:M2) -> 6855.3731 | O2: =MAX(B2:M2) -> 795.87841 | P2: =O2/(parametros_manuales!$B$7) -> 5.305856 | Q2: =IF(O2=0,"-",INDEX($B$1:$M$1,MATCH(O2,B2:M2,0))) -> Dic
A3: =parametros_manuales!$B$20 -> Corte de chapa — 1.er corte en franjas (guillotina 1, manuales + carros) | B3: =(parametros_manuales!$D$20*('Plan mensual'!D2+IF(parametros_manuales!$H$20="Todos",'Plan mensual'!D6,0))+parametros_manuales!$E$20*('Plan mensual'!D3+IF(parametros_manuales!$H$20="Todos",'Plan mensual'!D7,0))+parametros_manuales!$F$20*('Plan mensual'!D4+IF(parametros_manuales!$H$20="Todos",'Plan mensual'!D8,0))+parametros_manuales!$G$20*('Plan mensual'!D5+IF(parametros_manuales!$H$20="Todos",'Plan mensual'!D9,0)))*parametros_manuales!$I$20*parametros_manuales!$J$20+parametros_manuales!$B$148 -> 860.94037 | C3: =(parametros_manuales!$D$20*('Plan mensual'!E2+IF(parametros_manuales!$H$20="Todos",'Plan mensual'!E6,0))+parametros_manuales!$E$20*('Plan mensual'!E3+IF(parametros_manuales!$H$20="Todos",'Plan mensual'!E7,0))+parametros_manuales!$F$20*('Plan mensual'!E4+IF(parametros_manuales!$H$20="Todos",'Plan mensual'!E8,0))+parametros_manuales!$G$20*('Plan mensual'!E5+IF(parametros_manuales!$H$20="Todos",'Plan mensual'!E9,0)))*parametros_manuales!$I$20*parametros_manuales!$J$20+parametros_manuales!$C$148 -> 671.24221 | D3: =(parametros_manuales!$D$20*('Plan mensual'!F2+IF(parametros_manuales!$H$20="Todos",'Plan mensual'!F6,0))+parametros_manuales!$E$20*('Plan mensual'!F3+IF(parametros_manuales!$H$20="Todos",'Plan mensual'!F7,0))+parametros_manuales!$F$20*('Plan mensual'!F4+IF(parametros_manuales!$H$20="Todos",'Plan mensual'!F8,0))+parametros_manuales!$G$20*('Plan mensual'!F5+IF(parametros_manuales!$H$20="Todos",'Plan mensual'!F9,0)))*parametros_manuales!$I$20*parametros_manuales!$J$20+parametros_manuales!$D$148 -> 659.04302 | E3: =(parametros_manuales!$D$20*('Plan mensual'!G2+IF(parametros_manuales!$H$20="Todos",'Plan mensual'!G6,0))+parametros_manuales!$E$20*('Plan mensual'!G3+IF(parametros_manuales!$H$20="Todos",'Plan mensual'!G7,0))+parametros_manuales!$F$20*('Plan mensual'!G4+IF(parametros_manuales!$H$20="Todos",'Plan mensual'!G8,0))+parametros_manuales!$G$20*('Plan mensual'!G5+IF(parametros_manuales!$H$20="Todos",'Plan mensual'!G9,0)))*parametros_manuales!$I$20*parametros_manuales!$J$20+parametros_manuales!$E$148 -> 638.14934 | F3: =(parametros_manuales!$D$20*('Plan mensual'!H2+IF(parametros_manuales!$H$20="Todos",'Plan mensual'!H6,0))+parametros_manuales!$E$20*('Plan mensual'!H3+IF(parametros_manuales!$H$20="Todos",'Plan mensual'!H7,0))+parametros_manuales!$F$20*('Plan mensual'!H4+IF(parametros_manuales!$H$20="Todos",'Plan mensual'!H8,0))+parametros_manuales!$G$20*('Plan mensual'!H5+IF(parametros_manuales!$H$20="Todos",'Plan mensual'!H9,0)))*parametros_manuales!$I$20*parametros_manuales!$J$20+parametros_manuales!$F$148 -> 603.87247 | G3: =(parametros_manuales!$D$20*('Plan mensual'!I2+IF(parametros_manuales!$H$20="Todos",'Plan mensual'!I6,0))+parametros_manuales!$E$20*('Plan mensual'!I3+IF(parametros_manuales!$H$20="Todos",'Plan mensual'!I7,0))+parametros_manuales!$F$20*('Plan mensual'!I4+IF(parametros_manuales!$H$20="Todos",'Plan mensual'!I8,0))+parametros_manuales!$G$20*('Plan mensual'!I5+IF(parametros_manuales!$H$20="Todos",'Plan mensual'!I9,0)))*parametros_manuales!$I$20*parametros_manuales!$J$20+parametros_manuales!$G$148 -> 579.68596 | H3: =(parametros_manuales!$D$20*('Plan mensual'!J2+IF(parametros_manuales!$H$20="Todos",'Plan mensual'!J6,0))+parametros_manuales!$E$20*('Plan mensual'!J3+IF(parametros_manuales!$H$20="Todos",'Plan mensual'!J7,0))+parametros_manuales!$F$20*('Plan mensual'!J4+IF(parametros_manuales!$H$20="Todos",'Plan mensual'!J8,0))+parametros_manuales!$G$20*('Plan mensual'!J5+IF(parametros_manuales!$H$20="Todos",'Plan mensual'!J9,0)))*parametros_manuales!$I$20*parametros_manuales!$J$20+parametros_manuales!$H$148 -> 624.76616 | I3: =(parametros_manuales!$D$20*('Plan mensual'!K2+IF(parametros_manuales!$H$20="Todos",'Plan mensual'!K6,0))+parametros_manuales!$E$20*('Plan mensual'!K3+IF(parametros_manuales!$H$20="Todos",'Plan mensual'!K7,0))+parametros_manuales!$F$20*('Plan mensual'!K4+IF(parametros_manuales!$H$20="Todos",'Plan mensual'!K8,0))+parametros_manuales!$G$20*('Plan mensual'!K5+IF(parametros_manuales!$H$20="Todos",'Plan mensual'!K9,0)))*parametros_manuales!$I$20*parametros_manuales!$J$20+parametros_manuales!$I$148 -> 624.76616 | J3: =(parametros_manuales!$D$20*('Plan mensual'!L2+IF(parametros_manuales!$H$20="Todos",'Plan mensual'!L6,0))+parametros_manuales!$E$20*('Plan mensual'!L3+IF(parametros_manuales!$H$20="Todos",'Plan mensual'!L7,0))+parametros_manuales!$F$20*('Plan mensual'!L4+IF(parametros_manuales!$H$20="Todos",'Plan mensual'!L8,0))+parametros_manuales!$G$20*('Plan mensual'!L5+IF(parametros_manuales!$H$20="Todos",'Plan mensual'!L9,0)))*parametros_manuales!$I$20*parametros_manuales!$J$20+parametros_manuales!$J$148 -> 619.36449 | K3: =(parametros_manuales!$D$20*('Plan mensual'!M2+IF(parametros_manuales!$H$20="Todos",'Plan mensual'!M6,0))+parametros_manuales!$E$20*('Plan mensual'!M3+IF(parametros_manuales!$H$20="Todos",'Plan mensual'!M7,0))+parametros_manuales!$F$20*('Plan mensual'!M4+IF(parametros_manuales!$H$20="Todos",'Plan mensual'!M8,0))+parametros_manuales!$G$20*('Plan mensual'!M5+IF(parametros_manuales!$H$20="Todos",'Plan mensual'!M9,0)))*parametros_manuales!$I$20*parametros_manuales!$J$20+parametros_manuales!$K$148 -> 595.17798 | L3: =(parametros_manuales!$D$20*('Plan mensual'!N2+IF(parametros_manuales!$H$20="Todos",'Plan mensual'!N6,0))+parametros_manuales!$E$20*('Plan mensual'!N3+IF(parametros_manuales!$H$20="Todos",'Plan mensual'!N7,0))+parametros_manuales!$F$20*('Plan mensual'!N4+IF(parametros_manuales!$H$20="Todos",'Plan mensual'!N8,0))+parametros_manuales!$G$20*('Plan mensual'!N5+IF(parametros_manuales!$H$20="Todos",'Plan mensual'!N9,0)))*parametros_manuales!$I$20*parametros_manuales!$J$20+parametros_manuales!$L$148 -> 576.39313 | M3: =(parametros_manuales!$D$20*('Plan mensual'!O2+IF(parametros_manuales!$H$20="Todos",'Plan mensual'!O6,0))+parametros_manuales!$E$20*('Plan mensual'!O3+IF(parametros_manuales!$H$20="Todos",'Plan mensual'!O7,0))+parametros_manuales!$F$20*('Plan mensual'!O4+IF(parametros_manuales!$H$20="Todos",'Plan mensual'!O8,0))+parametros_manuales!$G$20*('Plan mensual'!O5+IF(parametros_manuales!$H$20="Todos",'Plan mensual'!O9,0)))*parametros_manuales!$I$20*parametros_manuales!$J$20+parametros_manuales!$M$148 -> 882.30507 | N3: =SUM(B3:M3) -> 7935.7063 | O3: =MAX(B3:M3) -> 882.30507 | P3: =O3/(parametros_manuales!$B$7) -> 5.8820338 | Q3: =IF(O3=0,"-",INDEX($B$1:$M$1,MATCH(O3,B3:M3,0))) -> Dic
A4: =parametros_manuales!$B$21 -> Corte de chapa — 2.º corte en piezas (guillotina 2, manuales + carros) | B4: =(parametros_manuales!$D$21*('Plan mensual'!D2+IF(parametros_manuales!$H$21="Todos",'Plan mensual'!D6,0))+parametros_manuales!$E$21*('Plan mensual'!D3+IF(parametros_manuales!$H$21="Todos",'Plan mensual'!D7,0))+parametros_manuales!$F$21*('Plan mensual'!D4+IF(parametros_manuales!$H$21="Todos",'Plan mensual'!D8,0))+parametros_manuales!$G$21*('Plan mensual'!D5+IF(parametros_manuales!$H$21="Todos",'Plan mensual'!D9,0)))*parametros_manuales!$I$21*parametros_manuales!$J$21+parametros_manuales!$B$160 -> 887.29748 | C4: =(parametros_manuales!$D$21*('Plan mensual'!E2+IF(parametros_manuales!$H$21="Todos",'Plan mensual'!E6,0))+parametros_manuales!$E$21*('Plan mensual'!E3+IF(parametros_manuales!$H$21="Todos",'Plan mensual'!E7,0))+parametros_manuales!$F$21*('Plan mensual'!E4+IF(parametros_manuales!$H$21="Todos",'Plan mensual'!E8,0))+parametros_manuales!$G$21*('Plan mensual'!E5+IF(parametros_manuales!$H$21="Todos",'Plan mensual'!E9,0)))*parametros_manuales!$I$21*parametros_manuales!$J$21+parametros_manuales!$C$160 -> 694.49848 | D4: =(parametros_manuales!$D$21*('Plan mensual'!F2+IF(parametros_manuales!$H$21="Todos",'Plan mensual'!F6,0))+parametros_manuales!$E$21*('Plan mensual'!F3+IF(parametros_manuales!$H$21="Todos",'Plan mensual'!F7,0))+parametros_manuales!$F$21*('Plan mensual'!F4+IF(parametros_manuales!$H$21="Todos",'Plan mensual'!F8,0))+parametros_manuales!$G$21*('Plan mensual'!F5+IF(parametros_manuales!$H$21="Todos",'Plan mensual'!F9,0)))*parametros_manuales!$I$21*parametros_manuales!$J$21+parametros_manuales!$D$160 -> 686.95055 | E4: =(parametros_manuales!$D$21*('Plan mensual'!G2+IF(parametros_manuales!$H$21="Todos",'Plan mensual'!G6,0))+parametros_manuales!$E$21*('Plan mensual'!G3+IF(parametros_manuales!$H$21="Todos",'Plan mensual'!G7,0))+parametros_manuales!$F$21*('Plan mensual'!G4+IF(parametros_manuales!$H$21="Todos",'Plan mensual'!G8,0))+parametros_manuales!$G$21*('Plan mensual'!G5+IF(parametros_manuales!$H$21="Todos",'Plan mensual'!G9,0)))*parametros_manuales!$I$21*parametros_manuales!$J$21+parametros_manuales!$E$160 -> 666.05687 | F4: =(parametros_manuales!$D$21*('Plan mensual'!H2+IF(parametros_manuales!$H$21="Todos",'Plan mensual'!H6,0))+parametros_manuales!$E$21*('Plan mensual'!H3+IF(parametros_manuales!$H$21="Todos",'Plan mensual'!H7,0))+parametros_manuales!$F$21*('Plan mensual'!H4+IF(parametros_manuales!$H$21="Todos",'Plan mensual'!H8,0))+parametros_manuales!$G$21*('Plan mensual'!H5+IF(parametros_manuales!$H$21="Todos",'Plan mensual'!H9,0)))*parametros_manuales!$I$21*parametros_manuales!$J$21+parametros_manuales!$F$160 -> 631.78 | G4: =(parametros_manuales!$D$21*('Plan mensual'!I2+IF(parametros_manuales!$H$21="Todos",'Plan mensual'!I6,0))+parametros_manuales!$E$21*('Plan mensual'!I3+IF(parametros_manuales!$H$21="Todos",'Plan mensual'!I7,0))+parametros_manuales!$F$21*('Plan mensual'!I4+IF(parametros_manuales!$H$21="Todos",'Plan mensual'!I8,0))+parametros_manuales!$G$21*('Plan mensual'!I5+IF(parametros_manuales!$H$21="Todos",'Plan mensual'!I9,0)))*parametros_manuales!$I$21*parametros_manuales!$J$21+parametros_manuales!$G$160 -> 604.49265 | H4: =(parametros_manuales!$D$21*('Plan mensual'!J2+IF(parametros_manuales!$H$21="Todos",'Plan mensual'!J6,0))+parametros_manuales!$E$21*('Plan mensual'!J3+IF(parametros_manuales!$H$21="Todos",'Plan mensual'!J7,0))+parametros_manuales!$F$21*('Plan mensual'!J4+IF(parametros_manuales!$H$21="Todos",'Plan mensual'!J8,0))+parametros_manuales!$G$21*('Plan mensual'!J5+IF(parametros_manuales!$H$21="Todos",'Plan mensual'!J9,0)))*parametros_manuales!$I$21*parametros_manuales!$J$21+parametros_manuales!$H$160 -> 652.67369 | I4: =(parametros_manuales!$D$21*('Plan mensual'!K2+IF(parametros_manuales!$H$21="Todos",'Plan mensual'!K6,0))+parametros_manuales!$E$21*('Plan mensual'!K3+IF(parametros_manuales!$H$21="Todos",'Plan mensual'!K7,0))+parametros_manuales!$F$21*('Plan mensual'!K4+IF(parametros_manuales!$H$21="Todos",'Plan mensual'!K8,0))+parametros_manuales!$G$21*('Plan mensual'!K5+IF(parametros_manuales!$H$21="Todos",'Plan mensual'!K9,0)))*parametros_manuales!$I$21*parametros_manuales!$J$21+parametros_manuales!$I$160 -> 652.67369 | J4: =(parametros_manuales!$D$21*('Plan mensual'!L2+IF(parametros_manuales!$H$21="Todos",'Plan mensual'!L6,0))+parametros_manuales!$E$21*('Plan mensual'!L3+IF(parametros_manuales!$H$21="Todos",'Plan mensual'!L7,0))+parametros_manuales!$F$21*('Plan mensual'!L4+IF(parametros_manuales!$H$21="Todos",'Plan mensual'!L8,0))+parametros_manuales!$G$21*('Plan mensual'!L5+IF(parametros_manuales!$H$21="Todos",'Plan mensual'!L9,0)))*parametros_manuales!$I$21*parametros_manuales!$J$21+parametros_manuales!$J$160 -> 645.7216 | K4: =(parametros_manuales!$D$21*('Plan mensual'!M2+IF(parametros_manuales!$H$21="Todos",'Plan mensual'!M6,0))+parametros_manuales!$E$21*('Plan mensual'!M3+IF(parametros_manuales!$H$21="Todos",'Plan mensual'!M7,0))+parametros_manuales!$F$21*('Plan mensual'!M4+IF(parametros_manuales!$H$21="Todos",'Plan mensual'!M8,0))+parametros_manuales!$G$21*('Plan mensual'!M5+IF(parametros_manuales!$H$21="Todos",'Plan mensual'!M9,0)))*parametros_manuales!$I$21*parametros_manuales!$J$21+parametros_manuales!$K$160 -> 618.43425 | L4: =(parametros_manuales!$D$21*('Plan mensual'!N2+IF(parametros_manuales!$H$21="Todos",'Plan mensual'!N6,0))+parametros_manuales!$E$21*('Plan mensual'!N3+IF(parametros_manuales!$H$21="Todos",'Plan mensual'!N7,0))+parametros_manuales!$F$21*('Plan mensual'!N4+IF(parametros_manuales!$H$21="Todos",'Plan mensual'!N8,0))+parametros_manuales!$G$21*('Plan mensual'!N5+IF(parametros_manuales!$H$21="Todos",'Plan mensual'!N9,0)))*parametros_manuales!$I$21*parametros_manuales!$J$21+parametros_manuales!$L$160 -> 598.09898 | M4: =(parametros_manuales!$D$21*('Plan mensual'!O2+IF(parametros_manuales!$H$21="Todos",'Plan mensual'!O6,0))+parametros_manuales!$E$21*('Plan mensual'!O3+IF(parametros_manuales!$H$21="Todos",'Plan mensual'!O7,0))+parametros_manuales!$F$21*('Plan mensual'!O4+IF(parametros_manuales!$H$21="Todos",'Plan mensual'!O8,0))+parametros_manuales!$G$21*('Plan mensual'!O5+IF(parametros_manuales!$H$21="Todos",'Plan mensual'!O9,0)))*parametros_manuales!$I$21*parametros_manuales!$J$21+parametros_manuales!$M$160 -> 907.11176 | N4: =SUM(B4:M4) -> 8245.79 | O4: =MAX(B4:M4) -> 907.11176 | P4: =O4/(parametros_manuales!$B$7) -> 6.0474117 | Q4: =IF(O4=0,"-",INDEX($B$1:$M$1,MATCH(O4,B4:M4,0))) -> Dic
A5: =parametros_manuales!$B$22 -> Corte de disco y embutido (cúpula y fondo) | B5: =(parametros_manuales!$D$22*('Plan mensual'!D2+IF(parametros_manuales!$H$22="Todos",'Plan mensual'!D6,0))+parametros_manuales!$E$22*('Plan mensual'!D3+IF(parametros_manuales!$H$22="Todos",'Plan mensual'!D7,0))+parametros_manuales!$F$22*('Plan mensual'!D4+IF(parametros_manuales!$H$22="Todos",'Plan mensual'!D8,0))+parametros_manuales!$G$22*('Plan mensual'!D5+IF(parametros_manuales!$H$22="Todos",'Plan mensual'!D9,0)))*parametros_manuales!$I$22*parametros_manuales!$J$22 -> 1538.2241 | C5: =(parametros_manuales!$D$22*('Plan mensual'!E2+IF(parametros_manuales!$H$22="Todos",'Plan mensual'!E6,0))+parametros_manuales!$E$22*('Plan mensual'!E3+IF(parametros_manuales!$H$22="Todos",'Plan mensual'!E7,0))+parametros_manuales!$F$22*('Plan mensual'!E4+IF(parametros_manuales!$H$22="Todos",'Plan mensual'!E8,0))+parametros_manuales!$G$22*('Plan mensual'!E5+IF(parametros_manuales!$H$22="Todos",'Plan mensual'!E9,0)))*parametros_manuales!$I$22*parametros_manuales!$J$22 -> 1180.4344 | D5: =(parametros_manuales!$D$22*('Plan mensual'!F2+IF(parametros_manuales!$H$22="Todos",'Plan mensual'!F6,0))+parametros_manuales!$E$22*('Plan mensual'!F3+IF(parametros_manuales!$H$22="Todos",'Plan mensual'!F7,0))+parametros_manuales!$F$22*('Plan mensual'!F4+IF(parametros_manuales!$H$22="Todos",'Plan mensual'!F8,0))+parametros_manuales!$G$22*('Plan mensual'!F5+IF(parametros_manuales!$H$22="Todos",'Plan mensual'!F9,0)))*parametros_manuales!$I$22*parametros_manuales!$J$22 -> 1123.6261 | E5: =(parametros_manuales!$D$22*('Plan mensual'!G2+IF(parametros_manuales!$H$22="Todos",'Plan mensual'!G6,0))+parametros_manuales!$E$22*('Plan mensual'!G3+IF(parametros_manuales!$H$22="Todos",'Plan mensual'!G7,0))+parametros_manuales!$F$22*('Plan mensual'!G4+IF(parametros_manuales!$H$22="Todos",'Plan mensual'!G8,0))+parametros_manuales!$G$22*('Plan mensual'!G5+IF(parametros_manuales!$H$22="Todos",'Plan mensual'!G9,0)))*parametros_manuales!$I$22*parametros_manuales!$J$22 -> 1081.8387 | F5: =(parametros_manuales!$D$22*('Plan mensual'!H2+IF(parametros_manuales!$H$22="Todos",'Plan mensual'!H6,0))+parametros_manuales!$E$22*('Plan mensual'!H3+IF(parametros_manuales!$H$22="Todos",'Plan mensual'!H7,0))+parametros_manuales!$F$22*('Plan mensual'!H4+IF(parametros_manuales!$H$22="Todos",'Plan mensual'!H8,0))+parametros_manuales!$G$22*('Plan mensual'!H5+IF(parametros_manuales!$H$22="Todos",'Plan mensual'!H9,0)))*parametros_manuales!$I$22*parametros_manuales!$J$22 -> 1013.285 | G5: =(parametros_manuales!$D$22*('Plan mensual'!I2+IF(parametros_manuales!$H$22="Todos",'Plan mensual'!I6,0))+parametros_manuales!$E$22*('Plan mensual'!I3+IF(parametros_manuales!$H$22="Todos",'Plan mensual'!I7,0))+parametros_manuales!$F$22*('Plan mensual'!I4+IF(parametros_manuales!$H$22="Todos",'Plan mensual'!I8,0))+parametros_manuales!$G$22*('Plan mensual'!I5+IF(parametros_manuales!$H$22="Todos",'Plan mensual'!I9,0)))*parametros_manuales!$I$22*parametros_manuales!$J$22 -> 986.5186 | H5: =(parametros_manuales!$D$22*('Plan mensual'!J2+IF(parametros_manuales!$H$22="Todos",'Plan mensual'!J6,0))+parametros_manuales!$E$22*('Plan mensual'!J3+IF(parametros_manuales!$H$22="Todos",'Plan mensual'!J7,0))+parametros_manuales!$F$22*('Plan mensual'!J4+IF(parametros_manuales!$H$22="Todos",'Plan mensual'!J8,0))+parametros_manuales!$G$22*('Plan mensual'!J5+IF(parametros_manuales!$H$22="Todos",'Plan mensual'!J9,0)))*parametros_manuales!$I$22*parametros_manuales!$J$22 -> 1055.0723 | I5: =(parametros_manuales!$D$22*('Plan mensual'!K2+IF(parametros_manuales!$H$22="Todos",'Plan mensual'!K6,0))+parametros_manuales!$E$22*('Plan mensual'!K3+IF(parametros_manuales!$H$22="Todos",'Plan mensual'!K7,0))+parametros_manuales!$F$22*('Plan mensual'!K4+IF(parametros_manuales!$H$22="Todos",'Plan mensual'!K8,0))+parametros_manuales!$G$22*('Plan mensual'!K5+IF(parametros_manuales!$H$22="Todos",'Plan mensual'!K9,0)))*parametros_manuales!$I$22*parametros_manuales!$J$22 -> 1055.0723 | ... M5: =(parametros_manuales!$D$22*('Plan mensual'!O2+IF(parametros_manuales!$H$22="Todos",'Plan mensual'!O6,0))+parametros_manuales!$E$22*('Plan mensual'!O3+IF(parametros_manuales!$H$22="Todos",'Plan mensual'!O7,0))+parametros_manuales!$F$22*('Plan mensual'!O4+IF(parametros_manuales!$H$22="Todos",'Plan mensual'!O8,0))+parametros_manuales!$G$22*('Plan mensual'!O5+IF(parametros_manuales!$H$22="Todos",'Plan mensual'!O9,0)))*parametros_manuales!$I$22*parametros_manuales!$J$22 -> 1591.7568 | N5: =SUM(B5:M5) -> 13710.746 | O5: =MAX(B5:M5) -> 1591.7568 | P5: =O5/(parametros_manuales!$B$7) -> 10.611712 | Q5: =IF(O5=0,"-",INDEX($B$1:$M$1,MATCH(O5,B5:M5,0))) -> Dic
A6: =parametros_manuales!$B$23 -> Preparación de cuello | B6: =(parametros_manuales!$D$23*('Plan mensual'!D2+IF(parametros_manuales!$H$23="Todos",'Plan mensual'!D6,0))+parametros_manuales!$E$23*('Plan mensual'!D3+IF(parametros_manuales!$H$23="Todos",'Plan mensual'!D7,0))+parametros_manuales!$F$23*('Plan mensual'!D4+IF(parametros_manuales!$H$23="Todos",'Plan mensual'!D8,0))+parametros_manuales!$G$23*('Plan mensual'!D5+IF(parametros_manuales!$H$23="Todos",'Plan mensual'!D9,0)))*parametros_manuales!$I$23*parametros_manuales!$J$23 -> 769.11204 | C6: =(parametros_manuales!$D$23*('Plan mensual'!E2+IF(parametros_manuales!$H$23="Todos",'Plan mensual'!E6,0))+parametros_manuales!$E$23*('Plan mensual'!E3+IF(parametros_manuales!$H$23="Todos",'Plan mensual'!E7,0))+parametros_manuales!$F$23*('Plan mensual'!E4+IF(parametros_manuales!$H$23="Todos",'Plan mensual'!E8,0))+parametros_manuales!$G$23*('Plan mensual'!E5+IF(parametros_manuales!$H$23="Todos",'Plan mensual'!E9,0)))*parametros_manuales!$I$23*parametros_manuales!$J$23 -> 590.21721 | D6: =(parametros_manuales!$D$23*('Plan mensual'!F2+IF(parametros_manuales!$H$23="Todos",'Plan mensual'!F6,0))+parametros_manuales!$E$23*('Plan mensual'!F3+IF(parametros_manuales!$H$23="Todos",'Plan mensual'!F7,0))+parametros_manuales!$F$23*('Plan mensual'!F4+IF(parametros_manuales!$H$23="Todos",'Plan mensual'!F8,0))+parametros_manuales!$G$23*('Plan mensual'!F5+IF(parametros_manuales!$H$23="Todos",'Plan mensual'!F9,0)))*parametros_manuales!$I$23*parametros_manuales!$J$23 -> 561.81303 | E6: =(parametros_manuales!$D$23*('Plan mensual'!G2+IF(parametros_manuales!$H$23="Todos",'Plan mensual'!G6,0))+parametros_manuales!$E$23*('Plan mensual'!G3+IF(parametros_manuales!$H$23="Todos",'Plan mensual'!G7,0))+parametros_manuales!$F$23*('Plan mensual'!G4+IF(parametros_manuales!$H$23="Todos",'Plan mensual'!G8,0))+parametros_manuales!$G$23*('Plan mensual'!G5+IF(parametros_manuales!$H$23="Todos",'Plan mensual'!G9,0)))*parametros_manuales!$I$23*parametros_manuales!$J$23 -> 540.91935 | F6: =(parametros_manuales!$D$23*('Plan mensual'!H2+IF(parametros_manuales!$H$23="Todos",'Plan mensual'!H6,0))+parametros_manuales!$E$23*('Plan mensual'!H3+IF(parametros_manuales!$H$23="Todos",'Plan mensual'!H7,0))+parametros_manuales!$F$23*('Plan mensual'!H4+IF(parametros_manuales!$H$23="Todos",'Plan mensual'!H8,0))+parametros_manuales!$G$23*('Plan mensual'!H5+IF(parametros_manuales!$H$23="Todos",'Plan mensual'!H9,0)))*parametros_manuales!$I$23*parametros_manuales!$J$23 -> 506.64248 | G6: =(parametros_manuales!$D$23*('Plan mensual'!I2+IF(parametros_manuales!$H$23="Todos",'Plan mensual'!I6,0))+parametros_manuales!$E$23*('Plan mensual'!I3+IF(parametros_manuales!$H$23="Todos",'Plan mensual'!I7,0))+parametros_manuales!$F$23*('Plan mensual'!I4+IF(parametros_manuales!$H$23="Todos",'Plan mensual'!I8,0))+parametros_manuales!$G$23*('Plan mensual'!I5+IF(parametros_manuales!$H$23="Todos",'Plan mensual'!I9,0)))*parametros_manuales!$I$23*parametros_manuales!$J$23 -> 493.2593 | H6: =(parametros_manuales!$D$23*('Plan mensual'!J2+IF(parametros_manuales!$H$23="Todos",'Plan mensual'!J6,0))+parametros_manuales!$E$23*('Plan mensual'!J3+IF(parametros_manuales!$H$23="Todos",'Plan mensual'!J7,0))+parametros_manuales!$F$23*('Plan mensual'!J4+IF(parametros_manuales!$H$23="Todos",'Plan mensual'!J8,0))+parametros_manuales!$G$23*('Plan mensual'!J5+IF(parametros_manuales!$H$23="Todos",'Plan mensual'!J9,0)))*parametros_manuales!$I$23*parametros_manuales!$J$23 -> 527.53617 | I6: =(parametros_manuales!$D$23*('Plan mensual'!K2+IF(parametros_manuales!$H$23="Todos",'Plan mensual'!K6,0))+parametros_manuales!$E$23*('Plan mensual'!K3+IF(parametros_manuales!$H$23="Todos",'Plan mensual'!K7,0))+parametros_manuales!$F$23*('Plan mensual'!K4+IF(parametros_manuales!$H$23="Todos",'Plan mensual'!K8,0))+parametros_manuales!$G$23*('Plan mensual'!K5+IF(parametros_manuales!$H$23="Todos",'Plan mensual'!K9,0)))*parametros_manuales!$I$23*parametros_manuales!$J$23 -> 527.53617 | ... M6: =(parametros_manuales!$D$23*('Plan mensual'!O2+IF(parametros_manuales!$H$23="Todos",'Plan mensual'!O6,0))+parametros_manuales!$E$23*('Plan mensual'!O3+IF(parametros_manuales!$H$23="Todos",'Plan mensual'!O7,0))+parametros_manuales!$F$23*('Plan mensual'!O4+IF(parametros_manuales!$H$23="Todos",'Plan mensual'!O8,0))+parametros_manuales!$G$23*('Plan mensual'!O5+IF(parametros_manuales!$H$23="Todos",'Plan mensual'!O9,0)))*parametros_manuales!$I$23*parametros_manuales!$J$23 -> 795.87841 | N6: =SUM(B6:M6) -> 6855.3731 | O6: =MAX(B6:M6) -> 795.87841 | P6: =O6/(parametros_manuales!$B$7) -> 5.305856 | Q6: =IF(O6=0,"-",INDEX($B$1:$M$1,MATCH(O6,B6:M6,0))) -> Dic
A7: =parametros_manuales!$B$24 -> Numerado de cúpula | B7: =(parametros_manuales!$D$24*('Plan mensual'!D2+IF(parametros_manuales!$H$24="Todos",'Plan mensual'!D6,0))+parametros_manuales!$E$24*('Plan mensual'!D3+IF(parametros_manuales!$H$24="Todos",'Plan mensual'!D7,0))+parametros_manuales!$F$24*('Plan mensual'!D4+IF(parametros_manuales!$H$24="Todos",'Plan mensual'!D8,0))+parametros_manuales!$G$24*('Plan mensual'!D5+IF(parametros_manuales!$H$24="Todos",'Plan mensual'!D9,0)))*parametros_manuales!$I$24*parametros_manuales!$J$24 -> 769.11204 | C7: =(parametros_manuales!$D$24*('Plan mensual'!E2+IF(parametros_manuales!$H$24="Todos",'Plan mensual'!E6,0))+parametros_manuales!$E$24*('Plan mensual'!E3+IF(parametros_manuales!$H$24="Todos",'Plan mensual'!E7,0))+parametros_manuales!$F$24*('Plan mensual'!E4+IF(parametros_manuales!$H$24="Todos",'Plan mensual'!E8,0))+parametros_manuales!$G$24*('Plan mensual'!E5+IF(parametros_manuales!$H$24="Todos",'Plan mensual'!E9,0)))*parametros_manuales!$I$24*parametros_manuales!$J$24 -> 590.21721 | D7: =(parametros_manuales!$D$24*('Plan mensual'!F2+IF(parametros_manuales!$H$24="Todos",'Plan mensual'!F6,0))+parametros_manuales!$E$24*('Plan mensual'!F3+IF(parametros_manuales!$H$24="Todos",'Plan mensual'!F7,0))+parametros_manuales!$F$24*('Plan mensual'!F4+IF(parametros_manuales!$H$24="Todos",'Plan mensual'!F8,0))+parametros_manuales!$G$24*('Plan mensual'!F5+IF(parametros_manuales!$H$24="Todos",'Plan mensual'!F9,0)))*parametros_manuales!$I$24*parametros_manuales!$J$24 -> 561.81303 | E7: =(parametros_manuales!$D$24*('Plan mensual'!G2+IF(parametros_manuales!$H$24="Todos",'Plan mensual'!G6,0))+parametros_manuales!$E$24*('Plan mensual'!G3+IF(parametros_manuales!$H$24="Todos",'Plan mensual'!G7,0))+parametros_manuales!$F$24*('Plan mensual'!G4+IF(parametros_manuales!$H$24="Todos",'Plan mensual'!G8,0))+parametros_manuales!$G$24*('Plan mensual'!G5+IF(parametros_manuales!$H$24="Todos",'Plan mensual'!G9,0)))*parametros_manuales!$I$24*parametros_manuales!$J$24 -> 540.91935 | F7: =(parametros_manuales!$D$24*('Plan mensual'!H2+IF(parametros_manuales!$H$24="Todos",'Plan mensual'!H6,0))+parametros_manuales!$E$24*('Plan mensual'!H3+IF(parametros_manuales!$H$24="Todos",'Plan mensual'!H7,0))+parametros_manuales!$F$24*('Plan mensual'!H4+IF(parametros_manuales!$H$24="Todos",'Plan mensual'!H8,0))+parametros_manuales!$G$24*('Plan mensual'!H5+IF(parametros_manuales!$H$24="Todos",'Plan mensual'!H9,0)))*parametros_manuales!$I$24*parametros_manuales!$J$24 -> 506.64248 | G7: =(parametros_manuales!$D$24*('Plan mensual'!I2+IF(parametros_manuales!$H$24="Todos",'Plan mensual'!I6,0))+parametros_manuales!$E$24*('Plan mensual'!I3+IF(parametros_manuales!$H$24="Todos",'Plan mensual'!I7,0))+parametros_manuales!$F$24*('Plan mensual'!I4+IF(parametros_manuales!$H$24="Todos",'Plan mensual'!I8,0))+parametros_manuales!$G$24*('Plan mensual'!I5+IF(parametros_manuales!$H$24="Todos",'Plan mensual'!I9,0)))*parametros_manuales!$I$24*parametros_manuales!$J$24 -> 493.2593 | H7: =(parametros_manuales!$D$24*('Plan mensual'!J2+IF(parametros_manuales!$H$24="Todos",'Plan mensual'!J6,0))+parametros_manuales!$E$24*('Plan mensual'!J3+IF(parametros_manuales!$H$24="Todos",'Plan mensual'!J7,0))+parametros_manuales!$F$24*('Plan mensual'!J4+IF(parametros_manuales!$H$24="Todos",'Plan mensual'!J8,0))+parametros_manuales!$G$24*('Plan mensual'!J5+IF(parametros_manuales!$H$24="Todos",'Plan mensual'!J9,0)))*parametros_manuales!$I$24*parametros_manuales!$J$24 -> 527.53617 | I7: =(parametros_manuales!$D$24*('Plan mensual'!K2+IF(parametros_manuales!$H$24="Todos",'Plan mensual'!K6,0))+parametros_manuales!$E$24*('Plan mensual'!K3+IF(parametros_manuales!$H$24="Todos",'Plan mensual'!K7,0))+parametros_manuales!$F$24*('Plan mensual'!K4+IF(parametros_manuales!$H$24="Todos",'Plan mensual'!K8,0))+parametros_manuales!$G$24*('Plan mensual'!K5+IF(parametros_manuales!$H$24="Todos",'Plan mensual'!K9,0)))*parametros_manuales!$I$24*parametros_manuales!$J$24 -> 527.53617 | ... M7: =(parametros_manuales!$D$24*('Plan mensual'!O2+IF(parametros_manuales!$H$24="Todos",'Plan mensual'!O6,0))+parametros_manuales!$E$24*('Plan mensual'!O3+IF(parametros_manuales!$H$24="Todos",'Plan mensual'!O7,0))+parametros_manuales!$F$24*('Plan mensual'!O4+IF(parametros_manuales!$H$24="Todos",'Plan mensual'!O8,0))+parametros_manuales!$G$24*('Plan mensual'!O5+IF(parametros_manuales!$H$24="Todos",'Plan mensual'!O9,0)))*parametros_manuales!$I$24*parametros_manuales!$J$24 -> 795.87841 | N7: =SUM(B7:M7) -> 6855.3731 | O7: =MAX(B7:M7) -> 795.87841 | P7: =O7/(parametros_manuales!$B$7) -> 5.305856 | Q7: =IF(O7=0,"-",INDEX($B$1:$M$1,MATCH(O7,B7:M7,0))) -> Dic
A8: =parametros_manuales!$B$25 -> Soldadura del cuello a la cúpula | B8: =(parametros_manuales!$D$25*('Plan mensual'!D2+IF(parametros_manuales!$H$25="Todos",'Plan mensual'!D6,0))+parametros_manuales!$E$25*('Plan mensual'!D3+IF(parametros_manuales!$H$25="Todos",'Plan mensual'!D7,0))+parametros_manuales!$F$25*('Plan mensual'!D4+IF(parametros_manuales!$H$25="Todos",'Plan mensual'!D8,0))+parametros_manuales!$G$25*('Plan mensual'!D5+IF(parametros_manuales!$H$25="Todos",'Plan mensual'!D9,0)))*parametros_manuales!$I$25*parametros_manuales!$J$25 -> 769.11204 | C8: =(parametros_manuales!$D$25*('Plan mensual'!E2+IF(parametros_manuales!$H$25="Todos",'Plan mensual'!E6,0))+parametros_manuales!$E$25*('Plan mensual'!E3+IF(parametros_manuales!$H$25="Todos",'Plan mensual'!E7,0))+parametros_manuales!$F$25*('Plan mensual'!E4+IF(parametros_manuales!$H$25="Todos",'Plan mensual'!E8,0))+parametros_manuales!$G$25*('Plan mensual'!E5+IF(parametros_manuales!$H$25="Todos",'Plan mensual'!E9,0)))*parametros_manuales!$I$25*parametros_manuales!$J$25 -> 590.21721 | D8: =(parametros_manuales!$D$25*('Plan mensual'!F2+IF(parametros_manuales!$H$25="Todos",'Plan mensual'!F6,0))+parametros_manuales!$E$25*('Plan mensual'!F3+IF(parametros_manuales!$H$25="Todos",'Plan mensual'!F7,0))+parametros_manuales!$F$25*('Plan mensual'!F4+IF(parametros_manuales!$H$25="Todos",'Plan mensual'!F8,0))+parametros_manuales!$G$25*('Plan mensual'!F5+IF(parametros_manuales!$H$25="Todos",'Plan mensual'!F9,0)))*parametros_manuales!$I$25*parametros_manuales!$J$25 -> 561.81303 | E8: =(parametros_manuales!$D$25*('Plan mensual'!G2+IF(parametros_manuales!$H$25="Todos",'Plan mensual'!G6,0))+parametros_manuales!$E$25*('Plan mensual'!G3+IF(parametros_manuales!$H$25="Todos",'Plan mensual'!G7,0))+parametros_manuales!$F$25*('Plan mensual'!G4+IF(parametros_manuales!$H$25="Todos",'Plan mensual'!G8,0))+parametros_manuales!$G$25*('Plan mensual'!G5+IF(parametros_manuales!$H$25="Todos",'Plan mensual'!G9,0)))*parametros_manuales!$I$25*parametros_manuales!$J$25 -> 540.91935 | F8: =(parametros_manuales!$D$25*('Plan mensual'!H2+IF(parametros_manuales!$H$25="Todos",'Plan mensual'!H6,0))+parametros_manuales!$E$25*('Plan mensual'!H3+IF(parametros_manuales!$H$25="Todos",'Plan mensual'!H7,0))+parametros_manuales!$F$25*('Plan mensual'!H4+IF(parametros_manuales!$H$25="Todos",'Plan mensual'!H8,0))+parametros_manuales!$G$25*('Plan mensual'!H5+IF(parametros_manuales!$H$25="Todos",'Plan mensual'!H9,0)))*parametros_manuales!$I$25*parametros_manuales!$J$25 -> 506.64248 | G8: =(parametros_manuales!$D$25*('Plan mensual'!I2+IF(parametros_manuales!$H$25="Todos",'Plan mensual'!I6,0))+parametros_manuales!$E$25*('Plan mensual'!I3+IF(parametros_manuales!$H$25="Todos",'Plan mensual'!I7,0))+parametros_manuales!$F$25*('Plan mensual'!I4+IF(parametros_manuales!$H$25="Todos",'Plan mensual'!I8,0))+parametros_manuales!$G$25*('Plan mensual'!I5+IF(parametros_manuales!$H$25="Todos",'Plan mensual'!I9,0)))*parametros_manuales!$I$25*parametros_manuales!$J$25 -> 493.2593 | H8: =(parametros_manuales!$D$25*('Plan mensual'!J2+IF(parametros_manuales!$H$25="Todos",'Plan mensual'!J6,0))+parametros_manuales!$E$25*('Plan mensual'!J3+IF(parametros_manuales!$H$25="Todos",'Plan mensual'!J7,0))+parametros_manuales!$F$25*('Plan mensual'!J4+IF(parametros_manuales!$H$25="Todos",'Plan mensual'!J8,0))+parametros_manuales!$G$25*('Plan mensual'!J5+IF(parametros_manuales!$H$25="Todos",'Plan mensual'!J9,0)))*parametros_manuales!$I$25*parametros_manuales!$J$25 -> 527.53617 | I8: =(parametros_manuales!$D$25*('Plan mensual'!K2+IF(parametros_manuales!$H$25="Todos",'Plan mensual'!K6,0))+parametros_manuales!$E$25*('Plan mensual'!K3+IF(parametros_manuales!$H$25="Todos",'Plan mensual'!K7,0))+parametros_manuales!$F$25*('Plan mensual'!K4+IF(parametros_manuales!$H$25="Todos",'Plan mensual'!K8,0))+parametros_manuales!$G$25*('Plan mensual'!K5+IF(parametros_manuales!$H$25="Todos",'Plan mensual'!K9,0)))*parametros_manuales!$I$25*parametros_manuales!$J$25 -> 527.53617 | ... M8: =(parametros_manuales!$D$25*('Plan mensual'!O2+IF(parametros_manuales!$H$25="Todos",'Plan mensual'!O6,0))+parametros_manuales!$E$25*('Plan mensual'!O3+IF(parametros_manuales!$H$25="Todos",'Plan mensual'!O7,0))+parametros_manuales!$F$25*('Plan mensual'!O4+IF(parametros_manuales!$H$25="Todos",'Plan mensual'!O8,0))+parametros_manuales!$G$25*('Plan mensual'!O5+IF(parametros_manuales!$H$25="Todos",'Plan mensual'!O9,0)))*parametros_manuales!$I$25*parametros_manuales!$J$25 -> 795.87841 | N8: =SUM(B8:M8) -> 6855.3731 | O8: =MAX(B8:M8) -> 795.87841 | P8: =O8/(parametros_manuales!$B$7) -> 5.305856 | Q8: =IF(O8=0,"-",INDEX($B$1:$M$1,MATCH(O8,B8:M8,0))) -> Dic
A9: =parametros_manuales!$B$26 -> Cilindrado | B9: =(parametros_manuales!$D$26*('Plan mensual'!D2+IF(parametros_manuales!$H$26="Todos",'Plan mensual'!D6,0))+parametros_manuales!$E$26*('Plan mensual'!D3+IF(parametros_manuales!$H$26="Todos",'Plan mensual'!D7,0))+parametros_manuales!$F$26*('Plan mensual'!D4+IF(parametros_manuales!$H$26="Todos",'Plan mensual'!D8,0))+parametros_manuales!$G$26*('Plan mensual'!D5+IF(parametros_manuales!$H$26="Todos",'Plan mensual'!D9,0)))*parametros_manuales!$I$26*parametros_manuales!$J$26 -> 769.11204 | C9: =(parametros_manuales!$D$26*('Plan mensual'!E2+IF(parametros_manuales!$H$26="Todos",'Plan mensual'!E6,0))+parametros_manuales!$E$26*('Plan mensual'!E3+IF(parametros_manuales!$H$26="Todos",'Plan mensual'!E7,0))+parametros_manuales!$F$26*('Plan mensual'!E4+IF(parametros_manuales!$H$26="Todos",'Plan mensual'!E8,0))+parametros_manuales!$G$26*('Plan mensual'!E5+IF(parametros_manuales!$H$26="Todos",'Plan mensual'!E9,0)))*parametros_manuales!$I$26*parametros_manuales!$J$26 -> 590.21721 | D9: =(parametros_manuales!$D$26*('Plan mensual'!F2+IF(parametros_manuales!$H$26="Todos",'Plan mensual'!F6,0))+parametros_manuales!$E$26*('Plan mensual'!F3+IF(parametros_manuales!$H$26="Todos",'Plan mensual'!F7,0))+parametros_manuales!$F$26*('Plan mensual'!F4+IF(parametros_manuales!$H$26="Todos",'Plan mensual'!F8,0))+parametros_manuales!$G$26*('Plan mensual'!F5+IF(parametros_manuales!$H$26="Todos",'Plan mensual'!F9,0)))*parametros_manuales!$I$26*parametros_manuales!$J$26 -> 561.81303 | E9: =(parametros_manuales!$D$26*('Plan mensual'!G2+IF(parametros_manuales!$H$26="Todos",'Plan mensual'!G6,0))+parametros_manuales!$E$26*('Plan mensual'!G3+IF(parametros_manuales!$H$26="Todos",'Plan mensual'!G7,0))+parametros_manuales!$F$26*('Plan mensual'!G4+IF(parametros_manuales!$H$26="Todos",'Plan mensual'!G8,0))+parametros_manuales!$G$26*('Plan mensual'!G5+IF(parametros_manuales!$H$26="Todos",'Plan mensual'!G9,0)))*parametros_manuales!$I$26*parametros_manuales!$J$26 -> 540.91935 | F9: =(parametros_manuales!$D$26*('Plan mensual'!H2+IF(parametros_manuales!$H$26="Todos",'Plan mensual'!H6,0))+parametros_manuales!$E$26*('Plan mensual'!H3+IF(parametros_manuales!$H$26="Todos",'Plan mensual'!H7,0))+parametros_manuales!$F$26*('Plan mensual'!H4+IF(parametros_manuales!$H$26="Todos",'Plan mensual'!H8,0))+parametros_manuales!$G$26*('Plan mensual'!H5+IF(parametros_manuales!$H$26="Todos",'Plan mensual'!H9,0)))*parametros_manuales!$I$26*parametros_manuales!$J$26 -> 506.64248 | G9: =(parametros_manuales!$D$26*('Plan mensual'!I2+IF(parametros_manuales!$H$26="Todos",'Plan mensual'!I6,0))+parametros_manuales!$E$26*('Plan mensual'!I3+IF(parametros_manuales!$H$26="Todos",'Plan mensual'!I7,0))+parametros_manuales!$F$26*('Plan mensual'!I4+IF(parametros_manuales!$H$26="Todos",'Plan mensual'!I8,0))+parametros_manuales!$G$26*('Plan mensual'!I5+IF(parametros_manuales!$H$26="Todos",'Plan mensual'!I9,0)))*parametros_manuales!$I$26*parametros_manuales!$J$26 -> 493.2593 | H9: =(parametros_manuales!$D$26*('Plan mensual'!J2+IF(parametros_manuales!$H$26="Todos",'Plan mensual'!J6,0))+parametros_manuales!$E$26*('Plan mensual'!J3+IF(parametros_manuales!$H$26="Todos",'Plan mensual'!J7,0))+parametros_manuales!$F$26*('Plan mensual'!J4+IF(parametros_manuales!$H$26="Todos",'Plan mensual'!J8,0))+parametros_manuales!$G$26*('Plan mensual'!J5+IF(parametros_manuales!$H$26="Todos",'Plan mensual'!J9,0)))*parametros_manuales!$I$26*parametros_manuales!$J$26 -> 527.53617 | I9: =(parametros_manuales!$D$26*('Plan mensual'!K2+IF(parametros_manuales!$H$26="Todos",'Plan mensual'!K6,0))+parametros_manuales!$E$26*('Plan mensual'!K3+IF(parametros_manuales!$H$26="Todos",'Plan mensual'!K7,0))+parametros_manuales!$F$26*('Plan mensual'!K4+IF(parametros_manuales!$H$26="Todos",'Plan mensual'!K8,0))+parametros_manuales!$G$26*('Plan mensual'!K5+IF(parametros_manuales!$H$26="Todos",'Plan mensual'!K9,0)))*parametros_manuales!$I$26*parametros_manuales!$J$26 -> 527.53617 | ... M9: =(parametros_manuales!$D$26*('Plan mensual'!O2+IF(parametros_manuales!$H$26="Todos",'Plan mensual'!O6,0))+parametros_manuales!$E$26*('Plan mensual'!O3+IF(parametros_manuales!$H$26="Todos",'Plan mensual'!O7,0))+parametros_manuales!$F$26*('Plan mensual'!O4+IF(parametros_manuales!$H$26="Todos",'Plan mensual'!O8,0))+parametros_manuales!$G$26*('Plan mensual'!O5+IF(parametros_manuales!$H$26="Todos",'Plan mensual'!O9,0)))*parametros_manuales!$I$26*parametros_manuales!$J$26 -> 795.87841 | N9: =SUM(B9:M9) -> 6855.3731 | O9: =MAX(B9:M9) -> 795.87841 | P9: =O9/(parametros_manuales!$B$7) -> 5.305856 | Q9: =IF(O9=0,"-",INDEX($B$1:$M$1,MATCH(O9,B9:M9,0))) -> Dic
A10: =parametros_manuales!$B$27 -> Soldadura longitudinal — 2,5 a 10 kg | B10: =(parametros_manuales!$D$27*('Plan mensual'!D2+IF(parametros_manuales!$H$27="Todos",'Plan mensual'!D6,0))+parametros_manuales!$E$27*('Plan mensual'!D3+IF(parametros_manuales!$H$27="Todos",'Plan mensual'!D7,0))+parametros_manuales!$F$27*('Plan mensual'!D4+IF(parametros_manuales!$H$27="Todos",'Plan mensual'!D8,0))+parametros_manuales!$G$27*('Plan mensual'!D5+IF(parametros_manuales!$H$27="Todos",'Plan mensual'!D9,0)))*parametros_manuales!$I$27*parametros_manuales!$J$27 -> 267.66366 | C10: =(parametros_manuales!$D$27*('Plan mensual'!E2+IF(parametros_manuales!$H$27="Todos",'Plan mensual'!E6,0))+parametros_manuales!$E$27*('Plan mensual'!E3+IF(parametros_manuales!$H$27="Todos",'Plan mensual'!E7,0))+parametros_manuales!$F$27*('Plan mensual'!E4+IF(parametros_manuales!$H$27="Todos",'Plan mensual'!E8,0))+parametros_manuales!$G$27*('Plan mensual'!E5+IF(parametros_manuales!$H$27="Todos",'Plan mensual'!E9,0)))*parametros_manuales!$I$27*parametros_manuales!$J$27 -> 214.13093 | D10: =(parametros_manuales!$D$27*('Plan mensual'!F2+IF(parametros_manuales!$H$27="Todos",'Plan mensual'!F6,0))+parametros_manuales!$E$27*('Plan mensual'!F3+IF(parametros_manuales!$H$27="Todos",'Plan mensual'!F7,0))+parametros_manuales!$F$27*('Plan mensual'!F4+IF(parametros_manuales!$H$27="Todos",'Plan mensual'!F8,0))+parametros_manuales!$G$27*('Plan mensual'!F5+IF(parametros_manuales!$H$27="Todos",'Plan mensual'!F9,0)))*parametros_manuales!$I$27*parametros_manuales!$J$27 -> 227.51411 | E10: =(parametros_manuales!$D$27*('Plan mensual'!G2+IF(parametros_manuales!$H$27="Todos",'Plan mensual'!G6,0))+parametros_manuales!$E$27*('Plan mensual'!G3+IF(parametros_manuales!$H$27="Todos",'Plan mensual'!G7,0))+parametros_manuales!$F$27*('Plan mensual'!G4+IF(parametros_manuales!$H$27="Todos",'Plan mensual'!G8,0))+parametros_manuales!$G$27*('Plan mensual'!G5+IF(parametros_manuales!$H$27="Todos",'Plan mensual'!G9,0)))*parametros_manuales!$I$27*parametros_manuales!$J$27 -> 227.51411 | F10: =(parametros_manuales!$D$27*('Plan mensual'!H2+IF(parametros_manuales!$H$27="Todos",'Plan mensual'!H6,0))+parametros_manuales!$E$27*('Plan mensual'!H3+IF(parametros_manuales!$H$27="Todos",'Plan mensual'!H7,0))+parametros_manuales!$F$27*('Plan mensual'!H4+IF(parametros_manuales!$H$27="Todos",'Plan mensual'!H8,0))+parametros_manuales!$G$27*('Plan mensual'!H5+IF(parametros_manuales!$H$27="Todos",'Plan mensual'!H9,0)))*parametros_manuales!$I$27*parametros_manuales!$J$27 -> 214.13093 | G10: =(parametros_manuales!$D$27*('Plan mensual'!I2+IF(parametros_manuales!$H$27="Todos",'Plan mensual'!I6,0))+parametros_manuales!$E$27*('Plan mensual'!I3+IF(parametros_manuales!$H$27="Todos",'Plan mensual'!I7,0))+parametros_manuales!$F$27*('Plan mensual'!I4+IF(parametros_manuales!$H$27="Todos",'Plan mensual'!I8,0))+parametros_manuales!$G$27*('Plan mensual'!I5+IF(parametros_manuales!$H$27="Todos",'Plan mensual'!I9,0)))*parametros_manuales!$I$27*parametros_manuales!$J$27 -> 200.74774 | H10: =(parametros_manuales!$D$27*('Plan mensual'!J2+IF(parametros_manuales!$H$27="Todos",'Plan mensual'!J6,0))+parametros_manuales!$E$27*('Plan mensual'!J3+IF(parametros_manuales!$H$27="Todos",'Plan mensual'!J7,0))+parametros_manuales!$F$27*('Plan mensual'!J4+IF(parametros_manuales!$H$27="Todos",'Plan mensual'!J8,0))+parametros_manuales!$G$27*('Plan mensual'!J5+IF(parametros_manuales!$H$27="Todos",'Plan mensual'!J9,0)))*parametros_manuales!$I$27*parametros_manuales!$J$27 -> 214.13093 | I10: =(parametros_manuales!$D$27*('Plan mensual'!K2+IF(parametros_manuales!$H$27="Todos",'Plan mensual'!K6,0))+parametros_manuales!$E$27*('Plan mensual'!K3+IF(parametros_manuales!$H$27="Todos",'Plan mensual'!K7,0))+parametros_manuales!$F$27*('Plan mensual'!K4+IF(parametros_manuales!$H$27="Todos",'Plan mensual'!K8,0))+parametros_manuales!$G$27*('Plan mensual'!K5+IF(parametros_manuales!$H$27="Todos",'Plan mensual'!K9,0)))*parametros_manuales!$I$27*parametros_manuales!$J$27 -> 214.13093 | ... M10: =(parametros_manuales!$D$27*('Plan mensual'!O2+IF(parametros_manuales!$H$27="Todos",'Plan mensual'!O6,0))+parametros_manuales!$E$27*('Plan mensual'!O3+IF(parametros_manuales!$H$27="Todos",'Plan mensual'!O7,0))+parametros_manuales!$F$27*('Plan mensual'!O4+IF(parametros_manuales!$H$27="Todos",'Plan mensual'!O8,0))+parametros_manuales!$G$27*('Plan mensual'!O5+IF(parametros_manuales!$H$27="Todos",'Plan mensual'!O9,0)))*parametros_manuales!$I$27*parametros_manuales!$J$27 -> 294.43002 | N10: =SUM(B10:M10) -> 2676.6366 | O10: =MAX(B10:M10) -> 294.43002 | P10: =O10/(parametros_manuales!$B$7) -> 1.9628668 | Q10: =IF(O10=0,"-",INDEX($B$1:$M$1,MATCH(O10,B10:M10,0))) -> Dic
A11: =parametros_manuales!$B$28 -> Soldadura longitudinal TIG — 1 kg | B11: =(parametros_manuales!$D$28*('Plan mensual'!D2+IF(parametros_manuales!$H$28="Todos",'Plan mensual'!D6,0))+parametros_manuales!$E$28*('Plan mensual'!D3+IF(parametros_manuales!$H$28="Todos",'Plan mensual'!D7,0))+parametros_manuales!$F$28*('Plan mensual'!D4+IF(parametros_manuales!$H$28="Todos",'Plan mensual'!D8,0))+parametros_manuales!$G$28*('Plan mensual'!D5+IF(parametros_manuales!$H$28="Todos",'Plan mensual'!D9,0)))*parametros_manuales!$I$28*parametros_manuales!$J$28 -> 501.44839 | C11: =(parametros_manuales!$D$28*('Plan mensual'!E2+IF(parametros_manuales!$H$28="Todos",'Plan mensual'!E6,0))+parametros_manuales!$E$28*('Plan mensual'!E3+IF(parametros_manuales!$H$28="Todos",'Plan mensual'!E7,0))+parametros_manuales!$F$28*('Plan mensual'!E4+IF(parametros_manuales!$H$28="Todos",'Plan mensual'!E8,0))+parametros_manuales!$G$28*('Plan mensual'!E5+IF(parametros_manuales!$H$28="Todos",'Plan mensual'!E9,0)))*parametros_manuales!$I$28*parametros_manuales!$J$28 -> 376.08629 | D11: =(parametros_manuales!$D$28*('Plan mensual'!F2+IF(parametros_manuales!$H$28="Todos",'Plan mensual'!F6,0))+parametros_manuales!$E$28*('Plan mensual'!F3+IF(parametros_manuales!$H$28="Todos",'Plan mensual'!F7,0))+parametros_manuales!$F$28*('Plan mensual'!F4+IF(parametros_manuales!$H$28="Todos",'Plan mensual'!F8,0))+parametros_manuales!$G$28*('Plan mensual'!F5+IF(parametros_manuales!$H$28="Todos",'Plan mensual'!F9,0)))*parametros_manuales!$I$28*parametros_manuales!$J$28 -> 334.29892 | E11: =(parametros_manuales!$D$28*('Plan mensual'!G2+IF(parametros_manuales!$H$28="Todos",'Plan mensual'!G6,0))+parametros_manuales!$E$28*('Plan mensual'!G3+IF(parametros_manuales!$H$28="Todos",'Plan mensual'!G7,0))+parametros_manuales!$F$28*('Plan mensual'!G4+IF(parametros_manuales!$H$28="Todos",'Plan mensual'!G8,0))+parametros_manuales!$G$28*('Plan mensual'!G5+IF(parametros_manuales!$H$28="Todos",'Plan mensual'!G9,0)))*parametros_manuales!$I$28*parametros_manuales!$J$28 -> 313.40524 | F11: =(parametros_manuales!$D$28*('Plan mensual'!H2+IF(parametros_manuales!$H$28="Todos",'Plan mensual'!H6,0))+parametros_manuales!$E$28*('Plan mensual'!H3+IF(parametros_manuales!$H$28="Todos",'Plan mensual'!H7,0))+parametros_manuales!$F$28*('Plan mensual'!H4+IF(parametros_manuales!$H$28="Todos",'Plan mensual'!H8,0))+parametros_manuales!$G$28*('Plan mensual'!H5+IF(parametros_manuales!$H$28="Todos",'Plan mensual'!H9,0)))*parametros_manuales!$I$28*parametros_manuales!$J$28 -> 292.51156 | G11: =(parametros_manuales!$D$28*('Plan mensual'!I2+IF(parametros_manuales!$H$28="Todos",'Plan mensual'!I6,0))+parametros_manuales!$E$28*('Plan mensual'!I3+IF(parametros_manuales!$H$28="Todos",'Plan mensual'!I7,0))+parametros_manuales!$F$28*('Plan mensual'!I4+IF(parametros_manuales!$H$28="Todos",'Plan mensual'!I8,0))+parametros_manuales!$G$28*('Plan mensual'!I5+IF(parametros_manuales!$H$28="Todos",'Plan mensual'!I9,0)))*parametros_manuales!$I$28*parametros_manuales!$J$28 -> 292.51156 | H11: =(parametros_manuales!$D$28*('Plan mensual'!J2+IF(parametros_manuales!$H$28="Todos",'Plan mensual'!J6,0))+parametros_manuales!$E$28*('Plan mensual'!J3+IF(parametros_manuales!$H$28="Todos",'Plan mensual'!J7,0))+parametros_manuales!$F$28*('Plan mensual'!J4+IF(parametros_manuales!$H$28="Todos",'Plan mensual'!J8,0))+parametros_manuales!$G$28*('Plan mensual'!J5+IF(parametros_manuales!$H$28="Todos",'Plan mensual'!J9,0)))*parametros_manuales!$I$28*parametros_manuales!$J$28 -> 313.40524 | I11: =(parametros_manuales!$D$28*('Plan mensual'!K2+IF(parametros_manuales!$H$28="Todos",'Plan mensual'!K6,0))+parametros_manuales!$E$28*('Plan mensual'!K3+IF(parametros_manuales!$H$28="Todos",'Plan mensual'!K7,0))+parametros_manuales!$F$28*('Plan mensual'!K4+IF(parametros_manuales!$H$28="Todos",'Plan mensual'!K8,0))+parametros_manuales!$G$28*('Plan mensual'!K5+IF(parametros_manuales!$H$28="Todos",'Plan mensual'!K9,0)))*parametros_manuales!$I$28*parametros_manuales!$J$28 -> 313.40524 | ... M11: =(parametros_manuales!$D$28*('Plan mensual'!O2+IF(parametros_manuales!$H$28="Todos",'Plan mensual'!O6,0))+parametros_manuales!$E$28*('Plan mensual'!O3+IF(parametros_manuales!$H$28="Todos",'Plan mensual'!O7,0))+parametros_manuales!$F$28*('Plan mensual'!O4+IF(parametros_manuales!$H$28="Todos",'Plan mensual'!O8,0))+parametros_manuales!$G$28*('Plan mensual'!O5+IF(parametros_manuales!$H$28="Todos",'Plan mensual'!O9,0)))*parametros_manuales!$I$28*parametros_manuales!$J$28 -> 501.44839 | N11: =SUM(B11:M11) -> 4178.7365 | O11: =MAX(B11:M11) -> 501.44839 | P11: =O11/(parametros_manuales!$B$7) -> 3.3429892 | Q11: =IF(O11=0,"-",INDEX($B$1:$M$1,MATCH(O11,B11:M11,0))) -> Ene
A12: =parametros_manuales!$B$29 -> Encastre de fondo | B12: =(parametros_manuales!$D$29*('Plan mensual'!D2+IF(parametros_manuales!$H$29="Todos",'Plan mensual'!D6,0))+parametros_manuales!$E$29*('Plan mensual'!D3+IF(parametros_manuales!$H$29="Todos",'Plan mensual'!D7,0))+parametros_manuales!$F$29*('Plan mensual'!D4+IF(parametros_manuales!$H$29="Todos",'Plan mensual'!D8,0))+parametros_manuales!$G$29*('Plan mensual'!D5+IF(parametros_manuales!$H$29="Todos",'Plan mensual'!D9,0)))*parametros_manuales!$I$29*parametros_manuales!$J$29 -> 769.11204 | C12: =(parametros_manuales!$D$29*('Plan mensual'!E2+IF(parametros_manuales!$H$29="Todos",'Plan mensual'!E6,0))+parametros_manuales!$E$29*('Plan mensual'!E3+IF(parametros_manuales!$H$29="Todos",'Plan mensual'!E7,0))+parametros_manuales!$F$29*('Plan mensual'!E4+IF(parametros_manuales!$H$29="Todos",'Plan mensual'!E8,0))+parametros_manuales!$G$29*('Plan mensual'!E5+IF(parametros_manuales!$H$29="Todos",'Plan mensual'!E9,0)))*parametros_manuales!$I$29*parametros_manuales!$J$29 -> 590.21721 | D12: =(parametros_manuales!$D$29*('Plan mensual'!F2+IF(parametros_manuales!$H$29="Todos",'Plan mensual'!F6,0))+parametros_manuales!$E$29*('Plan mensual'!F3+IF(parametros_manuales!$H$29="Todos",'Plan mensual'!F7,0))+parametros_manuales!$F$29*('Plan mensual'!F4+IF(parametros_manuales!$H$29="Todos",'Plan mensual'!F8,0))+parametros_manuales!$G$29*('Plan mensual'!F5+IF(parametros_manuales!$H$29="Todos",'Plan mensual'!F9,0)))*parametros_manuales!$I$29*parametros_manuales!$J$29 -> 561.81303 | E12: =(parametros_manuales!$D$29*('Plan mensual'!G2+IF(parametros_manuales!$H$29="Todos",'Plan mensual'!G6,0))+parametros_manuales!$E$29*('Plan mensual'!G3+IF(parametros_manuales!$H$29="Todos",'Plan mensual'!G7,0))+parametros_manuales!$F$29*('Plan mensual'!G4+IF(parametros_manuales!$H$29="Todos",'Plan mensual'!G8,0))+parametros_manuales!$G$29*('Plan mensual'!G5+IF(parametros_manuales!$H$29="Todos",'Plan mensual'!G9,0)))*parametros_manuales!$I$29*parametros_manuales!$J$29 -> 540.91935 | F12: =(parametros_manuales!$D$29*('Plan mensual'!H2+IF(parametros_manuales!$H$29="Todos",'Plan mensual'!H6,0))+parametros_manuales!$E$29*('Plan mensual'!H3+IF(parametros_manuales!$H$29="Todos",'Plan mensual'!H7,0))+parametros_manuales!$F$29*('Plan mensual'!H4+IF(parametros_manuales!$H$29="Todos",'Plan mensual'!H8,0))+parametros_manuales!$G$29*('Plan mensual'!H5+IF(parametros_manuales!$H$29="Todos",'Plan mensual'!H9,0)))*parametros_manuales!$I$29*parametros_manuales!$J$29 -> 506.64248 | G12: =(parametros_manuales!$D$29*('Plan mensual'!I2+IF(parametros_manuales!$H$29="Todos",'Plan mensual'!I6,0))+parametros_manuales!$E$29*('Plan mensual'!I3+IF(parametros_manuales!$H$29="Todos",'Plan mensual'!I7,0))+parametros_manuales!$F$29*('Plan mensual'!I4+IF(parametros_manuales!$H$29="Todos",'Plan mensual'!I8,0))+parametros_manuales!$G$29*('Plan mensual'!I5+IF(parametros_manuales!$H$29="Todos",'Plan mensual'!I9,0)))*parametros_manuales!$I$29*parametros_manuales!$J$29 -> 493.2593 | H12: =(parametros_manuales!$D$29*('Plan mensual'!J2+IF(parametros_manuales!$H$29="Todos",'Plan mensual'!J6,0))+parametros_manuales!$E$29*('Plan mensual'!J3+IF(parametros_manuales!$H$29="Todos",'Plan mensual'!J7,0))+parametros_manuales!$F$29*('Plan mensual'!J4+IF(parametros_manuales!$H$29="Todos",'Plan mensual'!J8,0))+parametros_manuales!$G$29*('Plan mensual'!J5+IF(parametros_manuales!$H$29="Todos",'Plan mensual'!J9,0)))*parametros_manuales!$I$29*parametros_manuales!$J$29 -> 527.53617 | I12: =(parametros_manuales!$D$29*('Plan mensual'!K2+IF(parametros_manuales!$H$29="Todos",'Plan mensual'!K6,0))+parametros_manuales!$E$29*('Plan mensual'!K3+IF(parametros_manuales!$H$29="Todos",'Plan mensual'!K7,0))+parametros_manuales!$F$29*('Plan mensual'!K4+IF(parametros_manuales!$H$29="Todos",'Plan mensual'!K8,0))+parametros_manuales!$G$29*('Plan mensual'!K5+IF(parametros_manuales!$H$29="Todos",'Plan mensual'!K9,0)))*parametros_manuales!$I$29*parametros_manuales!$J$29 -> 527.53617 | ... M12: =(parametros_manuales!$D$29*('Plan mensual'!O2+IF(parametros_manuales!$H$29="Todos",'Plan mensual'!O6,0))+parametros_manuales!$E$29*('Plan mensual'!O3+IF(parametros_manuales!$H$29="Todos",'Plan mensual'!O7,0))+parametros_manuales!$F$29*('Plan mensual'!O4+IF(parametros_manuales!$H$29="Todos",'Plan mensual'!O8,0))+parametros_manuales!$G$29*('Plan mensual'!O5+IF(parametros_manuales!$H$29="Todos",'Plan mensual'!O9,0)))*parametros_manuales!$I$29*parametros_manuales!$J$29 -> 795.87841 | N12: =SUM(B12:M12) -> 6855.3731 | O12: =MAX(B12:M12) -> 795.87841 | P12: =O12/(parametros_manuales!$B$7) -> 5.305856 | Q12: =IF(O12=0,"-",INDEX($B$1:$M$1,MATCH(O12,B12:M12,0))) -> Dic
A13: =parametros_manuales!$B$30 -> Bordoneado | B13: =(parametros_manuales!$D$30*('Plan mensual'!D2+IF(parametros_manuales!$H$30="Todos",'Plan mensual'!D6,0))+parametros_manuales!$E$30*('Plan mensual'!D3+IF(parametros_manuales!$H$30="Todos",'Plan mensual'!D7,0))+parametros_manuales!$F$30*('Plan mensual'!D4+IF(parametros_manuales!$H$30="Todos",'Plan mensual'!D8,0))+parametros_manuales!$G$30*('Plan mensual'!D5+IF(parametros_manuales!$H$30="Todos",'Plan mensual'!D9,0)))*parametros_manuales!$I$30*parametros_manuales!$J$30 -> 769.11204 | C13: =(parametros_manuales!$D$30*('Plan mensual'!E2+IF(parametros_manuales!$H$30="Todos",'Plan mensual'!E6,0))+parametros_manuales!$E$30*('Plan mensual'!E3+IF(parametros_manuales!$H$30="Todos",'Plan mensual'!E7,0))+parametros_manuales!$F$30*('Plan mensual'!E4+IF(parametros_manuales!$H$30="Todos",'Plan mensual'!E8,0))+parametros_manuales!$G$30*('Plan mensual'!E5+IF(parametros_manuales!$H$30="Todos",'Plan mensual'!E9,0)))*parametros_manuales!$I$30*parametros_manuales!$J$30 -> 590.21721 | D13: =(parametros_manuales!$D$30*('Plan mensual'!F2+IF(parametros_manuales!$H$30="Todos",'Plan mensual'!F6,0))+parametros_manuales!$E$30*('Plan mensual'!F3+IF(parametros_manuales!$H$30="Todos",'Plan mensual'!F7,0))+parametros_manuales!$F$30*('Plan mensual'!F4+IF(parametros_manuales!$H$30="Todos",'Plan mensual'!F8,0))+parametros_manuales!$G$30*('Plan mensual'!F5+IF(parametros_manuales!$H$30="Todos",'Plan mensual'!F9,0)))*parametros_manuales!$I$30*parametros_manuales!$J$30 -> 561.81303 | E13: =(parametros_manuales!$D$30*('Plan mensual'!G2+IF(parametros_manuales!$H$30="Todos",'Plan mensual'!G6,0))+parametros_manuales!$E$30*('Plan mensual'!G3+IF(parametros_manuales!$H$30="Todos",'Plan mensual'!G7,0))+parametros_manuales!$F$30*('Plan mensual'!G4+IF(parametros_manuales!$H$30="Todos",'Plan mensual'!G8,0))+parametros_manuales!$G$30*('Plan mensual'!G5+IF(parametros_manuales!$H$30="Todos",'Plan mensual'!G9,0)))*parametros_manuales!$I$30*parametros_manuales!$J$30 -> 540.91935 | F13: =(parametros_manuales!$D$30*('Plan mensual'!H2+IF(parametros_manuales!$H$30="Todos",'Plan mensual'!H6,0))+parametros_manuales!$E$30*('Plan mensual'!H3+IF(parametros_manuales!$H$30="Todos",'Plan mensual'!H7,0))+parametros_manuales!$F$30*('Plan mensual'!H4+IF(parametros_manuales!$H$30="Todos",'Plan mensual'!H8,0))+parametros_manuales!$G$30*('Plan mensual'!H5+IF(parametros_manuales!$H$30="Todos",'Plan mensual'!H9,0)))*parametros_manuales!$I$30*parametros_manuales!$J$30 -> 506.64248 | G13: =(parametros_manuales!$D$30*('Plan mensual'!I2+IF(parametros_manuales!$H$30="Todos",'Plan mensual'!I6,0))+parametros_manuales!$E$30*('Plan mensual'!I3+IF(parametros_manuales!$H$30="Todos",'Plan mensual'!I7,0))+parametros_manuales!$F$30*('Plan mensual'!I4+IF(parametros_manuales!$H$30="Todos",'Plan mensual'!I8,0))+parametros_manuales!$G$30*('Plan mensual'!I5+IF(parametros_manuales!$H$30="Todos",'Plan mensual'!I9,0)))*parametros_manuales!$I$30*parametros_manuales!$J$30 -> 493.2593 | H13: =(parametros_manuales!$D$30*('Plan mensual'!J2+IF(parametros_manuales!$H$30="Todos",'Plan mensual'!J6,0))+parametros_manuales!$E$30*('Plan mensual'!J3+IF(parametros_manuales!$H$30="Todos",'Plan mensual'!J7,0))+parametros_manuales!$F$30*('Plan mensual'!J4+IF(parametros_manuales!$H$30="Todos",'Plan mensual'!J8,0))+parametros_manuales!$G$30*('Plan mensual'!J5+IF(parametros_manuales!$H$30="Todos",'Plan mensual'!J9,0)))*parametros_manuales!$I$30*parametros_manuales!$J$30 -> 527.53617 | I13: =(parametros_manuales!$D$30*('Plan mensual'!K2+IF(parametros_manuales!$H$30="Todos",'Plan mensual'!K6,0))+parametros_manuales!$E$30*('Plan mensual'!K3+IF(parametros_manuales!$H$30="Todos",'Plan mensual'!K7,0))+parametros_manuales!$F$30*('Plan mensual'!K4+IF(parametros_manuales!$H$30="Todos",'Plan mensual'!K8,0))+parametros_manuales!$G$30*('Plan mensual'!K5+IF(parametros_manuales!$H$30="Todos",'Plan mensual'!K9,0)))*parametros_manuales!$I$30*parametros_manuales!$J$30 -> 527.53617 | ... M13: =(parametros_manuales!$D$30*('Plan mensual'!O2+IF(parametros_manuales!$H$30="Todos",'Plan mensual'!O6,0))+parametros_manuales!$E$30*('Plan mensual'!O3+IF(parametros_manuales!$H$30="Todos",'Plan mensual'!O7,0))+parametros_manuales!$F$30*('Plan mensual'!O4+IF(parametros_manuales!$H$30="Todos",'Plan mensual'!O8,0))+parametros_manuales!$G$30*('Plan mensual'!O5+IF(parametros_manuales!$H$30="Todos",'Plan mensual'!O9,0)))*parametros_manuales!$I$30*parametros_manuales!$J$30 -> 795.87841 | N13: =SUM(B13:M13) -> 6855.3731 | O13: =MAX(B13:M13) -> 795.87841 | P13: =O13/(parametros_manuales!$B$7) -> 5.305856 | Q13: =IF(O13=0,"-",INDEX($B$1:$M$1,MATCH(O13,B13:M13,0))) -> Dic
A14: =parametros_manuales!$B$31 -> Soldadura circunferencial de cúpula y fondo | B14: =(parametros_manuales!$D$31*('Plan mensual'!D2+IF(parametros_manuales!$H$31="Todos",'Plan mensual'!D6,0))+parametros_manuales!$E$31*('Plan mensual'!D3+IF(parametros_manuales!$H$31="Todos",'Plan mensual'!D7,0))+parametros_manuales!$F$31*('Plan mensual'!D4+IF(parametros_manuales!$H$31="Todos",'Plan mensual'!D8,0))+parametros_manuales!$G$31*('Plan mensual'!D5+IF(parametros_manuales!$H$31="Todos",'Plan mensual'!D9,0)))*parametros_manuales!$I$31*parametros_manuales!$J$31 -> 769.11204 | C14: =(parametros_manuales!$D$31*('Plan mensual'!E2+IF(parametros_manuales!$H$31="Todos",'Plan mensual'!E6,0))+parametros_manuales!$E$31*('Plan mensual'!E3+IF(parametros_manuales!$H$31="Todos",'Plan mensual'!E7,0))+parametros_manuales!$F$31*('Plan mensual'!E4+IF(parametros_manuales!$H$31="Todos",'Plan mensual'!E8,0))+parametros_manuales!$G$31*('Plan mensual'!E5+IF(parametros_manuales!$H$31="Todos",'Plan mensual'!E9,0)))*parametros_manuales!$I$31*parametros_manuales!$J$31 -> 590.21721 | D14: =(parametros_manuales!$D$31*('Plan mensual'!F2+IF(parametros_manuales!$H$31="Todos",'Plan mensual'!F6,0))+parametros_manuales!$E$31*('Plan mensual'!F3+IF(parametros_manuales!$H$31="Todos",'Plan mensual'!F7,0))+parametros_manuales!$F$31*('Plan mensual'!F4+IF(parametros_manuales!$H$31="Todos",'Plan mensual'!F8,0))+parametros_manuales!$G$31*('Plan mensual'!F5+IF(parametros_manuales!$H$31="Todos",'Plan mensual'!F9,0)))*parametros_manuales!$I$31*parametros_manuales!$J$31 -> 561.81303 | E14: =(parametros_manuales!$D$31*('Plan mensual'!G2+IF(parametros_manuales!$H$31="Todos",'Plan mensual'!G6,0))+parametros_manuales!$E$31*('Plan mensual'!G3+IF(parametros_manuales!$H$31="Todos",'Plan mensual'!G7,0))+parametros_manuales!$F$31*('Plan mensual'!G4+IF(parametros_manuales!$H$31="Todos",'Plan mensual'!G8,0))+parametros_manuales!$G$31*('Plan mensual'!G5+IF(parametros_manuales!$H$31="Todos",'Plan mensual'!G9,0)))*parametros_manuales!$I$31*parametros_manuales!$J$31 -> 540.91935 | F14: =(parametros_manuales!$D$31*('Plan mensual'!H2+IF(parametros_manuales!$H$31="Todos",'Plan mensual'!H6,0))+parametros_manuales!$E$31*('Plan mensual'!H3+IF(parametros_manuales!$H$31="Todos",'Plan mensual'!H7,0))+parametros_manuales!$F$31*('Plan mensual'!H4+IF(parametros_manuales!$H$31="Todos",'Plan mensual'!H8,0))+parametros_manuales!$G$31*('Plan mensual'!H5+IF(parametros_manuales!$H$31="Todos",'Plan mensual'!H9,0)))*parametros_manuales!$I$31*parametros_manuales!$J$31 -> 506.64248 | G14: =(parametros_manuales!$D$31*('Plan mensual'!I2+IF(parametros_manuales!$H$31="Todos",'Plan mensual'!I6,0))+parametros_manuales!$E$31*('Plan mensual'!I3+IF(parametros_manuales!$H$31="Todos",'Plan mensual'!I7,0))+parametros_manuales!$F$31*('Plan mensual'!I4+IF(parametros_manuales!$H$31="Todos",'Plan mensual'!I8,0))+parametros_manuales!$G$31*('Plan mensual'!I5+IF(parametros_manuales!$H$31="Todos",'Plan mensual'!I9,0)))*parametros_manuales!$I$31*parametros_manuales!$J$31 -> 493.2593 | H14: =(parametros_manuales!$D$31*('Plan mensual'!J2+IF(parametros_manuales!$H$31="Todos",'Plan mensual'!J6,0))+parametros_manuales!$E$31*('Plan mensual'!J3+IF(parametros_manuales!$H$31="Todos",'Plan mensual'!J7,0))+parametros_manuales!$F$31*('Plan mensual'!J4+IF(parametros_manuales!$H$31="Todos",'Plan mensual'!J8,0))+parametros_manuales!$G$31*('Plan mensual'!J5+IF(parametros_manuales!$H$31="Todos",'Plan mensual'!J9,0)))*parametros_manuales!$I$31*parametros_manuales!$J$31 -> 527.53617 | I14: =(parametros_manuales!$D$31*('Plan mensual'!K2+IF(parametros_manuales!$H$31="Todos",'Plan mensual'!K6,0))+parametros_manuales!$E$31*('Plan mensual'!K3+IF(parametros_manuales!$H$31="Todos",'Plan mensual'!K7,0))+parametros_manuales!$F$31*('Plan mensual'!K4+IF(parametros_manuales!$H$31="Todos",'Plan mensual'!K8,0))+parametros_manuales!$G$31*('Plan mensual'!K5+IF(parametros_manuales!$H$31="Todos",'Plan mensual'!K9,0)))*parametros_manuales!$I$31*parametros_manuales!$J$31 -> 527.53617 | ... M14: =(parametros_manuales!$D$31*('Plan mensual'!O2+IF(parametros_manuales!$H$31="Todos",'Plan mensual'!O6,0))+parametros_manuales!$E$31*('Plan mensual'!O3+IF(parametros_manuales!$H$31="Todos",'Plan mensual'!O7,0))+parametros_manuales!$F$31*('Plan mensual'!O4+IF(parametros_manuales!$H$31="Todos",'Plan mensual'!O8,0))+parametros_manuales!$G$31*('Plan mensual'!O5+IF(parametros_manuales!$H$31="Todos",'Plan mensual'!O9,0)))*parametros_manuales!$I$31*parametros_manuales!$J$31 -> 795.87841 | N14: =SUM(B14:M14) -> 6855.3731 | O14: =MAX(B14:M14) -> 795.87841 | P14: =O14/(parametros_manuales!$B$7) -> 5.305856 | Q14: =IF(O14=0,"-",INDEX($B$1:$M$1,MATCH(O14,B14:M14,0))) -> Dic
A15: =parametros_manuales!$B$32 -> Control de calidad — Espesor | B15: =(parametros_manuales!$D$32*('Plan mensual'!D2+IF(parametros_manuales!$H$32="Todos",'Plan mensual'!D6,0))+parametros_manuales!$E$32*('Plan mensual'!D3+IF(parametros_manuales!$H$32="Todos",'Plan mensual'!D7,0))+parametros_manuales!$F$32*('Plan mensual'!D4+IF(parametros_manuales!$H$32="Todos",'Plan mensual'!D8,0))+parametros_manuales!$G$32*('Plan mensual'!D5+IF(parametros_manuales!$H$32="Todos",'Plan mensual'!D9,0)))*parametros_manuales!$I$32*parametros_manuales!$J$32 -> 15.382241 | C15: =(parametros_manuales!$D$32*('Plan mensual'!E2+IF(parametros_manuales!$H$32="Todos",'Plan mensual'!E6,0))+parametros_manuales!$E$32*('Plan mensual'!E3+IF(parametros_manuales!$H$32="Todos",'Plan mensual'!E7,0))+parametros_manuales!$F$32*('Plan mensual'!E4+IF(parametros_manuales!$H$32="Todos",'Plan mensual'!E8,0))+parametros_manuales!$G$32*('Plan mensual'!E5+IF(parametros_manuales!$H$32="Todos",'Plan mensual'!E9,0)))*parametros_manuales!$I$32*parametros_manuales!$J$32 -> 11.804344 | D15: =(parametros_manuales!$D$32*('Plan mensual'!F2+IF(parametros_manuales!$H$32="Todos",'Plan mensual'!F6,0))+parametros_manuales!$E$32*('Plan mensual'!F3+IF(parametros_manuales!$H$32="Todos",'Plan mensual'!F7,0))+parametros_manuales!$F$32*('Plan mensual'!F4+IF(parametros_manuales!$H$32="Todos",'Plan mensual'!F8,0))+parametros_manuales!$G$32*('Plan mensual'!F5+IF(parametros_manuales!$H$32="Todos",'Plan mensual'!F9,0)))*parametros_manuales!$I$32*parametros_manuales!$J$32 -> 11.236261 | E15: =(parametros_manuales!$D$32*('Plan mensual'!G2+IF(parametros_manuales!$H$32="Todos",'Plan mensual'!G6,0))+parametros_manuales!$E$32*('Plan mensual'!G3+IF(parametros_manuales!$H$32="Todos",'Plan mensual'!G7,0))+parametros_manuales!$F$32*('Plan mensual'!G4+IF(parametros_manuales!$H$32="Todos",'Plan mensual'!G8,0))+parametros_manuales!$G$32*('Plan mensual'!G5+IF(parametros_manuales!$H$32="Todos",'Plan mensual'!G9,0)))*parametros_manuales!$I$32*parametros_manuales!$J$32 -> 10.818387 | F15: =(parametros_manuales!$D$32*('Plan mensual'!H2+IF(parametros_manuales!$H$32="Todos",'Plan mensual'!H6,0))+parametros_manuales!$E$32*('Plan mensual'!H3+IF(parametros_manuales!$H$32="Todos",'Plan mensual'!H7,0))+parametros_manuales!$F$32*('Plan mensual'!H4+IF(parametros_manuales!$H$32="Todos",'Plan mensual'!H8,0))+parametros_manuales!$G$32*('Plan mensual'!H5+IF(parametros_manuales!$H$32="Todos",'Plan mensual'!H9,0)))*parametros_manuales!$I$32*parametros_manuales!$J$32 -> 10.13285 | G15: =(parametros_manuales!$D$32*('Plan mensual'!I2+IF(parametros_manuales!$H$32="Todos",'Plan mensual'!I6,0))+parametros_manuales!$E$32*('Plan mensual'!I3+IF(parametros_manuales!$H$32="Todos",'Plan mensual'!I7,0))+parametros_manuales!$F$32*('Plan mensual'!I4+IF(parametros_manuales!$H$32="Todos",'Plan mensual'!I8,0))+parametros_manuales!$G$32*('Plan mensual'!I5+IF(parametros_manuales!$H$32="Todos",'Plan mensual'!I9,0)))*parametros_manuales!$I$32*parametros_manuales!$J$32 -> 9.865186 | H15: =(parametros_manuales!$D$32*('Plan mensual'!J2+IF(parametros_manuales!$H$32="Todos",'Plan mensual'!J6,0))+parametros_manuales!$E$32*('Plan mensual'!J3+IF(parametros_manuales!$H$32="Todos",'Plan mensual'!J7,0))+parametros_manuales!$F$32*('Plan mensual'!J4+IF(parametros_manuales!$H$32="Todos",'Plan mensual'!J8,0))+parametros_manuales!$G$32*('Plan mensual'!J5+IF(parametros_manuales!$H$32="Todos",'Plan mensual'!J9,0)))*parametros_manuales!$I$32*parametros_manuales!$J$32 -> 10.550723 | I15: =(parametros_manuales!$D$32*('Plan mensual'!K2+IF(parametros_manuales!$H$32="Todos",'Plan mensual'!K6,0))+parametros_manuales!$E$32*('Plan mensual'!K3+IF(parametros_manuales!$H$32="Todos",'Plan mensual'!K7,0))+parametros_manuales!$F$32*('Plan mensual'!K4+IF(parametros_manuales!$H$32="Todos",'Plan mensual'!K8,0))+parametros_manuales!$G$32*('Plan mensual'!K5+IF(parametros_manuales!$H$32="Todos",'Plan mensual'!K9,0)))*parametros_manuales!$I$32*parametros_manuales!$J$32 -> 10.550723 | ... M15: =(parametros_manuales!$D$32*('Plan mensual'!O2+IF(parametros_manuales!$H$32="Todos",'Plan mensual'!O6,0))+parametros_manuales!$E$32*('Plan mensual'!O3+IF(parametros_manuales!$H$32="Todos",'Plan mensual'!O7,0))+parametros_manuales!$F$32*('Plan mensual'!O4+IF(parametros_manuales!$H$32="Todos",'Plan mensual'!O8,0))+parametros_manuales!$G$32*('Plan mensual'!O5+IF(parametros_manuales!$H$32="Todos",'Plan mensual'!O9,0)))*parametros_manuales!$I$32*parametros_manuales!$J$32 -> 15.917568 | N15: =SUM(B15:M15) -> 137.10746 | O15: =MAX(B15:M15) -> 15.917568 | P15: =O15/(parametros_manuales!$B$7) -> 0.10611712 | Q15: =IF(O15=0,"-",INDEX($B$1:$M$1,MATCH(O15,B15:M15,0))) -> Dic
A16: =parametros_manuales!$B$33 -> Prueba hidráulica | B16: =(parametros_manuales!$D$33*('Plan mensual'!D2+IF(parametros_manuales!$H$33="Todos",'Plan mensual'!D6,0))+parametros_manuales!$E$33*('Plan mensual'!D3+IF(parametros_manuales!$H$33="Todos",'Plan mensual'!D7,0))+parametros_manuales!$F$33*('Plan mensual'!D4+IF(parametros_manuales!$H$33="Todos",'Plan mensual'!D8,0))+parametros_manuales!$G$33*('Plan mensual'!D5+IF(parametros_manuales!$H$33="Todos",'Plan mensual'!D9,0)))*parametros_manuales!$I$33*parametros_manuales!$J$33 -> 769.11204 | C16: =(parametros_manuales!$D$33*('Plan mensual'!E2+IF(parametros_manuales!$H$33="Todos",'Plan mensual'!E6,0))+parametros_manuales!$E$33*('Plan mensual'!E3+IF(parametros_manuales!$H$33="Todos",'Plan mensual'!E7,0))+parametros_manuales!$F$33*('Plan mensual'!E4+IF(parametros_manuales!$H$33="Todos",'Plan mensual'!E8,0))+parametros_manuales!$G$33*('Plan mensual'!E5+IF(parametros_manuales!$H$33="Todos",'Plan mensual'!E9,0)))*parametros_manuales!$I$33*parametros_manuales!$J$33 -> 590.21721 | D16: =(parametros_manuales!$D$33*('Plan mensual'!F2+IF(parametros_manuales!$H$33="Todos",'Plan mensual'!F6,0))+parametros_manuales!$E$33*('Plan mensual'!F3+IF(parametros_manuales!$H$33="Todos",'Plan mensual'!F7,0))+parametros_manuales!$F$33*('Plan mensual'!F4+IF(parametros_manuales!$H$33="Todos",'Plan mensual'!F8,0))+parametros_manuales!$G$33*('Plan mensual'!F5+IF(parametros_manuales!$H$33="Todos",'Plan mensual'!F9,0)))*parametros_manuales!$I$33*parametros_manuales!$J$33 -> 561.81303 | E16: =(parametros_manuales!$D$33*('Plan mensual'!G2+IF(parametros_manuales!$H$33="Todos",'Plan mensual'!G6,0))+parametros_manuales!$E$33*('Plan mensual'!G3+IF(parametros_manuales!$H$33="Todos",'Plan mensual'!G7,0))+parametros_manuales!$F$33*('Plan mensual'!G4+IF(parametros_manuales!$H$33="Todos",'Plan mensual'!G8,0))+parametros_manuales!$G$33*('Plan mensual'!G5+IF(parametros_manuales!$H$33="Todos",'Plan mensual'!G9,0)))*parametros_manuales!$I$33*parametros_manuales!$J$33 -> 540.91935 | F16: =(parametros_manuales!$D$33*('Plan mensual'!H2+IF(parametros_manuales!$H$33="Todos",'Plan mensual'!H6,0))+parametros_manuales!$E$33*('Plan mensual'!H3+IF(parametros_manuales!$H$33="Todos",'Plan mensual'!H7,0))+parametros_manuales!$F$33*('Plan mensual'!H4+IF(parametros_manuales!$H$33="Todos",'Plan mensual'!H8,0))+parametros_manuales!$G$33*('Plan mensual'!H5+IF(parametros_manuales!$H$33="Todos",'Plan mensual'!H9,0)))*parametros_manuales!$I$33*parametros_manuales!$J$33 -> 506.64248 | G16: =(parametros_manuales!$D$33*('Plan mensual'!I2+IF(parametros_manuales!$H$33="Todos",'Plan mensual'!I6,0))+parametros_manuales!$E$33*('Plan mensual'!I3+IF(parametros_manuales!$H$33="Todos",'Plan mensual'!I7,0))+parametros_manuales!$F$33*('Plan mensual'!I4+IF(parametros_manuales!$H$33="Todos",'Plan mensual'!I8,0))+parametros_manuales!$G$33*('Plan mensual'!I5+IF(parametros_manuales!$H$33="Todos",'Plan mensual'!I9,0)))*parametros_manuales!$I$33*parametros_manuales!$J$33 -> 493.2593 | H16: =(parametros_manuales!$D$33*('Plan mensual'!J2+IF(parametros_manuales!$H$33="Todos",'Plan mensual'!J6,0))+parametros_manuales!$E$33*('Plan mensual'!J3+IF(parametros_manuales!$H$33="Todos",'Plan mensual'!J7,0))+parametros_manuales!$F$33*('Plan mensual'!J4+IF(parametros_manuales!$H$33="Todos",'Plan mensual'!J8,0))+parametros_manuales!$G$33*('Plan mensual'!J5+IF(parametros_manuales!$H$33="Todos",'Plan mensual'!J9,0)))*parametros_manuales!$I$33*parametros_manuales!$J$33 -> 527.53617 | I16: =(parametros_manuales!$D$33*('Plan mensual'!K2+IF(parametros_manuales!$H$33="Todos",'Plan mensual'!K6,0))+parametros_manuales!$E$33*('Plan mensual'!K3+IF(parametros_manuales!$H$33="Todos",'Plan mensual'!K7,0))+parametros_manuales!$F$33*('Plan mensual'!K4+IF(parametros_manuales!$H$33="Todos",'Plan mensual'!K8,0))+parametros_manuales!$G$33*('Plan mensual'!K5+IF(parametros_manuales!$H$33="Todos",'Plan mensual'!K9,0)))*parametros_manuales!$I$33*parametros_manuales!$J$33 -> 527.53617 | ... M16: =(parametros_manuales!$D$33*('Plan mensual'!O2+IF(parametros_manuales!$H$33="Todos",'Plan mensual'!O6,0))+parametros_manuales!$E$33*('Plan mensual'!O3+IF(parametros_manuales!$H$33="Todos",'Plan mensual'!O7,0))+parametros_manuales!$F$33*('Plan mensual'!O4+IF(parametros_manuales!$H$33="Todos",'Plan mensual'!O8,0))+parametros_manuales!$G$33*('Plan mensual'!O5+IF(parametros_manuales!$H$33="Todos",'Plan mensual'!O9,0)))*parametros_manuales!$I$33*parametros_manuales!$J$33 -> 795.87841 | N16: =SUM(B16:M16) -> 6855.3731 | O16: =MAX(B16:M16) -> 795.87841 | P16: =O16/(parametros_manuales!$B$7) -> 5.305856 | Q16: =IF(O16=0,"-",INDEX($B$1:$M$1,MATCH(O16,B16:M16,0))) -> Dic
A17: =parametros_manuales!$B$34 -> Secado | B17: =(parametros_manuales!$D$34*('Plan mensual'!D2+IF(parametros_manuales!$H$34="Todos",'Plan mensual'!D6,0))+parametros_manuales!$E$34*('Plan mensual'!D3+IF(parametros_manuales!$H$34="Todos",'Plan mensual'!D7,0))+parametros_manuales!$F$34*('Plan mensual'!D4+IF(parametros_manuales!$H$34="Todos",'Plan mensual'!D8,0))+parametros_manuales!$G$34*('Plan mensual'!D5+IF(parametros_manuales!$H$34="Todos",'Plan mensual'!D9,0)))*parametros_manuales!$I$34*parametros_manuales!$J$34 -> 769.11204 | C17: =(parametros_manuales!$D$34*('Plan mensual'!E2+IF(parametros_manuales!$H$34="Todos",'Plan mensual'!E6,0))+parametros_manuales!$E$34*('Plan mensual'!E3+IF(parametros_manuales!$H$34="Todos",'Plan mensual'!E7,0))+parametros_manuales!$F$34*('Plan mensual'!E4+IF(parametros_manuales!$H$34="Todos",'Plan mensual'!E8,0))+parametros_manuales!$G$34*('Plan mensual'!E5+IF(parametros_manuales!$H$34="Todos",'Plan mensual'!E9,0)))*parametros_manuales!$I$34*parametros_manuales!$J$34 -> 590.21721 | D17: =(parametros_manuales!$D$34*('Plan mensual'!F2+IF(parametros_manuales!$H$34="Todos",'Plan mensual'!F6,0))+parametros_manuales!$E$34*('Plan mensual'!F3+IF(parametros_manuales!$H$34="Todos",'Plan mensual'!F7,0))+parametros_manuales!$F$34*('Plan mensual'!F4+IF(parametros_manuales!$H$34="Todos",'Plan mensual'!F8,0))+parametros_manuales!$G$34*('Plan mensual'!F5+IF(parametros_manuales!$H$34="Todos",'Plan mensual'!F9,0)))*parametros_manuales!$I$34*parametros_manuales!$J$34 -> 561.81303 | E17: =(parametros_manuales!$D$34*('Plan mensual'!G2+IF(parametros_manuales!$H$34="Todos",'Plan mensual'!G6,0))+parametros_manuales!$E$34*('Plan mensual'!G3+IF(parametros_manuales!$H$34="Todos",'Plan mensual'!G7,0))+parametros_manuales!$F$34*('Plan mensual'!G4+IF(parametros_manuales!$H$34="Todos",'Plan mensual'!G8,0))+parametros_manuales!$G$34*('Plan mensual'!G5+IF(parametros_manuales!$H$34="Todos",'Plan mensual'!G9,0)))*parametros_manuales!$I$34*parametros_manuales!$J$34 -> 540.91935 | F17: =(parametros_manuales!$D$34*('Plan mensual'!H2+IF(parametros_manuales!$H$34="Todos",'Plan mensual'!H6,0))+parametros_manuales!$E$34*('Plan mensual'!H3+IF(parametros_manuales!$H$34="Todos",'Plan mensual'!H7,0))+parametros_manuales!$F$34*('Plan mensual'!H4+IF(parametros_manuales!$H$34="Todos",'Plan mensual'!H8,0))+parametros_manuales!$G$34*('Plan mensual'!H5+IF(parametros_manuales!$H$34="Todos",'Plan mensual'!H9,0)))*parametros_manuales!$I$34*parametros_manuales!$J$34 -> 506.64248 | G17: =(parametros_manuales!$D$34*('Plan mensual'!I2+IF(parametros_manuales!$H$34="Todos",'Plan mensual'!I6,0))+parametros_manuales!$E$34*('Plan mensual'!I3+IF(parametros_manuales!$H$34="Todos",'Plan mensual'!I7,0))+parametros_manuales!$F$34*('Plan mensual'!I4+IF(parametros_manuales!$H$34="Todos",'Plan mensual'!I8,0))+parametros_manuales!$G$34*('Plan mensual'!I5+IF(parametros_manuales!$H$34="Todos",'Plan mensual'!I9,0)))*parametros_manuales!$I$34*parametros_manuales!$J$34 -> 493.2593 | H17: =(parametros_manuales!$D$34*('Plan mensual'!J2+IF(parametros_manuales!$H$34="Todos",'Plan mensual'!J6,0))+parametros_manuales!$E$34*('Plan mensual'!J3+IF(parametros_manuales!$H$34="Todos",'Plan mensual'!J7,0))+parametros_manuales!$F$34*('Plan mensual'!J4+IF(parametros_manuales!$H$34="Todos",'Plan mensual'!J8,0))+parametros_manuales!$G$34*('Plan mensual'!J5+IF(parametros_manuales!$H$34="Todos",'Plan mensual'!J9,0)))*parametros_manuales!$I$34*parametros_manuales!$J$34 -> 527.53617 | I17: =(parametros_manuales!$D$34*('Plan mensual'!K2+IF(parametros_manuales!$H$34="Todos",'Plan mensual'!K6,0))+parametros_manuales!$E$34*('Plan mensual'!K3+IF(parametros_manuales!$H$34="Todos",'Plan mensual'!K7,0))+parametros_manuales!$F$34*('Plan mensual'!K4+IF(parametros_manuales!$H$34="Todos",'Plan mensual'!K8,0))+parametros_manuales!$G$34*('Plan mensual'!K5+IF(parametros_manuales!$H$34="Todos",'Plan mensual'!K9,0)))*parametros_manuales!$I$34*parametros_manuales!$J$34 -> 527.53617 | ... M17: =(parametros_manuales!$D$34*('Plan mensual'!O2+IF(parametros_manuales!$H$34="Todos",'Plan mensual'!O6,0))+parametros_manuales!$E$34*('Plan mensual'!O3+IF(parametros_manuales!$H$34="Todos",'Plan mensual'!O7,0))+parametros_manuales!$F$34*('Plan mensual'!O4+IF(parametros_manuales!$H$34="Todos",'Plan mensual'!O8,0))+parametros_manuales!$G$34*('Plan mensual'!O5+IF(parametros_manuales!$H$34="Todos",'Plan mensual'!O9,0)))*parametros_manuales!$I$34*parametros_manuales!$J$34 -> 795.87841 | N17: =SUM(B17:M17) -> 6855.3731 | O17: =MAX(B17:M17) -> 795.87841 | P17: =O17/(parametros_manuales!$B$7) -> 5.305856 | Q17: =IF(O17=0,"-",INDEX($B$1:$M$1,MATCH(O17,B17:M17,0))) -> Dic
A18: =parametros_manuales!$B$35 -> Granallado | B18: =(parametros_manuales!$D$35*('Plan mensual'!D2+IF(parametros_manuales!$H$35="Todos",'Plan mensual'!D6,0))+parametros_manuales!$E$35*('Plan mensual'!D3+IF(parametros_manuales!$H$35="Todos",'Plan mensual'!D7,0))+parametros_manuales!$F$35*('Plan mensual'!D4+IF(parametros_manuales!$H$35="Todos",'Plan mensual'!D8,0))+parametros_manuales!$G$35*('Plan mensual'!D5+IF(parametros_manuales!$H$35="Todos",'Plan mensual'!D9,0)))*parametros_manuales!$I$35*parametros_manuales!$J$35 -> 769.11204 | C18: =(parametros_manuales!$D$35*('Plan mensual'!E2+IF(parametros_manuales!$H$35="Todos",'Plan mensual'!E6,0))+parametros_manuales!$E$35*('Plan mensual'!E3+IF(parametros_manuales!$H$35="Todos",'Plan mensual'!E7,0))+parametros_manuales!$F$35*('Plan mensual'!E4+IF(parametros_manuales!$H$35="Todos",'Plan mensual'!E8,0))+parametros_manuales!$G$35*('Plan mensual'!E5+IF(parametros_manuales!$H$35="Todos",'Plan mensual'!E9,0)))*parametros_manuales!$I$35*parametros_manuales!$J$35 -> 590.21721 | D18: =(parametros_manuales!$D$35*('Plan mensual'!F2+IF(parametros_manuales!$H$35="Todos",'Plan mensual'!F6,0))+parametros_manuales!$E$35*('Plan mensual'!F3+IF(parametros_manuales!$H$35="Todos",'Plan mensual'!F7,0))+parametros_manuales!$F$35*('Plan mensual'!F4+IF(parametros_manuales!$H$35="Todos",'Plan mensual'!F8,0))+parametros_manuales!$G$35*('Plan mensual'!F5+IF(parametros_manuales!$H$35="Todos",'Plan mensual'!F9,0)))*parametros_manuales!$I$35*parametros_manuales!$J$35 -> 561.81303 | E18: =(parametros_manuales!$D$35*('Plan mensual'!G2+IF(parametros_manuales!$H$35="Todos",'Plan mensual'!G6,0))+parametros_manuales!$E$35*('Plan mensual'!G3+IF(parametros_manuales!$H$35="Todos",'Plan mensual'!G7,0))+parametros_manuales!$F$35*('Plan mensual'!G4+IF(parametros_manuales!$H$35="Todos",'Plan mensual'!G8,0))+parametros_manuales!$G$35*('Plan mensual'!G5+IF(parametros_manuales!$H$35="Todos",'Plan mensual'!G9,0)))*parametros_manuales!$I$35*parametros_manuales!$J$35 -> 540.91935 | F18: =(parametros_manuales!$D$35*('Plan mensual'!H2+IF(parametros_manuales!$H$35="Todos",'Plan mensual'!H6,0))+parametros_manuales!$E$35*('Plan mensual'!H3+IF(parametros_manuales!$H$35="Todos",'Plan mensual'!H7,0))+parametros_manuales!$F$35*('Plan mensual'!H4+IF(parametros_manuales!$H$35="Todos",'Plan mensual'!H8,0))+parametros_manuales!$G$35*('Plan mensual'!H5+IF(parametros_manuales!$H$35="Todos",'Plan mensual'!H9,0)))*parametros_manuales!$I$35*parametros_manuales!$J$35 -> 506.64248 | G18: =(parametros_manuales!$D$35*('Plan mensual'!I2+IF(parametros_manuales!$H$35="Todos",'Plan mensual'!I6,0))+parametros_manuales!$E$35*('Plan mensual'!I3+IF(parametros_manuales!$H$35="Todos",'Plan mensual'!I7,0))+parametros_manuales!$F$35*('Plan mensual'!I4+IF(parametros_manuales!$H$35="Todos",'Plan mensual'!I8,0))+parametros_manuales!$G$35*('Plan mensual'!I5+IF(parametros_manuales!$H$35="Todos",'Plan mensual'!I9,0)))*parametros_manuales!$I$35*parametros_manuales!$J$35 -> 493.2593 | H18: =(parametros_manuales!$D$35*('Plan mensual'!J2+IF(parametros_manuales!$H$35="Todos",'Plan mensual'!J6,0))+parametros_manuales!$E$35*('Plan mensual'!J3+IF(parametros_manuales!$H$35="Todos",'Plan mensual'!J7,0))+parametros_manuales!$F$35*('Plan mensual'!J4+IF(parametros_manuales!$H$35="Todos",'Plan mensual'!J8,0))+parametros_manuales!$G$35*('Plan mensual'!J5+IF(parametros_manuales!$H$35="Todos",'Plan mensual'!J9,0)))*parametros_manuales!$I$35*parametros_manuales!$J$35 -> 527.53617 | I18: =(parametros_manuales!$D$35*('Plan mensual'!K2+IF(parametros_manuales!$H$35="Todos",'Plan mensual'!K6,0))+parametros_manuales!$E$35*('Plan mensual'!K3+IF(parametros_manuales!$H$35="Todos",'Plan mensual'!K7,0))+parametros_manuales!$F$35*('Plan mensual'!K4+IF(parametros_manuales!$H$35="Todos",'Plan mensual'!K8,0))+parametros_manuales!$G$35*('Plan mensual'!K5+IF(parametros_manuales!$H$35="Todos",'Plan mensual'!K9,0)))*parametros_manuales!$I$35*parametros_manuales!$J$35 -> 527.53617 | ... M18: =(parametros_manuales!$D$35*('Plan mensual'!O2+IF(parametros_manuales!$H$35="Todos",'Plan mensual'!O6,0))+parametros_manuales!$E$35*('Plan mensual'!O3+IF(parametros_manuales!$H$35="Todos",'Plan mensual'!O7,0))+parametros_manuales!$F$35*('Plan mensual'!O4+IF(parametros_manuales!$H$35="Todos",'Plan mensual'!O8,0))+parametros_manuales!$G$35*('Plan mensual'!O5+IF(parametros_manuales!$H$35="Todos",'Plan mensual'!O9,0)))*parametros_manuales!$I$35*parametros_manuales!$J$35 -> 795.87841 | N18: =SUM(B18:M18) -> 6855.3731 | O18: =MAX(B18:M18) -> 795.87841 | P18: =O18/(parametros_manuales!$B$7) -> 5.305856 | Q18: =IF(O18=0,"-",INDEX($B$1:$M$1,MATCH(O18,B18:M18,0))) -> Dic
A19: =parametros_manuales!$B$36 -> Detección de defectos | B19: =(parametros_manuales!$D$36*('Plan mensual'!D2+IF(parametros_manuales!$H$36="Todos",'Plan mensual'!D6,0))+parametros_manuales!$E$36*('Plan mensual'!D3+IF(parametros_manuales!$H$36="Todos",'Plan mensual'!D7,0))+parametros_manuales!$F$36*('Plan mensual'!D4+IF(parametros_manuales!$H$36="Todos",'Plan mensual'!D8,0))+parametros_manuales!$G$36*('Plan mensual'!D5+IF(parametros_manuales!$H$36="Todos",'Plan mensual'!D9,0)))*parametros_manuales!$I$36*parametros_manuales!$J$36 -> 769.11204 | C19: =(parametros_manuales!$D$36*('Plan mensual'!E2+IF(parametros_manuales!$H$36="Todos",'Plan mensual'!E6,0))+parametros_manuales!$E$36*('Plan mensual'!E3+IF(parametros_manuales!$H$36="Todos",'Plan mensual'!E7,0))+parametros_manuales!$F$36*('Plan mensual'!E4+IF(parametros_manuales!$H$36="Todos",'Plan mensual'!E8,0))+parametros_manuales!$G$36*('Plan mensual'!E5+IF(parametros_manuales!$H$36="Todos",'Plan mensual'!E9,0)))*parametros_manuales!$I$36*parametros_manuales!$J$36 -> 590.21721 | D19: =(parametros_manuales!$D$36*('Plan mensual'!F2+IF(parametros_manuales!$H$36="Todos",'Plan mensual'!F6,0))+parametros_manuales!$E$36*('Plan mensual'!F3+IF(parametros_manuales!$H$36="Todos",'Plan mensual'!F7,0))+parametros_manuales!$F$36*('Plan mensual'!F4+IF(parametros_manuales!$H$36="Todos",'Plan mensual'!F8,0))+parametros_manuales!$G$36*('Plan mensual'!F5+IF(parametros_manuales!$H$36="Todos",'Plan mensual'!F9,0)))*parametros_manuales!$I$36*parametros_manuales!$J$36 -> 561.81303 | E19: =(parametros_manuales!$D$36*('Plan mensual'!G2+IF(parametros_manuales!$H$36="Todos",'Plan mensual'!G6,0))+parametros_manuales!$E$36*('Plan mensual'!G3+IF(parametros_manuales!$H$36="Todos",'Plan mensual'!G7,0))+parametros_manuales!$F$36*('Plan mensual'!G4+IF(parametros_manuales!$H$36="Todos",'Plan mensual'!G8,0))+parametros_manuales!$G$36*('Plan mensual'!G5+IF(parametros_manuales!$H$36="Todos",'Plan mensual'!G9,0)))*parametros_manuales!$I$36*parametros_manuales!$J$36 -> 540.91935 | F19: =(parametros_manuales!$D$36*('Plan mensual'!H2+IF(parametros_manuales!$H$36="Todos",'Plan mensual'!H6,0))+parametros_manuales!$E$36*('Plan mensual'!H3+IF(parametros_manuales!$H$36="Todos",'Plan mensual'!H7,0))+parametros_manuales!$F$36*('Plan mensual'!H4+IF(parametros_manuales!$H$36="Todos",'Plan mensual'!H8,0))+parametros_manuales!$G$36*('Plan mensual'!H5+IF(parametros_manuales!$H$36="Todos",'Plan mensual'!H9,0)))*parametros_manuales!$I$36*parametros_manuales!$J$36 -> 506.64248 | G19: =(parametros_manuales!$D$36*('Plan mensual'!I2+IF(parametros_manuales!$H$36="Todos",'Plan mensual'!I6,0))+parametros_manuales!$E$36*('Plan mensual'!I3+IF(parametros_manuales!$H$36="Todos",'Plan mensual'!I7,0))+parametros_manuales!$F$36*('Plan mensual'!I4+IF(parametros_manuales!$H$36="Todos",'Plan mensual'!I8,0))+parametros_manuales!$G$36*('Plan mensual'!I5+IF(parametros_manuales!$H$36="Todos",'Plan mensual'!I9,0)))*parametros_manuales!$I$36*parametros_manuales!$J$36 -> 493.2593 | H19: =(parametros_manuales!$D$36*('Plan mensual'!J2+IF(parametros_manuales!$H$36="Todos",'Plan mensual'!J6,0))+parametros_manuales!$E$36*('Plan mensual'!J3+IF(parametros_manuales!$H$36="Todos",'Plan mensual'!J7,0))+parametros_manuales!$F$36*('Plan mensual'!J4+IF(parametros_manuales!$H$36="Todos",'Plan mensual'!J8,0))+parametros_manuales!$G$36*('Plan mensual'!J5+IF(parametros_manuales!$H$36="Todos",'Plan mensual'!J9,0)))*parametros_manuales!$I$36*parametros_manuales!$J$36 -> 527.53617 | I19: =(parametros_manuales!$D$36*('Plan mensual'!K2+IF(parametros_manuales!$H$36="Todos",'Plan mensual'!K6,0))+parametros_manuales!$E$36*('Plan mensual'!K3+IF(parametros_manuales!$H$36="Todos",'Plan mensual'!K7,0))+parametros_manuales!$F$36*('Plan mensual'!K4+IF(parametros_manuales!$H$36="Todos",'Plan mensual'!K8,0))+parametros_manuales!$G$36*('Plan mensual'!K5+IF(parametros_manuales!$H$36="Todos",'Plan mensual'!K9,0)))*parametros_manuales!$I$36*parametros_manuales!$J$36 -> 527.53617 | ... M19: =(parametros_manuales!$D$36*('Plan mensual'!O2+IF(parametros_manuales!$H$36="Todos",'Plan mensual'!O6,0))+parametros_manuales!$E$36*('Plan mensual'!O3+IF(parametros_manuales!$H$36="Todos",'Plan mensual'!O7,0))+parametros_manuales!$F$36*('Plan mensual'!O4+IF(parametros_manuales!$H$36="Todos",'Plan mensual'!O8,0))+parametros_manuales!$G$36*('Plan mensual'!O5+IF(parametros_manuales!$H$36="Todos",'Plan mensual'!O9,0)))*parametros_manuales!$I$36*parametros_manuales!$J$36 -> 795.87841 | N19: =SUM(B19:M19) -> 6855.3731 | O19: =MAX(B19:M19) -> 795.87841 | P19: =O19/(parametros_manuales!$B$7) -> 5.305856 | Q19: =IF(O19=0,"-",INDEX($B$1:$M$1,MATCH(O19,B19:M19,0))) -> Dic
A20: =parametros_manuales!$B$37 -> Corrección de defectos | B20: =(parametros_manuales!$D$37*('Plan mensual'!D2+IF(parametros_manuales!$H$37="Todos",'Plan mensual'!D6,0))+parametros_manuales!$E$37*('Plan mensual'!D3+IF(parametros_manuales!$H$37="Todos",'Plan mensual'!D7,0))+parametros_manuales!$F$37*('Plan mensual'!D4+IF(parametros_manuales!$H$37="Todos",'Plan mensual'!D8,0))+parametros_manuales!$G$37*('Plan mensual'!D5+IF(parametros_manuales!$H$37="Todos",'Plan mensual'!D9,0)))*parametros_manuales!$I$37*parametros_manuales!$J$37 -> 38.455602 | C20: =(parametros_manuales!$D$37*('Plan mensual'!E2+IF(parametros_manuales!$H$37="Todos",'Plan mensual'!E6,0))+parametros_manuales!$E$37*('Plan mensual'!E3+IF(parametros_manuales!$H$37="Todos",'Plan mensual'!E7,0))+parametros_manuales!$F$37*('Plan mensual'!E4+IF(parametros_manuales!$H$37="Todos",'Plan mensual'!E8,0))+parametros_manuales!$G$37*('Plan mensual'!E5+IF(parametros_manuales!$H$37="Todos",'Plan mensual'!E9,0)))*parametros_manuales!$I$37*parametros_manuales!$J$37 -> 29.510861 | D20: =(parametros_manuales!$D$37*('Plan mensual'!F2+IF(parametros_manuales!$H$37="Todos",'Plan mensual'!F6,0))+parametros_manuales!$E$37*('Plan mensual'!F3+IF(parametros_manuales!$H$37="Todos",'Plan mensual'!F7,0))+parametros_manuales!$F$37*('Plan mensual'!F4+IF(parametros_manuales!$H$37="Todos",'Plan mensual'!F8,0))+parametros_manuales!$G$37*('Plan mensual'!F5+IF(parametros_manuales!$H$37="Todos",'Plan mensual'!F9,0)))*parametros_manuales!$I$37*parametros_manuales!$J$37 -> 28.090652 | E20: =(parametros_manuales!$D$37*('Plan mensual'!G2+IF(parametros_manuales!$H$37="Todos",'Plan mensual'!G6,0))+parametros_manuales!$E$37*('Plan mensual'!G3+IF(parametros_manuales!$H$37="Todos",'Plan mensual'!G7,0))+parametros_manuales!$F$37*('Plan mensual'!G4+IF(parametros_manuales!$H$37="Todos",'Plan mensual'!G8,0))+parametros_manuales!$G$37*('Plan mensual'!G5+IF(parametros_manuales!$H$37="Todos",'Plan mensual'!G9,0)))*parametros_manuales!$I$37*parametros_manuales!$J$37 -> 27.045967 | F20: =(parametros_manuales!$D$37*('Plan mensual'!H2+IF(parametros_manuales!$H$37="Todos",'Plan mensual'!H6,0))+parametros_manuales!$E$37*('Plan mensual'!H3+IF(parametros_manuales!$H$37="Todos",'Plan mensual'!H7,0))+parametros_manuales!$F$37*('Plan mensual'!H4+IF(parametros_manuales!$H$37="Todos",'Plan mensual'!H8,0))+parametros_manuales!$G$37*('Plan mensual'!H5+IF(parametros_manuales!$H$37="Todos",'Plan mensual'!H9,0)))*parametros_manuales!$I$37*parametros_manuales!$J$37 -> 25.332124 | G20: =(parametros_manuales!$D$37*('Plan mensual'!I2+IF(parametros_manuales!$H$37="Todos",'Plan mensual'!I6,0))+parametros_manuales!$E$37*('Plan mensual'!I3+IF(parametros_manuales!$H$37="Todos",'Plan mensual'!I7,0))+parametros_manuales!$F$37*('Plan mensual'!I4+IF(parametros_manuales!$H$37="Todos",'Plan mensual'!I8,0))+parametros_manuales!$G$37*('Plan mensual'!I5+IF(parametros_manuales!$H$37="Todos",'Plan mensual'!I9,0)))*parametros_manuales!$I$37*parametros_manuales!$J$37 -> 24.662965 | H20: =(parametros_manuales!$D$37*('Plan mensual'!J2+IF(parametros_manuales!$H$37="Todos",'Plan mensual'!J6,0))+parametros_manuales!$E$37*('Plan mensual'!J3+IF(parametros_manuales!$H$37="Todos",'Plan mensual'!J7,0))+parametros_manuales!$F$37*('Plan mensual'!J4+IF(parametros_manuales!$H$37="Todos",'Plan mensual'!J8,0))+parametros_manuales!$G$37*('Plan mensual'!J5+IF(parametros_manuales!$H$37="Todos",'Plan mensual'!J9,0)))*parametros_manuales!$I$37*parametros_manuales!$J$37 -> 26.376808 | I20: =(parametros_manuales!$D$37*('Plan mensual'!K2+IF(parametros_manuales!$H$37="Todos",'Plan mensual'!K6,0))+parametros_manuales!$E$37*('Plan mensual'!K3+IF(parametros_manuales!$H$37="Todos",'Plan mensual'!K7,0))+parametros_manuales!$F$37*('Plan mensual'!K4+IF(parametros_manuales!$H$37="Todos",'Plan mensual'!K8,0))+parametros_manuales!$G$37*('Plan mensual'!K5+IF(parametros_manuales!$H$37="Todos",'Plan mensual'!K9,0)))*parametros_manuales!$I$37*parametros_manuales!$J$37 -> 26.376808 | ... M20: =(parametros_manuales!$D$37*('Plan mensual'!O2+IF(parametros_manuales!$H$37="Todos",'Plan mensual'!O6,0))+parametros_manuales!$E$37*('Plan mensual'!O3+IF(parametros_manuales!$H$37="Todos",'Plan mensual'!O7,0))+parametros_manuales!$F$37*('Plan mensual'!O4+IF(parametros_manuales!$H$37="Todos",'Plan mensual'!O8,0))+parametros_manuales!$G$37*('Plan mensual'!O5+IF(parametros_manuales!$H$37="Todos",'Plan mensual'!O9,0)))*parametros_manuales!$I$37*parametros_manuales!$J$37 -> 39.79392 | N20: =SUM(B20:M20) -> 342.76866 | O20: =MAX(B20:M20) -> 39.79392 | P20: =O20/(parametros_manuales!$B$7) -> 0.2652928 | Q20: =IF(O20=0,"-",INDEX($B$1:$M$1,MATCH(O20,B20:M20,0))) -> Dic
A21: =parametros_manuales!$B$38 -> Pintura en polvo + horno | B21: =(parametros_manuales!$D$38*('Plan mensual'!D2+IF(parametros_manuales!$H$38="Todos",'Plan mensual'!D6,0))+parametros_manuales!$E$38*('Plan mensual'!D3+IF(parametros_manuales!$H$38="Todos",'Plan mensual'!D7,0))+parametros_manuales!$F$38*('Plan mensual'!D4+IF(parametros_manuales!$H$38="Todos",'Plan mensual'!D8,0))+parametros_manuales!$G$38*('Plan mensual'!D5+IF(parametros_manuales!$H$38="Todos",'Plan mensual'!D9,0)))*parametros_manuales!$I$38*parametros_manuales!$J$38 -> 769.11204 | C21: =(parametros_manuales!$D$38*('Plan mensual'!E2+IF(parametros_manuales!$H$38="Todos",'Plan mensual'!E6,0))+parametros_manuales!$E$38*('Plan mensual'!E3+IF(parametros_manuales!$H$38="Todos",'Plan mensual'!E7,0))+parametros_manuales!$F$38*('Plan mensual'!E4+IF(parametros_manuales!$H$38="Todos",'Plan mensual'!E8,0))+parametros_manuales!$G$38*('Plan mensual'!E5+IF(parametros_manuales!$H$38="Todos",'Plan mensual'!E9,0)))*parametros_manuales!$I$38*parametros_manuales!$J$38 -> 590.21721 | D21: =(parametros_manuales!$D$38*('Plan mensual'!F2+IF(parametros_manuales!$H$38="Todos",'Plan mensual'!F6,0))+parametros_manuales!$E$38*('Plan mensual'!F3+IF(parametros_manuales!$H$38="Todos",'Plan mensual'!F7,0))+parametros_manuales!$F$38*('Plan mensual'!F4+IF(parametros_manuales!$H$38="Todos",'Plan mensual'!F8,0))+parametros_manuales!$G$38*('Plan mensual'!F5+IF(parametros_manuales!$H$38="Todos",'Plan mensual'!F9,0)))*parametros_manuales!$I$38*parametros_manuales!$J$38 -> 561.81303 | E21: =(parametros_manuales!$D$38*('Plan mensual'!G2+IF(parametros_manuales!$H$38="Todos",'Plan mensual'!G6,0))+parametros_manuales!$E$38*('Plan mensual'!G3+IF(parametros_manuales!$H$38="Todos",'Plan mensual'!G7,0))+parametros_manuales!$F$38*('Plan mensual'!G4+IF(parametros_manuales!$H$38="Todos",'Plan mensual'!G8,0))+parametros_manuales!$G$38*('Plan mensual'!G5+IF(parametros_manuales!$H$38="Todos",'Plan mensual'!G9,0)))*parametros_manuales!$I$38*parametros_manuales!$J$38 -> 540.91935 | F21: =(parametros_manuales!$D$38*('Plan mensual'!H2+IF(parametros_manuales!$H$38="Todos",'Plan mensual'!H6,0))+parametros_manuales!$E$38*('Plan mensual'!H3+IF(parametros_manuales!$H$38="Todos",'Plan mensual'!H7,0))+parametros_manuales!$F$38*('Plan mensual'!H4+IF(parametros_manuales!$H$38="Todos",'Plan mensual'!H8,0))+parametros_manuales!$G$38*('Plan mensual'!H5+IF(parametros_manuales!$H$38="Todos",'Plan mensual'!H9,0)))*parametros_manuales!$I$38*parametros_manuales!$J$38 -> 506.64248 | G21: =(parametros_manuales!$D$38*('Plan mensual'!I2+IF(parametros_manuales!$H$38="Todos",'Plan mensual'!I6,0))+parametros_manuales!$E$38*('Plan mensual'!I3+IF(parametros_manuales!$H$38="Todos",'Plan mensual'!I7,0))+parametros_manuales!$F$38*('Plan mensual'!I4+IF(parametros_manuales!$H$38="Todos",'Plan mensual'!I8,0))+parametros_manuales!$G$38*('Plan mensual'!I5+IF(parametros_manuales!$H$38="Todos",'Plan mensual'!I9,0)))*parametros_manuales!$I$38*parametros_manuales!$J$38 -> 493.2593 | H21: =(parametros_manuales!$D$38*('Plan mensual'!J2+IF(parametros_manuales!$H$38="Todos",'Plan mensual'!J6,0))+parametros_manuales!$E$38*('Plan mensual'!J3+IF(parametros_manuales!$H$38="Todos",'Plan mensual'!J7,0))+parametros_manuales!$F$38*('Plan mensual'!J4+IF(parametros_manuales!$H$38="Todos",'Plan mensual'!J8,0))+parametros_manuales!$G$38*('Plan mensual'!J5+IF(parametros_manuales!$H$38="Todos",'Plan mensual'!J9,0)))*parametros_manuales!$I$38*parametros_manuales!$J$38 -> 527.53617 | I21: =(parametros_manuales!$D$38*('Plan mensual'!K2+IF(parametros_manuales!$H$38="Todos",'Plan mensual'!K6,0))+parametros_manuales!$E$38*('Plan mensual'!K3+IF(parametros_manuales!$H$38="Todos",'Plan mensual'!K7,0))+parametros_manuales!$F$38*('Plan mensual'!K4+IF(parametros_manuales!$H$38="Todos",'Plan mensual'!K8,0))+parametros_manuales!$G$38*('Plan mensual'!K5+IF(parametros_manuales!$H$38="Todos",'Plan mensual'!K9,0)))*parametros_manuales!$I$38*parametros_manuales!$J$38 -> 527.53617 | ... M21: =(parametros_manuales!$D$38*('Plan mensual'!O2+IF(parametros_manuales!$H$38="Todos",'Plan mensual'!O6,0))+parametros_manuales!$E$38*('Plan mensual'!O3+IF(parametros_manuales!$H$38="Todos",'Plan mensual'!O7,0))+parametros_manuales!$F$38*('Plan mensual'!O4+IF(parametros_manuales!$H$38="Todos",'Plan mensual'!O8,0))+parametros_manuales!$G$38*('Plan mensual'!O5+IF(parametros_manuales!$H$38="Todos",'Plan mensual'!O9,0)))*parametros_manuales!$I$38*parametros_manuales!$J$38 -> 795.87841 | N21: =SUM(B21:M21) -> 6855.3731 | O21: =MAX(B21:M21) -> 795.87841 | P21: =O21/(parametros_manuales!$B$7) -> 5.305856 | Q21: =IF(O21=0,"-",INDEX($B$1:$M$1,MATCH(O21,B21:M21,0))) -> Dic
A22: =parametros_manuales!$B$39 -> Carga de polvo | B22: =(parametros_manuales!$D$39*('Plan mensual'!D2+IF(parametros_manuales!$H$39="Todos",'Plan mensual'!D6,0))+parametros_manuales!$E$39*('Plan mensual'!D3+IF(parametros_manuales!$H$39="Todos",'Plan mensual'!D7,0))+parametros_manuales!$F$39*('Plan mensual'!D4+IF(parametros_manuales!$H$39="Todos",'Plan mensual'!D8,0))+parametros_manuales!$G$39*('Plan mensual'!D5+IF(parametros_manuales!$H$39="Todos",'Plan mensual'!D9,0)))*parametros_manuales!$I$39*parametros_manuales!$J$39 -> 766.91204 | C22: =(parametros_manuales!$D$39*('Plan mensual'!E2+IF(parametros_manuales!$H$39="Todos",'Plan mensual'!E6,0))+parametros_manuales!$E$39*('Plan mensual'!E3+IF(parametros_manuales!$H$39="Todos",'Plan mensual'!E7,0))+parametros_manuales!$F$39*('Plan mensual'!E4+IF(parametros_manuales!$H$39="Todos",'Plan mensual'!E8,0))+parametros_manuales!$G$39*('Plan mensual'!E5+IF(parametros_manuales!$H$39="Todos",'Plan mensual'!E9,0)))*parametros_manuales!$I$39*parametros_manuales!$J$39 -> 588.45721 | D22: =(parametros_manuales!$D$39*('Plan mensual'!F2+IF(parametros_manuales!$H$39="Todos",'Plan mensual'!F6,0))+parametros_manuales!$E$39*('Plan mensual'!F3+IF(parametros_manuales!$H$39="Todos",'Plan mensual'!F7,0))+parametros_manuales!$F$39*('Plan mensual'!F4+IF(parametros_manuales!$H$39="Todos",'Plan mensual'!F8,0))+parametros_manuales!$G$39*('Plan mensual'!F5+IF(parametros_manuales!$H$39="Todos",'Plan mensual'!F9,0)))*parametros_manuales!$I$39*parametros_manuales!$J$39 -> 559.94303 | E22: =(parametros_manuales!$D$39*('Plan mensual'!G2+IF(parametros_manuales!$H$39="Todos",'Plan mensual'!G6,0))+parametros_manuales!$E$39*('Plan mensual'!G3+IF(parametros_manuales!$H$39="Todos",'Plan mensual'!G7,0))+parametros_manuales!$F$39*('Plan mensual'!G4+IF(parametros_manuales!$H$39="Todos",'Plan mensual'!G8,0))+parametros_manuales!$G$39*('Plan mensual'!G5+IF(parametros_manuales!$H$39="Todos",'Plan mensual'!G9,0)))*parametros_manuales!$I$39*parametros_manuales!$J$39 -> 539.04935 | F22: =(parametros_manuales!$D$39*('Plan mensual'!H2+IF(parametros_manuales!$H$39="Todos",'Plan mensual'!H6,0))+parametros_manuales!$E$39*('Plan mensual'!H3+IF(parametros_manuales!$H$39="Todos",'Plan mensual'!H7,0))+parametros_manuales!$F$39*('Plan mensual'!H4+IF(parametros_manuales!$H$39="Todos",'Plan mensual'!H8,0))+parametros_manuales!$G$39*('Plan mensual'!H5+IF(parametros_manuales!$H$39="Todos",'Plan mensual'!H9,0)))*parametros_manuales!$I$39*parametros_manuales!$J$39 -> 504.88248 | G22: =(parametros_manuales!$D$39*('Plan mensual'!I2+IF(parametros_manuales!$H$39="Todos",'Plan mensual'!I6,0))+parametros_manuales!$E$39*('Plan mensual'!I3+IF(parametros_manuales!$H$39="Todos",'Plan mensual'!I7,0))+parametros_manuales!$F$39*('Plan mensual'!I4+IF(parametros_manuales!$H$39="Todos",'Plan mensual'!I8,0))+parametros_manuales!$G$39*('Plan mensual'!I5+IF(parametros_manuales!$H$39="Todos",'Plan mensual'!I9,0)))*parametros_manuales!$I$39*parametros_manuales!$J$39 -> 491.6093 | H22: =(parametros_manuales!$D$39*('Plan mensual'!J2+IF(parametros_manuales!$H$39="Todos",'Plan mensual'!J6,0))+parametros_manuales!$E$39*('Plan mensual'!J3+IF(parametros_manuales!$H$39="Todos",'Plan mensual'!J7,0))+parametros_manuales!$F$39*('Plan mensual'!J4+IF(parametros_manuales!$H$39="Todos",'Plan mensual'!J8,0))+parametros_manuales!$G$39*('Plan mensual'!J5+IF(parametros_manuales!$H$39="Todos",'Plan mensual'!J9,0)))*parametros_manuales!$I$39*parametros_manuales!$J$39 -> 525.77617 | I22: =(parametros_manuales!$D$39*('Plan mensual'!K2+IF(parametros_manuales!$H$39="Todos",'Plan mensual'!K6,0))+parametros_manuales!$E$39*('Plan mensual'!K3+IF(parametros_manuales!$H$39="Todos",'Plan mensual'!K7,0))+parametros_manuales!$F$39*('Plan mensual'!K4+IF(parametros_manuales!$H$39="Todos",'Plan mensual'!K8,0))+parametros_manuales!$G$39*('Plan mensual'!K5+IF(parametros_manuales!$H$39="Todos",'Plan mensual'!K9,0)))*parametros_manuales!$I$39*parametros_manuales!$J$39 -> 525.77617 | ... M22: =(parametros_manuales!$D$39*('Plan mensual'!O2+IF(parametros_manuales!$H$39="Todos",'Plan mensual'!O6,0))+parametros_manuales!$E$39*('Plan mensual'!O3+IF(parametros_manuales!$H$39="Todos",'Plan mensual'!O7,0))+parametros_manuales!$F$39*('Plan mensual'!O4+IF(parametros_manuales!$H$39="Todos",'Plan mensual'!O8,0))+parametros_manuales!$G$39*('Plan mensual'!O5+IF(parametros_manuales!$H$39="Todos",'Plan mensual'!O9,0)))*parametros_manuales!$I$39*parametros_manuales!$J$39 -> 793.45841 | N22: =SUM(B22:M22) -> 6833.3731 | O22: =MAX(B22:M22) -> 793.45841 | P22: =O22/(parametros_manuales!$B$7) -> 5.2897227 | Q22: =IF(O22=0,"-",INDEX($B$1:$M$1,MATCH(O22,B22:M22,0))) -> Dic
