Workbook

Sheet PROY_Indexado
A1: Proyecciones — Indexado Dim Técnico (valores copiados)
A2: Para actualizar: pegar valores de Proyecciones, Indexado Dim Técnico A27:K43 y U61:U74, o reemplazar por IMPORTRANGE. Celdas gris oscuro = datos.
A4: Recargas por tipo | B4: 2026 | C4: 2027 | D4: 2028 | E4: 2029 | F4: 2030 | G4: 2031 | H4: 2032 | I4: 2033 | J4: 2034 | K4: 2035
A5: ABC 1 kg | B5: 3477.4821 | C5: 16970.586 | D5: 30546.09 | E5: 56048.311 | F5: 84270.226 | G5: 117407.82 | H5: 147610.64 | I5: 171404.36 | J5: 183690.57 | K5: 196282.69
A6: ABC 2,5 kg | B6: 329.99667 | C6: 1287.414 | D6: 2947.1692 | E6: 5426.0433 | F6: 7850.8758 | G6: 10423.944 | H6: 12809.896 | I6: 14263.068 | J6: 15432.87 | K6: 16620.761
A7: ABC 5 kg | B7: 1950.3941 | C7: 7852.6185 | D7: 17775.857 | E7: 33605.568 | F7: 48407.572 | G7: 64323.043 | H7: 78721.1 | I7: 87237.212 | J7: 94103.668 | K7: 101095.18
A8: ABC 10 kg | B8: 118.34363 | C8: 437.71658 | D8: 1024.9748 | E8: 1960.4099 | F8: 2844.9768 | G8: 3810.3906 | H8: 4663.6781 | I8: 5164.5146 | J8: 5571.5443 | K8: 5985.9509
A9: Agua 10 l | B9: 159.30874 | C9: 643.42354 | D9: 1474.3627 | E9: 2766.4512 | F9: 3991.4652 | G9: 5335.7558 | H9: 6538.9589 | I9: 7269.8197 | J9: 7855.4414 | K9: 8450.8141
A10: AFFF 10 l | B10: 22.758391 | C10: 161.31575 | D10: 316.60728 | E10: 527.39462 | F10: 743.78895 | G10: 962.87433 | H10: 1194.9422 | I10: 1351.6172 | J10: 1477.5489 | K10: 1604.4414
A11: AFFF 50 l s/ruedas | B11: 11.379195 | C11: 83.22352 | D11: 164.46383 | E11: 281.34114 | F11: 398.90251 | G11: 514.52728 | H11: 629.06551 | I11: 711.17802 | J11: 773.41098 | K11: 836.35081
A12: BC 5 kg | B12: 6.827517 | C12: 47.073112 | D12: 88.889676 | E12: 159.50249 | F12: 219.7962 | G12: 291.86985 | H12: 368.84417 | I12: 408.40895 | J12: 445.78194 | K12: 483.4792
A13: Sales K 6 l | B13: 81.930207 | C13: 335.39886 | D13: 746.59835 | E13: 1358.8998 | F13: 1961.1255 | G13: 2598.5414 | H13: 3197.2635 | I13: 3578.5395 | J13: 3870.748 | K13: 4167.5596
A14: CO₂ 2 kg | B14: 450.61614 | C14: 1697.1815 | D14: 3955.1969 | E14: 7561.2603 | F14: 10920.145 | G14: 14514.885 | H14: 17746.499 | I14: 19617.205 | J14: 21161.806 | K14: 22734.502
A15: CO₂ 5 kg | B15: 125.17115 | C15: 643.63037 | D15: 1375.6267 | E15: 2460.2843 | F15: 3545.2577 | G15: 4723.4618 | H15: 5853.9052 | I15: 6608.4599 | J15: 7185.7084 | K15: 7769.5771
... A21: ABC 100 kg s/ruedas | B21: 5.644081 | C21: 27.516102 | D21: 59.798262 | E21: 107.70676 | F21: 154.92243 | G21: 205.83052 | H21: 253.57816 | I21: 284.69687 | J21: 308.89956 | K21: 333.4207
A22: Recargas total | B22: =SUM(B5:B21) -> 6829.7931 | C22: =SUM(C5:C21) -> 30662.681 | D22: =SUM(D5:D21) -> 61483.058 | E22: =SUM(E5:E21) -> 114050.8 | F22: =SUM(F5:F21) -> 167870.4 | G22: =SUM(G5:G21) -> 228490.11 | H22: =SUM(H5:H21) -> 283777.78 | I22: =SUM(I5:I21) -> 322612.24 | ... K22: =SUM(K5:K21) -> 371907.69
A24: Recargas por zona y planta (% zonal 2035, columna U; planta según V61 y V63)
A25: Zona | B25: % zonal 2035 | C25: Planta
A26: CABA Norte | B26: 0.05217974 | C26: Comercial
A27: CABA Este | B27: 0.079883616 | C27: Comercial
A28: CABA Sur | B28: 0.059817286 | C28: Industrial
A29: CABA Oeste | B29: 0.063765071 | C29: Comercial
A30: PBA Sur 1er (Avellaneda) | B30: 0.067680145 | C30: Industrial
A31: PBA Sur 2do cordón | B31: 0.093217299 | C31: Industrial
A32: PBA Sur 3er cordón | B32: 0.067521776 | C32: Industrial
A33: PBA Norte 1er cordón | B33: 0.053355883 | C33: Comercial
A34: PBA Norte 2do cordón | B34: 0.088568205 | C34: Comercial
A35: PBA Norte 3er cordón | B35: 0.047136111 | C35: Comercial
A36: PBA Oeste 1er cordón | B36: 0.084890066 | C36: Comercial
A37: PBA Oeste 2do cordón | B37: 0.067264302 | C37: Comercial
... A39: PBA Interior | B39: 0.15724376 | C39: Comercial
A41: % planta comercial | B41: =SUMIF($C$26:$C$39,"Comercial",$B$26:$B$39) -> 0.71176349
A42: % planta industrial | B42: =SUMIF($C$26:$C$39,"Industrial",$B$26:$B$39) -> 0.28823651
A43: Control (tiene que dar 100 %) | B43: =B41+B42 -> 1
A45: Tasas de Proyecciones (hojas PROYECCION por rubro; iguales para todos los tipos)
A46: Concepto | B46: Valor | C46: Uso en este archivo
A47: Mat Usados ÷ RECARGAS An | B47: 0.05 | C47: Se usa: equipos que llegan descargados por uso
A48: Mat PH ÷ RECARGAS An | B48: 0.02 | C48: Se usa: equipos que no pasan la PH y se inutilizan
A49: Mat Rot ÷ RECARGAS An | B49: 0.01 | C49: Se usa: equipos rotos que se inutilizan
A50: Mat Fin VU ÷ RECARGAS An | B50: 0.033020413 | C50: No se usa: Proyecciones aplica la misma vida útil a todos los tipos; acá va la del Anexo E (20 años, CO₂ 30)
A52: Planta de este archivo | B52: Comercial
A53: % de recargas de esta planta | B53: =IF(B52="Comercial",B41,B42) -> 0.71176349

Sheet datos_base
A1: Tipo de matafuego | B1: =PROY_Indexado!B4 -> 2026 | C1: =PROY_Indexado!C4 -> 2027 | D1: =PROY_Indexado!D4 -> 2028 | E1: =PROY_Indexado!E4 -> 2029 | F1: =PROY_Indexado!F4 -> 2030 | G1: =PROY_Indexado!G4 -> 2031 | H1: =PROY_Indexado!H4 -> 2032 | I1: =PROY_Indexado!I4 -> 2033 | ... K1: =PROY_Indexado!K4 -> 2035
A2: =PROY_Indexado!A5 -> ABC 1 kg | B2: =PROY_Indexado!B5*PROY_Indexado!$B$53 -> 2475.1448 | C2: =PROY_Indexado!C5*PROY_Indexado!$B$53 -> 12079.043 | D2: =PROY_Indexado!D5*PROY_Indexado!$B$53 -> 21741.591 | E2: =PROY_Indexado!E5*PROY_Indexado!$B$53 -> 39893.142 | F2: =PROY_Indexado!F5*PROY_Indexado!$B$53 -> 59980.471 | G2: =PROY_Indexado!G5*PROY_Indexado!$B$53 -> 83566.602 | H2: =PROY_Indexado!H5*PROY_Indexado!$B$53 -> 105063.86 | I2: =PROY_Indexado!I5*PROY_Indexado!$B$53 -> 121999.37 | ... K2: =PROY_Indexado!K5*PROY_Indexado!$B$53 -> 139706.85
A3: =PROY_Indexado!A6 -> ABC 2,5 kg | B3: =PROY_Indexado!B6*PROY_Indexado!$B$53 -> 234.87958 | C3: =PROY_Indexado!C6*PROY_Indexado!$B$53 -> 916.3343 | D3: =PROY_Indexado!D6*PROY_Indexado!$B$53 -> 2097.6875 | E3: =PROY_Indexado!E6*PROY_Indexado!$B$53 -> 3862.0595 | F3: =PROY_Indexado!F6*PROY_Indexado!$B$53 -> 5587.9668 | G3: =PROY_Indexado!G6*PROY_Indexado!$B$53 -> 7419.3826 | H3: =PROY_Indexado!H6*PROY_Indexado!$B$53 -> 9117.6161 | I3: =PROY_Indexado!I6*PROY_Indexado!$B$53 -> 10151.931 | ... K3: =PROY_Indexado!K6*PROY_Indexado!$B$53 -> 11830.051
A4: =PROY_Indexado!A7 -> ABC 5 kg | B4: =PROY_Indexado!B7*PROY_Indexado!$B$53 -> 1388.2193 | C4: =PROY_Indexado!C7*PROY_Indexado!$B$53 -> 5589.2072 | D4: =PROY_Indexado!D7*PROY_Indexado!$B$53 -> 12652.206 | E4: =PROY_Indexado!E7*PROY_Indexado!$B$53 -> 23919.217 | F4: =PROY_Indexado!F7*PROY_Indexado!$B$53 -> 34454.743 | G4: =PROY_Indexado!G7*PROY_Indexado!$B$53 -> 45782.794 | H4: =PROY_Indexado!H7*PROY_Indexado!$B$53 -> 56030.805 | I4: =PROY_Indexado!I7*PROY_Indexado!$B$53 -> 62092.263 | ... K4: =PROY_Indexado!K7*PROY_Indexado!$B$53 -> 71955.856
A5: =PROY_Indexado!A8 -> ABC 10 kg | B5: =PROY_Indexado!B8*PROY_Indexado!$B$53 -> 84.232677 | C5: =PROY_Indexado!C8*PROY_Indexado!$B$53 -> 311.55068 | D5: =PROY_Indexado!D8*PROY_Indexado!$B$53 -> 729.53966 | E5: =PROY_Indexado!E8*PROY_Indexado!$B$53 -> 1395.3482 | F5: =PROY_Indexado!F8*PROY_Indexado!$B$53 -> 2024.9507 | G5: =PROY_Indexado!G8*PROY_Indexado!$B$53 -> 2712.0969 | H5: =PROY_Indexado!H8*PROY_Indexado!$B$53 -> 3319.4358 | I5: =PROY_Indexado!I8*PROY_Indexado!$B$53 -> 3675.9129 | ... K5: =PROY_Indexado!K8*PROY_Indexado!$B$53 -> 4260.5813
A6: =PROY_Indexado!A9 -> Agua 10 l | B6: =PROY_Indexado!B9*PROY_Indexado!$B$53 -> 113.39014 | C6: =PROY_Indexado!C9*PROY_Indexado!$B$53 -> 457.96539 | D6: =PROY_Indexado!D9*PROY_Indexado!$B$53 -> 1049.3976 | E6: =PROY_Indexado!E9*PROY_Indexado!$B$53 -> 1969.059 | F6: =PROY_Indexado!F9*PROY_Indexado!$B$53 -> 2840.9792 | G6: =PROY_Indexado!G9*PROY_Indexado!$B$53 -> 3797.7962 | H6: =PROY_Indexado!H9*PROY_Indexado!$B$53 -> 4654.1922 | I6: =PROY_Indexado!I9*PROY_Indexado!$B$53 -> 5174.3923 | ... K6: =PROY_Indexado!K9*PROY_Indexado!$B$53 -> 6014.981
A7: =PROY_Indexado!A10 -> AFFF 10 l | B7: =PROY_Indexado!B10*PROY_Indexado!$B$53 -> 16.198592 | C7: =PROY_Indexado!C10*PROY_Indexado!$B$53 -> 114.81866 | D7: =PROY_Indexado!D10*PROY_Indexado!$B$53 -> 225.3495 | E7: =PROY_Indexado!E10*PROY_Indexado!$B$53 -> 375.38024 | F7: =PROY_Indexado!F10*PROY_Indexado!$B$53 -> 529.40182 | G7: =PROY_Indexado!G10*PROY_Indexado!$B$53 -> 685.3388 | H7: =PROY_Indexado!H10*PROY_Indexado!$B$53 -> 850.51624 | I7: =PROY_Indexado!I10*PROY_Indexado!$B$53 -> 962.03177 | ... K7: =PROY_Indexado!K10*PROY_Indexado!$B$53 -> 1141.9828
A8: =PROY_Indexado!A11 -> AFFF 50 l s/ruedas | B8: =PROY_Indexado!B11*PROY_Indexado!$B$53 -> 8.0992956 | C8: =PROY_Indexado!C11*PROY_Indexado!$B$53 -> 59.235463 | D8: =PROY_Indexado!D11*PROY_Indexado!$B$53 -> 117.05935 | E8: =PROY_Indexado!E11*PROY_Indexado!$B$53 -> 200.24836 | F8: =PROY_Indexado!F11*PROY_Indexado!$B$53 -> 283.92424 | G8: =PROY_Indexado!G11*PROY_Indexado!$B$53 -> 366.22174 | H8: =PROY_Indexado!H11*PROY_Indexado!$B$53 -> 447.74586 | I8: =PROY_Indexado!I11*PROY_Indexado!$B$53 -> 506.19056 | ... K8: =PROY_Indexado!K11*PROY_Indexado!$B$53 -> 595.28397
A9: =PROY_Indexado!A12 -> BC 5 kg | B9: =PROY_Indexado!B12*PROY_Indexado!$B$53 -> 4.8595774 | C9: =PROY_Indexado!C12*PROY_Indexado!$B$53 -> 33.504923 | D9: =PROY_Indexado!D12*PROY_Indexado!$B$53 -> 63.268426 | E9: =PROY_Indexado!E12*PROY_Indexado!$B$53 -> 113.52805 | F9: =PROY_Indexado!F12*PROY_Indexado!$B$53 -> 156.44291 | G9: =PROY_Indexado!G12*PROY_Indexado!$B$53 -> 207.74231 | H9: =PROY_Indexado!H12*PROY_Indexado!$B$53 -> 262.52981 | I9: =PROY_Indexado!I12*PROY_Indexado!$B$53 -> 290.69058 | ... K9: =PROY_Indexado!K12*PROY_Indexado!$B$53 -> 344.12285
A10: =PROY_Indexado!A13 -> Sales K 6 l | B10: =PROY_Indexado!B13*PROY_Indexado!$B$53 -> 58.31493 | C10: =PROY_Indexado!C13*PROY_Indexado!$B$53 -> 238.72466 | D10: =PROY_Indexado!D13*PROY_Indexado!$B$53 -> 531.40145 | E10: =PROY_Indexado!E13*PROY_Indexado!$B$53 -> 967.2153 | F10: =PROY_Indexado!F13*PROY_Indexado!$B$53 -> 1395.8576 | G10: =PROY_Indexado!G13*PROY_Indexado!$B$53 -> 1849.5469 | H10: =PROY_Indexado!H13*PROY_Indexado!$B$53 -> 2275.6954 | I10: =PROY_Indexado!I13*PROY_Indexado!$B$53 -> 2547.0737 | ... K10: =PROY_Indexado!K13*PROY_Indexado!$B$53 -> 2966.3168
A11: =PROY_Indexado!A14 -> CO₂ 2 kg | B11: =PROY_Indexado!B14*PROY_Indexado!$B$53 -> 320.73212 | C11: =PROY_Indexado!C14*PROY_Indexado!$B$53 -> 1207.9918 | D11: =PROY_Indexado!D14*PROY_Indexado!$B$53 -> 2815.1647 | E11: =PROY_Indexado!E14*PROY_Indexado!$B$53 -> 5381.8291 | F11: =PROY_Indexado!F14*PROY_Indexado!$B$53 -> 7772.5604 | G11: =PROY_Indexado!G14*PROY_Indexado!$B$53 -> 10331.165 | H11: =PROY_Indexado!H14*PROY_Indexado!$B$53 -> 12631.31 | I11: =PROY_Indexado!I14*PROY_Indexado!$B$53 -> 13962.811 | ... K11: =PROY_Indexado!K14*PROY_Indexado!$B$53 -> 16181.588
A12: =PROY_Indexado!A15 -> CO₂ 5 kg | B12: =PROY_Indexado!B15*PROY_Indexado!$B$53 -> 89.092255 | C12: =PROY_Indexado!C15*PROY_Indexado!$B$53 -> 458.1126 | D12: =PROY_Indexado!D15*PROY_Indexado!$B$53 -> 979.12088 | E12: =PROY_Indexado!E15*PROY_Indexado!$B$53 -> 1751.1405 | F12: =PROY_Indexado!F15*PROY_Indexado!$B$53 -> 2523.385 | G12: =PROY_Indexado!G15*PROY_Indexado!$B$53 -> 3361.9877 | H12: =PROY_Indexado!H15*PROY_Indexado!$B$53 -> 4166.596 | I12: =PROY_Indexado!I15*PROY_Indexado!$B$53 -> 4703.6605 | ... K12: =PROY_Indexado!K15*PROY_Indexado!$B$53 -> 5530.1014
A13: =PROY_Indexado!A16 -> HCFC/HFC 5 kg | B13: =PROY_Indexado!B16*PROY_Indexado!$B$53 -> 12.958874 | C13: =PROY_Indexado!C16*PROY_Indexado!$B$53 -> 79.77098 | D13: =PROY_Indexado!D16*PROY_Indexado!$B$53 -> 164.31348 | E13: =PROY_Indexado!E16*PROY_Indexado!$B$53 -> 285.21455 | F13: =PROY_Indexado!F16*PROY_Indexado!$B$53 -> 408.91367 | G13: =PROY_Indexado!G16*PROY_Indexado!$B$53 -> 536.91568 | H13: =PROY_Indexado!H16*PROY_Indexado!$B$53 -> 672.50891 | I13: =PROY_Indexado!I16*PROY_Indexado!$B$53 -> 763.1775 | ... K13: =PROY_Indexado!K16*PROY_Indexado!$B$53 -> 905.32124
... A18: =PROY_Indexado!A21 -> ABC 100 kg s/ruedas | B18: =PROY_Indexado!B21*PROY_Indexado!$B$53 -> 4.0172508 | C18: =PROY_Indexado!C21*PROY_Indexado!$B$53 -> 19.584957 | D18: =PROY_Indexado!D21*PROY_Indexado!$B$53 -> 42.56222 | E18: =PROY_Indexado!E21*PROY_Indexado!$B$53 -> 76.661739 | F18: =PROY_Indexado!F21*PROY_Indexado!$B$53 -> 110.26813 | G18: =PROY_Indexado!G21*PROY_Indexado!$B$53 -> 146.50265 | H18: =PROY_Indexado!H21*PROY_Indexado!$B$53 -> 180.48768 | I18: =PROY_Indexado!I21*PROY_Indexado!$B$53 -> 202.63684 | ... K18: =PROY_Indexado!K21*PROY_Indexado!$B$53 -> 237.31669
A19: Recargas Total | B19: =SUM(B2:B18) -> 4861.1974 | C19: =SUM(C2:C18) -> 21824.577 | D19: =SUM(D2:D18) -> 43761.396 | E19: =SUM(E2:E18) -> 81177.193 | F19: =SUM(F2:F18) -> 119484.02 | G19: =SUM(G2:G18) -> 162630.92 | H19: =SUM(H2:H18) -> 201982.67 | I19: =SUM(I2:I18) -> 229623.61 | ... K19: =SUM(K2:K18) -> 264710.32
A21: Recargas de la planta = recargas del Indexado × % de esta planta (PROY_Indexado B53).

Sheet parametros_recargas
A1: Parámetro | B1: Valor | C1: Fuente / criterio
A2: Días hábiles por mes | B2: 20 | C2: 240 días hábiles por año ÷ 12 (dato del usuario)
A3: Horas por día (1 turno) | B3: 8 | C3: Criterio: jornada de 8 h
A4: Refrigerio (min/turno) | B4: 30 | C4: Criterio
A5: Horas productivas por turno | B5: =B3-B4/60 -> 7.5
A6: Horas productivas por mes (1 turno) | B6: =B2*B5 -> 150
A7: Umbral de aprovechamiento | B7: 0.9 | C7: Criterio (Dimensionamiento Técnico V2): 10 % de holgura para variabilidad, averías y mantenimiento
A8: Turnos máximos por día | B8: 2 | C8: Criterio: hasta 2 turnos de 8 h; después se agrega máquina
A9: Equivalencia de un rodante (u. equivalentes) | B9: 3 | C9: Criterio (Dimensionamiento Técnico V2): traslado en carro, morsa y manipuleo del porte
A11: CRITERIOS DE RUTA — PLANTA COMERCIAL (IRAM 3517-2:2020 y Proyecciones)
A12: Parámetro | B12: Valor | C12: Fuente / criterio
A13: Intervalo máximo de PH — polvos, CO₂ y halogenados (años) | B13: 5 | C13: IRAM 3517-2:2020, Anexo E (IRAM 3523, 3550, 3509, 3565 y 3504)
A14: Intervalo máximo de PH — agua, AFFF y sales K (años) | B14: 2 | C14: IRAM 3517-2:2020, Anexo E (IRAM 3525, 3527, 3537, 3541, 3693 y 3694)
A15: % con PH — polvos, CO₂ y halogenados | B15: =1/B13 -> 0.2 | C15: En régimen vence la PH de 1 de cada 5 equipos por año
A16: % con PH — agua, AFFF y sales K | B16: =1/B14 -> 0.5 | C16: En régimen vence la PH de 1 de cada 2 equipos por año
A17: Vida útil — CO₂ (años) | B17: 30 | C17: IRAM 3517-2:2020, Anexo E (IRAM 3509; IRAM 3565 hasta 10 kg)
A18: Vida útil — resto de los tipos (años) | B18: 20 | C18: IRAM 3517-2:2020, Anexo E
A19: % fin de vida útil — CO₂ | B19: =1/B17 -> 0.033333333 | C19: En régimen llega al fin de su vida 1 de cada 30
A20: % fin de vida útil — resto | B20: =1/B18 -> 0.05 | C20: En régimen llega al fin de su vida 1 de cada 20
A21: % que no pasan la PH | B21: =PROY_Indexado!B48 -> 0.02 | C21: Proyecciones (Mat PH). La norma manda inutilizarlos (9.12) pero no fija el %
A22: % rotos | B22: =PROY_Indexado!B49 -> 0.01 | C22: Proyecciones (Mat Rot)
A23: % inutilizados — CO₂ | B23: =B19+B21+B22 -> 0.063333333 | C23: Fin de vida útil + no pasan la PH + rotos
A24: % inutilizados — resto | B24: =B20+B21+B22 -> 0.08 | C24: Fin de vida útil + no pasan la PH + rotos
A25: % que llegan descargados por uso | B25: =PROY_Indexado!B47 -> 0.05 | C25: Proyecciones (Mat Usados). 9.2.2: se recarga después de usarlo; la norma no fija el %
A26: Dígitos posibles del año de fabricación | B26: 10 | C26: 9.9.4 a): se cambia el polvo ABC cuando el último dígito del año de fabricación coincide con el del año del mantenimiento
A27: % ABC con cambio de polvo (a descarte) | B27: =1/B26 -> 0.1 | C27: 1 de cada 10 equipos por año
A28: % agua, AFFF y sales K que se vacían y recargan | B28: 1 | C28: Anexo E: el agente se cambia cada año; 9.9.1.9 (sales K) y 9.9.1.10 (AFFF)
A29: % CO₂ que se abren por daño o cambio de piezas | B29: 0.05 | C29: Criterio sin fuente, a validar con una recargadora. 9.7.1.2: el dañado se examina y va a PH
A30: % que se pintan | B30: 0.1 | C30: Criterio sin fuente. 9.10 pide pintar los deteriorados; no fija %
A31: % polvos con humedad en el desarme (secado extra) | B31: 0.01 | C31: Criterio sin fuente
A32: Ensayos de laboratorio por recipiente de polvo | B32: 0.001 | C32: Criterio. 9.9.3.1: el ensayo se hace cuando hay dudas sobre el polvo
A34: PERFIL MENSUAL POR AÑO (plano, 1/12 por mes)
A35: IRAM 3517-2:2020 9.2.1 (mantenimiento como mínimo anual) y 9.4.14 a) (la etiqueta fija el mes y año del próximo): cada equipo vuelve en su mes y la norma no fija ningún mes del calendario. El crecimiento se toma entre años (Proyecciones es anual).
A36: Año | B36: Ene | C36: Feb | D36: Mar | E36: Abr | F36: May | G36: Jun | H36: Jul | I36: Ago | J36: Sep | K36: Oct | L36: Nov | M36: Dic | N36: Total
A37: 2026 | B37: =1/12 -> 0.083333333 | C37: =1/12 -> 0.083333333 | D37: =1/12 -> 0.083333333 | E37: =1/12 -> 0.083333333 | F37: =1/12 -> 0.083333333 | G37: =1/12 -> 0.083333333 | H37: =1/12 -> 0.083333333 | I37: =1/12 -> 0.083333333 | ... M37: =1/12 -> 0.083333333 | N37: =SUM(B37:M37) -> 1
A38: 2027 | B38: =1/12 -> 0.083333333 | C38: =1/12 -> 0.083333333 | D38: =1/12 -> 0.083333333 | E38: =1/12 -> 0.083333333 | F38: =1/12 -> 0.083333333 | G38: =1/12 -> 0.083333333 | H38: =1/12 -> 0.083333333 | I38: =1/12 -> 0.083333333 | ... M38: =1/12 -> 0.083333333 | N38: =SUM(B38:M38) -> 1
A39: 2028 | B39: =1/12 -> 0.083333333 | C39: =1/12 -> 0.083333333 | D39: =1/12 -> 0.083333333 | E39: =1/12 -> 0.083333333 | F39: =1/12 -> 0.083333333 | G39: =1/12 -> 0.083333333 | H39: =1/12 -> 0.083333333 | I39: =1/12 -> 0.083333333 | ... M39: =1/12 -> 0.083333333 | N39: =SUM(B39:M39) -> 1
A40: 2029 | B40: =1/12 -> 0.083333333 | C40: =1/12 -> 0.083333333 | D40: =1/12 -> 0.083333333 | E40: =1/12 -> 0.083333333 | F40: =1/12 -> 0.083333333 | G40: =1/12 -> 0.083333333 | H40: =1/12 -> 0.083333333 | I40: =1/12 -> 0.083333333 | ... M40: =1/12 -> 0.083333333 | N40: =SUM(B40:M40) -> 1
A41: 2030 | B41: =1/12 -> 0.083333333 | C41: =1/12 -> 0.083333333 | D41: =1/12 -> 0.083333333 | E41: =1/12 -> 0.083333333 | F41: =1/12 -> 0.083333333 | G41: =1/12 -> 0.083333333 | H41: =1/12 -> 0.083333333 | I41: =1/12 -> 0.083333333 | ... M41: =1/12 -> 0.083333333 | N41: =SUM(B41:M41) -> 1
A42: 2031 | B42: =1/12 -> 0.083333333 | C42: =1/12 -> 0.083333333 | D42: =1/12 -> 0.083333333 | E42: =1/12 -> 0.083333333 | F42: =1/12 -> 0.083333333 | G42: =1/12 -> 0.083333333 | H42: =1/12 -> 0.083333333 | I42: =1/12 -> 0.083333333 | ... M42: =1/12 -> 0.083333333 | N42: =SUM(B42:M42) -> 1
A43: 2032 | B43: =1/12 -> 0.083333333 | C43: =1/12 -> 0.083333333 | D43: =1/12 -> 0.083333333 | E43: =1/12 -> 0.083333333 | F43: =1/12 -> 0.083333333 | G43: =1/12 -> 0.083333333 | H43: =1/12 -> 0.083333333 | I43: =1/12 -> 0.083333333 | ... M43: =1/12 -> 0.083333333 | N43: =SUM(B43:M43) -> 1
A44: 2033 | B44: =1/12 -> 0.083333333 | C44: =1/12 -> 0.083333333 | D44: =1/12 -> 0.083333333 | E44: =1/12 -> 0.083333333 | F44: =1/12 -> 0.083333333 | G44: =1/12 -> 0.083333333 | H44: =1/12 -> 0.083333333 | I44: =1/12 -> 0.083333333 | ... M44: =1/12 -> 0.083333333 | N44: =SUM(B44:M44) -> 1
A45: 2034 | B45: =1/12 -> 0.083333333 | C45: =1/12 -> 0.083333333 | D45: =1/12 -> 0.083333333 | E45: =1/12 -> 0.083333333 | F45: =1/12 -> 0.083333333 | G45: =1/12 -> 0.083333333 | H45: =1/12 -> 0.083333333 | I45: =1/12 -> 0.083333333 | ... M45: =1/12 -> 0.083333333 | N45: =SUM(B45:M45) -> 1
A46: 2035 | B46: =1/12 -> 0.083333333 | C46: =1/12 -> 0.083333333 | D46: =1/12 -> 0.083333333 | E46: =1/12 -> 0.083333333 | F46: =1/12 -> 0.083333333 | G46: =1/12 -> 0.083333333 | H46: =1/12 -> 0.083333333 | I46: =1/12 -> 0.083333333 | ... M46: =1/12 -> 0.083333333 | N46: =SUM(B46:M46) -> 1
A49: TIPOS DE MATAFUEGO
A50: Tipo | B50: Agente (ruta) | C50: u. equivalentes por recipiente | D50: Manguera con PH anual (1 = sí) | E50: Fuente de la manguera
A51: =datos_base!A2 -> ABC 1 kg | B51: ABC | C51: 1 | D51: 0 | E51: No: tobera sin manguera
A52: =datos_base!A3 -> ABC 2,5 kg | B52: ABC | C52: 1 | D52: 0 | E52: No: la manguera no tiene cierre en el extremo
A53: =datos_base!A4 -> ABC 5 kg | B53: ABC | C53: 1 | D53: 0 | E53: No: la manguera no tiene cierre en el extremo
A54: =datos_base!A5 -> ABC 10 kg | B54: ABC | C54: 1 | D54: 0 | E54: No: la manguera no tiene cierre en el extremo
A55: =datos_base!A6 -> Agua 10 l | B55: Agua | C55: 1 | D55: 0 | E55: No: la manguera no tiene cierre en el extremo
A56: =datos_base!A7 -> AFFF 10 l | B56: AFFF | C56: 1 | D56: 0 | E56: No: la manguera no tiene cierre en el extremo
A57: =datos_base!A8 -> AFFF 50 l s/ruedas | B57: AFFF | C57: =$B$9 -> 3 | D57: 1 | E57: Sí, 9.7.1.4 a): lanza con cierre (rodante, IRAM 3541)
A58: =datos_base!A9 -> BC 5 kg | B58: BC | C58: 1 | D58: 0 | E58: No: la manguera no tiene cierre en el extremo
A59: =datos_base!A10 -> Sales K 6 l | B59: Sales K | C59: 1 | D59: 0 | E59: No: la manguera no tiene cierre en el extremo
A60: =datos_base!A11 -> CO₂ 2 kg | B60: CO₂ | C60: 1 | D60: 0 | E60: No: difusor de brazo, sin manguera (catálogo FLAMA)
A61: =datos_base!A12 -> CO₂ 5 kg | B61: CO₂ | C61: 1 | D61: 1 | E61: Sí, 9.7.1.4 b): manguera de CO₂ (difusor con manga)
A62: =datos_base!A13 -> HCFC/HFC 5 kg | B62: Halogenado | C62: 1 | D62: 0 | E62: No: la manguera no tiene cierre en el extremo
A63: =datos_base!A14 -> Clase D 9 l | B63: Clase D | C63: 1 | D63: 0 | E63: No: la manguera no tiene cierre en el extremo
A64: =datos_base!A15 -> ABC 25 kg s/ruedas | B64: ABC | C64: =$B$9 -> 3 | D64: 1 | E64: Sí, 9.7.1.4 a): válvula de cierre en la manguera (rodante, IRAM 3550)
A65: =datos_base!A16 -> ABC 50 kg s/ruedas | B65: ABC | C65: =$B$9 -> 3 | D65: 1 | E65: Sí, 9.7.1.4 a): válvula de cierre en la manguera (rodante, IRAM 3550)
A66: =datos_base!A17 -> ABC 70 kg s/ruedas | B66: ABC | C66: =$B$9 -> 3 | D66: 1 | E66: Sí, 9.7.1.4 a): válvula de cierre en la manguera (rodante, IRAM 3550)
A67: =datos_base!A18 -> ABC 100 kg s/ruedas | B67: ABC | C67: =$B$9 -> 3 | D67: 1 | E67: Sí, 9.7.1.4 a): válvula de cierre en la manguera (rodante, IRAM 3550)
A70: CAPACIDAD POR PUESTO (fracción de cada agente que pasa por el puesto)
A71: N° | B71: Puesto / operación | C71: Máquina / equipo | D71: Recurso | E71: ABC | F71: BC | G71: Clase D | H71: Agua | I71: AFFF | J71: Sales K | K71: CO₂ | L71: Halogenado | M71: Tiempo tipo (s/u) | N71: Cap. real (u/h) | O71: Cap. real (u/mes, 1 turno) | P71: Desglose del tiempo (s) | Q71: Nota
A72: 1 | B72: Recepción y registro | C72: Autoelevador + tablet e impresora de etiquetas; jaulas A y B | D72: Manual | E72: 1 | F72: 1 | G72: 1 | H72: 1 | I72: 1 | J72: 1 | K72: 1 | L72: 1 | M72: =12.5+12.5+40+10 -> 75 | N72: =IF(M72>0,3600/M72,0) -> 48 | O72: =N72*$B$6 -> 7200 | P72: Cargar jaulas 12,5 + descargar y controlar contra remito 12,5 + datos en el sistema 40 + separar por agente 10. Lo que se hace en el cliente no cuenta.
A73: 2 | B73: Inspección visual | C73: Mesa con goma, lámpara con lupa, PC | D73: Manual | E73: 1 | F73: 1 | G73: 1 | H73: 1 | I73: 1 | J73: 1 | K73: 1 | L73: 1 | M73: =5+30+25+10+15+5 -> 90 | N73: =IF(M73>0,3600/M73,0) -> 40 | O73: =N73*$B$6 -> 6000 | P73: Escanear 5 + exterior 30 + válvula, manómetro y manguera 25 + fecha PH 10 + registro 15 + bandeja 5 | Q73: Antes 70 s; los pasos suman 90 s
A74: 3 | B74: Descarga ABC — ruta recuperable | C74: Máquina neumática Yukon (tolva 240 kg) | D74: Máquina | E74: =1-$B$25-$B$27 -> 0.85 | F74: 0 | G74: 0 | H74: 0 | I74: 0 | J74: 0 | K74: 0 | L74: 0 | M74: =15+60+10 -> 85 | N74: =IF(M74>0,3600/M74,0) -> 42.352941 | O74: =N74*$B$6 -> 6352.9412 | P74: Escanear y agitado 15 + descargar mirando el visor 60 + tapar 10 (el retiro de válvula se cuenta en Desarme)
A75: 4 | B75: Descarga ABC — ruta descarte | C75: Tambor Yukon M-000030 | D75: Máquina | E75: =$B$27 -> 0.1 | F75: 0 | G75: 0 | H75: 0 | I75: 0 | J75: 0 | K75: 0 | L75: 0 | M75: =15+60+10 -> 85 | N75: =IF(M75>0,3600/M75,0) -> 42.352941 | O75: =N75*$B$6 -> 6352.9412 | P75: Igual que la ruta recuperable, al tambor
A76: 5 | B76: Descarga BC | C76: Tambor Yukon M-000030 dedicado BC | D76: Máquina | E76: 0 | F76: 1 | G76: 0 | H76: 0 | I76: 0 | J76: 0 | K76: 0 | L76: 0 | M76: =15+60+10 -> 85 | N76: =IF(M76>0,3600/M76,0) -> 42.352941 | O76: =N76*$B$6 -> 6352.9412 | P76: Igual que ABC; todo a descarte
A77: 6 | B77: Descarga de agua / AFFF / sales K | C77: IBC 1.000 l (AFFF) y tanque 600 l (agua) | D77: Máquina | E77: 0 | F77: 0 | G77: 0 | H77: =$B$28 -> 1 | I77: =$B$28 -> 1 | J77: =$B$28 -> 1 | K77: 0 | L77: 0 | M77: =10+10+15+60+10 -> 105 | N77: =IF(M77>0,3600/M77,0) -> 34.285714 | O77: =N77*$B$6 -> 5142.8571 | P77: Escanear 10 + quitar lanza 10 + acoplar 15 + vaciar 60 + llevar a desarme 10 | Q77: Antes 180 s; los pasos suman 105 s. Sales K: misma ruta que agua y AFFF
A78: 7 | B78: Recuperación de CO₂ | C78: Trasvasadora CO₂ 103/D1 (misma máquina que la carga) | D78: Máquina | E78: 0 | F78: 0 | G78: 0 | H78: 0 | I78: 0 | J78: 0 | K78: =$B$15+$B$29 -> 0.25 | L78: 0 | M78: =20+20+120+20+15+10 -> 205 | N78: =IF(M78>0,3600/M78,0) -> 17.560976 | O78: =N78*$B$6 -> 2634.1463 | P78: Pesar 20 + conectar 20 + bombear 120 + verificar y pesar 20 + desconectar 15 + registrar 10
A79: 8 | B79: Recuperación de halogenado | C79: Unidad THB/BP (misma máquina que la carga) | D79: Máquina | E79: 0 | F79: 0 | G79: 0 | H79: 0 | I79: 0 | J79: 0 | K79: 0 | L79: =$B$15+$B$25 -> 0.25 | M79: =60+20+30+300+40+15 -> 465 | N79: =IF(M79>0,3600/M79,0) -> 7.7419355 | O79: =N79*$B$6 -> 1161.2903 | P79: Preparar y verificar cilindro de paso 60 + pesar 20 + conectar 30 + recuperar 300 + pesar ambos 40 + anotar 15
A80: 9 | B80: Desarme y limpieza — recinto | C80: Lanza de soplado + aspiradora industrial + llaves | D80: Manual | E80: 1 | F80: 1 | G80: 1 | H80: 0 | I80: 0 | J80: 0 | K80: 0 | L80: 0 | M80: =5+30+5+10+20+120*$B$15+5 -> 99 | N80: =IF(M80>0,3600/M80,0) -> 36.363636 | O80: =N80*$B$6 -> 5454.5455 | P80: Verificar 5 + retirar válvula 30 + marbete 5 + bandeja 10 + soplar 20 + limpieza profunda 120 × % con PH + tapar 5 | Q80: Antes 90 s con 25 % de PH; los pasos suman 99 s con 20 %
A81: 10 | B81: Desarme e inspección interior — zona general | C81: Boroscopio Klein ET19 + llaves | D81: Manual | E81: 0 | F81: 0 | G81: 0 | H81: =$B$28 -> 1 | I81: =$B$28 -> 1 | J81: =$B$28 -> 1 | K81: =$B$15+$B$29 -> 0.25 | L81: =$B$15+$B$25 -> 0.25 | M81: =10+40+60+90*0.4+15+15 -> 176 | N81: =IF(M81>0,3600/M81,0) -> 20.454545 | O81: =N81*$B$6 -> 3068.1818 | P81: Confirmar vacío 10 + retirar válvula 40 + boroscopio 60 + enjuague 90 × 40 % + foto 15 + tapar 15
A82: 11 | B82: Laboratorio — Puffer y mufla | C82: Puffer Yukon M-100150 + mufla ORL-0 | D82: Máquina | E82: =$B$32 -> 0.001 | F82: =$B$32 -> 0.001 | G82: 0 | H82: 0 | I82: 0 | J82: 0 | K82: 0 | L82: 0 | M82: =300+600+1800+60+120+300 -> 3180 | N82: =IF(M82>0,3600/M82,0) -> 1.1320755 | O82: =N82*$B$6 -> 169.81132 | P82: Tiempo por ENSAYO: registro 300 + mufla 600 + Puffer 1.800 + dictamen 60 + carga 120 + liberar tolva 300
A83: 12 | B83: Prueba hidráulica | C83: Máquina PH Yukon 300 kg/cm² | D83: Máquina | E83: =$B$15 -> 0.2 | F83: =$B$15 -> 0.2 | G83: =$B$15 -> 0.2 | H83: =$B$16 -> 0.5 | I83: =$B$16 -> 0.5 | J83: =$B$16 -> 0.5 | K83: =$B$15 -> 0.2 | L83: =$B$15 -> 0.2 | M83: =12+20+90+90+75+15 -> 302 | N83: =IF(M83>0,3600/M83,0) -> 11.92053 | O83: =N83*$B$6 -> 1788.0795 | P83: Verificar con patrón 12 + escanear 20 + llenar y conectar 90 + ensayo 90 + vaciar y retirar 75 + registrar 15. CO₂ lleva además ultrasonido y acuñado
A84: 13 | B84: Secado | C84: Secadora Yukon de 6 recipientes | D84: Máquina | E84: =$B$15+$B$31 -> 0.21 | F84: =$B$15+$B$31 -> 0.21 | G84: =$B$15+$B$31 -> 0.21 | H84: 0 | I84: 0 | J84: 0 | K84: =$B$15 -> 0.2 | L84: =$B$15 -> 0.2 | M84: =15+15*60/6+15 -> 180 | N84: =IF(M84>0,3600/M84,0) -> 20 | O84: =N84*$B$6 -> 3000 | P84: Colocar 15 + 15 min ÷ 6 recipientes = 150 + retirar 15 | Q84: Agua, AFFF y sales K no se secan: se vuelven a llenar
A85: 14 | B85: Inspección interior con videoscopio | C85: Videoscopio + mesa con soporte en V | D85: Manual | E85: =$B$15+$B$31 -> 0.21 | F85: =$B$15+$B$31 -> 0.21 | G85: =$B$15+$B$31 -> 0.21 | H85: 0 | I85: 0 | J85: 0 | K85: =$B$15 -> 0.2 | L85: =$B$15 -> 0.2 | M85: =60+15+10 -> 85 | N85: =IF(M85>0,3600/M85,0) -> 42.352941 | O85: =N85*$B$6 -> 6352.9412 | P85: Recorrer con la sonda 60 + guardar foto 15 + tapar 10
A86: 15 | B86: Pintura | C86: Cabina con extracción, HVLP, lámparas IR, amoladora | D86: Máquina | E86: =$B$30 -> 0.1 | F86: =$B$30 -> 0.1 | G86: =$B$30 -> 0.1 | H86: =$B$30 -> 0.1 | I86: =$B$30 -> 0.1 | J86: =$B$30 -> 0.1 | K86: =$B$30 -> 0.1 | L86: =$B$30 -> 0.1 | M86: 750 | N86: =IF(M86>0,3600/M86,0) -> 4.8 | O86: =N86*$B$6 -> 720 | Q86: Sin desglose de pasos en el original
A87: 16 | B87: Carga de polvo ABC | C87: Máquina neumática Yukon con corte por peso | D87: Máquina | E87: 1 | F87: 0 | G87: 0 | H87: 0 | I87: 0 | J87: 0 | K87: 0 | L87: 0 | M87: =6+15+45+15+15+10 -> 106 | N87: =IF(M87>0,3600/M87,0) -> 33.962264 | O87: =N87*$B$6 -> 5094.3396 | P87: Contraste por turno 6 + tara 15 + carga 45 + pesar 15 + rosca 15 + registrar 10 | Q87: Antes 90 s; los pasos suman 106 s
A88: 17 | B88: Carga de polvo BC | C88: Cargadora portátil Yukon dedicada BC | D88: Máquina | E88: 0 | F88: 1 | G88: 0 | H88: 0 | I88: 0 | J88: 0 | K88: 0 | L88: 0 | M88: =10+15+75+15+15+10 -> 140 | N88: =IF(M88>0,3600/M88,0) -> 25.714286 | O88: =N88*$B$6 -> 3857.1429 | P88: Contraste 10 + tara 15 + carga portátil 75 + pesar 15 + rosca 15 + registrar 10
A89: 18 | B89: Descarga y carga Clase D | C89: Recipiente exclusivo + embudo + balanza | D89: Manual | E89: 0 | F89: 0 | G89: 1 | H89: 0 | I89: 0 | J89: 0 | K89: 0 | L89: 0 | M89: =180+15+240+30+15+10 -> 490 | N89: =IF(M89>0,3600/M89,0) -> 7.3469388 | O89: =N89*$B$6 -> 1102.0408 | P89: Descarga manual 180 + tara 15 + carga con embudo 240 + ajuste 30 + rosca 15 + registro 10 | Q89: Supuesto del original (no está en el documento de procesos)
A90: 19 | B90: Carga de agua / AFFF / sales K | C90: Red + tanque de premezcla con bomba 40 l/min + balanza | D90: Máquina | E90: 0 | F90: 0 | G90: 0 | H90: =$B$28 -> 1 | I90: =$B$28 -> 1 | J90: =$B$28 -> 1 | K90: 0 | L90: 0 | M90: =20+10+30+15+15+10 -> 100 | N90: =IF(M90>0,3600/M90,0) -> 36 | O90: =N90*$B$6 -> 5400 | P90: Contraste y premezcla 20 + tara 10 + cargar 30 + corregir 15 + rosca 15 + registrar 10
A91: 20 | B91: Carga de CO₂ | C91: Trasvasadora CO₂ 103/D1 + manifold | D91: Máquina | E91: 0 | F91: 0 | G91: 0 | H91: 0 | I91: 0 | J91: 0 | K91: =$B$15+$B$29+$B$25 -> 0.3 | L91: 0 | M91: =30+10+15+150+25+10 -> 240 | N91: =IF(M91>0,3600/M91,0) -> 15 | O91: =N91*$B$6 -> 2250 | P91: Tarar y programar 30 + elegir origen 10 + abrir manifold 15 + llenar 150 + pesar 25 + registrar 10
A92: 21 | B92: Ensamblaje y marbete — recinto | C92: Morsa + llave dinamométrica | D92: Manual | E92: 1 | F92: 1 | G92: 1 | H92: 0 | I92: 0 | J92: 0 | K92: 0 | L92: 0 | M92: =10+30+20+10+30+20 -> 120 | N92: =IF(M92>0,3600/M92,0) -> 30 | O92: =N92*$B$6 -> 4500 | P92: Escanear 10 + revisar piezas 30 + o-ring 20 + marbete 10 + enroscar 30 + manguera y repuestos 20
A93: 22 | B93: Presurización — recinto | C93: Pinza Yukon M-000150 + regulador | D93: Máquina | E93: 1 | F93: 1 | G93: 1 | H93: 0 | I93: 0 | J93: 0 | K93: 0 | L93: 0 | M93: =3+15+10+20+15+10 -> 73 | N93: =IF(M93>0,3600/M93,0) -> 49.315068 | O93: =N93*$B$6 -> 7397.2603 | P93: Contraste por turno 3 + fijar presión 15 + colocar 10 + presurizar 20 + pasador 15 + registrar 10
A94: 23 | B94: Ensamblaje y presurización — zona general | C94: Morsa + dinamométrica + pinza Yukon | D94: Manual | E94: 0 | F94: 0 | G94: 0 | H94: =$B$28 -> 1 | I94: =$B$28 -> 1 | J94: =$B$28 -> 1 | K94: =$B$15+$B$29 -> 0.25 | L94: =$B$15+$B$25 -> 0.25 | M94: =120+50 -> 170 | N94: =IF(M94>0,3600/M94,0) -> 21.176471 | O94: =N94*$B$6 -> 3176.4706 | P94: Ensamblaje 120 + presurización 50. CO₂ no se presuriza y halogenados se presurizan en la carga
A95: 24 | B95: Carga y presurización de halogenado | C95: Unidad THB/BP + pinza | D95: Máquina | E95: 0 | F95: 0 | G95: 0 | H95: 0 | I95: 0 | J95: 0 | K95: 0 | L95: =$B$15+$B$25 -> 0.25 | M95: =300+40+60+30 -> 430 | N95: =IF(M95>0,3600/M95,0) -> 8.372093 | O95: =N95*$B$6 -> 1255.814 | P95: Cargar 300 + presurizar 40 + agitar y repetir 60 + pesar y registrar 30
A96: 25 | B96: Control de peso (CO₂ y halogenados sin recarga) | C96: Balanza | D96: Manual | E96: 0 | F96: 0 | G96: 0 | H96: 0 | I96: 0 | J96: 0 | K96: =1-($B$15+$B$29+$B$25) -> 0.7 | L96: =1-($B$15+$B$25) -> 0.75 | M96: =30+10 -> 40 | N96: =IF(M96>0,3600/M96,0) -> 90 | O96: =N96*$B$6 -> 13500 | P96: Pesar y comparar 30 + registrar 10 | Q96: Anexo E: control anual de la masa
A97: 26 | B97: Ensayo de pérdidas | C97: Tanque de inmersión inox (6 posiciones); spray en rodantes | D97: Máquina | E97: 1 | F97: 1 | G97: 1 | H97: 1 | I97: 1 | J97: 1 | K97: 1 | L97: 1 | M97: =5+45+10+10+10 -> 80 | N97: =IF(M97>0,3600/M97,0) -> 45 | O97: =N97*$B$6 -> 6750 | P97: Preparar por turno 5 + bajar y observar en tandas de 6: 45 + sacar 10 + secar 10 + registrar 10
A98: 27 | B98: Precinto, etiqueta y despacho | C98: Dispensador + impresora + jaulas | D98: Manual | E98: 1 | F98: 1 | G98: 1 | H98: 1 | I98: 1 | J98: 1 | K98: 1 | L98: 1 | M98: =15+25+15+10+15+6 -> 86 | N98: =IF(M98>0,3600/M98,0) -> 41.860465 | O98: =N98*$B$6 -> 6279.0698 | P98: Precinto 15 + etiqueta 25 + revisión final 15 + cerrar OT 10 + jaula 15 + remito 6 | Q98: Antes 80 s; los pasos suman 86 s
A99: 28 | B99: Inutilización y disposición final | C99: Taladro de columna con prensa en V | D99: Máquina | E99: =$B$24 -> 0.08 | F99: =$B$24 -> 0.08 | G99: =$B$24 -> 0.08 | H99: =$B$24 -> 0.08 | I99: =$B$24 -> 0.08 | J99: =$B$24 -> 0.08 | K99: =$B$23 -> 0.063333333 | L99: =$B$24 -> 0.08 | M99: =30+120+90+60+90 -> 390 | N99: =IF(M99>0,3600/M99,0) -> 9.2307692 | O99: =N99*$B$6 -> 1384.6154 | P99: Confirmar 30 + perforar 120 + desarmar y cortar manguera 90 + residuos 60 + foto y acta 90 | Q99: 9.12 y Anexo G: acta de inutilización
A100: 29 | B100: PH de mangueras (CO₂ y rodantes) | C100: Máquina PH Yukon 300 kg/cm² (misma que la PH de recipientes) | D100: Máquina | E100: — | F100: — | G100: — | H100: — | I100: — | J100: — | K100: — | L100: — | M100: =12+20+90+90+75+15 -> 302 | N100: =IF(M100>0,3600/M100,0) -> 11.92053 | O100: =N100*$B$6 -> 1788.0795 | P100: Mismos pasos que la PH del recipiente: patrón 12 + escanear 20 + llenar y conectar 90 + ensayo 90 + vaciar y retirar 75 + registrar 15 | Q100: 9.7.1.4: PH anual de mangueras de CO₂ y con cierre en el extremo (tabla 5). Demanda = fila Mangueras del Plan mensual. Criterio: tiempo igual al de la PH del recipiente; falta el rótulo plástico
A102: — | B102: PH Firesafer (alternativa, no entra en el cálculo) | C102: Banco Firesafer FS-JD12A | M102: 60 | N102: =IF(M102>0,3600/M102,0) -> 60 | Q102: El original copia el desglose de la Yukon (302 s) con 60 s: revisar antes de usarla

Sheet Plan mensual
A1: 2026 | B1: Agente | C1: u. equiv. | D1: Ene | E1: Feb | F1: Mar | G1: Abr | H1: May | I1: Jun | J1: Jul | K1: Ago | L1: Sep | M1: Oct | N1: Nov | O1: Dic | P1: Total | Q1: Incluye mant. de sustitutos (u./año)
A2: =parametros_recargas!A51 -> ABC 1 kg | B2: =parametros_recargas!B51 -> ABC | C2: =parametros_recargas!C51 -> 1 | D2: =datos_base!$B$2*parametros_recargas!$B$37+sobrestock_sustitutos!$B$175/12 -> 206.26207 | E2: =datos_base!$B$2*parametros_recargas!$C$37+sobrestock_sustitutos!$B$175/12 -> 206.26207 | F2: =datos_base!$B$2*parametros_recargas!$D$37+sobrestock_sustitutos!$B$175/12 -> 206.26207 | G2: =datos_base!$B$2*parametros_recargas!$E$37+sobrestock_sustitutos!$B$175/12 -> 206.26207 | H2: =datos_base!$B$2*parametros_recargas!$F$37+sobrestock_sustitutos!$B$175/12 -> 206.26207 | I2: =datos_base!$B$2*parametros_recargas!$G$37+sobrestock_sustitutos!$B$175/12 -> 206.26207 | J2: =datos_base!$B$2*parametros_recargas!$H$37+sobrestock_sustitutos!$B$175/12 -> 206.26207 | K2: =datos_base!$B$2*parametros_recargas!$I$37+sobrestock_sustitutos!$B$175/12 -> 206.26207 | L2: =datos_base!$B$2*parametros_recargas!$J$37+sobrestock_sustitutos!$B$175/12 -> 206.26207 | M2: =datos_base!$B$2*parametros_recargas!$K$37+sobrestock_sustitutos!$B$175/12 -> 206.26207 | N2: =datos_base!$B$2*parametros_recargas!$L$37+sobrestock_sustitutos!$B$175/12 -> 206.26207 | O2: =datos_base!$B$2*parametros_recargas!$M$37+sobrestock_sustitutos!$B$175/12 -> 206.26207 | P2: =SUM(D2:O2) -> 2475.1448 | Q2: =sobrestock_sustitutos!$B$175 -> 0
A3: =parametros_recargas!A52 -> ABC 2,5 kg | B3: =parametros_recargas!B52 -> ABC | C3: =parametros_recargas!C52 -> 1 | D3: =datos_base!$B$3*parametros_recargas!$B$37+sobrestock_sustitutos!$B$176/12 -> 19.573298 | E3: =datos_base!$B$3*parametros_recargas!$C$37+sobrestock_sustitutos!$B$176/12 -> 19.573298 | F3: =datos_base!$B$3*parametros_recargas!$D$37+sobrestock_sustitutos!$B$176/12 -> 19.573298 | G3: =datos_base!$B$3*parametros_recargas!$E$37+sobrestock_sustitutos!$B$176/12 -> 19.573298 | H3: =datos_base!$B$3*parametros_recargas!$F$37+sobrestock_sustitutos!$B$176/12 -> 19.573298 | I3: =datos_base!$B$3*parametros_recargas!$G$37+sobrestock_sustitutos!$B$176/12 -> 19.573298 | J3: =datos_base!$B$3*parametros_recargas!$H$37+sobrestock_sustitutos!$B$176/12 -> 19.573298 | K3: =datos_base!$B$3*parametros_recargas!$I$37+sobrestock_sustitutos!$B$176/12 -> 19.573298 | L3: =datos_base!$B$3*parametros_recargas!$J$37+sobrestock_sustitutos!$B$176/12 -> 19.573298 | M3: =datos_base!$B$3*parametros_recargas!$K$37+sobrestock_sustitutos!$B$176/12 -> 19.573298 | N3: =datos_base!$B$3*parametros_recargas!$L$37+sobrestock_sustitutos!$B$176/12 -> 19.573298 | O3: =datos_base!$B$3*parametros_recargas!$M$37+sobrestock_sustitutos!$B$176/12 -> 19.573298 | P3: =SUM(D3:O3) -> 234.87958 | Q3: =sobrestock_sustitutos!$B$176 -> 0
A4: =parametros_recargas!A53 -> ABC 5 kg | B4: =parametros_recargas!B53 -> ABC | C4: =parametros_recargas!C53 -> 1 | D4: =datos_base!$B$4*parametros_recargas!$B$37+sobrestock_sustitutos!$B$177/12 -> 115.68494 | E4: =datos_base!$B$4*parametros_recargas!$C$37+sobrestock_sustitutos!$B$177/12 -> 115.68494 | F4: =datos_base!$B$4*parametros_recargas!$D$37+sobrestock_sustitutos!$B$177/12 -> 115.68494 | G4: =datos_base!$B$4*parametros_recargas!$E$37+sobrestock_sustitutos!$B$177/12 -> 115.68494 | H4: =datos_base!$B$4*parametros_recargas!$F$37+sobrestock_sustitutos!$B$177/12 -> 115.68494 | I4: =datos_base!$B$4*parametros_recargas!$G$37+sobrestock_sustitutos!$B$177/12 -> 115.68494 | J4: =datos_base!$B$4*parametros_recargas!$H$37+sobrestock_sustitutos!$B$177/12 -> 115.68494 | K4: =datos_base!$B$4*parametros_recargas!$I$37+sobrestock_sustitutos!$B$177/12 -> 115.68494 | L4: =datos_base!$B$4*parametros_recargas!$J$37+sobrestock_sustitutos!$B$177/12 -> 115.68494 | M4: =datos_base!$B$4*parametros_recargas!$K$37+sobrestock_sustitutos!$B$177/12 -> 115.68494 | N4: =datos_base!$B$4*parametros_recargas!$L$37+sobrestock_sustitutos!$B$177/12 -> 115.68494 | O4: =datos_base!$B$4*parametros_recargas!$M$37+sobrestock_sustitutos!$B$177/12 -> 115.68494 | P4: =SUM(D4:O4) -> 1388.2193 | Q4: =sobrestock_sustitutos!$B$177 -> 0
A5: =parametros_recargas!A54 -> ABC 10 kg | B5: =parametros_recargas!B54 -> ABC | C5: =parametros_recargas!C54 -> 1 | D5: =datos_base!$B$5*parametros_recargas!$B$37+sobrestock_sustitutos!$B$178/12 -> 7.0193898 | E5: =datos_base!$B$5*parametros_recargas!$C$37+sobrestock_sustitutos!$B$178/12 -> 7.0193898 | F5: =datos_base!$B$5*parametros_recargas!$D$37+sobrestock_sustitutos!$B$178/12 -> 7.0193898 | G5: =datos_base!$B$5*parametros_recargas!$E$37+sobrestock_sustitutos!$B$178/12 -> 7.0193898 | H5: =datos_base!$B$5*parametros_recargas!$F$37+sobrestock_sustitutos!$B$178/12 -> 7.0193898 | I5: =datos_base!$B$5*parametros_recargas!$G$37+sobrestock_sustitutos!$B$178/12 -> 7.0193898 | J5: =datos_base!$B$5*parametros_recargas!$H$37+sobrestock_sustitutos!$B$178/12 -> 7.0193898 | K5: =datos_base!$B$5*parametros_recargas!$I$37+sobrestock_sustitutos!$B$178/12 -> 7.0193898 | L5: =datos_base!$B$5*parametros_recargas!$J$37+sobrestock_sustitutos!$B$178/12 -> 7.0193898 | M5: =datos_base!$B$5*parametros_recargas!$K$37+sobrestock_sustitutos!$B$178/12 -> 7.0193898 | N5: =datos_base!$B$5*parametros_recargas!$L$37+sobrestock_sustitutos!$B$178/12 -> 7.0193898 | O5: =datos_base!$B$5*parametros_recargas!$M$37+sobrestock_sustitutos!$B$178/12 -> 7.0193898 | P5: =SUM(D5:O5) -> 84.232677 | Q5: =sobrestock_sustitutos!$B$178 -> 0
A6: =parametros_recargas!A55 -> Agua 10 l | B6: =parametros_recargas!B55 -> Agua | C6: =parametros_recargas!C55 -> 1 | D6: =datos_base!$B$6*parametros_recargas!$B$37+sobrestock_sustitutos!$B$179/12 -> 9.4491786 | E6: =datos_base!$B$6*parametros_recargas!$C$37+sobrestock_sustitutos!$B$179/12 -> 9.4491786 | F6: =datos_base!$B$6*parametros_recargas!$D$37+sobrestock_sustitutos!$B$179/12 -> 9.4491786 | G6: =datos_base!$B$6*parametros_recargas!$E$37+sobrestock_sustitutos!$B$179/12 -> 9.4491786 | H6: =datos_base!$B$6*parametros_recargas!$F$37+sobrestock_sustitutos!$B$179/12 -> 9.4491786 | I6: =datos_base!$B$6*parametros_recargas!$G$37+sobrestock_sustitutos!$B$179/12 -> 9.4491786 | J6: =datos_base!$B$6*parametros_recargas!$H$37+sobrestock_sustitutos!$B$179/12 -> 9.4491786 | K6: =datos_base!$B$6*parametros_recargas!$I$37+sobrestock_sustitutos!$B$179/12 -> 9.4491786 | L6: =datos_base!$B$6*parametros_recargas!$J$37+sobrestock_sustitutos!$B$179/12 -> 9.4491786 | M6: =datos_base!$B$6*parametros_recargas!$K$37+sobrestock_sustitutos!$B$179/12 -> 9.4491786 | N6: =datos_base!$B$6*parametros_recargas!$L$37+sobrestock_sustitutos!$B$179/12 -> 9.4491786 | O6: =datos_base!$B$6*parametros_recargas!$M$37+sobrestock_sustitutos!$B$179/12 -> 9.4491786 | P6: =SUM(D6:O6) -> 113.39014 | Q6: =sobrestock_sustitutos!$B$179 -> 0
A7: =parametros_recargas!A56 -> AFFF 10 l | B7: =parametros_recargas!B56 -> AFFF | C7: =parametros_recargas!C56 -> 1 | D7: =datos_base!$B$7*parametros_recargas!$B$37+sobrestock_sustitutos!$B$180/12 -> 1.3498827 | E7: =datos_base!$B$7*parametros_recargas!$C$37+sobrestock_sustitutos!$B$180/12 -> 1.3498827 | F7: =datos_base!$B$7*parametros_recargas!$D$37+sobrestock_sustitutos!$B$180/12 -> 1.3498827 | G7: =datos_base!$B$7*parametros_recargas!$E$37+sobrestock_sustitutos!$B$180/12 -> 1.3498827 | H7: =datos_base!$B$7*parametros_recargas!$F$37+sobrestock_sustitutos!$B$180/12 -> 1.3498827 | I7: =datos_base!$B$7*parametros_recargas!$G$37+sobrestock_sustitutos!$B$180/12 -> 1.3498827 | J7: =datos_base!$B$7*parametros_recargas!$H$37+sobrestock_sustitutos!$B$180/12 -> 1.3498827 | K7: =datos_base!$B$7*parametros_recargas!$I$37+sobrestock_sustitutos!$B$180/12 -> 1.3498827 | L7: =datos_base!$B$7*parametros_recargas!$J$37+sobrestock_sustitutos!$B$180/12 -> 1.3498827 | M7: =datos_base!$B$7*parametros_recargas!$K$37+sobrestock_sustitutos!$B$180/12 -> 1.3498827 | N7: =datos_base!$B$7*parametros_recargas!$L$37+sobrestock_sustitutos!$B$180/12 -> 1.3498827 | O7: =datos_base!$B$7*parametros_recargas!$M$37+sobrestock_sustitutos!$B$180/12 -> 1.3498827 | P7: =SUM(D7:O7) -> 16.198592 | Q7: =sobrestock_sustitutos!$B$180 -> 0
A8: =parametros_recargas!A57 -> AFFF 50 l s/ruedas | B8: =parametros_recargas!B57 -> AFFF | C8: =parametros_recargas!C57 -> 3 | D8: =datos_base!$B$8*parametros_recargas!$B$37+sobrestock_sustitutos!$B$181/12 -> 0.6749413 | E8: =datos_base!$B$8*parametros_recargas!$C$37+sobrestock_sustitutos!$B$181/12 -> 0.6749413 | F8: =datos_base!$B$8*parametros_recargas!$D$37+sobrestock_sustitutos!$B$181/12 -> 0.6749413 | G8: =datos_base!$B$8*parametros_recargas!$E$37+sobrestock_sustitutos!$B$181/12 -> 0.6749413 | H8: =datos_base!$B$8*parametros_recargas!$F$37+sobrestock_sustitutos!$B$181/12 -> 0.6749413 | I8: =datos_base!$B$8*parametros_recargas!$G$37+sobrestock_sustitutos!$B$181/12 -> 0.6749413 | J8: =datos_base!$B$8*parametros_recargas!$H$37+sobrestock_sustitutos!$B$181/12 -> 0.6749413 | K8: =datos_base!$B$8*parametros_recargas!$I$37+sobrestock_sustitutos!$B$181/12 -> 0.6749413 | L8: =datos_base!$B$8*parametros_recargas!$J$37+sobrestock_sustitutos!$B$181/12 -> 0.6749413 | M8: =datos_base!$B$8*parametros_recargas!$K$37+sobrestock_sustitutos!$B$181/12 -> 0.6749413 | N8: =datos_base!$B$8*parametros_recargas!$L$37+sobrestock_sustitutos!$B$181/12 -> 0.6749413 | O8: =datos_base!$B$8*parametros_recargas!$M$37+sobrestock_sustitutos!$B$181/12 -> 0.6749413 | P8: =SUM(D8:O8) -> 8.0992956 | Q8: =sobrestock_sustitutos!$B$181 -> 0
A9: =parametros_recargas!A58 -> BC 5 kg | B9: =parametros_recargas!B58 -> BC | C9: =parametros_recargas!C58 -> 1 | D9: =datos_base!$B$9*parametros_recargas!$B$37+sobrestock_sustitutos!$B$182/12 -> 0.40496478 | E9: =datos_base!$B$9*parametros_recargas!$C$37+sobrestock_sustitutos!$B$182/12 -> 0.40496478 | F9: =datos_base!$B$9*parametros_recargas!$D$37+sobrestock_sustitutos!$B$182/12 -> 0.40496478 | G9: =datos_base!$B$9*parametros_recargas!$E$37+sobrestock_sustitutos!$B$182/12 -> 0.40496478 | H9: =datos_base!$B$9*parametros_recargas!$F$37+sobrestock_sustitutos!$B$182/12 -> 0.40496478 | I9: =datos_base!$B$9*parametros_recargas!$G$37+sobrestock_sustitutos!$B$182/12 -> 0.40496478 | J9: =datos_base!$B$9*parametros_recargas!$H$37+sobrestock_sustitutos!$B$182/12 -> 0.40496478 | K9: =datos_base!$B$9*parametros_recargas!$I$37+sobrestock_sustitutos!$B$182/12 -> 0.40496478 | L9: =datos_base!$B$9*parametros_recargas!$J$37+sobrestock_sustitutos!$B$182/12 -> 0.40496478 | M9: =datos_base!$B$9*parametros_recargas!$K$37+sobrestock_sustitutos!$B$182/12 -> 0.40496478 | N9: =datos_base!$B$9*parametros_recargas!$L$37+sobrestock_sustitutos!$B$182/12 -> 0.40496478 | O9: =datos_base!$B$9*parametros_recargas!$M$37+sobrestock_sustitutos!$B$182/12 -> 0.40496478 | P9: =SUM(D9:O9) -> 4.8595774 | Q9: =sobrestock_sustitutos!$B$182 -> 0
A10: =parametros_recargas!A59 -> Sales K 6 l | B10: =parametros_recargas!B59 -> Sales K | C10: =parametros_recargas!C59 -> 1 | D10: =datos_base!$B$10*parametros_recargas!$B$37+sobrestock_sustitutos!$B$183/12 -> 4.8595775 | E10: =datos_base!$B$10*parametros_recargas!$C$37+sobrestock_sustitutos!$B$183/12 -> 4.8595775 | F10: =datos_base!$B$10*parametros_recargas!$D$37+sobrestock_sustitutos!$B$183/12 -> 4.8595775 | G10: =datos_base!$B$10*parametros_recargas!$E$37+sobrestock_sustitutos!$B$183/12 -> 4.8595775 | H10: =datos_base!$B$10*parametros_recargas!$F$37+sobrestock_sustitutos!$B$183/12 -> 4.8595775 | I10: =datos_base!$B$10*parametros_recargas!$G$37+sobrestock_sustitutos!$B$183/12 -> 4.8595775 | J10: =datos_base!$B$10*parametros_recargas!$H$37+sobrestock_sustitutos!$B$183/12 -> 4.8595775 | K10: =datos_base!$B$10*parametros_recargas!$I$37+sobrestock_sustitutos!$B$183/12 -> 4.8595775 | L10: =datos_base!$B$10*parametros_recargas!$J$37+sobrestock_sustitutos!$B$183/12 -> 4.8595775 | M10: =datos_base!$B$10*parametros_recargas!$K$37+sobrestock_sustitutos!$B$183/12 -> 4.8595775 | N10: =datos_base!$B$10*parametros_recargas!$L$37+sobrestock_sustitutos!$B$183/12 -> 4.8595775 | O10: =datos_base!$B$10*parametros_recargas!$M$37+sobrestock_sustitutos!$B$183/12 -> 4.8595775 | P10: =SUM(D10:O10) -> 58.31493 | Q10: =sobrestock_sustitutos!$B$183 -> 0
A11: =parametros_recargas!A60 -> CO₂ 2 kg | B11: =parametros_recargas!B60 -> CO₂ | C11: =parametros_recargas!C60 -> 1 | D11: =datos_base!$B$11*parametros_recargas!$B$37+sobrestock_sustitutos!$B$184/12 -> 26.727676 | E11: =datos_base!$B$11*parametros_recargas!$C$37+sobrestock_sustitutos!$B$184/12 -> 26.727676 | F11: =datos_base!$B$11*parametros_recargas!$D$37+sobrestock_sustitutos!$B$184/12 -> 26.727676 | G11: =datos_base!$B$11*parametros_recargas!$E$37+sobrestock_sustitutos!$B$184/12 -> 26.727676 | H11: =datos_base!$B$11*parametros_recargas!$F$37+sobrestock_sustitutos!$B$184/12 -> 26.727676 | I11: =datos_base!$B$11*parametros_recargas!$G$37+sobrestock_sustitutos!$B$184/12 -> 26.727676 | J11: =datos_base!$B$11*parametros_recargas!$H$37+sobrestock_sustitutos!$B$184/12 -> 26.727676 | K11: =datos_base!$B$11*parametros_recargas!$I$37+sobrestock_sustitutos!$B$184/12 -> 26.727676 | L11: =datos_base!$B$11*parametros_recargas!$J$37+sobrestock_sustitutos!$B$184/12 -> 26.727676 | M11: =datos_base!$B$11*parametros_recargas!$K$37+sobrestock_sustitutos!$B$184/12 -> 26.727676 | N11: =datos_base!$B$11*parametros_recargas!$L$37+sobrestock_sustitutos!$B$184/12 -> 26.727676 | O11: =datos_base!$B$11*parametros_recargas!$M$37+sobrestock_sustitutos!$B$184/12 -> 26.727676 | P11: =SUM(D11:O11) -> 320.73212 | Q11: =sobrestock_sustitutos!$B$184 -> 0
A12: =parametros_recargas!A61 -> CO₂ 5 kg | B12: =parametros_recargas!B61 -> CO₂ | C12: =parametros_recargas!C61 -> 1 | D12: =datos_base!$B$12*parametros_recargas!$B$37+sobrestock_sustitutos!$B$185/12 -> 7.4243546 | E12: =datos_base!$B$12*parametros_recargas!$C$37+sobrestock_sustitutos!$B$185/12 -> 7.4243546 | F12: =datos_base!$B$12*parametros_recargas!$D$37+sobrestock_sustitutos!$B$185/12 -> 7.4243546 | G12: =datos_base!$B$12*parametros_recargas!$E$37+sobrestock_sustitutos!$B$185/12 -> 7.4243546 | H12: =datos_base!$B$12*parametros_recargas!$F$37+sobrestock_sustitutos!$B$185/12 -> 7.4243546 | I12: =datos_base!$B$12*parametros_recargas!$G$37+sobrestock_sustitutos!$B$185/12 -> 7.4243546 | J12: =datos_base!$B$12*parametros_recargas!$H$37+sobrestock_sustitutos!$B$185/12 -> 7.4243546 | K12: =datos_base!$B$12*parametros_recargas!$I$37+sobrestock_sustitutos!$B$185/12 -> 7.4243546 | L12: =datos_base!$B$12*parametros_recargas!$J$37+sobrestock_sustitutos!$B$185/12 -> 7.4243546 | M12: =datos_base!$B$12*parametros_recargas!$K$37+sobrestock_sustitutos!$B$185/12 -> 7.4243546 | N12: =datos_base!$B$12*parametros_recargas!$L$37+sobrestock_sustitutos!$B$185/12 -> 7.4243546 | O12: =datos_base!$B$12*parametros_recargas!$M$37+sobrestock_sustitutos!$B$185/12 -> 7.4243546 | P12: =SUM(D12:O12) -> 89.092255 | Q12: =sobrestock_sustitutos!$B$185 -> 0
A13: =parametros_recargas!A62 -> HCFC/HFC 5 kg | B13: =parametros_recargas!B62 -> Halogenado | C13: =parametros_recargas!C62 -> 1 | D13: =datos_base!$B$13*parametros_recargas!$B$37+sobrestock_sustitutos!$B$186/12 -> 1.0799061 | E13: =datos_base!$B$13*parametros_recargas!$C$37+sobrestock_sustitutos!$B$186/12 -> 1.0799061 | F13: =datos_base!$B$13*parametros_recargas!$D$37+sobrestock_sustitutos!$B$186/12 -> 1.0799061 | G13: =datos_base!$B$13*parametros_recargas!$E$37+sobrestock_sustitutos!$B$186/12 -> 1.0799061 | H13: =datos_base!$B$13*parametros_recargas!$F$37+sobrestock_sustitutos!$B$186/12 -> 1.0799061 | I13: =datos_base!$B$13*parametros_recargas!$G$37+sobrestock_sustitutos!$B$186/12 -> 1.0799061 | J13: =datos_base!$B$13*parametros_recargas!$H$37+sobrestock_sustitutos!$B$186/12 -> 1.0799061 | K13: =datos_base!$B$13*parametros_recargas!$I$37+sobrestock_sustitutos!$B$186/12 -> 1.0799061 | L13: =datos_base!$B$13*parametros_recargas!$J$37+sobrestock_sustitutos!$B$186/12 -> 1.0799061 | M13: =datos_base!$B$13*parametros_recargas!$K$37+sobrestock_sustitutos!$B$186/12 -> 1.0799061 | N13: =datos_base!$B$13*parametros_recargas!$L$37+sobrestock_sustitutos!$B$186/12 -> 1.0799061 | O13: =datos_base!$B$13*parametros_recargas!$M$37+sobrestock_sustitutos!$B$186/12 -> 1.0799061 | P13: =SUM(D13:O13) -> 12.958874 | Q13: =sobrestock_sustitutos!$B$186 -> 0
A14: =parametros_recargas!A63 -> Clase D 9 l | B14: =parametros_recargas!B63 -> Clase D | C14: =parametros_recargas!C63 -> 1 | D14: =datos_base!$B$14*parametros_recargas!$B$37+sobrestock_sustitutos!$B$187/12 -> 0.40496478 | E14: =datos_base!$B$14*parametros_recargas!$C$37+sobrestock_sustitutos!$B$187/12 -> 0.40496478 | F14: =datos_base!$B$14*parametros_recargas!$D$37+sobrestock_sustitutos!$B$187/12 -> 0.40496478 | G14: =datos_base!$B$14*parametros_recargas!$E$37+sobrestock_sustitutos!$B$187/12 -> 0.40496478 | H14: =datos_base!$B$14*parametros_recargas!$F$37+sobrestock_sustitutos!$B$187/12 -> 0.40496478 | I14: =datos_base!$B$14*parametros_recargas!$G$37+sobrestock_sustitutos!$B$187/12 -> 0.40496478 | J14: =datos_base!$B$14*parametros_recargas!$H$37+sobrestock_sustitutos!$B$187/12 -> 0.40496478 | K14: =datos_base!$B$14*parametros_recargas!$I$37+sobrestock_sustitutos!$B$187/12 -> 0.40496478 | L14: =datos_base!$B$14*parametros_recargas!$J$37+sobrestock_sustitutos!$B$187/12 -> 0.40496478 | M14: =datos_base!$B$14*parametros_recargas!$K$37+sobrestock_sustitutos!$B$187/12 -> 0.40496478 | N14: =datos_base!$B$14*parametros_recargas!$L$37+sobrestock_sustitutos!$B$187/12 -> 0.40496478 | O14: =datos_base!$B$14*parametros_recargas!$M$37+sobrestock_sustitutos!$B$187/12 -> 0.40496478 | P14: =SUM(D14:O14) -> 4.8595774 | Q14: =sobrestock_sustitutos!$B$187 -> 0
A15: =parametros_recargas!A64 -> ABC 25 kg s/ruedas | B15: =parametros_recargas!B64 -> ABC | C15: =parametros_recargas!C64 -> 3 | D15: =datos_base!$B$15*parametros_recargas!$B$37+sobrestock_sustitutos!$B$188/12 -> 1.0461591 | E15: =datos_base!$B$15*parametros_recargas!$C$37+sobrestock_sustitutos!$B$188/12 -> 1.0461591 | F15: =datos_base!$B$15*parametros_recargas!$D$37+sobrestock_sustitutos!$B$188/12 -> 1.0461591 | G15: =datos_base!$B$15*parametros_recargas!$E$37+sobrestock_sustitutos!$B$188/12 -> 1.0461591 | H15: =datos_base!$B$15*parametros_recargas!$F$37+sobrestock_sustitutos!$B$188/12 -> 1.0461591 | I15: =datos_base!$B$15*parametros_recargas!$G$37+sobrestock_sustitutos!$B$188/12 -> 1.0461591 | J15: =datos_base!$B$15*parametros_recargas!$H$37+sobrestock_sustitutos!$B$188/12 -> 1.0461591 | K15: =datos_base!$B$15*parametros_recargas!$I$37+sobrestock_sustitutos!$B$188/12 -> 1.0461591 | L15: =datos_base!$B$15*parametros_recargas!$J$37+sobrestock_sustitutos!$B$188/12 -> 1.0461591 | M15: =datos_base!$B$15*parametros_recargas!$K$37+sobrestock_sustitutos!$B$188/12 -> 1.0461591 | N15: =datos_base!$B$15*parametros_recargas!$L$37+sobrestock_sustitutos!$B$188/12 -> 1.0461591 | O15: =datos_base!$B$15*parametros_recargas!$M$37+sobrestock_sustitutos!$B$188/12 -> 1.0461591 | P15: =SUM(D15:O15) -> 12.553909 | Q15: =sobrestock_sustitutos!$B$188 -> 0
A16: =parametros_recargas!A65 -> ABC 50 kg s/ruedas | B16: =parametros_recargas!B65 -> ABC | C16: =parametros_recargas!C65 -> 3 | D16: =datos_base!$B$16*parametros_recargas!$B$37+sobrestock_sustitutos!$B$189/12 -> 2.3015499 | E16: =datos_base!$B$16*parametros_recargas!$C$37+sobrestock_sustitutos!$B$189/12 -> 2.3015499 | F16: =datos_base!$B$16*parametros_recargas!$D$37+sobrestock_sustitutos!$B$189/12 -> 2.3015499 | G16: =datos_base!$B$16*parametros_recargas!$E$37+sobrestock_sustitutos!$B$189/12 -> 2.3015499 | H16: =datos_base!$B$16*parametros_recargas!$F$37+sobrestock_sustitutos!$B$189/12 -> 2.3015499 | I16: =datos_base!$B$16*parametros_recargas!$G$37+sobrestock_sustitutos!$B$189/12 -> 2.3015499 | J16: =datos_base!$B$16*parametros_recargas!$H$37+sobrestock_sustitutos!$B$189/12 -> 2.3015499 | K16: =datos_base!$B$16*parametros_recargas!$I$37+sobrestock_sustitutos!$B$189/12 -> 2.3015499 | L16: =datos_base!$B$16*parametros_recargas!$J$37+sobrestock_sustitutos!$B$189/12 -> 2.3015499 | M16: =datos_base!$B$16*parametros_recargas!$K$37+sobrestock_sustitutos!$B$189/12 -> 2.3015499 | N16: =datos_base!$B$16*parametros_recargas!$L$37+sobrestock_sustitutos!$B$189/12 -> 2.3015499 | O16: =datos_base!$B$16*parametros_recargas!$M$37+sobrestock_sustitutos!$B$189/12 -> 2.3015499 | P16: =SUM(D16:O16) -> 27.618599 | Q16: =sobrestock_sustitutos!$B$189 -> 0
A17: =parametros_recargas!A66 -> ABC 70 kg s/ruedas | B17: =parametros_recargas!B66 -> ABC | C17: =parametros_recargas!C66 -> 3 | D17: =datos_base!$B$17*parametros_recargas!$B$37+sobrestock_sustitutos!$B$190/12 -> 0.50215632 | E17: =datos_base!$B$17*parametros_recargas!$C$37+sobrestock_sustitutos!$B$190/12 -> 0.50215632 | F17: =datos_base!$B$17*parametros_recargas!$D$37+sobrestock_sustitutos!$B$190/12 -> 0.50215632 | G17: =datos_base!$B$17*parametros_recargas!$E$37+sobrestock_sustitutos!$B$190/12 -> 0.50215632 | H17: =datos_base!$B$17*parametros_recargas!$F$37+sobrestock_sustitutos!$B$190/12 -> 0.50215632 | I17: =datos_base!$B$17*parametros_recargas!$G$37+sobrestock_sustitutos!$B$190/12 -> 0.50215632 | J17: =datos_base!$B$17*parametros_recargas!$H$37+sobrestock_sustitutos!$B$190/12 -> 0.50215632 | K17: =datos_base!$B$17*parametros_recargas!$I$37+sobrestock_sustitutos!$B$190/12 -> 0.50215632 | L17: =datos_base!$B$17*parametros_recargas!$J$37+sobrestock_sustitutos!$B$190/12 -> 0.50215632 | M17: =datos_base!$B$17*parametros_recargas!$K$37+sobrestock_sustitutos!$B$190/12 -> 0.50215632 | N17: =datos_base!$B$17*parametros_recargas!$L$37+sobrestock_sustitutos!$B$190/12 -> 0.50215632 | O17: =datos_base!$B$17*parametros_recargas!$M$37+sobrestock_sustitutos!$B$190/12 -> 0.50215632 | P17: =SUM(D17:O17) -> 6.0258759 | Q17: =sobrestock_sustitutos!$B$190 -> 0
A18: =parametros_recargas!A67 -> ABC 100 kg s/ruedas | B18: =parametros_recargas!B67 -> ABC | C18: =parametros_recargas!C67 -> 3 | D18: =datos_base!$B$18*parametros_recargas!$B$37+sobrestock_sustitutos!$B$191/12 -> 0.3347709 | E18: =datos_base!$B$18*parametros_recargas!$C$37+sobrestock_sustitutos!$B$191/12 -> 0.3347709 | F18: =datos_base!$B$18*parametros_recargas!$D$37+sobrestock_sustitutos!$B$191/12 -> 0.3347709 | G18: =datos_base!$B$18*parametros_recargas!$E$37+sobrestock_sustitutos!$B$191/12 -> 0.3347709 | H18: =datos_base!$B$18*parametros_recargas!$F$37+sobrestock_sustitutos!$B$191/12 -> 0.3347709 | I18: =datos_base!$B$18*parametros_recargas!$G$37+sobrestock_sustitutos!$B$191/12 -> 0.3347709 | J18: =datos_base!$B$18*parametros_recargas!$H$37+sobrestock_sustitutos!$B$191/12 -> 0.3347709 | K18: =datos_base!$B$18*parametros_recargas!$I$37+sobrestock_sustitutos!$B$191/12 -> 0.3347709 | L18: =datos_base!$B$18*parametros_recargas!$J$37+sobrestock_sustitutos!$B$191/12 -> 0.3347709 | M18: =datos_base!$B$18*parametros_recargas!$K$37+sobrestock_sustitutos!$B$191/12 -> 0.3347709 | N18: =datos_base!$B$18*parametros_recargas!$L$37+sobrestock_sustitutos!$B$191/12 -> 0.3347709 | O18: =datos_base!$B$18*parametros_recargas!$M$37+sobrestock_sustitutos!$B$191/12 -> 0.3347709 | P18: =SUM(D18:O18) -> 4.0172508 | Q18: =sobrestock_sustitutos!$B$191 -> 0
A19: Total recipientes | D19: =SUM(D2:D18) -> 405.09978 | E19: =SUM(E2:E18) -> 405.09978 | F19: =SUM(F2:F18) -> 405.09978 | G19: =SUM(G2:G18) -> 405.09978 | H19: =SUM(H2:H18) -> 405.09978 | I19: =SUM(I2:I18) -> 405.09978 | J19: =SUM(J2:J18) -> 405.09978 | K19: =SUM(K2:K18) -> 405.09978 | ... P19: =SUM(P2:P18) -> 4861.1974
A20: Por agente (u. equivalentes)
A21: ABC | D21: =SUMPRODUCT(($B$2:$B$18=$A21)*D$2:D$18*$C$2:$C$18) -> 361.09361 | E21: =SUMPRODUCT(($B$2:$B$18=$A21)*E$2:E$18*$C$2:$C$18) -> 361.09361 | F21: =SUMPRODUCT(($B$2:$B$18=$A21)*F$2:F$18*$C$2:$C$18) -> 361.09361 | G21: =SUMPRODUCT(($B$2:$B$18=$A21)*G$2:G$18*$C$2:$C$18) -> 361.09361 | H21: =SUMPRODUCT(($B$2:$B$18=$A21)*H$2:H$18*$C$2:$C$18) -> 361.09361 | I21: =SUMPRODUCT(($B$2:$B$18=$A21)*I$2:I$18*$C$2:$C$18) -> 361.09361 | J21: =SUMPRODUCT(($B$2:$B$18=$A21)*J$2:J$18*$C$2:$C$18) -> 361.09361 | K21: =SUMPRODUCT(($B$2:$B$18=$A21)*K$2:K$18*$C$2:$C$18) -> 361.09361 | ... P21: =SUMPRODUCT(($B$2:$B$18=$A21)*P$2:P$18*$C$2:$C$18) -> 4333.1233
A22: BC | D22: =SUMPRODUCT(($B$2:$B$18=$A22)*D$2:D$18*$C$2:$C$18) -> 0.40496478 | E22: =SUMPRODUCT(($B$2:$B$18=$A22)*E$2:E$18*$C$2:$C$18) -> 0.40496478 | F22: =SUMPRODUCT(($B$2:$B$18=$A22)*F$2:F$18*$C$2:$C$18) -> 0.40496478 | G22: =SUMPRODUCT(($B$2:$B$18=$A22)*G$2:G$18*$C$2:$C$18) -> 0.40496478 | H22: =SUMPRODUCT(($B$2:$B$18=$A22)*H$2:H$18*$C$2:$C$18) -> 0.40496478 | I22: =SUMPRODUCT(($B$2:$B$18=$A22)*I$2:I$18*$C$2:$C$18) -> 0.40496478 | J22: =SUMPRODUCT(($B$2:$B$18=$A22)*J$2:J$18*$C$2:$C$18) -> 0.40496478 | K22: =SUMPRODUCT(($B$2:$B$18=$A22)*K$2:K$18*$C$2:$C$18) -> 0.40496478 | ... P22: =SUMPRODUCT(($B$2:$B$18=$A22)*P$2:P$18*$C$2:$C$18) -> 4.8595774
A23: Clase D | D23: =SUMPRODUCT(($B$2:$B$18=$A23)*D$2:D$18*$C$2:$C$18) -> 0.40496478 | E23: =SUMPRODUCT(($B$2:$B$18=$A23)*E$2:E$18*$C$2:$C$18) -> 0.40496478 | F23: =SUMPRODUCT(($B$2:$B$18=$A23)*F$2:F$18*$C$2:$C$18) -> 0.40496478 | G23: =SUMPRODUCT(($B$2:$B$18=$A23)*G$2:G$18*$C$2:$C$18) -> 0.40496478 | H23: =SUMPRODUCT(($B$2:$B$18=$A23)*H$2:H$18*$C$2:$C$18) -> 0.40496478 | I23: =SUMPRODUCT(($B$2:$B$18=$A23)*I$2:I$18*$C$2:$C$18) -> 0.40496478 | J23: =SUMPRODUCT(($B$2:$B$18=$A23)*J$2:J$18*$C$2:$C$18) -> 0.40496478 | K23: =SUMPRODUCT(($B$2:$B$18=$A23)*K$2:K$18*$C$2:$C$18) -> 0.40496478 | ... P23: =SUMPRODUCT(($B$2:$B$18=$A23)*P$2:P$18*$C$2:$C$18) -> 4.8595774
A24: Agua | D24: =SUMPRODUCT(($B$2:$B$18=$A24)*D$2:D$18*$C$2:$C$18) -> 9.4491786 | E24: =SUMPRODUCT(($B$2:$B$18=$A24)*E$2:E$18*$C$2:$C$18) -> 9.4491786 | F24: =SUMPRODUCT(($B$2:$B$18=$A24)*F$2:F$18*$C$2:$C$18) -> 9.4491786 | G24: =SUMPRODUCT(($B$2:$B$18=$A24)*G$2:G$18*$C$2:$C$18) -> 9.4491786 | H24: =SUMPRODUCT(($B$2:$B$18=$A24)*H$2:H$18*$C$2:$C$18) -> 9.4491786 | I24: =SUMPRODUCT(($B$2:$B$18=$A24)*I$2:I$18*$C$2:$C$18) -> 9.4491786 | J24: =SUMPRODUCT(($B$2:$B$18=$A24)*J$2:J$18*$C$2:$C$18) -> 9.4491786 | K24: =SUMPRODUCT(($B$2:$B$18=$A24)*K$2:K$18*$C$2:$C$18) -> 9.4491786 | ... P24: =SUMPRODUCT(($B$2:$B$18=$A24)*P$2:P$18*$C$2:$C$18) -> 113.39014
A25: AFFF | D25: =SUMPRODUCT(($B$2:$B$18=$A25)*D$2:D$18*$C$2:$C$18) -> 3.3747066 | E25: =SUMPRODUCT(($B$2:$B$18=$A25)*E$2:E$18*$C$2:$C$18) -> 3.3747066 | F25: =SUMPRODUCT(($B$2:$B$18=$A25)*F$2:F$18*$C$2:$C$18) -> 3.3747066 | G25: =SUMPRODUCT(($B$2:$B$18=$A25)*G$2:G$18*$C$2:$C$18) -> 3.3747066 | H25: =SUMPRODUCT(($B$2:$B$18=$A25)*H$2:H$18*$C$2:$C$18) -> 3.3747066 | I25: =SUMPRODUCT(($B$2:$B$18=$A25)*I$2:I$18*$C$2:$C$18) -> 3.3747066 | J25: =SUMPRODUCT(($B$2:$B$18=$A25)*J$2:J$18*$C$2:$C$18) -> 3.3747066 | K25: =SUMPRODUCT(($B$2:$B$18=$A25)*K$2:K$18*$C$2:$C$18) -> 3.3747066 | ... P25: =SUMPRODUCT(($B$2:$B$18=$A25)*P$2:P$18*$C$2:$C$18) -> 40.496479
A26: Sales K | D26: =SUMPRODUCT(($B$2:$B$18=$A26)*D$2:D$18*$C$2:$C$18) -> 4.8595775 | E26: =SUMPRODUCT(($B$2:$B$18=$A26)*E$2:E$18*$C$2:$C$18) -> 4.8595775 | F26: =SUMPRODUCT(($B$2:$B$18=$A26)*F$2:F$18*$C$2:$C$18) -> 4.8595775 | G26: =SUMPRODUCT(($B$2:$B$18=$A26)*G$2:G$18*$C$2:$C$18) -> 4.8595775 | H26: =SUMPRODUCT(($B$2:$B$18=$A26)*H$2:H$18*$C$2:$C$18) -> 4.8595775 | I26: =SUMPRODUCT(($B$2:$B$18=$A26)*I$2:I$18*$C$2:$C$18) -> 4.8595775 | J26: =SUMPRODUCT(($B$2:$B$18=$A26)*J$2:J$18*$C$2:$C$18) -> 4.8595775 | K26: =SUMPRODUCT(($B$2:$B$18=$A26)*K$2:K$18*$C$2:$C$18) -> 4.8595775 | ... P26: =SUMPRODUCT(($B$2:$B$18=$A26)*P$2:P$18*$C$2:$C$18) -> 58.31493
A27: CO₂ | D27: =SUMPRODUCT(($B$2:$B$18=$A27)*D$2:D$18*$C$2:$C$18) -> 34.152031 | E27: =SUMPRODUCT(($B$2:$B$18=$A27)*E$2:E$18*$C$2:$C$18) -> 34.152031 | F27: =SUMPRODUCT(($B$2:$B$18=$A27)*F$2:F$18*$C$2:$C$18) -> 34.152031 | G27: =SUMPRODUCT(($B$2:$B$18=$A27)*G$2:G$18*$C$2:$C$18) -> 34.152031 | H27: =SUMPRODUCT(($B$2:$B$18=$A27)*H$2:H$18*$C$2:$C$18) -> 34.152031 | I27: =SUMPRODUCT(($B$2:$B$18=$A27)*I$2:I$18*$C$2:$C$18) -> 34.152031 | J27: =SUMPRODUCT(($B$2:$B$18=$A27)*J$2:J$18*$C$2:$C$18) -> 34.152031 | K27: =SUMPRODUCT(($B$2:$B$18=$A27)*K$2:K$18*$C$2:$C$18) -> 34.152031 | ... P27: =SUMPRODUCT(($B$2:$B$18=$A27)*P$2:P$18*$C$2:$C$18) -> 409.82437
A28: Halogenado | D28: =SUMPRODUCT(($B$2:$B$18=$A28)*D$2:D$18*$C$2:$C$18) -> 1.0799061 | E28: =SUMPRODUCT(($B$2:$B$18=$A28)*E$2:E$18*$C$2:$C$18) -> 1.0799061 | F28: =SUMPRODUCT(($B$2:$B$18=$A28)*F$2:F$18*$C$2:$C$18) -> 1.0799061 | G28: =SUMPRODUCT(($B$2:$B$18=$A28)*G$2:G$18*$C$2:$C$18) -> 1.0799061 | H28: =SUMPRODUCT(($B$2:$B$18=$A28)*H$2:H$18*$C$2:$C$18) -> 1.0799061 | I28: =SUMPRODUCT(($B$2:$B$18=$A28)*I$2:I$18*$C$2:$C$18) -> 1.0799061 | J28: =SUMPRODUCT(($B$2:$B$18=$A28)*J$2:J$18*$C$2:$C$18) -> 1.0799061 | K28: =SUMPRODUCT(($B$2:$B$18=$A28)*K$2:K$18*$C$2:$C$18) -> 1.0799061 | ... P28: =SUMPRODUCT(($B$2:$B$18=$A28)*P$2:P$18*$C$2:$C$18) -> 12.958874
A29: Mangueras con PH anual (u.) | D29: =SUMPRODUCT(D$2:D$18*parametros_recargas!$D$51:$D$67) -> 12.283932 | E29: =SUMPRODUCT(E$2:E$18*parametros_recargas!$D$51:$D$67) -> 12.283932 | F29: =SUMPRODUCT(F$2:F$18*parametros_recargas!$D$51:$D$67) -> 12.283932 | G29: =SUMPRODUCT(G$2:G$18*parametros_recargas!$D$51:$D$67) -> 12.283932 | H29: =SUMPRODUCT(H$2:H$18*parametros_recargas!$D$51:$D$67) -> 12.283932 | I29: =SUMPRODUCT(I$2:I$18*parametros_recargas!$D$51:$D$67) -> 12.283932 | J29: =SUMPRODUCT(J$2:J$18*parametros_recargas!$D$51:$D$67) -> 12.283932 | K29: =SUMPRODUCT(K$2:K$18*parametros_recargas!$D$51:$D$67) -> 12.283932 | ... P29: =SUMPRODUCT(P$2:P$18*parametros_recargas!$D$51:$D$67) -> 147.40718
A33: 2027 | B33: Agente | C33: u. equiv. | D33: Ene | E33: Feb | F33: Mar | G33: Abr | H33: May | I33: Jun | J33: Jul | K33: Ago | L33: Sep | M33: Oct | N33: Nov | O33: Dic | P33: Total | Q33: Incluye mant. de sustitutos (u./año)
A34: =parametros_recargas!A51 -> ABC 1 kg | B34: =parametros_recargas!B51 -> ABC | C34: =parametros_recargas!C51 -> 1 | D34: =datos_base!$C$2*parametros_recargas!$B$38+sobrestock_sustitutos!$C$175/12 -> 1006.5869 | E34: =datos_base!$C$2*parametros_recargas!$C$38+sobrestock_sustitutos!$C$175/12 -> 1006.5869 | F34: =datos_base!$C$2*parametros_recargas!$D$38+sobrestock_sustitutos!$C$175/12 -> 1006.5869 | G34: =datos_base!$C$2*parametros_recargas!$E$38+sobrestock_sustitutos!$C$175/12 -> 1006.5869 | H34: =datos_base!$C$2*parametros_recargas!$F$38+sobrestock_sustitutos!$C$175/12 -> 1006.5869 | I34: =datos_base!$C$2*parametros_recargas!$G$38+sobrestock_sustitutos!$C$175/12 -> 1006.5869 | J34: =datos_base!$C$2*parametros_recargas!$H$38+sobrestock_sustitutos!$C$175/12 -> 1006.5869 | K34: =datos_base!$C$2*parametros_recargas!$I$38+sobrestock_sustitutos!$C$175/12 -> 1006.5869 | L34: =datos_base!$C$2*parametros_recargas!$J$38+sobrestock_sustitutos!$C$175/12 -> 1006.5869 | M34: =datos_base!$C$2*parametros_recargas!$K$38+sobrestock_sustitutos!$C$175/12 -> 1006.5869 | N34: =datos_base!$C$2*parametros_recargas!$L$38+sobrestock_sustitutos!$C$175/12 -> 1006.5869 | O34: =datos_base!$C$2*parametros_recargas!$M$38+sobrestock_sustitutos!$C$175/12 -> 1006.5869 | P34: =SUM(D34:O34) -> 12079.043 | Q34: =sobrestock_sustitutos!$C$175 -> 0
A35: =parametros_recargas!A52 -> ABC 2,5 kg | B35: =parametros_recargas!B52 -> ABC | C35: =parametros_recargas!C52 -> 1 | D35: =datos_base!$C$3*parametros_recargas!$B$38+sobrestock_sustitutos!$C$176/12 -> 76.361192 | E35: =datos_base!$C$3*parametros_recargas!$C$38+sobrestock_sustitutos!$C$176/12 -> 76.361192 | F35: =datos_base!$C$3*parametros_recargas!$D$38+sobrestock_sustitutos!$C$176/12 -> 76.361192 | G35: =datos_base!$C$3*parametros_recargas!$E$38+sobrestock_sustitutos!$C$176/12 -> 76.361192 | H35: =datos_base!$C$3*parametros_recargas!$F$38+sobrestock_sustitutos!$C$176/12 -> 76.361192 | I35: =datos_base!$C$3*parametros_recargas!$G$38+sobrestock_sustitutos!$C$176/12 -> 76.361192 | J35: =datos_base!$C$3*parametros_recargas!$H$38+sobrestock_sustitutos!$C$176/12 -> 76.361192 | K35: =datos_base!$C$3*parametros_recargas!$I$38+sobrestock_sustitutos!$C$176/12 -> 76.361192 | L35: =datos_base!$C$3*parametros_recargas!$J$38+sobrestock_sustitutos!$C$176/12 -> 76.361192 | M35: =datos_base!$C$3*parametros_recargas!$K$38+sobrestock_sustitutos!$C$176/12 -> 76.361192 | N35: =datos_base!$C$3*parametros_recargas!$L$38+sobrestock_sustitutos!$C$176/12 -> 76.361192 | O35: =datos_base!$C$3*parametros_recargas!$M$38+sobrestock_sustitutos!$C$176/12 -> 76.361192 | P35: =SUM(D35:O35) -> 916.3343 | Q35: =sobrestock_sustitutos!$C$176 -> 0
A36: =parametros_recargas!A53 -> ABC 5 kg | B36: =parametros_recargas!B53 -> ABC | C36: =parametros_recargas!C53 -> 1 | D36: =datos_base!$C$4*parametros_recargas!$B$38+sobrestock_sustitutos!$C$177/12 -> 466.3506 | E36: =datos_base!$C$4*parametros_recargas!$C$38+sobrestock_sustitutos!$C$177/12 -> 466.3506 | F36: =datos_base!$C$4*parametros_recargas!$D$38+sobrestock_sustitutos!$C$177/12 -> 466.3506 | G36: =datos_base!$C$4*parametros_recargas!$E$38+sobrestock_sustitutos!$C$177/12 -> 466.3506 | H36: =datos_base!$C$4*parametros_recargas!$F$38+sobrestock_sustitutos!$C$177/12 -> 466.3506 | I36: =datos_base!$C$4*parametros_recargas!$G$38+sobrestock_sustitutos!$C$177/12 -> 466.3506 | J36: =datos_base!$C$4*parametros_recargas!$H$38+sobrestock_sustitutos!$C$177/12 -> 466.3506 | K36: =datos_base!$C$4*parametros_recargas!$I$38+sobrestock_sustitutos!$C$177/12 -> 466.3506 | L36: =datos_base!$C$4*parametros_recargas!$J$38+sobrestock_sustitutos!$C$177/12 -> 466.3506 | M36: =datos_base!$C$4*parametros_recargas!$K$38+sobrestock_sustitutos!$C$177/12 -> 466.3506 | N36: =datos_base!$C$4*parametros_recargas!$L$38+sobrestock_sustitutos!$C$177/12 -> 466.3506 | O36: =datos_base!$C$4*parametros_recargas!$M$38+sobrestock_sustitutos!$C$177/12 -> 466.3506 | P36: =SUM(D36:O36) -> 5596.2072 | Q36: =sobrestock_sustitutos!$C$177 -> 7
A37: =parametros_recargas!A54 -> ABC 10 kg | B37: =parametros_recargas!B54 -> ABC | C37: =parametros_recargas!C54 -> 1 | D37: =datos_base!$C$5*parametros_recargas!$B$38+sobrestock_sustitutos!$C$178/12 -> 26.04589 | E37: =datos_base!$C$5*parametros_recargas!$C$38+sobrestock_sustitutos!$C$178/12 -> 26.04589 | F37: =datos_base!$C$5*parametros_recargas!$D$38+sobrestock_sustitutos!$C$178/12 -> 26.04589 | G37: =datos_base!$C$5*parametros_recargas!$E$38+sobrestock_sustitutos!$C$178/12 -> 26.04589 | H37: =datos_base!$C$5*parametros_recargas!$F$38+sobrestock_sustitutos!$C$178/12 -> 26.04589 | I37: =datos_base!$C$5*parametros_recargas!$G$38+sobrestock_sustitutos!$C$178/12 -> 26.04589 | J37: =datos_base!$C$5*parametros_recargas!$H$38+sobrestock_sustitutos!$C$178/12 -> 26.04589 | K37: =datos_base!$C$5*parametros_recargas!$I$38+sobrestock_sustitutos!$C$178/12 -> 26.04589 | L37: =datos_base!$C$5*parametros_recargas!$J$38+sobrestock_sustitutos!$C$178/12 -> 26.04589 | M37: =datos_base!$C$5*parametros_recargas!$K$38+sobrestock_sustitutos!$C$178/12 -> 26.04589 | N37: =datos_base!$C$5*parametros_recargas!$L$38+sobrestock_sustitutos!$C$178/12 -> 26.04589 | O37: =datos_base!$C$5*parametros_recargas!$M$38+sobrestock_sustitutos!$C$178/12 -> 26.04589 | P37: =SUM(D37:O37) -> 312.55068 | Q37: =sobrestock_sustitutos!$C$178 -> 1
A38: =parametros_recargas!A55 -> Agua 10 l | B38: =parametros_recargas!B55 -> Agua | C38: =parametros_recargas!C55 -> 1 | D38: =datos_base!$C$6*parametros_recargas!$B$38+sobrestock_sustitutos!$C$179/12 -> 38.247116 | E38: =datos_base!$C$6*parametros_recargas!$C$38+sobrestock_sustitutos!$C$179/12 -> 38.247116 | F38: =datos_base!$C$6*parametros_recargas!$D$38+sobrestock_sustitutos!$C$179/12 -> 38.247116 | G38: =datos_base!$C$6*parametros_recargas!$E$38+sobrestock_sustitutos!$C$179/12 -> 38.247116 | H38: =datos_base!$C$6*parametros_recargas!$F$38+sobrestock_sustitutos!$C$179/12 -> 38.247116 | I38: =datos_base!$C$6*parametros_recargas!$G$38+sobrestock_sustitutos!$C$179/12 -> 38.247116 | J38: =datos_base!$C$6*parametros_recargas!$H$38+sobrestock_sustitutos!$C$179/12 -> 38.247116 | K38: =datos_base!$C$6*parametros_recargas!$I$38+sobrestock_sustitutos!$C$179/12 -> 38.247116 | L38: =datos_base!$C$6*parametros_recargas!$J$38+sobrestock_sustitutos!$C$179/12 -> 38.247116 | M38: =datos_base!$C$6*parametros_recargas!$K$38+sobrestock_sustitutos!$C$179/12 -> 38.247116 | N38: =datos_base!$C$6*parametros_recargas!$L$38+sobrestock_sustitutos!$C$179/12 -> 38.247116 | O38: =datos_base!$C$6*parametros_recargas!$M$38+sobrestock_sustitutos!$C$179/12 -> 38.247116 | P38: =SUM(D38:O38) -> 458.96539 | Q38: =sobrestock_sustitutos!$C$179 -> 1
A39: =parametros_recargas!A56 -> AFFF 10 l | B39: =parametros_recargas!B56 -> AFFF | C39: =parametros_recargas!C56 -> 1 | D39: =datos_base!$C$7*parametros_recargas!$B$38+sobrestock_sustitutos!$C$180/12 -> 9.6515552 | E39: =datos_base!$C$7*parametros_recargas!$C$38+sobrestock_sustitutos!$C$180/12 -> 9.6515552 | F39: =datos_base!$C$7*parametros_recargas!$D$38+sobrestock_sustitutos!$C$180/12 -> 9.6515552 | G39: =datos_base!$C$7*parametros_recargas!$E$38+sobrestock_sustitutos!$C$180/12 -> 9.6515552 | H39: =datos_base!$C$7*parametros_recargas!$F$38+sobrestock_sustitutos!$C$180/12 -> 9.6515552 | I39: =datos_base!$C$7*parametros_recargas!$G$38+sobrestock_sustitutos!$C$180/12 -> 9.6515552 | J39: =datos_base!$C$7*parametros_recargas!$H$38+sobrestock_sustitutos!$C$180/12 -> 9.6515552 | K39: =datos_base!$C$7*parametros_recargas!$I$38+sobrestock_sustitutos!$C$180/12 -> 9.6515552 | L39: =datos_base!$C$7*parametros_recargas!$J$38+sobrestock_sustitutos!$C$180/12 -> 9.6515552 | M39: =datos_base!$C$7*parametros_recargas!$K$38+sobrestock_sustitutos!$C$180/12 -> 9.6515552 | N39: =datos_base!$C$7*parametros_recargas!$L$38+sobrestock_sustitutos!$C$180/12 -> 9.6515552 | O39: =datos_base!$C$7*parametros_recargas!$M$38+sobrestock_sustitutos!$C$180/12 -> 9.6515552 | P39: =SUM(D39:O39) -> 115.81866 | Q39: =sobrestock_sustitutos!$C$180 -> 1
A40: =parametros_recargas!A57 -> AFFF 50 l s/ruedas | B40: =parametros_recargas!B57 -> AFFF | C40: =parametros_recargas!C57 -> 3 | D40: =datos_base!$C$8*parametros_recargas!$B$38+sobrestock_sustitutos!$C$181/12 -> 5.019622 | E40: =datos_base!$C$8*parametros_recargas!$C$38+sobrestock_sustitutos!$C$181/12 -> 5.019622 | F40: =datos_base!$C$8*parametros_recargas!$D$38+sobrestock_sustitutos!$C$181/12 -> 5.019622 | G40: =datos_base!$C$8*parametros_recargas!$E$38+sobrestock_sustitutos!$C$181/12 -> 5.019622 | H40: =datos_base!$C$8*parametros_recargas!$F$38+sobrestock_sustitutos!$C$181/12 -> 5.019622 | I40: =datos_base!$C$8*parametros_recargas!$G$38+sobrestock_sustitutos!$C$181/12 -> 5.019622 | J40: =datos_base!$C$8*parametros_recargas!$H$38+sobrestock_sustitutos!$C$181/12 -> 5.019622 | K40: =datos_base!$C$8*parametros_recargas!$I$38+sobrestock_sustitutos!$C$181/12 -> 5.019622 | L40: =datos_base!$C$8*parametros_recargas!$J$38+sobrestock_sustitutos!$C$181/12 -> 5.019622 | M40: =datos_base!$C$8*parametros_recargas!$K$38+sobrestock_sustitutos!$C$181/12 -> 5.019622 | N40: =datos_base!$C$8*parametros_recargas!$L$38+sobrestock_sustitutos!$C$181/12 -> 5.019622 | O40: =datos_base!$C$8*parametros_recargas!$M$38+sobrestock_sustitutos!$C$181/12 -> 5.019622 | P40: =SUM(D40:O40) -> 60.235463 | Q40: =sobrestock_sustitutos!$C$181 -> 1
A41: =parametros_recargas!A58 -> BC 5 kg | B41: =parametros_recargas!B58 -> BC | C41: =parametros_recargas!C58 -> 1 | D41: =datos_base!$C$9*parametros_recargas!$B$38+sobrestock_sustitutos!$C$182/12 -> 2.8754102 | E41: =datos_base!$C$9*parametros_recargas!$C$38+sobrestock_sustitutos!$C$182/12 -> 2.8754102 | F41: =datos_base!$C$9*parametros_recargas!$D$38+sobrestock_sustitutos!$C$182/12 -> 2.8754102 | G41: =datos_base!$C$9*parametros_recargas!$E$38+sobrestock_sustitutos!$C$182/12 -> 2.8754102 | H41: =datos_base!$C$9*parametros_recargas!$F$38+sobrestock_sustitutos!$C$182/12 -> 2.8754102 | I41: =datos_base!$C$9*parametros_recargas!$G$38+sobrestock_sustitutos!$C$182/12 -> 2.8754102 | J41: =datos_base!$C$9*parametros_recargas!$H$38+sobrestock_sustitutos!$C$182/12 -> 2.8754102 | K41: =datos_base!$C$9*parametros_recargas!$I$38+sobrestock_sustitutos!$C$182/12 -> 2.8754102 | L41: =datos_base!$C$9*parametros_recargas!$J$38+sobrestock_sustitutos!$C$182/12 -> 2.8754102 | M41: =datos_base!$C$9*parametros_recargas!$K$38+sobrestock_sustitutos!$C$182/12 -> 2.8754102 | N41: =datos_base!$C$9*parametros_recargas!$L$38+sobrestock_sustitutos!$C$182/12 -> 2.8754102 | O41: =datos_base!$C$9*parametros_recargas!$M$38+sobrestock_sustitutos!$C$182/12 -> 2.8754102 | P41: =SUM(D41:O41) -> 34.504923 | Q41: =sobrestock_sustitutos!$C$182 -> 1
A42: =parametros_recargas!A59 -> Sales K 6 l | B42: =parametros_recargas!B59 -> Sales K | C42: =parametros_recargas!C59 -> 1 | D42: =datos_base!$C$10*parametros_recargas!$B$38+sobrestock_sustitutos!$C$183/12 -> 19.977055 | E42: =datos_base!$C$10*parametros_recargas!$C$38+sobrestock_sustitutos!$C$183/12 -> 19.977055 | F42: =datos_base!$C$10*parametros_recargas!$D$38+sobrestock_sustitutos!$C$183/12 -> 19.977055 | G42: =datos_base!$C$10*parametros_recargas!$E$38+sobrestock_sustitutos!$C$183/12 -> 19.977055 | H42: =datos_base!$C$10*parametros_recargas!$F$38+sobrestock_sustitutos!$C$183/12 -> 19.977055 | I42: =datos_base!$C$10*parametros_recargas!$G$38+sobrestock_sustitutos!$C$183/12 -> 19.977055 | J42: =datos_base!$C$10*parametros_recargas!$H$38+sobrestock_sustitutos!$C$183/12 -> 19.977055 | K42: =datos_base!$C$10*parametros_recargas!$I$38+sobrestock_sustitutos!$C$183/12 -> 19.977055 | L42: =datos_base!$C$10*parametros_recargas!$J$38+sobrestock_sustitutos!$C$183/12 -> 19.977055 | M42: =datos_base!$C$10*parametros_recargas!$K$38+sobrestock_sustitutos!$C$183/12 -> 19.977055 | N42: =datos_base!$C$10*parametros_recargas!$L$38+sobrestock_sustitutos!$C$183/12 -> 19.977055 | O42: =datos_base!$C$10*parametros_recargas!$M$38+sobrestock_sustitutos!$C$183/12 -> 19.977055 | P42: =SUM(D42:O42) -> 239.72466 | Q42: =sobrestock_sustitutos!$C$183 -> 1
A43: =parametros_recargas!A60 -> CO₂ 2 kg | B43: =parametros_recargas!B60 -> CO₂ | C43: =parametros_recargas!C60 -> 1 | D43: =datos_base!$C$11*parametros_recargas!$B$38+sobrestock_sustitutos!$C$184/12 -> 100.66599 | E43: =datos_base!$C$11*parametros_recargas!$C$38+sobrestock_sustitutos!$C$184/12 -> 100.66599 | F43: =datos_base!$C$11*parametros_recargas!$D$38+sobrestock_sustitutos!$C$184/12 -> 100.66599 | G43: =datos_base!$C$11*parametros_recargas!$E$38+sobrestock_sustitutos!$C$184/12 -> 100.66599 | H43: =datos_base!$C$11*parametros_recargas!$F$38+sobrestock_sustitutos!$C$184/12 -> 100.66599 | I43: =datos_base!$C$11*parametros_recargas!$G$38+sobrestock_sustitutos!$C$184/12 -> 100.66599 | J43: =datos_base!$C$11*parametros_recargas!$H$38+sobrestock_sustitutos!$C$184/12 -> 100.66599 | K43: =datos_base!$C$11*parametros_recargas!$I$38+sobrestock_sustitutos!$C$184/12 -> 100.66599 | L43: =datos_base!$C$11*parametros_recargas!$J$38+sobrestock_sustitutos!$C$184/12 -> 100.66599 | M43: =datos_base!$C$11*parametros_recargas!$K$38+sobrestock_sustitutos!$C$184/12 -> 100.66599 | N43: =datos_base!$C$11*parametros_recargas!$L$38+sobrestock_sustitutos!$C$184/12 -> 100.66599 | O43: =datos_base!$C$11*parametros_recargas!$M$38+sobrestock_sustitutos!$C$184/12 -> 100.66599 | P43: =SUM(D43:O43) -> 1207.9918 | Q43: =sobrestock_sustitutos!$C$184 -> 0
A44: =parametros_recargas!A61 -> CO₂ 5 kg | B44: =parametros_recargas!B61 -> CO₂ | C44: =parametros_recargas!C61 -> 1 | D44: =datos_base!$C$12*parametros_recargas!$B$38+sobrestock_sustitutos!$C$185/12 -> 38.342717 | E44: =datos_base!$C$12*parametros_recargas!$C$38+sobrestock_sustitutos!$C$185/12 -> 38.342717 | F44: =datos_base!$C$12*parametros_recargas!$D$38+sobrestock_sustitutos!$C$185/12 -> 38.342717 | G44: =datos_base!$C$12*parametros_recargas!$E$38+sobrestock_sustitutos!$C$185/12 -> 38.342717 | H44: =datos_base!$C$12*parametros_recargas!$F$38+sobrestock_sustitutos!$C$185/12 -> 38.342717 | I44: =datos_base!$C$12*parametros_recargas!$G$38+sobrestock_sustitutos!$C$185/12 -> 38.342717 | J44: =datos_base!$C$12*parametros_recargas!$H$38+sobrestock_sustitutos!$C$185/12 -> 38.342717 | K44: =datos_base!$C$12*parametros_recargas!$I$38+sobrestock_sustitutos!$C$185/12 -> 38.342717 | L44: =datos_base!$C$12*parametros_recargas!$J$38+sobrestock_sustitutos!$C$185/12 -> 38.342717 | M44: =datos_base!$C$12*parametros_recargas!$K$38+sobrestock_sustitutos!$C$185/12 -> 38.342717 | N44: =datos_base!$C$12*parametros_recargas!$L$38+sobrestock_sustitutos!$C$185/12 -> 38.342717 | O44: =datos_base!$C$12*parametros_recargas!$M$38+sobrestock_sustitutos!$C$185/12 -> 38.342717 | P44: =SUM(D44:O44) -> 460.1126 | Q44: =sobrestock_sustitutos!$C$185 -> 2
A45: =parametros_recargas!A62 -> HCFC/HFC 5 kg | B45: =parametros_recargas!B62 -> Halogenado | C45: =parametros_recargas!C62 -> 1 | D45: =datos_base!$C$13*parametros_recargas!$B$38+sobrestock_sustitutos!$C$186/12 -> 6.730915 | E45: =datos_base!$C$13*parametros_recargas!$C$38+sobrestock_sustitutos!$C$186/12 -> 6.730915 | F45: =datos_base!$C$13*parametros_recargas!$D$38+sobrestock_sustitutos!$C$186/12 -> 6.730915 | G45: =datos_base!$C$13*parametros_recargas!$E$38+sobrestock_sustitutos!$C$186/12 -> 6.730915 | H45: =datos_base!$C$13*parametros_recargas!$F$38+sobrestock_sustitutos!$C$186/12 -> 6.730915 | I45: =datos_base!$C$13*parametros_recargas!$G$38+sobrestock_sustitutos!$C$186/12 -> 6.730915 | J45: =datos_base!$C$13*parametros_recargas!$H$38+sobrestock_sustitutos!$C$186/12 -> 6.730915 | K45: =datos_base!$C$13*parametros_recargas!$I$38+sobrestock_sustitutos!$C$186/12 -> 6.730915 | L45: =datos_base!$C$13*parametros_recargas!$J$38+sobrestock_sustitutos!$C$186/12 -> 6.730915 | M45: =datos_base!$C$13*parametros_recargas!$K$38+sobrestock_sustitutos!$C$186/12 -> 6.730915 | N45: =datos_base!$C$13*parametros_recargas!$L$38+sobrestock_sustitutos!$C$186/12 -> 6.730915 | O45: =datos_base!$C$13*parametros_recargas!$M$38+sobrestock_sustitutos!$C$186/12 -> 6.730915 | P45: =SUM(D45:O45) -> 80.77098 | Q45: =sobrestock_sustitutos!$C$186 -> 1
A46: =parametros_recargas!A63 -> Clase D 9 l | B46: =parametros_recargas!B63 -> Clase D | C46: =parametros_recargas!C63 -> 1 | D46: =datos_base!$C$14*parametros_recargas!$B$38+sobrestock_sustitutos!$C$187/12 -> 2.8754102 | E46: =datos_base!$C$14*parametros_recargas!$C$38+sobrestock_sustitutos!$C$187/12 -> 2.8754102 | F46: =datos_base!$C$14*parametros_recargas!$D$38+sobrestock_sustitutos!$C$187/12 -> 2.8754102 | G46: =datos_base!$C$14*parametros_recargas!$E$38+sobrestock_sustitutos!$C$187/12 -> 2.8754102 | H46: =datos_base!$C$14*parametros_recargas!$F$38+sobrestock_sustitutos!$C$187/12 -> 2.8754102 | I46: =datos_base!$C$14*parametros_recargas!$G$38+sobrestock_sustitutos!$C$187/12 -> 2.8754102 | J46: =datos_base!$C$14*parametros_recargas!$H$38+sobrestock_sustitutos!$C$187/12 -> 2.8754102 | K46: =datos_base!$C$14*parametros_recargas!$I$38+sobrestock_sustitutos!$C$187/12 -> 2.8754102 | L46: =datos_base!$C$14*parametros_recargas!$J$38+sobrestock_sustitutos!$C$187/12 -> 2.8754102 | M46: =datos_base!$C$14*parametros_recargas!$K$38+sobrestock_sustitutos!$C$187/12 -> 2.8754102 | N46: =datos_base!$C$14*parametros_recargas!$L$38+sobrestock_sustitutos!$C$187/12 -> 2.8754102 | O46: =datos_base!$C$14*parametros_recargas!$M$38+sobrestock_sustitutos!$C$187/12 -> 2.8754102 | P46: =SUM(D46:O46) -> 34.504923 | Q46: =sobrestock_sustitutos!$C$187 -> 1
A47: =parametros_recargas!A64 -> ABC 25 kg s/ruedas | B47: =parametros_recargas!B64 -> ABC | C47: =parametros_recargas!C64 -> 3 | D47: =datos_base!$C$15*parametros_recargas!$B$38+sobrestock_sustitutos!$C$188/12 -> 5.1002492 | E47: =datos_base!$C$15*parametros_recargas!$C$38+sobrestock_sustitutos!$C$188/12 -> 5.1002492 | F47: =datos_base!$C$15*parametros_recargas!$D$38+sobrestock_sustitutos!$C$188/12 -> 5.1002492 | G47: =datos_base!$C$15*parametros_recargas!$E$38+sobrestock_sustitutos!$C$188/12 -> 5.1002492 | H47: =datos_base!$C$15*parametros_recargas!$F$38+sobrestock_sustitutos!$C$188/12 -> 5.1002492 | I47: =datos_base!$C$15*parametros_recargas!$G$38+sobrestock_sustitutos!$C$188/12 -> 5.1002492 | J47: =datos_base!$C$15*parametros_recargas!$H$38+sobrestock_sustitutos!$C$188/12 -> 5.1002492 | K47: =datos_base!$C$15*parametros_recargas!$I$38+sobrestock_sustitutos!$C$188/12 -> 5.1002492 | L47: =datos_base!$C$15*parametros_recargas!$J$38+sobrestock_sustitutos!$C$188/12 -> 5.1002492 | M47: =datos_base!$C$15*parametros_recargas!$K$38+sobrestock_sustitutos!$C$188/12 -> 5.1002492 | N47: =datos_base!$C$15*parametros_recargas!$L$38+sobrestock_sustitutos!$C$188/12 -> 5.1002492 | O47: =datos_base!$C$15*parametros_recargas!$M$38+sobrestock_sustitutos!$C$188/12 -> 5.1002492 | P47: =SUM(D47:O47) -> 61.202991 | Q47: =sobrestock_sustitutos!$C$188 -> 0
A48: =parametros_recargas!A65 -> ABC 50 kg s/ruedas | B48: =parametros_recargas!B65 -> ABC | C48: =parametros_recargas!C65 -> 3 | D48: =datos_base!$C$16*parametros_recargas!$B$38+sobrestock_sustitutos!$C$189/12 -> 11.303882 | E48: =datos_base!$C$16*parametros_recargas!$C$38+sobrestock_sustitutos!$C$189/12 -> 11.303882 | F48: =datos_base!$C$16*parametros_recargas!$D$38+sobrestock_sustitutos!$C$189/12 -> 11.303882 | G48: =datos_base!$C$16*parametros_recargas!$E$38+sobrestock_sustitutos!$C$189/12 -> 11.303882 | H48: =datos_base!$C$16*parametros_recargas!$F$38+sobrestock_sustitutos!$C$189/12 -> 11.303882 | I48: =datos_base!$C$16*parametros_recargas!$G$38+sobrestock_sustitutos!$C$189/12 -> 11.303882 | J48: =datos_base!$C$16*parametros_recargas!$H$38+sobrestock_sustitutos!$C$189/12 -> 11.303882 | K48: =datos_base!$C$16*parametros_recargas!$I$38+sobrestock_sustitutos!$C$189/12 -> 11.303882 | L48: =datos_base!$C$16*parametros_recargas!$J$38+sobrestock_sustitutos!$C$189/12 -> 11.303882 | M48: =datos_base!$C$16*parametros_recargas!$K$38+sobrestock_sustitutos!$C$189/12 -> 11.303882 | N48: =datos_base!$C$16*parametros_recargas!$L$38+sobrestock_sustitutos!$C$189/12 -> 11.303882 | O48: =datos_base!$C$16*parametros_recargas!$M$38+sobrestock_sustitutos!$C$189/12 -> 11.303882 | P48: =SUM(D48:O48) -> 135.64658 | Q48: =sobrestock_sustitutos!$C$189 -> 1
A49: =parametros_recargas!A66 -> ABC 70 kg s/ruedas | B49: =parametros_recargas!B66 -> ABC | C49: =parametros_recargas!C66 -> 3 | D49: =datos_base!$C$17*parametros_recargas!$B$38+sobrestock_sustitutos!$C$190/12 -> 2.4481196 | E49: =datos_base!$C$17*parametros_recargas!$C$38+sobrestock_sustitutos!$C$190/12 -> 2.4481196 | F49: =datos_base!$C$17*parametros_recargas!$D$38+sobrestock_sustitutos!$C$190/12 -> 2.4481196 | G49: =datos_base!$C$17*parametros_recargas!$E$38+sobrestock_sustitutos!$C$190/12 -> 2.4481196 | H49: =datos_base!$C$17*parametros_recargas!$F$38+sobrestock_sustitutos!$C$190/12 -> 2.4481196 | I49: =datos_base!$C$17*parametros_recargas!$G$38+sobrestock_sustitutos!$C$190/12 -> 2.4481196 | J49: =datos_base!$C$17*parametros_recargas!$H$38+sobrestock_sustitutos!$C$190/12 -> 2.4481196 | K49: =datos_base!$C$17*parametros_recargas!$I$38+sobrestock_sustitutos!$C$190/12 -> 2.4481196 | L49: =datos_base!$C$17*parametros_recargas!$J$38+sobrestock_sustitutos!$C$190/12 -> 2.4481196 | M49: =datos_base!$C$17*parametros_recargas!$K$38+sobrestock_sustitutos!$C$190/12 -> 2.4481196 | N49: =datos_base!$C$17*parametros_recargas!$L$38+sobrestock_sustitutos!$C$190/12 -> 2.4481196 | O49: =datos_base!$C$17*parametros_recargas!$M$38+sobrestock_sustitutos!$C$190/12 -> 2.4481196 | P49: =SUM(D49:O49) -> 29.377435 | Q49: =sobrestock_sustitutos!$C$190 -> 0
A50: =parametros_recargas!A67 -> ABC 100 kg s/ruedas | B50: =parametros_recargas!B67 -> ABC | C50: =parametros_recargas!C67 -> 3 | D50: =datos_base!$C$18*parametros_recargas!$B$38+sobrestock_sustitutos!$C$191/12 -> 1.7154131 | E50: =datos_base!$C$18*parametros_recargas!$C$38+sobrestock_sustitutos!$C$191/12 -> 1.7154131 | F50: =datos_base!$C$18*parametros_recargas!$D$38+sobrestock_sustitutos!$C$191/12 -> 1.7154131 | G50: =datos_base!$C$18*parametros_recargas!$E$38+sobrestock_sustitutos!$C$191/12 -> 1.7154131 | H50: =datos_base!$C$18*parametros_recargas!$F$38+sobrestock_sustitutos!$C$191/12 -> 1.7154131 | I50: =datos_base!$C$18*parametros_recargas!$G$38+sobrestock_sustitutos!$C$191/12 -> 1.7154131 | J50: =datos_base!$C$18*parametros_recargas!$H$38+sobrestock_sustitutos!$C$191/12 -> 1.7154131 | K50: =datos_base!$C$18*parametros_recargas!$I$38+sobrestock_sustitutos!$C$191/12 -> 1.7154131 | L50: =datos_base!$C$18*parametros_recargas!$J$38+sobrestock_sustitutos!$C$191/12 -> 1.7154131 | M50: =datos_base!$C$18*parametros_recargas!$K$38+sobrestock_sustitutos!$C$191/12 -> 1.7154131 | N50: =datos_base!$C$18*parametros_recargas!$L$38+sobrestock_sustitutos!$C$191/12 -> 1.7154131 | O50: =datos_base!$C$18*parametros_recargas!$M$38+sobrestock_sustitutos!$C$191/12 -> 1.7154131 | P50: =SUM(D50:O50) -> 20.584957 | Q50: =sobrestock_sustitutos!$C$191 -> 1
A51: Total recipientes | D51: =SUM(D34:D50) -> 1820.2981 | E51: =SUM(E34:E50) -> 1820.2981 | F51: =SUM(F34:F50) -> 1820.2981 | G51: =SUM(G34:G50) -> 1820.2981 | H51: =SUM(H34:H50) -> 1820.2981 | I51: =SUM(I34:I50) -> 1820.2981 | J51: =SUM(J34:J50) -> 1820.2981 | K51: =SUM(K34:K50) -> 1820.2981 | ... P51: =SUM(P34:P50) -> 21843.577
A52: Por agente (u. equivalentes)
A53: ABC | D53: =SUMPRODUCT(($B$34:$B$50=$A53)*D$34:D$50*$C$34:$C$50) -> 1637.0476 | E53: =SUMPRODUCT(($B$34:$B$50=$A53)*E$34:E$50*$C$34:$C$50) -> 1637.0476 | F53: =SUMPRODUCT(($B$34:$B$50=$A53)*F$34:F$50*$C$34:$C$50) -> 1637.0476 | G53: =SUMPRODUCT(($B$34:$B$50=$A53)*G$34:G$50*$C$34:$C$50) -> 1637.0476 | H53: =SUMPRODUCT(($B$34:$B$50=$A53)*H$34:H$50*$C$34:$C$50) -> 1637.0476 | I53: =SUMPRODUCT(($B$34:$B$50=$A53)*I$34:I$50*$C$34:$C$50) -> 1637.0476 | J53: =SUMPRODUCT(($B$34:$B$50=$A53)*J$34:J$50*$C$34:$C$50) -> 1637.0476 | K53: =SUMPRODUCT(($B$34:$B$50=$A53)*K$34:K$50*$C$34:$C$50) -> 1637.0476 | ... P53: =SUMPRODUCT(($B$34:$B$50=$A53)*P$34:P$50*$C$34:$C$50) -> 19644.571
A54: BC | D54: =SUMPRODUCT(($B$34:$B$50=$A54)*D$34:D$50*$C$34:$C$50) -> 2.8754102 | E54: =SUMPRODUCT(($B$34:$B$50=$A54)*E$34:E$50*$C$34:$C$50) -> 2.8754102 | F54: =SUMPRODUCT(($B$34:$B$50=$A54)*F$34:F$50*$C$34:$C$50) -> 2.8754102 | G54: =SUMPRODUCT(($B$34:$B$50=$A54)*G$34:G$50*$C$34:$C$50) -> 2.8754102 | H54: =SUMPRODUCT(($B$34:$B$50=$A54)*H$34:H$50*$C$34:$C$50) -> 2.8754102 | I54: =SUMPRODUCT(($B$34:$B$50=$A54)*I$34:I$50*$C$34:$C$50) -> 2.8754102 | J54: =SUMPRODUCT(($B$34:$B$50=$A54)*J$34:J$50*$C$34:$C$50) -> 2.8754102 | K54: =SUMPRODUCT(($B$34:$B$50=$A54)*K$34:K$50*$C$34:$C$50) -> 2.8754102 | ... P54: =SUMPRODUCT(($B$34:$B$50=$A54)*P$34:P$50*$C$34:$C$50) -> 34.504923
A55: Clase D | D55: =SUMPRODUCT(($B$34:$B$50=$A55)*D$34:D$50*$C$34:$C$50) -> 2.8754102 | E55: =SUMPRODUCT(($B$34:$B$50=$A55)*E$34:E$50*$C$34:$C$50) -> 2.8754102 | F55: =SUMPRODUCT(($B$34:$B$50=$A55)*F$34:F$50*$C$34:$C$50) -> 2.8754102 | G55: =SUMPRODUCT(($B$34:$B$50=$A55)*G$34:G$50*$C$34:$C$50) -> 2.8754102 | H55: =SUMPRODUCT(($B$34:$B$50=$A55)*H$34:H$50*$C$34:$C$50) -> 2.8754102 | I55: =SUMPRODUCT(($B$34:$B$50=$A55)*I$34:I$50*$C$34:$C$50) -> 2.8754102 | J55: =SUMPRODUCT(($B$34:$B$50=$A55)*J$34:J$50*$C$34:$C$50) -> 2.8754102 | K55: =SUMPRODUCT(($B$34:$B$50=$A55)*K$34:K$50*$C$34:$C$50) -> 2.8754102 | ... P55: =SUMPRODUCT(($B$34:$B$50=$A55)*P$34:P$50*$C$34:$C$50) -> 34.504923
A56: Agua | D56: =SUMPRODUCT(($B$34:$B$50=$A56)*D$34:D$50*$C$34:$C$50) -> 38.247116 | E56: =SUMPRODUCT(($B$34:$B$50=$A56)*E$34:E$50*$C$34:$C$50) -> 38.247116 | F56: =SUMPRODUCT(($B$34:$B$50=$A56)*F$34:F$50*$C$34:$C$50) -> 38.247116 | G56: =SUMPRODUCT(($B$34:$B$50=$A56)*G$34:G$50*$C$34:$C$50) -> 38.247116 | H56: =SUMPRODUCT(($B$34:$B$50=$A56)*H$34:H$50*$C$34:$C$50) -> 38.247116 | I56: =SUMPRODUCT(($B$34:$B$50=$A56)*I$34:I$50*$C$34:$C$50) -> 38.247116 | J56: =SUMPRODUCT(($B$34:$B$50=$A56)*J$34:J$50*$C$34:$C$50) -> 38.247116 | K56: =SUMPRODUCT(($B$34:$B$50=$A56)*K$34:K$50*$C$34:$C$50) -> 38.247116 | ... P56: =SUMPRODUCT(($B$34:$B$50=$A56)*P$34:P$50*$C$34:$C$50) -> 458.96539
A57: AFFF | D57: =SUMPRODUCT(($B$34:$B$50=$A57)*D$34:D$50*$C$34:$C$50) -> 24.710421 | E57: =SUMPRODUCT(($B$34:$B$50=$A57)*E$34:E$50*$C$34:$C$50) -> 24.710421 | F57: =SUMPRODUCT(($B$34:$B$50=$A57)*F$34:F$50*$C$34:$C$50) -> 24.710421 | G57: =SUMPRODUCT(($B$34:$B$50=$A57)*G$34:G$50*$C$34:$C$50) -> 24.710421 | H57: =SUMPRODUCT(($B$34:$B$50=$A57)*H$34:H$50*$C$34:$C$50) -> 24.710421 | I57: =SUMPRODUCT(($B$34:$B$50=$A57)*I$34:I$50*$C$34:$C$50) -> 24.710421 | J57: =SUMPRODUCT(($B$34:$B$50=$A57)*J$34:J$50*$C$34:$C$50) -> 24.710421 | K57: =SUMPRODUCT(($B$34:$B$50=$A57)*K$34:K$50*$C$34:$C$50) -> 24.710421 | ... P57: =SUMPRODUCT(($B$34:$B$50=$A57)*P$34:P$50*$C$34:$C$50) -> 296.52505
A58: Sales K | D58: =SUMPRODUCT(($B$34:$B$50=$A58)*D$34:D$50*$C$34:$C$50) -> 19.977055 | E58: =SUMPRODUCT(($B$34:$B$50=$A58)*E$34:E$50*$C$34:$C$50) -> 19.977055 | F58: =SUMPRODUCT(($B$34:$B$50=$A58)*F$34:F$50*$C$34:$C$50) -> 19.977055 | G58: =SUMPRODUCT(($B$34:$B$50=$A58)*G$34:G$50*$C$34:$C$50) -> 19.977055 | H58: =SUMPRODUCT(($B$34:$B$50=$A58)*H$34:H$50*$C$34:$C$50) -> 19.977055 | I58: =SUMPRODUCT(($B$34:$B$50=$A58)*I$34:I$50*$C$34:$C$50) -> 19.977055 | J58: =SUMPRODUCT(($B$34:$B$50=$A58)*J$34:J$50*$C$34:$C$50) -> 19.977055 | K58: =SUMPRODUCT(($B$34:$B$50=$A58)*K$34:K$50*$C$34:$C$50) -> 19.977055 | ... P58: =SUMPRODUCT(($B$34:$B$50=$A58)*P$34:P$50*$C$34:$C$50) -> 239.72466
A59: CO₂ | D59: =SUMPRODUCT(($B$34:$B$50=$A59)*D$34:D$50*$C$34:$C$50) -> 139.0087 | E59: =SUMPRODUCT(($B$34:$B$50=$A59)*E$34:E$50*$C$34:$C$50) -> 139.0087 | F59: =SUMPRODUCT(($B$34:$B$50=$A59)*F$34:F$50*$C$34:$C$50) -> 139.0087 | G59: =SUMPRODUCT(($B$34:$B$50=$A59)*G$34:G$50*$C$34:$C$50) -> 139.0087 | H59: =SUMPRODUCT(($B$34:$B$50=$A59)*H$34:H$50*$C$34:$C$50) -> 139.0087 | I59: =SUMPRODUCT(($B$34:$B$50=$A59)*I$34:I$50*$C$34:$C$50) -> 139.0087 | J59: =SUMPRODUCT(($B$34:$B$50=$A59)*J$34:J$50*$C$34:$C$50) -> 139.0087 | K59: =SUMPRODUCT(($B$34:$B$50=$A59)*K$34:K$50*$C$34:$C$50) -> 139.0087 | ... P59: =SUMPRODUCT(($B$34:$B$50=$A59)*P$34:P$50*$C$34:$C$50) -> 1668.1044
A60: Halogenado | D60: =SUMPRODUCT(($B$34:$B$50=$A60)*D$34:D$50*$C$34:$C$50) -> 6.730915 | E60: =SUMPRODUCT(($B$34:$B$50=$A60)*E$34:E$50*$C$34:$C$50) -> 6.730915 | F60: =SUMPRODUCT(($B$34:$B$50=$A60)*F$34:F$50*$C$34:$C$50) -> 6.730915 | G60: =SUMPRODUCT(($B$34:$B$50=$A60)*G$34:G$50*$C$34:$C$50) -> 6.730915 | H60: =SUMPRODUCT(($B$34:$B$50=$A60)*H$34:H$50*$C$34:$C$50) -> 6.730915 | I60: =SUMPRODUCT(($B$34:$B$50=$A60)*I$34:I$50*$C$34:$C$50) -> 6.730915 | J60: =SUMPRODUCT(($B$34:$B$50=$A60)*J$34:J$50*$C$34:$C$50) -> 6.730915 | K60: =SUMPRODUCT(($B$34:$B$50=$A60)*K$34:K$50*$C$34:$C$50) -> 6.730915 | ... P60: =SUMPRODUCT(($B$34:$B$50=$A60)*P$34:P$50*$C$34:$C$50) -> 80.77098
A61: Mangueras con PH anual (u.) | D61: =SUMPRODUCT(D$34:D$50*parametros_recargas!$D$51:$D$67) -> 63.930002 | E61: =SUMPRODUCT(E$34:E$50*parametros_recargas!$D$51:$D$67) -> 63.930002 | F61: =SUMPRODUCT(F$34:F$50*parametros_recargas!$D$51:$D$67) -> 63.930002 | G61: =SUMPRODUCT(G$34:G$50*parametros_recargas!$D$51:$D$67) -> 63.930002 | H61: =SUMPRODUCT(H$34:H$50*parametros_recargas!$D$51:$D$67) -> 63.930002 | I61: =SUMPRODUCT(I$34:I$50*parametros_recargas!$D$51:$D$67) -> 63.930002 | J61: =SUMPRODUCT(J$34:J$50*parametros_recargas!$D$51:$D$67) -> 63.930002 | K61: =SUMPRODUCT(K$34:K$50*parametros_recargas!$D$51:$D$67) -> 63.930002 | ... P61: =SUMPRODUCT(P$34:P$50*parametros_recargas!$D$51:$D$67) -> 767.16003
A65: 2028 | B65: Agente | C65: u. equiv. | D65: Ene | E65: Feb | F65: Mar | G65: Abr | H65: May | I65: Jun | J65: Jul | K65: Ago | L65: Sep | M65: Oct | N65: Nov | O65: Dic | P65: Total | Q65: Incluye mant. de sustitutos (u./año)
A66: =parametros_recargas!A51 -> ABC 1 kg | B66: =parametros_recargas!B51 -> ABC | C66: =parametros_recargas!C51 -> 1 | D66: =datos_base!$D$2*parametros_recargas!$B$39+sobrestock_sustitutos!$D$175/12 -> 1811.7993 | E66: =datos_base!$D$2*parametros_recargas!$C$39+sobrestock_sustitutos!$D$175/12 -> 1811.7993 | F66: =datos_base!$D$2*parametros_recargas!$D$39+sobrestock_sustitutos!$D$175/12 -> 1811.7993 | G66: =datos_base!$D$2*parametros_recargas!$E$39+sobrestock_sustitutos!$D$175/12 -> 1811.7993 | H66: =datos_base!$D$2*parametros_recargas!$F$39+sobrestock_sustitutos!$D$175/12 -> 1811.7993 | I66: =datos_base!$D$2*parametros_recargas!$G$39+sobrestock_sustitutos!$D$175/12 -> 1811.7993 | J66: =datos_base!$D$2*parametros_recargas!$H$39+sobrestock_sustitutos!$D$175/12 -> 1811.7993 | K66: =datos_base!$D$2*parametros_recargas!$I$39+sobrestock_sustitutos!$D$175/12 -> 1811.7993 | L66: =datos_base!$D$2*parametros_recargas!$J$39+sobrestock_sustitutos!$D$175/12 -> 1811.7993 | M66: =datos_base!$D$2*parametros_recargas!$K$39+sobrestock_sustitutos!$D$175/12 -> 1811.7993 | N66: =datos_base!$D$2*parametros_recargas!$L$39+sobrestock_sustitutos!$D$175/12 -> 1811.7993 | O66: =datos_base!$D$2*parametros_recargas!$M$39+sobrestock_sustitutos!$D$175/12 -> 1811.7993 | P66: =SUM(D66:O66) -> 21741.591 | Q66: =sobrestock_sustitutos!$D$175 -> 0
A67: =parametros_recargas!A52 -> ABC 2,5 kg | B67: =parametros_recargas!B52 -> ABC | C67: =parametros_recargas!C52 -> 1 | D67: =datos_base!$D$3*parametros_recargas!$B$39+sobrestock_sustitutos!$D$176/12 -> 174.80729 | E67: =datos_base!$D$3*parametros_recargas!$C$39+sobrestock_sustitutos!$D$176/12 -> 174.80729 | F67: =datos_base!$D$3*parametros_recargas!$D$39+sobrestock_sustitutos!$D$176/12 -> 174.80729 | G67: =datos_base!$D$3*parametros_recargas!$E$39+sobrestock_sustitutos!$D$176/12 -> 174.80729 | H67: =datos_base!$D$3*parametros_recargas!$F$39+sobrestock_sustitutos!$D$176/12 -> 174.80729 | I67: =datos_base!$D$3*parametros_recargas!$G$39+sobrestock_sustitutos!$D$176/12 -> 174.80729 | J67: =datos_base!$D$3*parametros_recargas!$H$39+sobrestock_sustitutos!$D$176/12 -> 174.80729 | K67: =datos_base!$D$3*parametros_recargas!$I$39+sobrestock_sustitutos!$D$176/12 -> 174.80729 | L67: =datos_base!$D$3*parametros_recargas!$J$39+sobrestock_sustitutos!$D$176/12 -> 174.80729 | M67: =datos_base!$D$3*parametros_recargas!$K$39+sobrestock_sustitutos!$D$176/12 -> 174.80729 | N67: =datos_base!$D$3*parametros_recargas!$L$39+sobrestock_sustitutos!$D$176/12 -> 174.80729 | O67: =datos_base!$D$3*parametros_recargas!$M$39+sobrestock_sustitutos!$D$176/12 -> 174.80729 | P67: =SUM(D67:O67) -> 2097.6875 | Q67: =sobrestock_sustitutos!$D$176 -> 0
A68: =parametros_recargas!A53 -> ABC 5 kg | B68: =parametros_recargas!B53 -> ABC | C68: =parametros_recargas!C53 -> 1 | D68: =datos_base!$D$4*parametros_recargas!$B$39+sobrestock_sustitutos!$D$177/12 -> 1056.6838 | E68: =datos_base!$D$4*parametros_recargas!$C$39+sobrestock_sustitutos!$D$177/12 -> 1056.6838 | F68: =datos_base!$D$4*parametros_recargas!$D$39+sobrestock_sustitutos!$D$177/12 -> 1056.6838 | G68: =datos_base!$D$4*parametros_recargas!$E$39+sobrestock_sustitutos!$D$177/12 -> 1056.6838 | H68: =datos_base!$D$4*parametros_recargas!$F$39+sobrestock_sustitutos!$D$177/12 -> 1056.6838 | I68: =datos_base!$D$4*parametros_recargas!$G$39+sobrestock_sustitutos!$D$177/12 -> 1056.6838 | J68: =datos_base!$D$4*parametros_recargas!$H$39+sobrestock_sustitutos!$D$177/12 -> 1056.6838 | K68: =datos_base!$D$4*parametros_recargas!$I$39+sobrestock_sustitutos!$D$177/12 -> 1056.6838 | L68: =datos_base!$D$4*parametros_recargas!$J$39+sobrestock_sustitutos!$D$177/12 -> 1056.6838 | M68: =datos_base!$D$4*parametros_recargas!$K$39+sobrestock_sustitutos!$D$177/12 -> 1056.6838 | N68: =datos_base!$D$4*parametros_recargas!$L$39+sobrestock_sustitutos!$D$177/12 -> 1056.6838 | O68: =datos_base!$D$4*parametros_recargas!$M$39+sobrestock_sustitutos!$D$177/12 -> 1056.6838 | P68: =SUM(D68:O68) -> 12680.206 | Q68: =sobrestock_sustitutos!$D$177 -> 28
A69: =parametros_recargas!A54 -> ABC 10 kg | B69: =parametros_recargas!B54 -> ABC | C69: =parametros_recargas!C54 -> 1 | D69: =datos_base!$D$5*parametros_recargas!$B$39+sobrestock_sustitutos!$D$178/12 -> 60.961638 | E69: =datos_base!$D$5*parametros_recargas!$C$39+sobrestock_sustitutos!$D$178/12 -> 60.961638 | F69: =datos_base!$D$5*parametros_recargas!$D$39+sobrestock_sustitutos!$D$178/12 -> 60.961638 | G69: =datos_base!$D$5*parametros_recargas!$E$39+sobrestock_sustitutos!$D$178/12 -> 60.961638 | H69: =datos_base!$D$5*parametros_recargas!$F$39+sobrestock_sustitutos!$D$178/12 -> 60.961638 | I69: =datos_base!$D$5*parametros_recargas!$G$39+sobrestock_sustitutos!$D$178/12 -> 60.961638 | J69: =datos_base!$D$5*parametros_recargas!$H$39+sobrestock_sustitutos!$D$178/12 -> 60.961638 | K69: =datos_base!$D$5*parametros_recargas!$I$39+sobrestock_sustitutos!$D$178/12 -> 60.961638 | L69: =datos_base!$D$5*parametros_recargas!$J$39+sobrestock_sustitutos!$D$178/12 -> 60.961638 | M69: =datos_base!$D$5*parametros_recargas!$K$39+sobrestock_sustitutos!$D$178/12 -> 60.961638 | N69: =datos_base!$D$5*parametros_recargas!$L$39+sobrestock_sustitutos!$D$178/12 -> 60.961638 | O69: =datos_base!$D$5*parametros_recargas!$M$39+sobrestock_sustitutos!$D$178/12 -> 60.961638 | P69: =SUM(D69:O69) -> 731.53966 | Q69: =sobrestock_sustitutos!$D$178 -> 2
A70: =parametros_recargas!A55 -> Agua 10 l | B70: =parametros_recargas!B55 -> Agua | C70: =parametros_recargas!C55 -> 1 | D70: =datos_base!$D$6*parametros_recargas!$B$39+sobrestock_sustitutos!$D$179/12 -> 87.616465 | E70: =datos_base!$D$6*parametros_recargas!$C$39+sobrestock_sustitutos!$D$179/12 -> 87.616465 | F70: =datos_base!$D$6*parametros_recargas!$D$39+sobrestock_sustitutos!$D$179/12 -> 87.616465 | G70: =datos_base!$D$6*parametros_recargas!$E$39+sobrestock_sustitutos!$D$179/12 -> 87.616465 | H70: =datos_base!$D$6*parametros_recargas!$F$39+sobrestock_sustitutos!$D$179/12 -> 87.616465 | I70: =datos_base!$D$6*parametros_recargas!$G$39+sobrestock_sustitutos!$D$179/12 -> 87.616465 | J70: =datos_base!$D$6*parametros_recargas!$H$39+sobrestock_sustitutos!$D$179/12 -> 87.616465 | K70: =datos_base!$D$6*parametros_recargas!$I$39+sobrestock_sustitutos!$D$179/12 -> 87.616465 | L70: =datos_base!$D$6*parametros_recargas!$J$39+sobrestock_sustitutos!$D$179/12 -> 87.616465 | M70: =datos_base!$D$6*parametros_recargas!$K$39+sobrestock_sustitutos!$D$179/12 -> 87.616465 | N70: =datos_base!$D$6*parametros_recargas!$L$39+sobrestock_sustitutos!$D$179/12 -> 87.616465 | O70: =datos_base!$D$6*parametros_recargas!$M$39+sobrestock_sustitutos!$D$179/12 -> 87.616465 | P70: =SUM(D70:O70) -> 1051.3976 | Q70: =sobrestock_sustitutos!$D$179 -> 2
A71: =parametros_recargas!A56 -> AFFF 10 l | B71: =parametros_recargas!B56 -> AFFF | C71: =parametros_recargas!C56 -> 1 | D71: =datos_base!$D$7*parametros_recargas!$B$39+sobrestock_sustitutos!$D$180/12 -> 18.862458 | E71: =datos_base!$D$7*parametros_recargas!$C$39+sobrestock_sustitutos!$D$180/12 -> 18.862458 | F71: =datos_base!$D$7*parametros_recargas!$D$39+sobrestock_sustitutos!$D$180/12 -> 18.862458 | G71: =datos_base!$D$7*parametros_recargas!$E$39+sobrestock_sustitutos!$D$180/12 -> 18.862458 | H71: =datos_base!$D$7*parametros_recargas!$F$39+sobrestock_sustitutos!$D$180/12 -> 18.862458 | I71: =datos_base!$D$7*parametros_recargas!$G$39+sobrestock_sustitutos!$D$180/12 -> 18.862458 | J71: =datos_base!$D$7*parametros_recargas!$H$39+sobrestock_sustitutos!$D$180/12 -> 18.862458 | K71: =datos_base!$D$7*parametros_recargas!$I$39+sobrestock_sustitutos!$D$180/12 -> 18.862458 | L71: =datos_base!$D$7*parametros_recargas!$J$39+sobrestock_sustitutos!$D$180/12 -> 18.862458 | M71: =datos_base!$D$7*parametros_recargas!$K$39+sobrestock_sustitutos!$D$180/12 -> 18.862458 | N71: =datos_base!$D$7*parametros_recargas!$L$39+sobrestock_sustitutos!$D$180/12 -> 18.862458 | O71: =datos_base!$D$7*parametros_recargas!$M$39+sobrestock_sustitutos!$D$180/12 -> 18.862458 | P71: =SUM(D71:O71) -> 226.3495 | Q71: =sobrestock_sustitutos!$D$180 -> 1
A72: =parametros_recargas!A57 -> AFFF 50 l s/ruedas | B72: =parametros_recargas!B57 -> AFFF | C72: =parametros_recargas!C57 -> 3 | D72: =datos_base!$D$8*parametros_recargas!$B$39+sobrestock_sustitutos!$D$181/12 -> 9.8382794 | E72: =datos_base!$D$8*parametros_recargas!$C$39+sobrestock_sustitutos!$D$181/12 -> 9.8382794 | F72: =datos_base!$D$8*parametros_recargas!$D$39+sobrestock_sustitutos!$D$181/12 -> 9.8382794 | G72: =datos_base!$D$8*parametros_recargas!$E$39+sobrestock_sustitutos!$D$181/12 -> 9.8382794 | H72: =datos_base!$D$8*parametros_recargas!$F$39+sobrestock_sustitutos!$D$181/12 -> 9.8382794 | I72: =datos_base!$D$8*parametros_recargas!$G$39+sobrestock_sustitutos!$D$181/12 -> 9.8382794 | J72: =datos_base!$D$8*parametros_recargas!$H$39+sobrestock_sustitutos!$D$181/12 -> 9.8382794 | K72: =datos_base!$D$8*parametros_recargas!$I$39+sobrestock_sustitutos!$D$181/12 -> 9.8382794 | L72: =datos_base!$D$8*parametros_recargas!$J$39+sobrestock_sustitutos!$D$181/12 -> 9.8382794 | M72: =datos_base!$D$8*parametros_recargas!$K$39+sobrestock_sustitutos!$D$181/12 -> 9.8382794 | N72: =datos_base!$D$8*parametros_recargas!$L$39+sobrestock_sustitutos!$D$181/12 -> 9.8382794 | O72: =datos_base!$D$8*parametros_recargas!$M$39+sobrestock_sustitutos!$D$181/12 -> 9.8382794 | P72: =SUM(D72:O72) -> 118.05935 | Q72: =sobrestock_sustitutos!$D$181 -> 1
A73: =parametros_recargas!A58 -> BC 5 kg | B73: =parametros_recargas!B58 -> BC | C73: =parametros_recargas!C58 -> 1 | D73: =datos_base!$D$9*parametros_recargas!$B$39+sobrestock_sustitutos!$D$182/12 -> 5.3557022 | E73: =datos_base!$D$9*parametros_recargas!$C$39+sobrestock_sustitutos!$D$182/12 -> 5.3557022 | F73: =datos_base!$D$9*parametros_recargas!$D$39+sobrestock_sustitutos!$D$182/12 -> 5.3557022 | G73: =datos_base!$D$9*parametros_recargas!$E$39+sobrestock_sustitutos!$D$182/12 -> 5.3557022 | H73: =datos_base!$D$9*parametros_recargas!$F$39+sobrestock_sustitutos!$D$182/12 -> 5.3557022 | I73: =datos_base!$D$9*parametros_recargas!$G$39+sobrestock_sustitutos!$D$182/12 -> 5.3557022 | J73: =datos_base!$D$9*parametros_recargas!$H$39+sobrestock_sustitutos!$D$182/12 -> 5.3557022 | K73: =datos_base!$D$9*parametros_recargas!$I$39+sobrestock_sustitutos!$D$182/12 -> 5.3557022 | L73: =datos_base!$D$9*parametros_recargas!$J$39+sobrestock_sustitutos!$D$182/12 -> 5.3557022 | M73: =datos_base!$D$9*parametros_recargas!$K$39+sobrestock_sustitutos!$D$182/12 -> 5.3557022 | N73: =datos_base!$D$9*parametros_recargas!$L$39+sobrestock_sustitutos!$D$182/12 -> 5.3557022 | O73: =datos_base!$D$9*parametros_recargas!$M$39+sobrestock_sustitutos!$D$182/12 -> 5.3557022 | P73: =SUM(D73:O73) -> 64.268426 | Q73: =sobrestock_sustitutos!$D$182 -> 1
A74: =parametros_recargas!A59 -> Sales K 6 l | B74: =parametros_recargas!B59 -> Sales K | C74: =parametros_recargas!C59 -> 1 | D74: =datos_base!$D$10*parametros_recargas!$B$39+sobrestock_sustitutos!$D$183/12 -> 44.366788 | E74: =datos_base!$D$10*parametros_recargas!$C$39+sobrestock_sustitutos!$D$183/12 -> 44.366788 | F74: =datos_base!$D$10*parametros_recargas!$D$39+sobrestock_sustitutos!$D$183/12 -> 44.366788 | G74: =datos_base!$D$10*parametros_recargas!$E$39+sobrestock_sustitutos!$D$183/12 -> 44.366788 | H74: =datos_base!$D$10*parametros_recargas!$F$39+sobrestock_sustitutos!$D$183/12 -> 44.366788 | I74: =datos_base!$D$10*parametros_recargas!$G$39+sobrestock_sustitutos!$D$183/12 -> 44.366788 | J74: =datos_base!$D$10*parametros_recargas!$H$39+sobrestock_sustitutos!$D$183/12 -> 44.366788 | K74: =datos_base!$D$10*parametros_recargas!$I$39+sobrestock_sustitutos!$D$183/12 -> 44.366788 | L74: =datos_base!$D$10*parametros_recargas!$J$39+sobrestock_sustitutos!$D$183/12 -> 44.366788 | M74: =datos_base!$D$10*parametros_recargas!$K$39+sobrestock_sustitutos!$D$183/12 -> 44.366788 | N74: =datos_base!$D$10*parametros_recargas!$L$39+sobrestock_sustitutos!$D$183/12 -> 44.366788 | O74: =datos_base!$D$10*parametros_recargas!$M$39+sobrestock_sustitutos!$D$183/12 -> 44.366788 | P74: =SUM(D74:O74) -> 532.40145 | Q74: =sobrestock_sustitutos!$D$183 -> 1
A75: =parametros_recargas!A60 -> CO₂ 2 kg | B75: =parametros_recargas!B60 -> CO₂ | C75: =parametros_recargas!C60 -> 1 | D75: =datos_base!$D$11*parametros_recargas!$B$39+sobrestock_sustitutos!$D$184/12 -> 234.59706 | E75: =datos_base!$D$11*parametros_recargas!$C$39+sobrestock_sustitutos!$D$184/12 -> 234.59706 | F75: =datos_base!$D$11*parametros_recargas!$D$39+sobrestock_sustitutos!$D$184/12 -> 234.59706 | G75: =datos_base!$D$11*parametros_recargas!$E$39+sobrestock_sustitutos!$D$184/12 -> 234.59706 | H75: =datos_base!$D$11*parametros_recargas!$F$39+sobrestock_sustitutos!$D$184/12 -> 234.59706 | I75: =datos_base!$D$11*parametros_recargas!$G$39+sobrestock_sustitutos!$D$184/12 -> 234.59706 | J75: =datos_base!$D$11*parametros_recargas!$H$39+sobrestock_sustitutos!$D$184/12 -> 234.59706 | K75: =datos_base!$D$11*parametros_recargas!$I$39+sobrestock_sustitutos!$D$184/12 -> 234.59706 | L75: =datos_base!$D$11*parametros_recargas!$J$39+sobrestock_sustitutos!$D$184/12 -> 234.59706 | M75: =datos_base!$D$11*parametros_recargas!$K$39+sobrestock_sustitutos!$D$184/12 -> 234.59706 | N75: =datos_base!$D$11*parametros_recargas!$L$39+sobrestock_sustitutos!$D$184/12 -> 234.59706 | O75: =datos_base!$D$11*parametros_recargas!$M$39+sobrestock_sustitutos!$D$184/12 -> 234.59706 | P75: =SUM(D75:O75) -> 2815.1647 | Q75: =sobrestock_sustitutos!$D$184 -> 0
A76: =parametros_recargas!A61 -> CO₂ 5 kg | B76: =parametros_recargas!B61 -> CO₂ | C76: =parametros_recargas!C61 -> 1 | D76: =datos_base!$D$12*parametros_recargas!$B$39+sobrestock_sustitutos!$D$185/12 -> 82.17674 | E76: =datos_base!$D$12*parametros_recargas!$C$39+sobrestock_sustitutos!$D$185/12 -> 82.17674 | F76: =datos_base!$D$12*parametros_recargas!$D$39+sobrestock_sustitutos!$D$185/12 -> 82.17674 | G76: =datos_base!$D$12*parametros_recargas!$E$39+sobrestock_sustitutos!$D$185/12 -> 82.17674 | H76: =datos_base!$D$12*parametros_recargas!$F$39+sobrestock_sustitutos!$D$185/12 -> 82.17674 | I76: =datos_base!$D$12*parametros_recargas!$G$39+sobrestock_sustitutos!$D$185/12 -> 82.17674 | J76: =datos_base!$D$12*parametros_recargas!$H$39+sobrestock_sustitutos!$D$185/12 -> 82.17674 | K76: =datos_base!$D$12*parametros_recargas!$I$39+sobrestock_sustitutos!$D$185/12 -> 82.17674 | L76: =datos_base!$D$12*parametros_recargas!$J$39+sobrestock_sustitutos!$D$185/12 -> 82.17674 | M76: =datos_base!$D$12*parametros_recargas!$K$39+sobrestock_sustitutos!$D$185/12 -> 82.17674 | N76: =datos_base!$D$12*parametros_recargas!$L$39+sobrestock_sustitutos!$D$185/12 -> 82.17674 | O76: =datos_base!$D$12*parametros_recargas!$M$39+sobrestock_sustitutos!$D$185/12 -> 82.17674 | P76: =SUM(D76:O76) -> 986.12088 | Q76: =sobrestock_sustitutos!$D$185 -> 7
A77: =parametros_recargas!A62 -> HCFC/HFC 5 kg | B77: =parametros_recargas!B62 -> Halogenado | C77: =parametros_recargas!C62 -> 1 | D77: =datos_base!$D$13*parametros_recargas!$B$39+sobrestock_sustitutos!$D$186/12 -> 13.776123 | E77: =datos_base!$D$13*parametros_recargas!$C$39+sobrestock_sustitutos!$D$186/12 -> 13.776123 | F77: =datos_base!$D$13*parametros_recargas!$D$39+sobrestock_sustitutos!$D$186/12 -> 13.776123 | G77: =datos_base!$D$13*parametros_recargas!$E$39+sobrestock_sustitutos!$D$186/12 -> 13.776123 | H77: =datos_base!$D$13*parametros_recargas!$F$39+sobrestock_sustitutos!$D$186/12 -> 13.776123 | I77: =datos_base!$D$13*parametros_recargas!$G$39+sobrestock_sustitutos!$D$186/12 -> 13.776123 | J77: =datos_base!$D$13*parametros_recargas!$H$39+sobrestock_sustitutos!$D$186/12 -> 13.776123 | K77: =datos_base!$D$13*parametros_recargas!$I$39+sobrestock_sustitutos!$D$186/12 -> 13.776123 | L77: =datos_base!$D$13*parametros_recargas!$J$39+sobrestock_sustitutos!$D$186/12 -> 13.776123 | M77: =datos_base!$D$13*parametros_recargas!$K$39+sobrestock_sustitutos!$D$186/12 -> 13.776123 | N77: =datos_base!$D$13*parametros_recargas!$L$39+sobrestock_sustitutos!$D$186/12 -> 13.776123 | O77: =datos_base!$D$13*parametros_recargas!$M$39+sobrestock_sustitutos!$D$186/12 -> 13.776123 | P77: =SUM(D77:O77) -> 165.31348 | Q77: =sobrestock_sustitutos!$D$186 -> 1
A78: =parametros_recargas!A63 -> Clase D 9 l | B78: =parametros_recargas!B63 -> Clase D | C78: =parametros_recargas!C63 -> 1 | D78: =datos_base!$D$14*parametros_recargas!$B$39+sobrestock_sustitutos!$D$187/12 -> 5.3557022 | E78: =datos_base!$D$14*parametros_recargas!$C$39+sobrestock_sustitutos!$D$187/12 -> 5.3557022 | F78: =datos_base!$D$14*parametros_recargas!$D$39+sobrestock_sustitutos!$D$187/12 -> 5.3557022 | G78: =datos_base!$D$14*parametros_recargas!$E$39+sobrestock_sustitutos!$D$187/12 -> 5.3557022 | H78: =datos_base!$D$14*parametros_recargas!$F$39+sobrestock_sustitutos!$D$187/12 -> 5.3557022 | I78: =datos_base!$D$14*parametros_recargas!$G$39+sobrestock_sustitutos!$D$187/12 -> 5.3557022 | J78: =datos_base!$D$14*parametros_recargas!$H$39+sobrestock_sustitutos!$D$187/12 -> 5.3557022 | K78: =datos_base!$D$14*parametros_recargas!$I$39+sobrestock_sustitutos!$D$187/12 -> 5.3557022 | L78: =datos_base!$D$14*parametros_recargas!$J$39+sobrestock_sustitutos!$D$187/12 -> 5.3557022 | M78: =datos_base!$D$14*parametros_recargas!$K$39+sobrestock_sustitutos!$D$187/12 -> 5.3557022 | N78: =datos_base!$D$14*parametros_recargas!$L$39+sobrestock_sustitutos!$D$187/12 -> 5.3557022 | O78: =datos_base!$D$14*parametros_recargas!$M$39+sobrestock_sustitutos!$D$187/12 -> 5.3557022 | P78: =SUM(D78:O78) -> 64.268426 | Q78: =sobrestock_sustitutos!$D$187 -> 1
A79: =parametros_recargas!A64 -> ABC 25 kg s/ruedas | B79: =parametros_recargas!B64 -> ABC | C79: =parametros_recargas!C64 -> 3 | D79: =datos_base!$D$15*parametros_recargas!$B$39+sobrestock_sustitutos!$D$188/12 -> 11.083911 | E79: =datos_base!$D$15*parametros_recargas!$C$39+sobrestock_sustitutos!$D$188/12 -> 11.083911 | F79: =datos_base!$D$15*parametros_recargas!$D$39+sobrestock_sustitutos!$D$188/12 -> 11.083911 | G79: =datos_base!$D$15*parametros_recargas!$E$39+sobrestock_sustitutos!$D$188/12 -> 11.083911 | H79: =datos_base!$D$15*parametros_recargas!$F$39+sobrestock_sustitutos!$D$188/12 -> 11.083911 | I79: =datos_base!$D$15*parametros_recargas!$G$39+sobrestock_sustitutos!$D$188/12 -> 11.083911 | J79: =datos_base!$D$15*parametros_recargas!$H$39+sobrestock_sustitutos!$D$188/12 -> 11.083911 | K79: =datos_base!$D$15*parametros_recargas!$I$39+sobrestock_sustitutos!$D$188/12 -> 11.083911 | L79: =datos_base!$D$15*parametros_recargas!$J$39+sobrestock_sustitutos!$D$188/12 -> 11.083911 | M79: =datos_base!$D$15*parametros_recargas!$K$39+sobrestock_sustitutos!$D$188/12 -> 11.083911 | N79: =datos_base!$D$15*parametros_recargas!$L$39+sobrestock_sustitutos!$D$188/12 -> 11.083911 | O79: =datos_base!$D$15*parametros_recargas!$M$39+sobrestock_sustitutos!$D$188/12 -> 11.083911 | P79: =SUM(D79:O79) -> 133.00694 | Q79: =sobrestock_sustitutos!$D$188 -> 0
A80: =parametros_recargas!A65 -> ABC 50 kg s/ruedas | B80: =parametros_recargas!B65 -> ABC | C80: =parametros_recargas!C65 -> 3 | D80: =datos_base!$D$16*parametros_recargas!$B$39+sobrestock_sustitutos!$D$189/12 -> 24.467938 | E80: =datos_base!$D$16*parametros_recargas!$C$39+sobrestock_sustitutos!$D$189/12 -> 24.467938 | F80: =datos_base!$D$16*parametros_recargas!$D$39+sobrestock_sustitutos!$D$189/12 -> 24.467938 | G80: =datos_base!$D$16*parametros_recargas!$E$39+sobrestock_sustitutos!$D$189/12 -> 24.467938 | H80: =datos_base!$D$16*parametros_recargas!$F$39+sobrestock_sustitutos!$D$189/12 -> 24.467938 | I80: =datos_base!$D$16*parametros_recargas!$G$39+sobrestock_sustitutos!$D$189/12 -> 24.467938 | J80: =datos_base!$D$16*parametros_recargas!$H$39+sobrestock_sustitutos!$D$189/12 -> 24.467938 | K80: =datos_base!$D$16*parametros_recargas!$I$39+sobrestock_sustitutos!$D$189/12 -> 24.467938 | L80: =datos_base!$D$16*parametros_recargas!$J$39+sobrestock_sustitutos!$D$189/12 -> 24.467938 | M80: =datos_base!$D$16*parametros_recargas!$K$39+sobrestock_sustitutos!$D$189/12 -> 24.467938 | N80: =datos_base!$D$16*parametros_recargas!$L$39+sobrestock_sustitutos!$D$189/12 -> 24.467938 | O80: =datos_base!$D$16*parametros_recargas!$M$39+sobrestock_sustitutos!$D$189/12 -> 24.467938 | P80: =SUM(D80:O80) -> 293.61526 | Q80: =sobrestock_sustitutos!$D$189 -> 1
A81: =parametros_recargas!A66 -> ABC 70 kg s/ruedas | B81: =parametros_recargas!B66 -> ABC | C81: =parametros_recargas!C66 -> 3 | D81: =datos_base!$D$17*parametros_recargas!$B$39+sobrestock_sustitutos!$D$190/12 -> 5.3202774 | E81: =datos_base!$D$17*parametros_recargas!$C$39+sobrestock_sustitutos!$D$190/12 -> 5.3202774 | F81: =datos_base!$D$17*parametros_recargas!$D$39+sobrestock_sustitutos!$D$190/12 -> 5.3202774 | G81: =datos_base!$D$17*parametros_recargas!$E$39+sobrestock_sustitutos!$D$190/12 -> 5.3202774 | H81: =datos_base!$D$17*parametros_recargas!$F$39+sobrestock_sustitutos!$D$190/12 -> 5.3202774 | I81: =datos_base!$D$17*parametros_recargas!$G$39+sobrestock_sustitutos!$D$190/12 -> 5.3202774 | J81: =datos_base!$D$17*parametros_recargas!$H$39+sobrestock_sustitutos!$D$190/12 -> 5.3202774 | K81: =datos_base!$D$17*parametros_recargas!$I$39+sobrestock_sustitutos!$D$190/12 -> 5.3202774 | L81: =datos_base!$D$17*parametros_recargas!$J$39+sobrestock_sustitutos!$D$190/12 -> 5.3202774 | M81: =datos_base!$D$17*parametros_recargas!$K$39+sobrestock_sustitutos!$D$190/12 -> 5.3202774 | N81: =datos_base!$D$17*parametros_recargas!$L$39+sobrestock_sustitutos!$D$190/12 -> 5.3202774 | O81: =datos_base!$D$17*parametros_recargas!$M$39+sobrestock_sustitutos!$D$190/12 -> 5.3202774 | P81: =SUM(D81:O81) -> 63.843329 | Q81: =sobrestock_sustitutos!$D$190 -> 0
A82: =parametros_recargas!A67 -> ABC 100 kg s/ruedas | B82: =parametros_recargas!B67 -> ABC | C82: =parametros_recargas!C67 -> 3 | D82: =datos_base!$D$18*parametros_recargas!$B$39+sobrestock_sustitutos!$D$191/12 -> 3.630185 | E82: =datos_base!$D$18*parametros_recargas!$C$39+sobrestock_sustitutos!$D$191/12 -> 3.630185 | F82: =datos_base!$D$18*parametros_recargas!$D$39+sobrestock_sustitutos!$D$191/12 -> 3.630185 | G82: =datos_base!$D$18*parametros_recargas!$E$39+sobrestock_sustitutos!$D$191/12 -> 3.630185 | H82: =datos_base!$D$18*parametros_recargas!$F$39+sobrestock_sustitutos!$D$191/12 -> 3.630185 | I82: =datos_base!$D$18*parametros_recargas!$G$39+sobrestock_sustitutos!$D$191/12 -> 3.630185 | J82: =datos_base!$D$18*parametros_recargas!$H$39+sobrestock_sustitutos!$D$191/12 -> 3.630185 | K82: =datos_base!$D$18*parametros_recargas!$I$39+sobrestock_sustitutos!$D$191/12 -> 3.630185 | L82: =datos_base!$D$18*parametros_recargas!$J$39+sobrestock_sustitutos!$D$191/12 -> 3.630185 | M82: =datos_base!$D$18*parametros_recargas!$K$39+sobrestock_sustitutos!$D$191/12 -> 3.630185 | N82: =datos_base!$D$18*parametros_recargas!$L$39+sobrestock_sustitutos!$D$191/12 -> 3.630185 | O82: =datos_base!$D$18*parametros_recargas!$M$39+sobrestock_sustitutos!$D$191/12 -> 3.630185 | P82: =SUM(D82:O82) -> 43.56222 | Q82: =sobrestock_sustitutos!$D$191 -> 1
A83: Total recipientes | D83: =SUM(D66:D82) -> 3650.6997 | E83: =SUM(E66:E82) -> 3650.6997 | F83: =SUM(F66:F82) -> 3650.6997 | G83: =SUM(G66:G82) -> 3650.6997 | H83: =SUM(H66:H82) -> 3650.6997 | I83: =SUM(I66:I82) -> 3650.6997 | J83: =SUM(J66:J82) -> 3650.6997 | K83: =SUM(K66:K82) -> 3650.6997 | ... P83: =SUM(P66:P82) -> 43808.396
A84: Por agente (u. equivalentes)
A85: ABC | D85: =SUMPRODUCT(($B$66:$B$82=$A85)*D$66:D$82*$C$66:$C$82) -> 3237.759 | E85: =SUMPRODUCT(($B$66:$B$82=$A85)*E$66:E$82*$C$66:$C$82) -> 3237.759 | F85: =SUMPRODUCT(($B$66:$B$82=$A85)*F$66:F$82*$C$66:$C$82) -> 3237.759 | G85: =SUMPRODUCT(($B$66:$B$82=$A85)*G$66:G$82*$C$66:$C$82) -> 3237.759 | H85: =SUMPRODUCT(($B$66:$B$82=$A85)*H$66:H$82*$C$66:$C$82) -> 3237.759 | I85: =SUMPRODUCT(($B$66:$B$82=$A85)*I$66:I$82*$C$66:$C$82) -> 3237.759 | J85: =SUMPRODUCT(($B$66:$B$82=$A85)*J$66:J$82*$C$66:$C$82) -> 3237.759 | K85: =SUMPRODUCT(($B$66:$B$82=$A85)*K$66:K$82*$C$66:$C$82) -> 3237.759 | ... P85: =SUMPRODUCT(($B$66:$B$82=$A85)*P$66:P$82*$C$66:$C$82) -> 38853.108
A86: BC | D86: =SUMPRODUCT(($B$66:$B$82=$A86)*D$66:D$82*$C$66:$C$82) -> 5.3557022 | E86: =SUMPRODUCT(($B$66:$B$82=$A86)*E$66:E$82*$C$66:$C$82) -> 5.3557022 | F86: =SUMPRODUCT(($B$66:$B$82=$A86)*F$66:F$82*$C$66:$C$82) -> 5.3557022 | G86: =SUMPRODUCT(($B$66:$B$82=$A86)*G$66:G$82*$C$66:$C$82) -> 5.3557022 | H86: =SUMPRODUCT(($B$66:$B$82=$A86)*H$66:H$82*$C$66:$C$82) -> 5.3557022 | I86: =SUMPRODUCT(($B$66:$B$82=$A86)*I$66:I$82*$C$66:$C$82) -> 5.3557022 | J86: =SUMPRODUCT(($B$66:$B$82=$A86)*J$66:J$82*$C$66:$C$82) -> 5.3557022 | K86: =SUMPRODUCT(($B$66:$B$82=$A86)*K$66:K$82*$C$66:$C$82) -> 5.3557022 | ... P86: =SUMPRODUCT(($B$66:$B$82=$A86)*P$66:P$82*$C$66:$C$82) -> 64.268426
A87: Clase D | D87: =SUMPRODUCT(($B$66:$B$82=$A87)*D$66:D$82*$C$66:$C$82) -> 5.3557022 | E87: =SUMPRODUCT(($B$66:$B$82=$A87)*E$66:E$82*$C$66:$C$82) -> 5.3557022 | F87: =SUMPRODUCT(($B$66:$B$82=$A87)*F$66:F$82*$C$66:$C$82) -> 5.3557022 | G87: =SUMPRODUCT(($B$66:$B$82=$A87)*G$66:G$82*$C$66:$C$82) -> 5.3557022 | H87: =SUMPRODUCT(($B$66:$B$82=$A87)*H$66:H$82*$C$66:$C$82) -> 5.3557022 | I87: =SUMPRODUCT(($B$66:$B$82=$A87)*I$66:I$82*$C$66:$C$82) -> 5.3557022 | J87: =SUMPRODUCT(($B$66:$B$82=$A87)*J$66:J$82*$C$66:$C$82) -> 5.3557022 | K87: =SUMPRODUCT(($B$66:$B$82=$A87)*K$66:K$82*$C$66:$C$82) -> 5.3557022 | ... P87: =SUMPRODUCT(($B$66:$B$82=$A87)*P$66:P$82*$C$66:$C$82) -> 64.268426
A88: Agua | D88: =SUMPRODUCT(($B$66:$B$82=$A88)*D$66:D$82*$C$66:$C$82) -> 87.616465 | E88: =SUMPRODUCT(($B$66:$B$82=$A88)*E$66:E$82*$C$66:$C$82) -> 87.616465 | F88: =SUMPRODUCT(($B$66:$B$82=$A88)*F$66:F$82*$C$66:$C$82) -> 87.616465 | G88: =SUMPRODUCT(($B$66:$B$82=$A88)*G$66:G$82*$C$66:$C$82) -> 87.616465 | H88: =SUMPRODUCT(($B$66:$B$82=$A88)*H$66:H$82*$C$66:$C$82) -> 87.616465 | I88: =SUMPRODUCT(($B$66:$B$82=$A88)*I$66:I$82*$C$66:$C$82) -> 87.616465 | J88: =SUMPRODUCT(($B$66:$B$82=$A88)*J$66:J$82*$C$66:$C$82) -> 87.616465 | K88: =SUMPRODUCT(($B$66:$B$82=$A88)*K$66:K$82*$C$66:$C$82) -> 87.616465 | ... P88: =SUMPRODUCT(($B$66:$B$82=$A88)*P$66:P$82*$C$66:$C$82) -> 1051.3976
A89: AFFF | D89: =SUMPRODUCT(($B$66:$B$82=$A89)*D$66:D$82*$C$66:$C$82) -> 48.377297 | E89: =SUMPRODUCT(($B$66:$B$82=$A89)*E$66:E$82*$C$66:$C$82) -> 48.377297 | F89: =SUMPRODUCT(($B$66:$B$82=$A89)*F$66:F$82*$C$66:$C$82) -> 48.377297 | G89: =SUMPRODUCT(($B$66:$B$82=$A89)*G$66:G$82*$C$66:$C$82) -> 48.377297 | H89: =SUMPRODUCT(($B$66:$B$82=$A89)*H$66:H$82*$C$66:$C$82) -> 48.377297 | I89: =SUMPRODUCT(($B$66:$B$82=$A89)*I$66:I$82*$C$66:$C$82) -> 48.377297 | J89: =SUMPRODUCT(($B$66:$B$82=$A89)*J$66:J$82*$C$66:$C$82) -> 48.377297 | K89: =SUMPRODUCT(($B$66:$B$82=$A89)*K$66:K$82*$C$66:$C$82) -> 48.377297 | ... P89: =SUMPRODUCT(($B$66:$B$82=$A89)*P$66:P$82*$C$66:$C$82) -> 580.52756
A90: Sales K | D90: =SUMPRODUCT(($B$66:$B$82=$A90)*D$66:D$82*$C$66:$C$82) -> 44.366788 | E90: =SUMPRODUCT(($B$66:$B$82=$A90)*E$66:E$82*$C$66:$C$82) -> 44.366788 | F90: =SUMPRODUCT(($B$66:$B$82=$A90)*F$66:F$82*$C$66:$C$82) -> 44.366788 | G90: =SUMPRODUCT(($B$66:$B$82=$A90)*G$66:G$82*$C$66:$C$82) -> 44.366788 | H90: =SUMPRODUCT(($B$66:$B$82=$A90)*H$66:H$82*$C$66:$C$82) -> 44.366788 | I90: =SUMPRODUCT(($B$66:$B$82=$A90)*I$66:I$82*$C$66:$C$82) -> 44.366788 | J90: =SUMPRODUCT(($B$66:$B$82=$A90)*J$66:J$82*$C$66:$C$82) -> 44.366788 | K90: =SUMPRODUCT(($B$66:$B$82=$A90)*K$66:K$82*$C$66:$C$82) -> 44.366788 | ... P90: =SUMPRODUCT(($B$66:$B$82=$A90)*P$66:P$82*$C$66:$C$82) -> 532.40145
A91: CO₂ | D91: =SUMPRODUCT(($B$66:$B$82=$A91)*D$66:D$82*$C$66:$C$82) -> 316.7738 | E91: =SUMPRODUCT(($B$66:$B$82=$A91)*E$66:E$82*$C$66:$C$82) -> 316.7738 | F91: =SUMPRODUCT(($B$66:$B$82=$A91)*F$66:F$82*$C$66:$C$82) -> 316.7738 | G91: =SUMPRODUCT(($B$66:$B$82=$A91)*G$66:G$82*$C$66:$C$82) -> 316.7738 | H91: =SUMPRODUCT(($B$66:$B$82=$A91)*H$66:H$82*$C$66:$C$82) -> 316.7738 | I91: =SUMPRODUCT(($B$66:$B$82=$A91)*I$66:I$82*$C$66:$C$82) -> 316.7738 | J91: =SUMPRODUCT(($B$66:$B$82=$A91)*J$66:J$82*$C$66:$C$82) -> 316.7738 | K91: =SUMPRODUCT(($B$66:$B$82=$A91)*K$66:K$82*$C$66:$C$82) -> 316.7738 | ... P91: =SUMPRODUCT(($B$66:$B$82=$A91)*P$66:P$82*$C$66:$C$82) -> 3801.2856
A92: Halogenado | D92: =SUMPRODUCT(($B$66:$B$82=$A92)*D$66:D$82*$C$66:$C$82) -> 13.776123 | E92: =SUMPRODUCT(($B$66:$B$82=$A92)*E$66:E$82*$C$66:$C$82) -> 13.776123 | F92: =SUMPRODUCT(($B$66:$B$82=$A92)*F$66:F$82*$C$66:$C$82) -> 13.776123 | G92: =SUMPRODUCT(($B$66:$B$82=$A92)*G$66:G$82*$C$66:$C$82) -> 13.776123 | H92: =SUMPRODUCT(($B$66:$B$82=$A92)*H$66:H$82*$C$66:$C$82) -> 13.776123 | I92: =SUMPRODUCT(($B$66:$B$82=$A92)*I$66:I$82*$C$66:$C$82) -> 13.776123 | J92: =SUMPRODUCT(($B$66:$B$82=$A92)*J$66:J$82*$C$66:$C$82) -> 13.776123 | K92: =SUMPRODUCT(($B$66:$B$82=$A92)*K$66:K$82*$C$66:$C$82) -> 13.776123 | ... P92: =SUMPRODUCT(($B$66:$B$82=$A92)*P$66:P$82*$C$66:$C$82) -> 165.31348
A93: Mangueras con PH anual (u.) | D93: =SUMPRODUCT(D$66:D$82*parametros_recargas!$D$51:$D$67) -> 136.51733 | E93: =SUMPRODUCT(E$66:E$82*parametros_recargas!$D$51:$D$67) -> 136.51733 | F93: =SUMPRODUCT(F$66:F$82*parametros_recargas!$D$51:$D$67) -> 136.51733 | G93: =SUMPRODUCT(G$66:G$82*parametros_recargas!$D$51:$D$67) -> 136.51733 | H93: =SUMPRODUCT(H$66:H$82*parametros_recargas!$D$51:$D$67) -> 136.51733 | I93: =SUMPRODUCT(I$66:I$82*parametros_recargas!$D$51:$D$67) -> 136.51733 | J93: =SUMPRODUCT(J$66:J$82*parametros_recargas!$D$51:$D$67) -> 136.51733 | K93: =SUMPRODUCT(K$66:K$82*parametros_recargas!$D$51:$D$67) -> 136.51733 | ... P93: =SUMPRODUCT(P$66:P$82*parametros_recargas!$D$51:$D$67) -> 1638.208
A97: 2029 | B97: Agente | C97: u. equiv. | D97: Ene | E97: Feb | F97: Mar | G97: Abr | H97: May | I97: Jun | J97: Jul | K97: Ago | L97: Sep | M97: Oct | N97: Nov | O97: Dic | P97: Total | Q97: Incluye mant. de sustitutos (u./año)
A98: =parametros_recargas!A51 -> ABC 1 kg | B98: =parametros_recargas!B51 -> ABC | C98: =parametros_recargas!C51 -> 1 | D98: =datos_base!$E$2*parametros_recargas!$B$40+sobrestock_sustitutos!$E$175/12 -> 3324.4285 | E98: =datos_base!$E$2*parametros_recargas!$C$40+sobrestock_sustitutos!$E$175/12 -> 3324.4285 | F98: =datos_base!$E$2*parametros_recargas!$D$40+sobrestock_sustitutos!$E$175/12 -> 3324.4285 | G98: =datos_base!$E$2*parametros_recargas!$E$40+sobrestock_sustitutos!$E$175/12 -> 3324.4285 | H98: =datos_base!$E$2*parametros_recargas!$F$40+sobrestock_sustitutos!$E$175/12 -> 3324.4285 | I98: =datos_base!$E$2*parametros_recargas!$G$40+sobrestock_sustitutos!$E$175/12 -> 3324.4285 | J98: =datos_base!$E$2*parametros_recargas!$H$40+sobrestock_sustitutos!$E$175/12 -> 3324.4285 | K98: =datos_base!$E$2*parametros_recargas!$I$40+sobrestock_sustitutos!$E$175/12 -> 3324.4285 | L98: =datos_base!$E$2*parametros_recargas!$J$40+sobrestock_sustitutos!$E$175/12 -> 3324.4285 | M98: =datos_base!$E$2*parametros_recargas!$K$40+sobrestock_sustitutos!$E$175/12 -> 3324.4285 | N98: =datos_base!$E$2*parametros_recargas!$L$40+sobrestock_sustitutos!$E$175/12 -> 3324.4285 | O98: =datos_base!$E$2*parametros_recargas!$M$40+sobrestock_sustitutos!$E$175/12 -> 3324.4285 | P98: =SUM(D98:O98) -> 39893.142 | Q98: =sobrestock_sustitutos!$E$175 -> 0
A99: =parametros_recargas!A52 -> ABC 2,5 kg | B99: =parametros_recargas!B52 -> ABC | C99: =parametros_recargas!C52 -> 1 | D99: =datos_base!$E$3*parametros_recargas!$B$40+sobrestock_sustitutos!$E$176/12 -> 321.83829 | E99: =datos_base!$E$3*parametros_recargas!$C$40+sobrestock_sustitutos!$E$176/12 -> 321.83829 | F99: =datos_base!$E$3*parametros_recargas!$D$40+sobrestock_sustitutos!$E$176/12 -> 321.83829 | G99: =datos_base!$E$3*parametros_recargas!$E$40+sobrestock_sustitutos!$E$176/12 -> 321.83829 | H99: =datos_base!$E$3*parametros_recargas!$F$40+sobrestock_sustitutos!$E$176/12 -> 321.83829 | I99: =datos_base!$E$3*parametros_recargas!$G$40+sobrestock_sustitutos!$E$176/12 -> 321.83829 | J99: =datos_base!$E$3*parametros_recargas!$H$40+sobrestock_sustitutos!$E$176/12 -> 321.83829 | K99: =datos_base!$E$3*parametros_recargas!$I$40+sobrestock_sustitutos!$E$176/12 -> 321.83829 | L99: =datos_base!$E$3*parametros_recargas!$J$40+sobrestock_sustitutos!$E$176/12 -> 321.83829 | M99: =datos_base!$E$3*parametros_recargas!$K$40+sobrestock_sustitutos!$E$176/12 -> 321.83829 | N99: =datos_base!$E$3*parametros_recargas!$L$40+sobrestock_sustitutos!$E$176/12 -> 321.83829 | O99: =datos_base!$E$3*parametros_recargas!$M$40+sobrestock_sustitutos!$E$176/12 -> 321.83829 | P99: =SUM(D99:O99) -> 3862.0595 | Q99: =sobrestock_sustitutos!$E$176 -> 0
A100: =parametros_recargas!A53 -> ABC 5 kg | B100: =parametros_recargas!B53 -> ABC | C100: =parametros_recargas!C53 -> 1 | D100: =datos_base!$E$4*parametros_recargas!$B$40+sobrestock_sustitutos!$E$177/12 -> 1998.4347 | E100: =datos_base!$E$4*parametros_recargas!$C$40+sobrestock_sustitutos!$E$177/12 -> 1998.4347 | F100: =datos_base!$E$4*parametros_recargas!$D$40+sobrestock_sustitutos!$E$177/12 -> 1998.4347 | G100: =datos_base!$E$4*parametros_recargas!$E$40+sobrestock_sustitutos!$E$177/12 -> 1998.4347 | H100: =datos_base!$E$4*parametros_recargas!$F$40+sobrestock_sustitutos!$E$177/12 -> 1998.4347 | I100: =datos_base!$E$4*parametros_recargas!$G$40+sobrestock_sustitutos!$E$177/12 -> 1998.4347 | J100: =datos_base!$E$4*parametros_recargas!$H$40+sobrestock_sustitutos!$E$177/12 -> 1998.4347 | K100: =datos_base!$E$4*parametros_recargas!$I$40+sobrestock_sustitutos!$E$177/12 -> 1998.4347 | L100: =datos_base!$E$4*parametros_recargas!$J$40+sobrestock_sustitutos!$E$177/12 -> 1998.4347 | M100: =datos_base!$E$4*parametros_recargas!$K$40+sobrestock_sustitutos!$E$177/12 -> 1998.4347 | N100: =datos_base!$E$4*parametros_recargas!$L$40+sobrestock_sustitutos!$E$177/12 -> 1998.4347 | O100: =datos_base!$E$4*parametros_recargas!$M$40+sobrestock_sustitutos!$E$177/12 -> 1998.4347 | P100: =SUM(D100:O100) -> 23981.217 | Q100: =sobrestock_sustitutos!$E$177 -> 62
A101: =parametros_recargas!A54 -> ABC 10 kg | B101: =parametros_recargas!B54 -> ABC | C101: =parametros_recargas!C54 -> 1 | D101: =datos_base!$E$5*parametros_recargas!$B$40+sobrestock_sustitutos!$E$178/12 -> 116.61235 | E101: =datos_base!$E$5*parametros_recargas!$C$40+sobrestock_sustitutos!$E$178/12 -> 116.61235 | F101: =datos_base!$E$5*parametros_recargas!$D$40+sobrestock_sustitutos!$E$178/12 -> 116.61235 | G101: =datos_base!$E$5*parametros_recargas!$E$40+sobrestock_sustitutos!$E$178/12 -> 116.61235 | H101: =datos_base!$E$5*parametros_recargas!$F$40+sobrestock_sustitutos!$E$178/12 -> 116.61235 | I101: =datos_base!$E$5*parametros_recargas!$G$40+sobrestock_sustitutos!$E$178/12 -> 116.61235 | J101: =datos_base!$E$5*parametros_recargas!$H$40+sobrestock_sustitutos!$E$178/12 -> 116.61235 | K101: =datos_base!$E$5*parametros_recargas!$I$40+sobrestock_sustitutos!$E$178/12 -> 116.61235 | L101: =datos_base!$E$5*parametros_recargas!$J$40+sobrestock_sustitutos!$E$178/12 -> 116.61235 | M101: =datos_base!$E$5*parametros_recargas!$K$40+sobrestock_sustitutos!$E$178/12 -> 116.61235 | N101: =datos_base!$E$5*parametros_recargas!$L$40+sobrestock_sustitutos!$E$178/12 -> 116.61235 | O101: =datos_base!$E$5*parametros_recargas!$M$40+sobrestock_sustitutos!$E$178/12 -> 116.61235 | P101: =SUM(D101:O101) -> 1399.3482 | Q101: =sobrestock_sustitutos!$E$178 -> 4
A102: =parametros_recargas!A55 -> Agua 10 l | B102: =parametros_recargas!B55 -> Agua | C102: =parametros_recargas!C55 -> 1 | D102: =datos_base!$E$6*parametros_recargas!$B$40+sobrestock_sustitutos!$E$179/12 -> 164.50491 | E102: =datos_base!$E$6*parametros_recargas!$C$40+sobrestock_sustitutos!$E$179/12 -> 164.50491 | F102: =datos_base!$E$6*parametros_recargas!$D$40+sobrestock_sustitutos!$E$179/12 -> 164.50491 | G102: =datos_base!$E$6*parametros_recargas!$E$40+sobrestock_sustitutos!$E$179/12 -> 164.50491 | H102: =datos_base!$E$6*parametros_recargas!$F$40+sobrestock_sustitutos!$E$179/12 -> 164.50491 | I102: =datos_base!$E$6*parametros_recargas!$G$40+sobrestock_sustitutos!$E$179/12 -> 164.50491 | J102: =datos_base!$E$6*parametros_recargas!$H$40+sobrestock_sustitutos!$E$179/12 -> 164.50491 | K102: =datos_base!$E$6*parametros_recargas!$I$40+sobrestock_sustitutos!$E$179/12 -> 164.50491 | L102: =datos_base!$E$6*parametros_recargas!$J$40+sobrestock_sustitutos!$E$179/12 -> 164.50491 | M102: =datos_base!$E$6*parametros_recargas!$K$40+sobrestock_sustitutos!$E$179/12 -> 164.50491 | N102: =datos_base!$E$6*parametros_recargas!$L$40+sobrestock_sustitutos!$E$179/12 -> 164.50491 | O102: =datos_base!$E$6*parametros_recargas!$M$40+sobrestock_sustitutos!$E$179/12 -> 164.50491 | P102: =SUM(D102:O102) -> 1974.059 | Q102: =sobrestock_sustitutos!$E$179 -> 5
A103: =parametros_recargas!A56 -> AFFF 10 l | B103: =parametros_recargas!B56 -> AFFF | C103: =parametros_recargas!C56 -> 1 | D103: =datos_base!$E$7*parametros_recargas!$B$40+sobrestock_sustitutos!$E$180/12 -> 31.36502 | E103: =datos_base!$E$7*parametros_recargas!$C$40+sobrestock_sustitutos!$E$180/12 -> 31.36502 | F103: =datos_base!$E$7*parametros_recargas!$D$40+sobrestock_sustitutos!$E$180/12 -> 31.36502 | G103: =datos_base!$E$7*parametros_recargas!$E$40+sobrestock_sustitutos!$E$180/12 -> 31.36502 | H103: =datos_base!$E$7*parametros_recargas!$F$40+sobrestock_sustitutos!$E$180/12 -> 31.36502 | I103: =datos_base!$E$7*parametros_recargas!$G$40+sobrestock_sustitutos!$E$180/12 -> 31.36502 | J103: =datos_base!$E$7*parametros_recargas!$H$40+sobrestock_sustitutos!$E$180/12 -> 31.36502 | K103: =datos_base!$E$7*parametros_recargas!$I$40+sobrestock_sustitutos!$E$180/12 -> 31.36502 | L103: =datos_base!$E$7*parametros_recargas!$J$40+sobrestock_sustitutos!$E$180/12 -> 31.36502 | M103: =datos_base!$E$7*parametros_recargas!$K$40+sobrestock_sustitutos!$E$180/12 -> 31.36502 | N103: =datos_base!$E$7*parametros_recargas!$L$40+sobrestock_sustitutos!$E$180/12 -> 31.36502 | O103: =datos_base!$E$7*parametros_recargas!$M$40+sobrestock_sustitutos!$E$180/12 -> 31.36502 | P103: =SUM(D103:O103) -> 376.38024 | Q103: =sobrestock_sustitutos!$E$180 -> 1
A104: =parametros_recargas!A57 -> AFFF 50 l s/ruedas | B104: =parametros_recargas!B57 -> AFFF | C104: =parametros_recargas!C57 -> 3 | D104: =datos_base!$E$8*parametros_recargas!$B$40+sobrestock_sustitutos!$E$181/12 -> 16.770696 | E104: =datos_base!$E$8*parametros_recargas!$C$40+sobrestock_sustitutos!$E$181/12 -> 16.770696 | F104: =datos_base!$E$8*parametros_recargas!$D$40+sobrestock_sustitutos!$E$181/12 -> 16.770696 | G104: =datos_base!$E$8*parametros_recargas!$E$40+sobrestock_sustitutos!$E$181/12 -> 16.770696 | H104: =datos_base!$E$8*parametros_recargas!$F$40+sobrestock_sustitutos!$E$181/12 -> 16.770696 | I104: =datos_base!$E$8*parametros_recargas!$G$40+sobrestock_sustitutos!$E$181/12 -> 16.770696 | J104: =datos_base!$E$8*parametros_recargas!$H$40+sobrestock_sustitutos!$E$181/12 -> 16.770696 | K104: =datos_base!$E$8*parametros_recargas!$I$40+sobrestock_sustitutos!$E$181/12 -> 16.770696 | L104: =datos_base!$E$8*parametros_recargas!$J$40+sobrestock_sustitutos!$E$181/12 -> 16.770696 | M104: =datos_base!$E$8*parametros_recargas!$K$40+sobrestock_sustitutos!$E$181/12 -> 16.770696 | N104: =datos_base!$E$8*parametros_recargas!$L$40+sobrestock_sustitutos!$E$181/12 -> 16.770696 | O104: =datos_base!$E$8*parametros_recargas!$M$40+sobrestock_sustitutos!$E$181/12 -> 16.770696 | P104: =SUM(D104:O104) -> 201.24836 | Q104: =sobrestock_sustitutos!$E$181 -> 1
A105: =parametros_recargas!A58 -> BC 5 kg | B105: =parametros_recargas!B58 -> BC | C105: =parametros_recargas!C58 -> 1 | D105: =datos_base!$E$9*parametros_recargas!$B$40+sobrestock_sustitutos!$E$182/12 -> 9.5440042 | E105: =datos_base!$E$9*parametros_recargas!$C$40+sobrestock_sustitutos!$E$182/12 -> 9.5440042 | F105: =datos_base!$E$9*parametros_recargas!$D$40+sobrestock_sustitutos!$E$182/12 -> 9.5440042 | G105: =datos_base!$E$9*parametros_recargas!$E$40+sobrestock_sustitutos!$E$182/12 -> 9.5440042 | H105: =datos_base!$E$9*parametros_recargas!$F$40+sobrestock_sustitutos!$E$182/12 -> 9.5440042 | I105: =datos_base!$E$9*parametros_recargas!$G$40+sobrestock_sustitutos!$E$182/12 -> 9.5440042 | J105: =datos_base!$E$9*parametros_recargas!$H$40+sobrestock_sustitutos!$E$182/12 -> 9.5440042 | K105: =datos_base!$E$9*parametros_recargas!$I$40+sobrestock_sustitutos!$E$182/12 -> 9.5440042 | L105: =datos_base!$E$9*parametros_recargas!$J$40+sobrestock_sustitutos!$E$182/12 -> 9.5440042 | M105: =datos_base!$E$9*parametros_recargas!$K$40+sobrestock_sustitutos!$E$182/12 -> 9.5440042 | N105: =datos_base!$E$9*parametros_recargas!$L$40+sobrestock_sustitutos!$E$182/12 -> 9.5440042 | O105: =datos_base!$E$9*parametros_recargas!$M$40+sobrestock_sustitutos!$E$182/12 -> 9.5440042 | P105: =SUM(D105:O105) -> 114.52805 | Q105: =sobrestock_sustitutos!$E$182 -> 1
A106: =parametros_recargas!A59 -> Sales K 6 l | B106: =parametros_recargas!B59 -> Sales K | C106: =parametros_recargas!C59 -> 1 | D106: =datos_base!$E$10*parametros_recargas!$B$40+sobrestock_sustitutos!$E$183/12 -> 80.851275 | E106: =datos_base!$E$10*parametros_recargas!$C$40+sobrestock_sustitutos!$E$183/12 -> 80.851275 | F106: =datos_base!$E$10*parametros_recargas!$D$40+sobrestock_sustitutos!$E$183/12 -> 80.851275 | G106: =datos_base!$E$10*parametros_recargas!$E$40+sobrestock_sustitutos!$E$183/12 -> 80.851275 | H106: =datos_base!$E$10*parametros_recargas!$F$40+sobrestock_sustitutos!$E$183/12 -> 80.851275 | I106: =datos_base!$E$10*parametros_recargas!$G$40+sobrestock_sustitutos!$E$183/12 -> 80.851275 | J106: =datos_base!$E$10*parametros_recargas!$H$40+sobrestock_sustitutos!$E$183/12 -> 80.851275 | K106: =datos_base!$E$10*parametros_recargas!$I$40+sobrestock_sustitutos!$E$183/12 -> 80.851275 | L106: =datos_base!$E$10*parametros_recargas!$J$40+sobrestock_sustitutos!$E$183/12 -> 80.851275 | M106: =datos_base!$E$10*parametros_recargas!$K$40+sobrestock_sustitutos!$E$183/12 -> 80.851275 | N106: =datos_base!$E$10*parametros_recargas!$L$40+sobrestock_sustitutos!$E$183/12 -> 80.851275 | O106: =datos_base!$E$10*parametros_recargas!$M$40+sobrestock_sustitutos!$E$183/12 -> 80.851275 | P106: =SUM(D106:O106) -> 970.2153 | Q106: =sobrestock_sustitutos!$E$183 -> 3
A107: =parametros_recargas!A60 -> CO₂ 2 kg | B107: =parametros_recargas!B60 -> CO₂ | C107: =parametros_recargas!C60 -> 1 | D107: =datos_base!$E$11*parametros_recargas!$B$40+sobrestock_sustitutos!$E$184/12 -> 448.48576 | E107: =datos_base!$E$11*parametros_recargas!$C$40+sobrestock_sustitutos!$E$184/12 -> 448.48576 | F107: =datos_base!$E$11*parametros_recargas!$D$40+sobrestock_sustitutos!$E$184/12 -> 448.48576 | G107: =datos_base!$E$11*parametros_recargas!$E$40+sobrestock_sustitutos!$E$184/12 -> 448.48576 | H107: =datos_base!$E$11*parametros_recargas!$F$40+sobrestock_sustitutos!$E$184/12 -> 448.48576 | I107: =datos_base!$E$11*parametros_recargas!$G$40+sobrestock_sustitutos!$E$184/12 -> 448.48576 | J107: =datos_base!$E$11*parametros_recargas!$H$40+sobrestock_sustitutos!$E$184/12 -> 448.48576 | K107: =datos_base!$E$11*parametros_recargas!$I$40+sobrestock_sustitutos!$E$184/12 -> 448.48576 | L107: =datos_base!$E$11*parametros_recargas!$J$40+sobrestock_sustitutos!$E$184/12 -> 448.48576 | M107: =datos_base!$E$11*parametros_recargas!$K$40+sobrestock_sustitutos!$E$184/12 -> 448.48576 | N107: =datos_base!$E$11*parametros_recargas!$L$40+sobrestock_sustitutos!$E$184/12 -> 448.48576 | O107: =datos_base!$E$11*parametros_recargas!$M$40+sobrestock_sustitutos!$E$184/12 -> 448.48576 | P107: =SUM(D107:O107) -> 5381.8291 | Q107: =sobrestock_sustitutos!$E$184 -> 0
A108: =parametros_recargas!A61 -> CO₂ 5 kg | B108: =parametros_recargas!B61 -> CO₂ | C108: =parametros_recargas!C61 -> 1 | D108: =datos_base!$E$12*parametros_recargas!$B$40+sobrestock_sustitutos!$E$185/12 -> 147.26171 | E108: =datos_base!$E$12*parametros_recargas!$C$40+sobrestock_sustitutos!$E$185/12 -> 147.26171 | F108: =datos_base!$E$12*parametros_recargas!$D$40+sobrestock_sustitutos!$E$185/12 -> 147.26171 | G108: =datos_base!$E$12*parametros_recargas!$E$40+sobrestock_sustitutos!$E$185/12 -> 147.26171 | H108: =datos_base!$E$12*parametros_recargas!$F$40+sobrestock_sustitutos!$E$185/12 -> 147.26171 | I108: =datos_base!$E$12*parametros_recargas!$G$40+sobrestock_sustitutos!$E$185/12 -> 147.26171 | J108: =datos_base!$E$12*parametros_recargas!$H$40+sobrestock_sustitutos!$E$185/12 -> 147.26171 | K108: =datos_base!$E$12*parametros_recargas!$I$40+sobrestock_sustitutos!$E$185/12 -> 147.26171 | L108: =datos_base!$E$12*parametros_recargas!$J$40+sobrestock_sustitutos!$E$185/12 -> 147.26171 | M108: =datos_base!$E$12*parametros_recargas!$K$40+sobrestock_sustitutos!$E$185/12 -> 147.26171 | N108: =datos_base!$E$12*parametros_recargas!$L$40+sobrestock_sustitutos!$E$185/12 -> 147.26171 | O108: =datos_base!$E$12*parametros_recargas!$M$40+sobrestock_sustitutos!$E$185/12 -> 147.26171 | P108: =SUM(D108:O108) -> 1767.1405 | Q108: =sobrestock_sustitutos!$E$185 -> 16
A109: =parametros_recargas!A62 -> HCFC/HFC 5 kg | B109: =parametros_recargas!B62 -> Halogenado | C109: =parametros_recargas!C62 -> 1 | D109: =datos_base!$E$13*parametros_recargas!$B$40+sobrestock_sustitutos!$E$186/12 -> 23.851212 | E109: =datos_base!$E$13*parametros_recargas!$C$40+sobrestock_sustitutos!$E$186/12 -> 23.851212 | F109: =datos_base!$E$13*parametros_recargas!$D$40+sobrestock_sustitutos!$E$186/12 -> 23.851212 | G109: =datos_base!$E$13*parametros_recargas!$E$40+sobrestock_sustitutos!$E$186/12 -> 23.851212 | H109: =datos_base!$E$13*parametros_recargas!$F$40+sobrestock_sustitutos!$E$186/12 -> 23.851212 | I109: =datos_base!$E$13*parametros_recargas!$G$40+sobrestock_sustitutos!$E$186/12 -> 23.851212 | J109: =datos_base!$E$13*parametros_recargas!$H$40+sobrestock_sustitutos!$E$186/12 -> 23.851212 | K109: =datos_base!$E$13*parametros_recargas!$I$40+sobrestock_sustitutos!$E$186/12 -> 23.851212 | L109: =datos_base!$E$13*parametros_recargas!$J$40+sobrestock_sustitutos!$E$186/12 -> 23.851212 | M109: =datos_base!$E$13*parametros_recargas!$K$40+sobrestock_sustitutos!$E$186/12 -> 23.851212 | N109: =datos_base!$E$13*parametros_recargas!$L$40+sobrestock_sustitutos!$E$186/12 -> 23.851212 | O109: =datos_base!$E$13*parametros_recargas!$M$40+sobrestock_sustitutos!$E$186/12 -> 23.851212 | P109: =SUM(D109:O109) -> 286.21455 | Q109: =sobrestock_sustitutos!$E$186 -> 1
...

Sheet Demanda por puesto
A1: Año 2026 | B1: Ene | C1: Feb | D1: Mar | E1: Abr | F1: May | G1: Jun | H1: Jul | I1: Ago | J1: Sep | K1: Oct | L1: Nov | M1: Dic | N1: Total anual | O1: Demanda mes pico (u/mes) | P1: Demanda (u/h, 1 turno)
A2: =parametros_recargas!$B$72 -> Recepción y registro | B2: =parametros_recargas!$E$72*'Plan mensual'!D21+parametros_recargas!$F$72*'Plan mensual'!D22+parametros_recargas!$G$72*'Plan mensual'!D23+parametros_recargas!$H$72*'Plan mensual'!D24+parametros_recargas!$I$72*'Plan mensual'!D25+parametros_recargas!$J$72*'Plan mensual'!D26+parametros_recargas!$K$72*'Plan mensual'!D27+parametros_recargas!$L$72*'Plan mensual'!D28 -> 414.81894 | C2: =parametros_recargas!$E$72*'Plan mensual'!E21+parametros_recargas!$F$72*'Plan mensual'!E22+parametros_recargas!$G$72*'Plan mensual'!E23+parametros_recargas!$H$72*'Plan mensual'!E24+parametros_recargas!$I$72*'Plan mensual'!E25+parametros_recargas!$J$72*'Plan mensual'!E26+parametros_recargas!$K$72*'Plan mensual'!E27+parametros_recargas!$L$72*'Plan mensual'!E28 -> 414.81894 | D2: =parametros_recargas!$E$72*'Plan mensual'!F21+parametros_recargas!$F$72*'Plan mensual'!F22+parametros_recargas!$G$72*'Plan mensual'!F23+parametros_recargas!$H$72*'Plan mensual'!F24+parametros_recargas!$I$72*'Plan mensual'!F25+parametros_recargas!$J$72*'Plan mensual'!F26+parametros_recargas!$K$72*'Plan mensual'!F27+parametros_recargas!$L$72*'Plan mensual'!F28 -> 414.81894 | E2: =parametros_recargas!$E$72*'Plan mensual'!G21+parametros_recargas!$F$72*'Plan mensual'!G22+parametros_recargas!$G$72*'Plan mensual'!G23+parametros_recargas!$H$72*'Plan mensual'!G24+parametros_recargas!$I$72*'Plan mensual'!G25+parametros_recargas!$J$72*'Plan mensual'!G26+parametros_recargas!$K$72*'Plan mensual'!G27+parametros_recargas!$L$72*'Plan mensual'!G28 -> 414.81894 | F2: =parametros_recargas!$E$72*'Plan mensual'!H21+parametros_recargas!$F$72*'Plan mensual'!H22+parametros_recargas!$G$72*'Plan mensual'!H23+parametros_recargas!$H$72*'Plan mensual'!H24+parametros_recargas!$I$72*'Plan mensual'!H25+parametros_recargas!$J$72*'Plan mensual'!H26+parametros_recargas!$K$72*'Plan mensual'!H27+parametros_recargas!$L$72*'Plan mensual'!H28 -> 414.81894 | G2: =parametros_recargas!$E$72*'Plan mensual'!I21+parametros_recargas!$F$72*'Plan mensual'!I22+parametros_recargas!$G$72*'Plan mensual'!I23+parametros_recargas!$H$72*'Plan mensual'!I24+parametros_recargas!$I$72*'Plan mensual'!I25+parametros_recargas!$J$72*'Plan mensual'!I26+parametros_recargas!$K$72*'Plan mensual'!I27+parametros_recargas!$L$72*'Plan mensual'!I28 -> 414.81894 | H2: =parametros_recargas!$E$72*'Plan mensual'!J21+parametros_recargas!$F$72*'Plan mensual'!J22+parametros_recargas!$G$72*'Plan mensual'!J23+parametros_recargas!$H$72*'Plan mensual'!J24+parametros_recargas!$I$72*'Plan mensual'!J25+parametros_recargas!$J$72*'Plan mensual'!J26+parametros_recargas!$K$72*'Plan mensual'!J27+parametros_recargas!$L$72*'Plan mensual'!J28 -> 414.81894 | I2: =parametros_recargas!$E$72*'Plan mensual'!K21+parametros_recargas!$F$72*'Plan mensual'!K22+parametros_recargas!$G$72*'Plan mensual'!K23+parametros_recargas!$H$72*'Plan mensual'!K24+parametros_recargas!$I$72*'Plan mensual'!K25+parametros_recargas!$J$72*'Plan mensual'!K26+parametros_recargas!$K$72*'Plan mensual'!K27+parametros_recargas!$L$72*'Plan mensual'!K28 -> 414.81894 | ... M2: =parametros_recargas!$E$72*'Plan mensual'!O21+parametros_recargas!$F$72*'Plan mensual'!O22+parametros_recargas!$G$72*'Plan mensual'!O23+parametros_recargas!$H$72*'Plan mensual'!O24+parametros_recargas!$I$72*'Plan mensual'!O25+parametros_recargas!$J$72*'Plan mensual'!O26+parametros_recargas!$K$72*'Plan mensual'!O27+parametros_recargas!$L$72*'Plan mensual'!O28 -> 414.81894 | N2: =SUM(B2:M2) -> 4977.8273 | O2: =MAX(B2:M2) -> 414.81894 | P2: =O2/parametros_recargas!$B$6 -> 2.7654596
A3: =parametros_recargas!$B$73 -> Inspección visual | B3: =parametros_recargas!$E$73*'Plan mensual'!D21+parametros_recargas!$F$73*'Plan mensual'!D22+parametros_recargas!$G$73*'Plan mensual'!D23+parametros_recargas!$H$73*'Plan mensual'!D24+parametros_recargas!$I$73*'Plan mensual'!D25+parametros_recargas!$J$73*'Plan mensual'!D26+parametros_recargas!$K$73*'Plan mensual'!D27+parametros_recargas!$L$73*'Plan mensual'!D28 -> 414.81894 | C3: =parametros_recargas!$E$73*'Plan mensual'!E21+parametros_recargas!$F$73*'Plan mensual'!E22+parametros_recargas!$G$73*'Plan mensual'!E23+parametros_recargas!$H$73*'Plan mensual'!E24+parametros_recargas!$I$73*'Plan mensual'!E25+parametros_recargas!$J$73*'Plan mensual'!E26+parametros_recargas!$K$73*'Plan mensual'!E27+parametros_recargas!$L$73*'Plan mensual'!E28 -> 414.81894 | D3: =parametros_recargas!$E$73*'Plan mensual'!F21+parametros_recargas!$F$73*'Plan mensual'!F22+parametros_recargas!$G$73*'Plan mensual'!F23+parametros_recargas!$H$73*'Plan mensual'!F24+parametros_recargas!$I$73*'Plan mensual'!F25+parametros_recargas!$J$73*'Plan mensual'!F26+parametros_recargas!$K$73*'Plan mensual'!F27+parametros_recargas!$L$73*'Plan mensual'!F28 -> 414.81894 | E3: =parametros_recargas!$E$73*'Plan mensual'!G21+parametros_recargas!$F$73*'Plan mensual'!G22+parametros_recargas!$G$73*'Plan mensual'!G23+parametros_recargas!$H$73*'Plan mensual'!G24+parametros_recargas!$I$73*'Plan mensual'!G25+parametros_recargas!$J$73*'Plan mensual'!G26+parametros_recargas!$K$73*'Plan mensual'!G27+parametros_recargas!$L$73*'Plan mensual'!G28 -> 414.81894 | F3: =parametros_recargas!$E$73*'Plan mensual'!H21+parametros_recargas!$F$73*'Plan mensual'!H22+parametros_recargas!$G$73*'Plan mensual'!H23+parametros_recargas!$H$73*'Plan mensual'!H24+parametros_recargas!$I$73*'Plan mensual'!H25+parametros_recargas!$J$73*'Plan mensual'!H26+parametros_recargas!$K$73*'Plan mensual'!H27+parametros_recargas!$L$73*'Plan mensual'!H28 -> 414.81894 | G3: =parametros_recargas!$E$73*'Plan mensual'!I21+parametros_recargas!$F$73*'Plan mensual'!I22+parametros_recargas!$G$73*'Plan mensual'!I23+parametros_recargas!$H$73*'Plan mensual'!I24+parametros_recargas!$I$73*'Plan mensual'!I25+parametros_recargas!$J$73*'Plan mensual'!I26+parametros_recargas!$K$73*'Plan mensual'!I27+parametros_recargas!$L$73*'Plan mensual'!I28 -> 414.81894 | H3: =parametros_recargas!$E$73*'Plan mensual'!J21+parametros_recargas!$F$73*'Plan mensual'!J22+parametros_recargas!$G$73*'Plan mensual'!J23+parametros_recargas!$H$73*'Plan mensual'!J24+parametros_recargas!$I$73*'Plan mensual'!J25+parametros_recargas!$J$73*'Plan mensual'!J26+parametros_recargas!$K$73*'Plan mensual'!J27+parametros_recargas!$L$73*'Plan mensual'!J28 -> 414.81894 | I3: =parametros_recargas!$E$73*'Plan mensual'!K21+parametros_recargas!$F$73*'Plan mensual'!K22+parametros_recargas!$G$73*'Plan mensual'!K23+parametros_recargas!$H$73*'Plan mensual'!K24+parametros_recargas!$I$73*'Plan mensual'!K25+parametros_recargas!$J$73*'Plan mensual'!K26+parametros_recargas!$K$73*'Plan mensual'!K27+parametros_recargas!$L$73*'Plan mensual'!K28 -> 414.81894 | ... M3: =parametros_recargas!$E$73*'Plan mensual'!O21+parametros_recargas!$F$73*'Plan mensual'!O22+parametros_recargas!$G$73*'Plan mensual'!O23+parametros_recargas!$H$73*'Plan mensual'!O24+parametros_recargas!$I$73*'Plan mensual'!O25+parametros_recargas!$J$73*'Plan mensual'!O26+parametros_recargas!$K$73*'Plan mensual'!O27+parametros_recargas!$L$73*'Plan mensual'!O28 -> 414.81894 | N3: =SUM(B3:M3) -> 4977.8273 | O3: =MAX(B3:M3) -> 414.81894 | P3: =O3/parametros_recargas!$B$6 -> 2.7654596
A4: =parametros_recargas!$B$74 -> Descarga ABC — ruta recuperable | B4: =parametros_recargas!$E$74*'Plan mensual'!D21+parametros_recargas!$F$74*'Plan mensual'!D22+parametros_recargas!$G$74*'Plan mensual'!D23+parametros_recargas!$H$74*'Plan mensual'!D24+parametros_recargas!$I$74*'Plan mensual'!D25+parametros_recargas!$J$74*'Plan mensual'!D26+parametros_recargas!$K$74*'Plan mensual'!D27+parametros_recargas!$L$74*'Plan mensual'!D28 -> 306.92957 | C4: =parametros_recargas!$E$74*'Plan mensual'!E21+parametros_recargas!$F$74*'Plan mensual'!E22+parametros_recargas!$G$74*'Plan mensual'!E23+parametros_recargas!$H$74*'Plan mensual'!E24+parametros_recargas!$I$74*'Plan mensual'!E25+parametros_recargas!$J$74*'Plan mensual'!E26+parametros_recargas!$K$74*'Plan mensual'!E27+parametros_recargas!$L$74*'Plan mensual'!E28 -> 306.92957 | D4: =parametros_recargas!$E$74*'Plan mensual'!F21+parametros_recargas!$F$74*'Plan mensual'!F22+parametros_recargas!$G$74*'Plan mensual'!F23+parametros_recargas!$H$74*'Plan mensual'!F24+parametros_recargas!$I$74*'Plan mensual'!F25+parametros_recargas!$J$74*'Plan mensual'!F26+parametros_recargas!$K$74*'Plan mensual'!F27+parametros_recargas!$L$74*'Plan mensual'!F28 -> 306.92957 | E4: =parametros_recargas!$E$74*'Plan mensual'!G21+parametros_recargas!$F$74*'Plan mensual'!G22+parametros_recargas!$G$74*'Plan mensual'!G23+parametros_recargas!$H$74*'Plan mensual'!G24+parametros_recargas!$I$74*'Plan mensual'!G25+parametros_recargas!$J$74*'Plan mensual'!G26+parametros_recargas!$K$74*'Plan mensual'!G27+parametros_recargas!$L$74*'Plan mensual'!G28 -> 306.92957 | F4: =parametros_recargas!$E$74*'Plan mensual'!H21+parametros_recargas!$F$74*'Plan mensual'!H22+parametros_recargas!$G$74*'Plan mensual'!H23+parametros_recargas!$H$74*'Plan mensual'!H24+parametros_recargas!$I$74*'Plan mensual'!H25+parametros_recargas!$J$74*'Plan mensual'!H26+parametros_recargas!$K$74*'Plan mensual'!H27+parametros_recargas!$L$74*'Plan mensual'!H28 -> 306.92957 | G4: =parametros_recargas!$E$74*'Plan mensual'!I21+parametros_recargas!$F$74*'Plan mensual'!I22+parametros_recargas!$G$74*'Plan mensual'!I23+parametros_recargas!$H$74*'Plan mensual'!I24+parametros_recargas!$I$74*'Plan mensual'!I25+parametros_recargas!$J$74*'Plan mensual'!I26+parametros_recargas!$K$74*'Plan mensual'!I27+parametros_recargas!$L$74*'Plan mensual'!I28 -> 306.92957 | H4: =parametros_recargas!$E$74*'Plan mensual'!J21+parametros_recargas!$F$74*'Plan mensual'!J22+parametros_recargas!$G$74*'Plan mensual'!J23+parametros_recargas!$H$74*'Plan mensual'!J24+parametros_recargas!$I$74*'Plan mensual'!J25+parametros_recargas!$J$74*'Plan mensual'!J26+parametros_recargas!$K$74*'Plan mensual'!J27+parametros_recargas!$L$74*'Plan mensual'!J28 -> 306.92957 | I4: =parametros_recargas!$E$74*'Plan mensual'!K21+parametros_recargas!$F$74*'Plan mensual'!K22+parametros_recargas!$G$74*'Plan mensual'!K23+parametros_recargas!$H$74*'Plan mensual'!K24+parametros_recargas!$I$74*'Plan mensual'!K25+parametros_recargas!$J$74*'Plan mensual'!K26+parametros_recargas!$K$74*'Plan mensual'!K27+parametros_recargas!$L$74*'Plan mensual'!K28 -> 306.92957 | ... M4: =parametros_recargas!$E$74*'Plan mensual'!O21+parametros_recargas!$F$74*'Plan mensual'!O22+parametros_recargas!$G$74*'Plan mensual'!O23+parametros_recargas!$H$74*'Plan mensual'!O24+parametros_recargas!$I$74*'Plan mensual'!O25+parametros_recargas!$J$74*'Plan mensual'!O26+parametros_recargas!$K$74*'Plan mensual'!O27+parametros_recargas!$L$74*'Plan mensual'!O28 -> 306.92957 | N4: =SUM(B4:M4) -> 3683.1548 | O4: =MAX(B4:M4) -> 306.92957 | P4: =O4/parametros_recargas!$B$6 -> 2.0461971
A5: =parametros_recargas!$B$75 -> Descarga ABC — ruta descarte | B5: =parametros_recargas!$E$75*'Plan mensual'!D21+parametros_recargas!$F$75*'Plan mensual'!D22+parametros_recargas!$G$75*'Plan mensual'!D23+parametros_recargas!$H$75*'Plan mensual'!D24+parametros_recargas!$I$75*'Plan mensual'!D25+parametros_recargas!$J$75*'Plan mensual'!D26+parametros_recargas!$K$75*'Plan mensual'!D27+parametros_recargas!$L$75*'Plan mensual'!D28 -> 36.109361 | C5: =parametros_recargas!$E$75*'Plan mensual'!E21+parametros_recargas!$F$75*'Plan mensual'!E22+parametros_recargas!$G$75*'Plan mensual'!E23+parametros_recargas!$H$75*'Plan mensual'!E24+parametros_recargas!$I$75*'Plan mensual'!E25+parametros_recargas!$J$75*'Plan mensual'!E26+parametros_recargas!$K$75*'Plan mensual'!E27+parametros_recargas!$L$75*'Plan mensual'!E28 -> 36.109361 | D5: =parametros_recargas!$E$75*'Plan mensual'!F21+parametros_recargas!$F$75*'Plan mensual'!F22+parametros_recargas!$G$75*'Plan mensual'!F23+parametros_recargas!$H$75*'Plan mensual'!F24+parametros_recargas!$I$75*'Plan mensual'!F25+parametros_recargas!$J$75*'Plan mensual'!F26+parametros_recargas!$K$75*'Plan mensual'!F27+parametros_recargas!$L$75*'Plan mensual'!F28 -> 36.109361 | E5: =parametros_recargas!$E$75*'Plan mensual'!G21+parametros_recargas!$F$75*'Plan mensual'!G22+parametros_recargas!$G$75*'Plan mensual'!G23+parametros_recargas!$H$75*'Plan mensual'!G24+parametros_recargas!$I$75*'Plan mensual'!G25+parametros_recargas!$J$75*'Plan mensual'!G26+parametros_recargas!$K$75*'Plan mensual'!G27+parametros_recargas!$L$75*'Plan mensual'!G28 -> 36.109361 | F5: =parametros_recargas!$E$75*'Plan mensual'!H21+parametros_recargas!$F$75*'Plan mensual'!H22+parametros_recargas!$G$75*'Plan mensual'!H23+parametros_recargas!$H$75*'Plan mensual'!H24+parametros_recargas!$I$75*'Plan mensual'!H25+parametros_recargas!$J$75*'Plan mensual'!H26+parametros_recargas!$K$75*'Plan mensual'!H27+parametros_recargas!$L$75*'Plan mensual'!H28 -> 36.109361 | G5: =parametros_recargas!$E$75*'Plan mensual'!I21+parametros_recargas!$F$75*'Plan mensual'!I22+parametros_recargas!$G$75*'Plan mensual'!I23+parametros_recargas!$H$75*'Plan mensual'!I24+parametros_recargas!$I$75*'Plan mensual'!I25+parametros_recargas!$J$75*'Plan mensual'!I26+parametros_recargas!$K$75*'Plan mensual'!I27+parametros_recargas!$L$75*'Plan mensual'!I28 -> 36.109361 | H5: =parametros_recargas!$E$75*'Plan mensual'!J21+parametros_recargas!$F$75*'Plan mensual'!J22+parametros_recargas!$G$75*'Plan mensual'!J23+parametros_recargas!$H$75*'Plan mensual'!J24+parametros_recargas!$I$75*'Plan mensual'!J25+parametros_recargas!$J$75*'Plan mensual'!J26+parametros_recargas!$K$75*'Plan mensual'!J27+parametros_recargas!$L$75*'Plan mensual'!J28 -> 36.109361 | I5: =parametros_recargas!$E$75*'Plan mensual'!K21+parametros_recargas!$F$75*'Plan mensual'!K22+parametros_recargas!$G$75*'Plan mensual'!K23+parametros_recargas!$H$75*'Plan mensual'!K24+parametros_recargas!$I$75*'Plan mensual'!K25+parametros_recargas!$J$75*'Plan mensual'!K26+parametros_recargas!$K$75*'Plan mensual'!K27+parametros_recargas!$L$75*'Plan mensual'!K28 -> 36.109361 | ... M5: =parametros_recargas!$E$75*'Plan mensual'!O21+parametros_recargas!$F$75*'Plan mensual'!O22+parametros_recargas!$G$75*'Plan mensual'!O23+parametros_recargas!$H$75*'Plan mensual'!O24+parametros_recargas!$I$75*'Plan mensual'!O25+parametros_recargas!$J$75*'Plan mensual'!O26+parametros_recargas!$K$75*'Plan mensual'!O27+parametros_recargas!$L$75*'Plan mensual'!O28 -> 36.109361 | N5: =SUM(B5:M5) -> 433.31233 | O5: =MAX(B5:M5) -> 36.109361 | P5: =O5/parametros_recargas!$B$6 -> 0.24072907
A6: =parametros_recargas!$B$76 -> Descarga BC | B6: =parametros_recargas!$E$76*'Plan mensual'!D21+parametros_recargas!$F$76*'Plan mensual'!D22+parametros_recargas!$G$76*'Plan mensual'!D23+parametros_recargas!$H$76*'Plan mensual'!D24+parametros_recargas!$I$76*'Plan mensual'!D25+parametros_recargas!$J$76*'Plan mensual'!D26+parametros_recargas!$K$76*'Plan mensual'!D27+parametros_recargas!$L$76*'Plan mensual'!D28 -> 0.40496478 | C6: =parametros_recargas!$E$76*'Plan mensual'!E21+parametros_recargas!$F$76*'Plan mensual'!E22+parametros_recargas!$G$76*'Plan mensual'!E23+parametros_recargas!$H$76*'Plan mensual'!E24+parametros_recargas!$I$76*'Plan mensual'!E25+parametros_recargas!$J$76*'Plan mensual'!E26+parametros_recargas!$K$76*'Plan mensual'!E27+parametros_recargas!$L$76*'Plan mensual'!E28 -> 0.40496478 | D6: =parametros_recargas!$E$76*'Plan mensual'!F21+parametros_recargas!$F$76*'Plan mensual'!F22+parametros_recargas!$G$76*'Plan mensual'!F23+parametros_recargas!$H$76*'Plan mensual'!F24+parametros_recargas!$I$76*'Plan mensual'!F25+parametros_recargas!$J$76*'Plan mensual'!F26+parametros_recargas!$K$76*'Plan mensual'!F27+parametros_recargas!$L$76*'Plan mensual'!F28 -> 0.40496478 | E6: =parametros_recargas!$E$76*'Plan mensual'!G21+parametros_recargas!$F$76*'Plan mensual'!G22+parametros_recargas!$G$76*'Plan mensual'!G23+parametros_recargas!$H$76*'Plan mensual'!G24+parametros_recargas!$I$76*'Plan mensual'!G25+parametros_recargas!$J$76*'Plan mensual'!G26+parametros_recargas!$K$76*'Plan mensual'!G27+parametros_recargas!$L$76*'Plan mensual'!G28 -> 0.40496478 | F6: =parametros_recargas!$E$76*'Plan mensual'!H21+parametros_recargas!$F$76*'Plan mensual'!H22+parametros_recargas!$G$76*'Plan mensual'!H23+parametros_recargas!$H$76*'Plan mensual'!H24+parametros_recargas!$I$76*'Plan mensual'!H25+parametros_recargas!$J$76*'Plan mensual'!H26+parametros_recargas!$K$76*'Plan mensual'!H27+parametros_recargas!$L$76*'Plan mensual'!H28 -> 0.40496478 | G6: =parametros_recargas!$E$76*'Plan mensual'!I21+parametros_recargas!$F$76*'Plan mensual'!I22+parametros_recargas!$G$76*'Plan mensual'!I23+parametros_recargas!$H$76*'Plan mensual'!I24+parametros_recargas!$I$76*'Plan mensual'!I25+parametros_recargas!$J$76*'Plan mensual'!I26+parametros_recargas!$K$76*'Plan mensual'!I27+parametros_recargas!$L$76*'Plan mensual'!I28 -> 0.40496478 | H6: =parametros_recargas!$E$76*'Plan mensual'!J21+parametros_recargas!$F$76*'Plan mensual'!J22+parametros_recargas!$G$76*'Plan mensual'!J23+parametros_recargas!$H$76*'Plan mensual'!J24+parametros_recargas!$I$76*'Plan mensual'!J25+parametros_recargas!$J$76*'Plan mensual'!J26+parametros_recargas!$K$76*'Plan mensual'!J27+parametros_recargas!$L$76*'Plan mensual'!J28 -> 0.40496478 | I6: =parametros_recargas!$E$76*'Plan mensual'!K21+parametros_recargas!$F$76*'Plan mensual'!K22+parametros_recargas!$G$76*'Plan mensual'!K23+parametros_recargas!$H$76*'Plan mensual'!K24+parametros_recargas!$I$76*'Plan mensual'!K25+parametros_recargas!$J$76*'Plan mensual'!K26+parametros_recargas!$K$76*'Plan mensual'!K27+parametros_recargas!$L$76*'Plan mensual'!K28 -> 0.40496478 | ... M6: =parametros_recargas!$E$76*'Plan mensual'!O21+parametros_recargas!$F$76*'Plan mensual'!O22+parametros_recargas!$G$76*'Plan mensual'!O23+parametros_recargas!$H$76*'Plan mensual'!O24+parametros_recargas!$I$76*'Plan mensual'!O25+parametros_recargas!$J$76*'Plan mensual'!O26+parametros_recargas!$K$76*'Plan mensual'!O27+parametros_recargas!$L$76*'Plan mensual'!O28 -> 0.40496478 | N6: =SUM(B6:M6) -> 4.8595774 | O6: =MAX(B6:M6) -> 0.40496478 | P6: =O6/parametros_recargas!$B$6 -> 0.0026997652
A7: =parametros_recargas!$B$77 -> Descarga de agua / AFFF / sales K | B7: =parametros_recargas!$E$77*'Plan mensual'!D21+parametros_recargas!$F$77*'Plan mensual'!D22+parametros_recargas!$G$77*'Plan mensual'!D23+parametros_recargas!$H$77*'Plan mensual'!D24+parametros_recargas!$I$77*'Plan mensual'!D25+parametros_recargas!$J$77*'Plan mensual'!D26+parametros_recargas!$K$77*'Plan mensual'!D27+parametros_recargas!$L$77*'Plan mensual'!D28 -> 17.683463 | C7: =parametros_recargas!$E$77*'Plan mensual'!E21+parametros_recargas!$F$77*'Plan mensual'!E22+parametros_recargas!$G$77*'Plan mensual'!E23+parametros_recargas!$H$77*'Plan mensual'!E24+parametros_recargas!$I$77*'Plan mensual'!E25+parametros_recargas!$J$77*'Plan mensual'!E26+parametros_recargas!$K$77*'Plan mensual'!E27+parametros_recargas!$L$77*'Plan mensual'!E28 -> 17.683463 | D7: =parametros_recargas!$E$77*'Plan mensual'!F21+parametros_recargas!$F$77*'Plan mensual'!F22+parametros_recargas!$G$77*'Plan mensual'!F23+parametros_recargas!$H$77*'Plan mensual'!F24+parametros_recargas!$I$77*'Plan mensual'!F25+parametros_recargas!$J$77*'Plan mensual'!F26+parametros_recargas!$K$77*'Plan mensual'!F27+parametros_recargas!$L$77*'Plan mensual'!F28 -> 17.683463 | E7: =parametros_recargas!$E$77*'Plan mensual'!G21+parametros_recargas!$F$77*'Plan mensual'!G22+parametros_recargas!$G$77*'Plan mensual'!G23+parametros_recargas!$H$77*'Plan mensual'!G24+parametros_recargas!$I$77*'Plan mensual'!G25+parametros_recargas!$J$77*'Plan mensual'!G26+parametros_recargas!$K$77*'Plan mensual'!G27+parametros_recargas!$L$77*'Plan mensual'!G28 -> 17.683463 | F7: =parametros_recargas!$E$77*'Plan mensual'!H21+parametros_recargas!$F$77*'Plan mensual'!H22+parametros_recargas!$G$77*'Plan mensual'!H23+parametros_recargas!$H$77*'Plan mensual'!H24+parametros_recargas!$I$77*'Plan mensual'!H25+parametros_recargas!$J$77*'Plan mensual'!H26+parametros_recargas!$K$77*'Plan mensual'!H27+parametros_recargas!$L$77*'Plan mensual'!H28 -> 17.683463 | G7: =parametros_recargas!$E$77*'Plan mensual'!I21+parametros_recargas!$F$77*'Plan mensual'!I22+parametros_recargas!$G$77*'Plan mensual'!I23+parametros_recargas!$H$77*'Plan mensual'!I24+parametros_recargas!$I$77*'Plan mensual'!I25+parametros_recargas!$J$77*'Plan mensual'!I26+parametros_recargas!$K$77*'Plan mensual'!I27+parametros_recargas!$L$77*'Plan mensual'!I28 -> 17.683463 | H7: =parametros_recargas!$E$77*'Plan mensual'!J21+parametros_recargas!$F$77*'Plan mensual'!J22+parametros_recargas!$G$77*'Plan mensual'!J23+parametros_recargas!$H$77*'Plan mensual'!J24+parametros_recargas!$I$77*'Plan mensual'!J25+parametros_recargas!$J$77*'Plan mensual'!J26+parametros_recargas!$K$77*'Plan mensual'!J27+parametros_recargas!$L$77*'Plan mensual'!J28 -> 17.683463 | I7: =parametros_recargas!$E$77*'Plan mensual'!K21+parametros_recargas!$F$77*'Plan mensual'!K22+parametros_recargas!$G$77*'Plan mensual'!K23+parametros_recargas!$H$77*'Plan mensual'!K24+parametros_recargas!$I$77*'Plan mensual'!K25+parametros_recargas!$J$77*'Plan mensual'!K26+parametros_recargas!$K$77*'Plan mensual'!K27+parametros_recargas!$L$77*'Plan mensual'!K28 -> 17.683463 | ... M7: =parametros_recargas!$E$77*'Plan mensual'!O21+parametros_recargas!$F$77*'Plan mensual'!O22+parametros_recargas!$G$77*'Plan mensual'!O23+parametros_recargas!$H$77*'Plan mensual'!O24+parametros_recargas!$I$77*'Plan mensual'!O25+parametros_recargas!$J$77*'Plan mensual'!O26+parametros_recargas!$K$77*'Plan mensual'!O27+parametros_recargas!$L$77*'Plan mensual'!O28 -> 17.683463 | N7: =SUM(B7:M7) -> 212.20155 | O7: =MAX(B7:M7) -> 17.683463 | P7: =O7/parametros_recargas!$B$6 -> 0.11788975
A8: =parametros_recargas!$B$78 -> Recuperación de CO₂ | B8: =parametros_recargas!$E$78*'Plan mensual'!D21+parametros_recargas!$F$78*'Plan mensual'!D22+parametros_recargas!$G$78*'Plan mensual'!D23+parametros_recargas!$H$78*'Plan mensual'!D24+parametros_recargas!$I$78*'Plan mensual'!D25+parametros_recargas!$J$78*'Plan mensual'!D26+parametros_recargas!$K$78*'Plan mensual'!D27+parametros_recargas!$L$78*'Plan mensual'!D28 -> 8.5380078 | C8: =parametros_recargas!$E$78*'Plan mensual'!E21+parametros_recargas!$F$78*'Plan mensual'!E22+parametros_recargas!$G$78*'Plan mensual'!E23+parametros_recargas!$H$78*'Plan mensual'!E24+parametros_recargas!$I$78*'Plan mensual'!E25+parametros_recargas!$J$78*'Plan mensual'!E26+parametros_recargas!$K$78*'Plan mensual'!E27+parametros_recargas!$L$78*'Plan mensual'!E28 -> 8.5380078 | D8: =parametros_recargas!$E$78*'Plan mensual'!F21+parametros_recargas!$F$78*'Plan mensual'!F22+parametros_recargas!$G$78*'Plan mensual'!F23+parametros_recargas!$H$78*'Plan mensual'!F24+parametros_recargas!$I$78*'Plan mensual'!F25+parametros_recargas!$J$78*'Plan mensual'!F26+parametros_recargas!$K$78*'Plan mensual'!F27+parametros_recargas!$L$78*'Plan mensual'!F28 -> 8.5380078 | E8: =parametros_recargas!$E$78*'Plan mensual'!G21+parametros_recargas!$F$78*'Plan mensual'!G22+parametros_recargas!$G$78*'Plan mensual'!G23+parametros_recargas!$H$78*'Plan mensual'!G24+parametros_recargas!$I$78*'Plan mensual'!G25+parametros_recargas!$J$78*'Plan mensual'!G26+parametros_recargas!$K$78*'Plan mensual'!G27+parametros_recargas!$L$78*'Plan mensual'!G28 -> 8.5380078 | F8: =parametros_recargas!$E$78*'Plan mensual'!H21+parametros_recargas!$F$78*'Plan mensual'!H22+parametros_recargas!$G$78*'Plan mensual'!H23+parametros_recargas!$H$78*'Plan mensual'!H24+parametros_recargas!$I$78*'Plan mensual'!H25+parametros_recargas!$J$78*'Plan mensual'!H26+parametros_recargas!$K$78*'Plan mensual'!H27+parametros_recargas!$L$78*'Plan mensual'!H28 -> 8.5380078 | G8: =parametros_recargas!$E$78*'Plan mensual'!I21+parametros_recargas!$F$78*'Plan mensual'!I22+parametros_recargas!$G$78*'Plan mensual'!I23+parametros_recargas!$H$78*'Plan mensual'!I24+parametros_recargas!$I$78*'Plan mensual'!I25+parametros_recargas!$J$78*'Plan mensual'!I26+parametros_recargas!$K$78*'Plan mensual'!I27+parametros_recargas!$L$78*'Plan mensual'!I28 -> 8.5380078 | H8: =parametros_recargas!$E$78*'Plan mensual'!J21+parametros_recargas!$F$78*'Plan mensual'!J22+parametros_recargas!$G$78*'Plan mensual'!J23+parametros_recargas!$H$78*'Plan mensual'!J24+parametros_recargas!$I$78*'Plan mensual'!J25+parametros_recargas!$J$78*'Plan mensual'!J26+parametros_recargas!$K$78*'Plan mensual'!J27+parametros_recargas!$L$78*'Plan mensual'!J28 -> 8.5380078 | I8: =parametros_recargas!$E$78*'Plan mensual'!K21+parametros_recargas!$F$78*'Plan mensual'!K22+parametros_recargas!$G$78*'Plan mensual'!K23+parametros_recargas!$H$78*'Plan mensual'!K24+parametros_recargas!$I$78*'Plan mensual'!K25+parametros_recargas!$J$78*'Plan mensual'!K26+parametros_recargas!$K$78*'Plan mensual'!K27+parametros_recargas!$L$78*'Plan mensual'!K28 -> 8.5380078 | ... M8: =parametros_recargas!$E$78*'Plan mensual'!O21+parametros_recargas!$F$78*'Plan mensual'!O22+parametros_recargas!$G$78*'Plan mensual'!O23+parametros_recargas!$H$78*'Plan mensual'!O24+parametros_recargas!$I$78*'Plan mensual'!O25+parametros_recargas!$J$78*'Plan mensual'!O26+parametros_recargas!$K$78*'Plan mensual'!O27+parametros_recargas!$L$78*'Plan mensual'!O28 -> 8.5380078 | N8: =SUM(B8:M8) -> 102.45609 | O8: =MAX(B8:M8) -> 8.5380078 | P8: =O8/parametros_recargas!$B$6 -> 0.056920052
A9: =parametros_recargas!$B$79 -> Recuperación de halogenado | B9: =parametros_recargas!$E$79*'Plan mensual'!D21+parametros_recargas!$F$79*'Plan mensual'!D22+parametros_recargas!$G$79*'Plan mensual'!D23+parametros_recargas!$H$79*'Plan mensual'!D24+parametros_recargas!$I$79*'Plan mensual'!D25+parametros_recargas!$J$79*'Plan mensual'!D26+parametros_recargas!$K$79*'Plan mensual'!D27+parametros_recargas!$L$79*'Plan mensual'!D28 -> 0.26997653 | C9: =parametros_recargas!$E$79*'Plan mensual'!E21+parametros_recargas!$F$79*'Plan mensual'!E22+parametros_recargas!$G$79*'Plan mensual'!E23+parametros_recargas!$H$79*'Plan mensual'!E24+parametros_recargas!$I$79*'Plan mensual'!E25+parametros_recargas!$J$79*'Plan mensual'!E26+parametros_recargas!$K$79*'Plan mensual'!E27+parametros_recargas!$L$79*'Plan mensual'!E28 -> 0.26997653 | D9: =parametros_recargas!$E$79*'Plan mensual'!F21+parametros_recargas!$F$79*'Plan mensual'!F22+parametros_recargas!$G$79*'Plan mensual'!F23+parametros_recargas!$H$79*'Plan mensual'!F24+parametros_recargas!$I$79*'Plan mensual'!F25+parametros_recargas!$J$79*'Plan mensual'!F26+parametros_recargas!$K$79*'Plan mensual'!F27+parametros_recargas!$L$79*'Plan mensual'!F28 -> 0.26997653 | E9: =parametros_recargas!$E$79*'Plan mensual'!G21+parametros_recargas!$F$79*'Plan mensual'!G22+parametros_recargas!$G$79*'Plan mensual'!G23+parametros_recargas!$H$79*'Plan mensual'!G24+parametros_recargas!$I$79*'Plan mensual'!G25+parametros_recargas!$J$79*'Plan mensual'!G26+parametros_recargas!$K$79*'Plan mensual'!G27+parametros_recargas!$L$79*'Plan mensual'!G28 -> 0.26997653 | F9: =parametros_recargas!$E$79*'Plan mensual'!H21+parametros_recargas!$F$79*'Plan mensual'!H22+parametros_recargas!$G$79*'Plan mensual'!H23+parametros_recargas!$H$79*'Plan mensual'!H24+parametros_recargas!$I$79*'Plan mensual'!H25+parametros_recargas!$J$79*'Plan mensual'!H26+parametros_recargas!$K$79*'Plan mensual'!H27+parametros_recargas!$L$79*'Plan mensual'!H28 -> 0.26997653 | G9: =parametros_recargas!$E$79*'Plan mensual'!I21+parametros_recargas!$F$79*'Plan mensual'!I22+parametros_recargas!$G$79*'Plan mensual'!I23+parametros_recargas!$H$79*'Plan mensual'!I24+parametros_recargas!$I$79*'Plan mensual'!I25+parametros_recargas!$J$79*'Plan mensual'!I26+parametros_recargas!$K$79*'Plan mensual'!I27+parametros_recargas!$L$79*'Plan mensual'!I28 -> 0.26997653 | H9: =parametros_recargas!$E$79*'Plan mensual'!J21+parametros_recargas!$F$79*'Plan mensual'!J22+parametros_recargas!$G$79*'Plan mensual'!J23+parametros_recargas!$H$79*'Plan mensual'!J24+parametros_recargas!$I$79*'Plan mensual'!J25+parametros_recargas!$J$79*'Plan mensual'!J26+parametros_recargas!$K$79*'Plan mensual'!J27+parametros_recargas!$L$79*'Plan mensual'!J28 -> 0.26997653 | I9: =parametros_recargas!$E$79*'Plan mensual'!K21+parametros_recargas!$F$79*'Plan mensual'!K22+parametros_recargas!$G$79*'Plan mensual'!K23+parametros_recargas!$H$79*'Plan mensual'!K24+parametros_recargas!$I$79*'Plan mensual'!K25+parametros_recargas!$J$79*'Plan mensual'!K26+parametros_recargas!$K$79*'Plan mensual'!K27+parametros_recargas!$L$79*'Plan mensual'!K28 -> 0.26997653 | ... M9: =parametros_recargas!$E$79*'Plan mensual'!O21+parametros_recargas!$F$79*'Plan mensual'!O22+parametros_recargas!$G$79*'Plan mensual'!O23+parametros_recargas!$H$79*'Plan mensual'!O24+parametros_recargas!$I$79*'Plan mensual'!O25+parametros_recargas!$J$79*'Plan mensual'!O26+parametros_recargas!$K$79*'Plan mensual'!O27+parametros_recargas!$L$79*'Plan mensual'!O28 -> 0.26997653 | N9: =SUM(B9:M9) -> 3.2397184 | O9: =MAX(B9:M9) -> 0.26997653 | P9: =O9/parametros_recargas!$B$6 -> 0.0017998436
A10: =parametros_recargas!$B$80 -> Desarme y limpieza — recinto | B10: =parametros_recargas!$E$80*'Plan mensual'!D21+parametros_recargas!$F$80*'Plan mensual'!D22+parametros_recargas!$G$80*'Plan mensual'!D23+parametros_recargas!$H$80*'Plan mensual'!D24+parametros_recargas!$I$80*'Plan mensual'!D25+parametros_recargas!$J$80*'Plan mensual'!D26+parametros_recargas!$K$80*'Plan mensual'!D27+parametros_recargas!$L$80*'Plan mensual'!D28 -> 361.90354 | C10: =parametros_recargas!$E$80*'Plan mensual'!E21+parametros_recargas!$F$80*'Plan mensual'!E22+parametros_recargas!$G$80*'Plan mensual'!E23+parametros_recargas!$H$80*'Plan mensual'!E24+parametros_recargas!$I$80*'Plan mensual'!E25+parametros_recargas!$J$80*'Plan mensual'!E26+parametros_recargas!$K$80*'Plan mensual'!E27+parametros_recargas!$L$80*'Plan mensual'!E28 -> 361.90354 | D10: =parametros_recargas!$E$80*'Plan mensual'!F21+parametros_recargas!$F$80*'Plan mensual'!F22+parametros_recargas!$G$80*'Plan mensual'!F23+parametros_recargas!$H$80*'Plan mensual'!F24+parametros_recargas!$I$80*'Plan mensual'!F25+parametros_recargas!$J$80*'Plan mensual'!F26+parametros_recargas!$K$80*'Plan mensual'!F27+parametros_recargas!$L$80*'Plan mensual'!F28 -> 361.90354 | E10: =parametros_recargas!$E$80*'Plan mensual'!G21+parametros_recargas!$F$80*'Plan mensual'!G22+parametros_recargas!$G$80*'Plan mensual'!G23+parametros_recargas!$H$80*'Plan mensual'!G24+parametros_recargas!$I$80*'Plan mensual'!G25+parametros_recargas!$J$80*'Plan mensual'!G26+parametros_recargas!$K$80*'Plan mensual'!G27+parametros_recargas!$L$80*'Plan mensual'!G28 -> 361.90354 | F10: =parametros_recargas!$E$80*'Plan mensual'!H21+parametros_recargas!$F$80*'Plan mensual'!H22+parametros_recargas!$G$80*'Plan mensual'!H23+parametros_recargas!$H$80*'Plan mensual'!H24+parametros_recargas!$I$80*'Plan mensual'!H25+parametros_recargas!$J$80*'Plan mensual'!H26+parametros_recargas!$K$80*'Plan mensual'!H27+parametros_recargas!$L$80*'Plan mensual'!H28 -> 361.90354 | G10: =parametros_recargas!$E$80*'Plan mensual'!I21+parametros_recargas!$F$80*'Plan mensual'!I22+parametros_recargas!$G$80*'Plan mensual'!I23+parametros_recargas!$H$80*'Plan mensual'!I24+parametros_recargas!$I$80*'Plan mensual'!I25+parametros_recargas!$J$80*'Plan mensual'!I26+parametros_recargas!$K$80*'Plan mensual'!I27+parametros_recargas!$L$80*'Plan mensual'!I28 -> 361.90354 | H10: =parametros_recargas!$E$80*'Plan mensual'!J21+parametros_recargas!$F$80*'Plan mensual'!J22+parametros_recargas!$G$80*'Plan mensual'!J23+parametros_recargas!$H$80*'Plan mensual'!J24+parametros_recargas!$I$80*'Plan mensual'!J25+parametros_recargas!$J$80*'Plan mensual'!J26+parametros_recargas!$K$80*'Plan mensual'!J27+parametros_recargas!$L$80*'Plan mensual'!J28 -> 361.90354 | I10: =parametros_recargas!$E$80*'Plan mensual'!K21+parametros_recargas!$F$80*'Plan mensual'!K22+parametros_recargas!$G$80*'Plan mensual'!K23+parametros_recargas!$H$80*'Plan mensual'!K24+parametros_recargas!$I$80*'Plan mensual'!K25+parametros_recargas!$J$80*'Plan mensual'!K26+parametros_recargas!$K$80*'Plan mensual'!K27+parametros_recargas!$L$80*'Plan mensual'!K28 -> 361.90354 | ... M10: =parametros_recargas!$E$80*'Plan mensual'!O21+parametros_recargas!$F$80*'Plan mensual'!O22+parametros_recargas!$G$80*'Plan mensual'!O23+parametros_recargas!$H$80*'Plan mensual'!O24+parametros_recargas!$I$80*'Plan mensual'!O25+parametros_recargas!$J$80*'Plan mensual'!O26+parametros_recargas!$K$80*'Plan mensual'!O27+parametros_recargas!$L$80*'Plan mensual'!O28 -> 361.90354 | N10: =SUM(B10:M10) -> 4342.8425 | O10: =MAX(B10:M10) -> 361.90354 | P10: =O10/parametros_recargas!$B$6 -> 2.4126903
A11: =parametros_recargas!$B$81 -> Desarme e inspección interior — zona general | B11: =parametros_recargas!$E$81*'Plan mensual'!D21+parametros_recargas!$F$81*'Plan mensual'!D22+parametros_recargas!$G$81*'Plan mensual'!D23+parametros_recargas!$H$81*'Plan mensual'!D24+parametros_recargas!$I$81*'Plan mensual'!D25+parametros_recargas!$J$81*'Plan mensual'!D26+parametros_recargas!$K$81*'Plan mensual'!D27+parametros_recargas!$L$81*'Plan mensual'!D28 -> 26.491447 | C11: =parametros_recargas!$E$81*'Plan mensual'!E21+parametros_recargas!$F$81*'Plan mensual'!E22+parametros_recargas!$G$81*'Plan mensual'!E23+parametros_recargas!$H$81*'Plan mensual'!E24+parametros_recargas!$I$81*'Plan mensual'!E25+parametros_recargas!$J$81*'Plan mensual'!E26+parametros_recargas!$K$81*'Plan mensual'!E27+parametros_recargas!$L$81*'Plan mensual'!E28 -> 26.491447 | D11: =parametros_recargas!$E$81*'Plan mensual'!F21+parametros_recargas!$F$81*'Plan mensual'!F22+parametros_recargas!$G$81*'Plan mensual'!F23+parametros_recargas!$H$81*'Plan mensual'!F24+parametros_recargas!$I$81*'Plan mensual'!F25+parametros_recargas!$J$81*'Plan mensual'!F26+parametros_recargas!$K$81*'Plan mensual'!F27+parametros_recargas!$L$81*'Plan mensual'!F28 -> 26.491447 | E11: =parametros_recargas!$E$81*'Plan mensual'!G21+parametros_recargas!$F$81*'Plan mensual'!G22+parametros_recargas!$G$81*'Plan mensual'!G23+parametros_recargas!$H$81*'Plan mensual'!G24+parametros_recargas!$I$81*'Plan mensual'!G25+parametros_recargas!$J$81*'Plan mensual'!G26+parametros_recargas!$K$81*'Plan mensual'!G27+parametros_recargas!$L$81*'Plan mensual'!G28 -> 26.491447 | F11: =parametros_recargas!$E$81*'Plan mensual'!H21+parametros_recargas!$F$81*'Plan mensual'!H22+parametros_recargas!$G$81*'Plan mensual'!H23+parametros_recargas!$H$81*'Plan mensual'!H24+parametros_recargas!$I$81*'Plan mensual'!H25+parametros_recargas!$J$81*'Plan mensual'!H26+parametros_recargas!$K$81*'Plan mensual'!H27+parametros_recargas!$L$81*'Plan mensual'!H28 -> 26.491447 | G11: =parametros_recargas!$E$81*'Plan mensual'!I21+parametros_recargas!$F$81*'Plan mensual'!I22+parametros_recargas!$G$81*'Plan mensual'!I23+parametros_recargas!$H$81*'Plan mensual'!I24+parametros_recargas!$I$81*'Plan mensual'!I25+parametros_recargas!$J$81*'Plan mensual'!I26+parametros_recargas!$K$81*'Plan mensual'!I27+parametros_recargas!$L$81*'Plan mensual'!I28 -> 26.491447 | H11: =parametros_recargas!$E$81*'Plan mensual'!J21+parametros_recargas!$F$81*'Plan mensual'!J22+parametros_recargas!$G$81*'Plan mensual'!J23+parametros_recargas!$H$81*'Plan mensual'!J24+parametros_recargas!$I$81*'Plan mensual'!J25+parametros_recargas!$J$81*'Plan mensual'!J26+parametros_recargas!$K$81*'Plan mensual'!J27+parametros_recargas!$L$81*'Plan mensual'!J28 -> 26.491447 | I11: =parametros_recargas!$E$81*'Plan mensual'!K21+parametros_recargas!$F$81*'Plan mensual'!K22+parametros_recargas!$G$81*'Plan mensual'!K23+parametros_recargas!$H$81*'Plan mensual'!K24+parametros_recargas!$I$81*'Plan mensual'!K25+parametros_recargas!$J$81*'Plan mensual'!K26+parametros_recargas!$K$81*'Plan mensual'!K27+parametros_recargas!$L$81*'Plan mensual'!K28 -> 26.491447 | ... M11: =parametros_recargas!$E$81*'Plan mensual'!O21+parametros_recargas!$F$81*'Plan mensual'!O22+parametros_recargas!$G$81*'Plan mensual'!O23+parametros_recargas!$H$81*'Plan mensual'!O24+parametros_recargas!$I$81*'Plan mensual'!O25+parametros_recargas!$J$81*'Plan mensual'!O26+parametros_recargas!$K$81*'Plan mensual'!O27+parametros_recargas!$L$81*'Plan mensual'!O28 -> 26.491447 | N11: =SUM(B11:M11) -> 317.89736 | O11: =MAX(B11:M11) -> 26.491447 | P11: =O11/parametros_recargas!$B$6 -> 0.17660965
A12: =parametros_recargas!$B$82 -> Laboratorio — Puffer y mufla | B12: =parametros_recargas!$E$82*'Plan mensual'!D21+parametros_recargas!$F$82*'Plan mensual'!D22+parametros_recargas!$G$82*'Plan mensual'!D23+parametros_recargas!$H$82*'Plan mensual'!D24+parametros_recargas!$I$82*'Plan mensual'!D25+parametros_recargas!$J$82*'Plan mensual'!D26+parametros_recargas!$K$82*'Plan mensual'!D27+parametros_recargas!$L$82*'Plan mensual'!D28 -> 0.36149857 | C12: =parametros_recargas!$E$82*'Plan mensual'!E21+parametros_recargas!$F$82*'Plan mensual'!E22+parametros_recargas!$G$82*'Plan mensual'!E23+parametros_recargas!$H$82*'Plan mensual'!E24+parametros_recargas!$I$82*'Plan mensual'!E25+parametros_recargas!$J$82*'Plan mensual'!E26+parametros_recargas!$K$82*'Plan mensual'!E27+parametros_recargas!$L$82*'Plan mensual'!E28 -> 0.36149857 | D12: =parametros_recargas!$E$82*'Plan mensual'!F21+parametros_recargas!$F$82*'Plan mensual'!F22+parametros_recargas!$G$82*'Plan mensual'!F23+parametros_recargas!$H$82*'Plan mensual'!F24+parametros_recargas!$I$82*'Plan mensual'!F25+parametros_recargas!$J$82*'Plan mensual'!F26+parametros_recargas!$K$82*'Plan mensual'!F27+parametros_recargas!$L$82*'Plan mensual'!F28 -> 0.36149857 | E12: =parametros_recargas!$E$82*'Plan mensual'!G21+parametros_recargas!$F$82*'Plan mensual'!G22+parametros_recargas!$G$82*'Plan mensual'!G23+parametros_recargas!$H$82*'Plan mensual'!G24+parametros_recargas!$I$82*'Plan mensual'!G25+parametros_recargas!$J$82*'Plan mensual'!G26+parametros_recargas!$K$82*'Plan mensual'!G27+parametros_recargas!$L$82*'Plan mensual'!G28 -> 0.36149857 | F12: =parametros_recargas!$E$82*'Plan mensual'!H21+parametros_recargas!$F$82*'Plan mensual'!H22+parametros_recargas!$G$82*'Plan mensual'!H23+parametros_recargas!$H$82*'Plan mensual'!H24+parametros_recargas!$I$82*'Plan mensual'!H25+parametros_recargas!$J$82*'Plan mensual'!H26+parametros_recargas!$K$82*'Plan mensual'!H27+parametros_recargas!$L$82*'Plan mensual'!H28 -> 0.36149857 | G12: =parametros_recargas!$E$82*'Plan mensual'!I21+parametros_recargas!$F$82*'Plan mensual'!I22+parametros_recargas!$G$82*'Plan mensual'!I23+parametros_recargas!$H$82*'Plan mensual'!I24+parametros_recargas!$I$82*'Plan mensual'!I25+parametros_recargas!$J$82*'Plan mensual'!I26+parametros_recargas!$K$82*'Plan mensual'!I27+parametros_recargas!$L$82*'Plan mensual'!I28 -> 0.36149857 | H12: =parametros_recargas!$E$82*'Plan mensual'!J21+parametros_recargas!$F$82*'Plan mensual'!J22+parametros_recargas!$G$82*'Plan mensual'!J23+parametros_recargas!$H$82*'Plan mensual'!J24+parametros_recargas!$I$82*'Plan mensual'!J25+parametros_recargas!$J$82*'Plan mensual'!J26+parametros_recargas!$K$82*'Plan mensual'!J27+parametros_recargas!$L$82*'Plan mensual'!J28 -> 0.36149857 | I12: =parametros_recargas!$E$82*'Plan mensual'!K21+parametros_recargas!$F$82*'Plan mensual'!K22+parametros_recargas!$G$82*'Plan mensual'!K23+parametros_recargas!$H$82*'Plan mensual'!K24+parametros_recargas!$I$82*'Plan mensual'!K25+parametros_recargas!$J$82*'Plan mensual'!K26+parametros_recargas!$K$82*'Plan mensual'!K27+parametros_recargas!$L$82*'Plan mensual'!K28 -> 0.36149857 | ... M12: =parametros_recargas!$E$82*'Plan mensual'!O21+parametros_recargas!$F$82*'Plan mensual'!O22+parametros_recargas!$G$82*'Plan mensual'!O23+parametros_recargas!$H$82*'Plan mensual'!O24+parametros_recargas!$I$82*'Plan mensual'!O25+parametros_recargas!$J$82*'Plan mensual'!O26+parametros_recargas!$K$82*'Plan mensual'!O27+parametros_recargas!$L$82*'Plan mensual'!O28 -> 0.36149857 | N12: =SUM(B12:M12) -> 4.3379829 | O12: =MAX(B12:M12) -> 0.36149857 | P12: =O12/parametros_recargas!$B$6 -> 0.0024099905
A13: =parametros_recargas!$B$83 -> Prueba hidráulica | B13: =parametros_recargas!$E$83*'Plan mensual'!D21+parametros_recargas!$F$83*'Plan mensual'!D22+parametros_recargas!$G$83*'Plan mensual'!D23+parametros_recargas!$H$83*'Plan mensual'!D24+parametros_recargas!$I$83*'Plan mensual'!D25+parametros_recargas!$J$83*'Plan mensual'!D26+parametros_recargas!$K$83*'Plan mensual'!D27+parametros_recargas!$L$83*'Plan mensual'!D28 -> 88.268826 | C13: =parametros_recargas!$E$83*'Plan mensual'!E21+parametros_recargas!$F$83*'Plan mensual'!E22+parametros_recargas!$G$83*'Plan mensual'!E23+parametros_recargas!$H$83*'Plan mensual'!E24+parametros_recargas!$I$83*'Plan mensual'!E25+parametros_recargas!$J$83*'Plan mensual'!E26+parametros_recargas!$K$83*'Plan mensual'!E27+parametros_recargas!$L$83*'Plan mensual'!E28 -> 88.268826 | D13: =parametros_recargas!$E$83*'Plan mensual'!F21+parametros_recargas!$F$83*'Plan mensual'!F22+parametros_recargas!$G$83*'Plan mensual'!F23+parametros_recargas!$H$83*'Plan mensual'!F24+parametros_recargas!$I$83*'Plan mensual'!F25+parametros_recargas!$J$83*'Plan mensual'!F26+parametros_recargas!$K$83*'Plan mensual'!F27+parametros_recargas!$L$83*'Plan mensual'!F28 -> 88.268826 | E13: =parametros_recargas!$E$83*'Plan mensual'!G21+parametros_recargas!$F$83*'Plan mensual'!G22+parametros_recargas!$G$83*'Plan mensual'!G23+parametros_recargas!$H$83*'Plan mensual'!G24+parametros_recargas!$I$83*'Plan mensual'!G25+parametros_recargas!$J$83*'Plan mensual'!G26+parametros_recargas!$K$83*'Plan mensual'!G27+parametros_recargas!$L$83*'Plan mensual'!G28 -> 88.268826 | F13: =parametros_recargas!$E$83*'Plan mensual'!H21+parametros_recargas!$F$83*'Plan mensual'!H22+parametros_recargas!$G$83*'Plan mensual'!H23+parametros_recargas!$H$83*'Plan mensual'!H24+parametros_recargas!$I$83*'Plan mensual'!H25+parametros_recargas!$J$83*'Plan mensual'!H26+parametros_recargas!$K$83*'Plan mensual'!H27+parametros_recargas!$L$83*'Plan mensual'!H28 -> 88.268826 | G13: =parametros_recargas!$E$83*'Plan mensual'!I21+parametros_recargas!$F$83*'Plan mensual'!I22+parametros_recargas!$G$83*'Plan mensual'!I23+parametros_recargas!$H$83*'Plan mensual'!I24+parametros_recargas!$I$83*'Plan mensual'!I25+parametros_recargas!$J$83*'Plan mensual'!I26+parametros_recargas!$K$83*'Plan mensual'!I27+parametros_recargas!$L$83*'Plan mensual'!I28 -> 88.268826 | H13: =parametros_recargas!$E$83*'Plan mensual'!J21+parametros_recargas!$F$83*'Plan mensual'!J22+parametros_recargas!$G$83*'Plan mensual'!J23+parametros_recargas!$H$83*'Plan mensual'!J24+parametros_recargas!$I$83*'Plan mensual'!J25+parametros_recargas!$J$83*'Plan mensual'!J26+parametros_recargas!$K$83*'Plan mensual'!J27+parametros_recargas!$L$83*'Plan mensual'!J28 -> 88.268826 | I13: =parametros_recargas!$E$83*'Plan mensual'!K21+parametros_recargas!$F$83*'Plan mensual'!K22+parametros_recargas!$G$83*'Plan mensual'!K23+parametros_recargas!$H$83*'Plan mensual'!K24+parametros_recargas!$I$83*'Plan mensual'!K25+parametros_recargas!$J$83*'Plan mensual'!K26+parametros_recargas!$K$83*'Plan mensual'!K27+parametros_recargas!$L$83*'Plan mensual'!K28 -> 88.268826 | ... M13: =parametros_recargas!$E$83*'Plan mensual'!O21+parametros_recargas!$F$83*'Plan mensual'!O22+parametros_recargas!$G$83*'Plan mensual'!O23+parametros_recargas!$H$83*'Plan mensual'!O24+parametros_recargas!$I$83*'Plan mensual'!O25+parametros_recargas!$J$83*'Plan mensual'!O26+parametros_recargas!$K$83*'Plan mensual'!O27+parametros_recargas!$L$83*'Plan mensual'!O28 -> 88.268826 | N13: =SUM(B13:M13) -> 1059.2259 | O13: =MAX(B13:M13) -> 88.268826 | P13: =O13/parametros_recargas!$B$6 -> 0.58845884
A14: =parametros_recargas!$B$84 -> Secado | B14: =parametros_recargas!$E$84*'Plan mensual'!D21+parametros_recargas!$F$84*'Plan mensual'!D22+parametros_recargas!$G$84*'Plan mensual'!D23+parametros_recargas!$H$84*'Plan mensual'!D24+parametros_recargas!$I$84*'Plan mensual'!D25+parametros_recargas!$J$84*'Plan mensual'!D26+parametros_recargas!$K$84*'Plan mensual'!D27+parametros_recargas!$L$84*'Plan mensual'!D28 -> 83.046131 | C14: =parametros_recargas!$E$84*'Plan mensual'!E21+parametros_recargas!$F$84*'Plan mensual'!E22+parametros_recargas!$G$84*'Plan mensual'!E23+parametros_recargas!$H$84*'Plan mensual'!E24+parametros_recargas!$I$84*'Plan mensual'!E25+parametros_recargas!$J$84*'Plan mensual'!E26+parametros_recargas!$K$84*'Plan mensual'!E27+parametros_recargas!$L$84*'Plan mensual'!E28 -> 83.046131 | D14: =parametros_recargas!$E$84*'Plan mensual'!F21+parametros_recargas!$F$84*'Plan mensual'!F22+parametros_recargas!$G$84*'Plan mensual'!F23+parametros_recargas!$H$84*'Plan mensual'!F24+parametros_recargas!$I$84*'Plan mensual'!F25+parametros_recargas!$J$84*'Plan mensual'!F26+parametros_recargas!$K$84*'Plan mensual'!F27+parametros_recargas!$L$84*'Plan mensual'!F28 -> 83.046131 | E14: =parametros_recargas!$E$84*'Plan mensual'!G21+parametros_recargas!$F$84*'Plan mensual'!G22+parametros_recargas!$G$84*'Plan mensual'!G23+parametros_recargas!$H$84*'Plan mensual'!G24+parametros_recargas!$I$84*'Plan mensual'!G25+parametros_recargas!$J$84*'Plan mensual'!G26+parametros_recargas!$K$84*'Plan mensual'!G27+parametros_recargas!$L$84*'Plan mensual'!G28 -> 83.046131 | F14: =parametros_recargas!$E$84*'Plan mensual'!H21+parametros_recargas!$F$84*'Plan mensual'!H22+parametros_recargas!$G$84*'Plan mensual'!H23+parametros_recargas!$H$84*'Plan mensual'!H24+parametros_recargas!$I$84*'Plan mensual'!H25+parametros_recargas!$J$84*'Plan mensual'!H26+parametros_recargas!$K$84*'Plan mensual'!H27+parametros_recargas!$L$84*'Plan mensual'!H28 -> 83.046131 | G14: =parametros_recargas!$E$84*'Plan mensual'!I21+parametros_recargas!$F$84*'Plan mensual'!I22+parametros_recargas!$G$84*'Plan mensual'!I23+parametros_recargas!$H$84*'Plan mensual'!I24+parametros_recargas!$I$84*'Plan mensual'!I25+parametros_recargas!$J$84*'Plan mensual'!I26+parametros_recargas!$K$84*'Plan mensual'!I27+parametros_recargas!$L$84*'Plan mensual'!I28 -> 83.046131 | H14: =parametros_recargas!$E$84*'Plan mensual'!J21+parametros_recargas!$F$84*'Plan mensual'!J22+parametros_recargas!$G$84*'Plan mensual'!J23+parametros_recargas!$H$84*'Plan mensual'!J24+parametros_recargas!$I$84*'Plan mensual'!J25+parametros_recargas!$J$84*'Plan mensual'!J26+parametros_recargas!$K$84*'Plan mensual'!J27+parametros_recargas!$L$84*'Plan mensual'!J28 -> 83.046131 | I14: =parametros_recargas!$E$84*'Plan mensual'!K21+parametros_recargas!$F$84*'Plan mensual'!K22+parametros_recargas!$G$84*'Plan mensual'!K23+parametros_recargas!$H$84*'Plan mensual'!K24+parametros_recargas!$I$84*'Plan mensual'!K25+parametros_recargas!$J$84*'Plan mensual'!K26+parametros_recargas!$K$84*'Plan mensual'!K27+parametros_recargas!$L$84*'Plan mensual'!K28 -> 83.046131 | ... M14: =parametros_recargas!$E$84*'Plan mensual'!O21+parametros_recargas!$F$84*'Plan mensual'!O22+parametros_recargas!$G$84*'Plan mensual'!O23+parametros_recargas!$H$84*'Plan mensual'!O24+parametros_recargas!$I$84*'Plan mensual'!O25+parametros_recargas!$J$84*'Plan mensual'!O26+parametros_recargas!$K$84*'Plan mensual'!O27+parametros_recargas!$L$84*'Plan mensual'!O28 -> 83.046131 | N14: =SUM(B14:M14) -> 996.55357 | O14: =MAX(B14:M14) -> 83.046131 | P14: =O14/parametros_recargas!$B$6 -> 0.55364087
A15: =parametros_recargas!$B$85 -> Inspección interior con videoscopio | B15: =parametros_recargas!$E$85*'Plan mensual'!D21+parametros_recargas!$F$85*'Plan mensual'!D22+parametros_recargas!$G$85*'Plan mensual'!D23+parametros_recargas!$H$85*'Plan mensual'!D24+parametros_recargas!$I$85*'Plan mensual'!D25+parametros_recargas!$J$85*'Plan mensual'!D26+parametros_recargas!$K$85*'Plan mensual'!D27+parametros_recargas!$L$85*'Plan mensual'!D28 -> 83.046131 | C15: =parametros_recargas!$E$85*'Plan mensual'!E21+parametros_recargas!$F$85*'Plan mensual'!E22+parametros_recargas!$G$85*'Plan mensual'!E23+parametros_recargas!$H$85*'Plan mensual'!E24+parametros_recargas!$I$85*'Plan mensual'!E25+parametros_recargas!$J$85*'Plan mensual'!E26+parametros_recargas!$K$85*'Plan mensual'!E27+parametros_recargas!$L$85*'Plan mensual'!E28 -> 83.046131 | D15: =parametros_recargas!$E$85*'Plan mensual'!F21+parametros_recargas!$F$85*'Plan mensual'!F22+parametros_recargas!$G$85*'Plan mensual'!F23+parametros_recargas!$H$85*'Plan mensual'!F24+parametros_recargas!$I$85*'Plan mensual'!F25+parametros_recargas!$J$85*'Plan mensual'!F26+parametros_recargas!$K$85*'Plan mensual'!F27+parametros_recargas!$L$85*'Plan mensual'!F28 -> 83.046131 | E15: =parametros_recargas!$E$85*'Plan mensual'!G21+parametros_recargas!$F$85*'Plan mensual'!G22+parametros_recargas!$G$85*'Plan mensual'!G23+parametros_recargas!$H$85*'Plan mensual'!G24+parametros_recargas!$I$85*'Plan mensual'!G25+parametros_recargas!$J$85*'Plan mensual'!G26+parametros_recargas!$K$85*'Plan mensual'!G27+parametros_recargas!$L$85*'Plan mensual'!G28 -> 83.046131 | F15: =parametros_recargas!$E$85*'Plan mensual'!H21+parametros_recargas!$F$85*'Plan mensual'!H22+parametros_recargas!$G$85*'Plan mensual'!H23+parametros_recargas!$H$85*'Plan mensual'!H24+parametros_recargas!$I$85*'Plan mensual'!H25+parametros_recargas!$J$85*'Plan mensual'!H26+parametros_recargas!$K$85*'Plan mensual'!H27+parametros_recargas!$L$85*'Plan mensual'!H28 -> 83.046131 | G15: =parametros_recargas!$E$85*'Plan mensual'!I21+parametros_recargas!$F$85*'Plan mensual'!I22+parametros_recargas!$G$85*'Plan mensual'!I23+parametros_recargas!$H$85*'Plan mensual'!I24+parametros_recargas!$I$85*'Plan mensual'!I25+parametros_recargas!$J$85*'Plan mensual'!I26+parametros_recargas!$K$85*'Plan mensual'!I27+parametros_recargas!$L$85*'Plan mensual'!I28 -> 83.046131 | H15: =parametros_recargas!$E$85*'Plan mensual'!J21+parametros_recargas!$F$85*'Plan mensual'!J22+parametros_recargas!$G$85*'Plan mensual'!J23+parametros_recargas!$H$85*'Plan mensual'!J24+parametros_recargas!$I$85*'Plan mensual'!J25+parametros_recargas!$J$85*'Plan mensual'!J26+parametros_recargas!$K$85*'Plan mensual'!J27+parametros_recargas!$L$85*'Plan mensual'!J28 -> 83.046131 | I15: =parametros_recargas!$E$85*'Plan mensual'!K21+parametros_recargas!$F$85*'Plan mensual'!K22+parametros_recargas!$G$85*'Plan mensual'!K23+parametros_recargas!$H$85*'Plan mensual'!K24+parametros_recargas!$I$85*'Plan mensual'!K25+parametros_recargas!$J$85*'Plan mensual'!K26+parametros_recargas!$K$85*'Plan mensual'!K27+parametros_recargas!$L$85*'Plan mensual'!K28 -> 83.046131 | ... M15: =parametros_recargas!$E$85*'Plan mensual'!O21+parametros_recargas!$F$85*'Plan mensual'!O22+parametros_recargas!$G$85*'Plan mensual'!O23+parametros_recargas!$H$85*'Plan mensual'!O24+parametros_recargas!$I$85*'Plan mensual'!O25+parametros_recargas!$J$85*'Plan mensual'!O26+parametros_recargas!$K$85*'Plan mensual'!O27+parametros_recargas!$L$85*'Plan mensual'!O28 -> 83.046131 | N15: =SUM(B15:M15) -> 996.55357 | O15: =MAX(B15:M15) -> 83.046131 | P15: =O15/parametros_recargas!$B$6 -> 0.55364087
A16: =parametros_recargas!$B$86 -> Pintura | B16: =parametros_recargas!$E$86*'Plan mensual'!D21+parametros_recargas!$F$86*'Plan mensual'!D22+parametros_recargas!$G$86*'Plan mensual'!D23+parametros_recargas!$H$86*'Plan mensual'!D24+parametros_recargas!$I$86*'Plan mensual'!D25+parametros_recargas!$J$86*'Plan mensual'!D26+parametros_recargas!$K$86*'Plan mensual'!D27+parametros_recargas!$L$86*'Plan mensual'!D28 -> 41.481894 | C16: =parametros_recargas!$E$86*'Plan mensual'!E21+parametros_recargas!$F$86*'Plan mensual'!E22+parametros_recargas!$G$86*'Plan mensual'!E23+parametros_recargas!$H$86*'Plan mensual'!E24+parametros_recargas!$I$86*'Plan mensual'!E25+parametros_recargas!$J$86*'Plan mensual'!E26+parametros_recargas!$K$86*'Plan mensual'!E27+parametros_recargas!$L$86*'Plan mensual'!E28 -> 41.481894 | D16: =parametros_recargas!$E$86*'Plan mensual'!F21+parametros_recargas!$F$86*'Plan mensual'!F22+parametros_recargas!$G$86*'Plan mensual'!F23+parametros_recargas!$H$86*'Plan mensual'!F24+parametros_recargas!$I$86*'Plan mensual'!F25+parametros_recargas!$J$86*'Plan mensual'!F26+parametros_recargas!$K$86*'Plan mensual'!F27+parametros_recargas!$L$86*'Plan mensual'!F28 -> 41.481894 | E16: =parametros_recargas!$E$86*'Plan mensual'!G21+parametros_recargas!$F$86*'Plan mensual'!G22+parametros_recargas!$G$86*'Plan mensual'!G23+parametros_recargas!$H$86*'Plan mensual'!G24+parametros_recargas!$I$86*'Plan mensual'!G25+parametros_recargas!$J$86*'Plan mensual'!G26+parametros_recargas!$K$86*'Plan mensual'!G27+parametros_recargas!$L$86*'Plan mensual'!G28 -> 41.481894 | F16: =parametros_recargas!$E$86*'Plan mensual'!H21+parametros_recargas!$F$86*'Plan mensual'!H22+parametros_recargas!$G$86*'Plan mensual'!H23+parametros_recargas!$H$86*'Plan mensual'!H24+parametros_recargas!$I$86*'Plan mensual'!H25+parametros_recargas!$J$86*'Plan mensual'!H26+parametros_recargas!$K$86*'Plan mensual'!H27+parametros_recargas!$L$86*'Plan mensual'!H28 -> 41.481894 | G16: =parametros_recargas!$E$86*'Plan mensual'!I21+parametros_recargas!$F$86*'Plan mensual'!I22+parametros_recargas!$G$86*'Plan mensual'!I23+parametros_recargas!$H$86*'Plan mensual'!I24+parametros_recargas!$I$86*'Plan mensual'!I25+parametros_recargas!$J$86*'Plan mensual'!I26+parametros_recargas!$K$86*'Plan mensual'!I27+parametros_recargas!$L$86*'Plan mensual'!I28 -> 41.481894 | H16: =parametros_recargas!$E$86*'Plan mensual'!J21+parametros_recargas!$F$86*'Plan mensual'!J22+parametros_recargas!$G$86*'Plan mensual'!J23+parametros_recargas!$H$86*'Plan mensual'!J24+parametros_recargas!$I$86*'Plan mensual'!J25+parametros_recargas!$J$86*'Plan mensual'!J26+parametros_recargas!$K$86*'Plan mensual'!J27+parametros_recargas!$L$86*'Plan mensual'!J28 -> 41.481894 | I16: =parametros_recargas!$E$86*'Plan mensual'!K21+parametros_recargas!$F$86*'Plan mensual'!K22+parametros_recargas!$G$86*'Plan mensual'!K23+parametros_recargas!$H$86*'Plan mensual'!K24+parametros_recargas!$I$86*'Plan mensual'!K25+parametros_recargas!$J$86*'Plan mensual'!K26+parametros_recargas!$K$86*'Plan mensual'!K27+parametros_recargas!$L$86*'Plan mensual'!K28 -> 41.481894 | ... M16: =parametros_recargas!$E$86*'Plan mensual'!O21+parametros_recargas!$F$86*'Plan mensual'!O22+parametros_recargas!$G$86*'Plan mensual'!O23+parametros_recargas!$H$86*'Plan mensual'!O24+parametros_recargas!$I$86*'Plan mensual'!O25+parametros_recargas!$J$86*'Plan mensual'!O26+parametros_recargas!$K$86*'Plan mensual'!O27+parametros_recargas!$L$86*'Plan mensual'!O28 -> 41.481894 | N16: =SUM(B16:M16) -> 497.78273 | O16: =MAX(B16:M16) -> 41.481894 | P16: =O16/parametros_recargas!$B$6 -> 0.27654596
A17: =parametros_recargas!$B$87 -> Carga de polvo ABC | B17: =parametros_recargas!$E$87*'Plan mensual'!D21+parametros_recargas!$F$87*'Plan mensual'!D22+parametros_recargas!$G$87*'Plan mensual'!D23+parametros_recargas!$H$87*'Plan mensual'!D24+parametros_recargas!$I$87*'Plan mensual'!D25+parametros_recargas!$J$87*'Plan mensual'!D26+parametros_recargas!$K$87*'Plan mensual'!D27+parametros_recargas!$L$87*'Plan mensual'!D28 -> 361.09361 | C17: =parametros_recargas!$E$87*'Plan mensual'!E21+parametros_recargas!$F$87*'Plan mensual'!E22+parametros_recargas!$G$87*'Plan mensual'!E23+parametros_recargas!$H$87*'Plan mensual'!E24+parametros_recargas!$I$87*'Plan mensual'!E25+parametros_recargas!$J$87*'Plan mensual'!E26+parametros_recargas!$K$87*'Plan mensual'!E27+parametros_recargas!$L$87*'Plan mensual'!E28 -> 361.09361 | D17: =parametros_recargas!$E$87*'Plan mensual'!F21+parametros_recargas!$F$87*'Plan mensual'!F22+parametros_recargas!$G$87*'Plan mensual'!F23+parametros_recargas!$H$87*'Plan mensual'!F24+parametros_recargas!$I$87*'Plan mensual'!F25+parametros_recargas!$J$87*'Plan mensual'!F26+parametros_recargas!$K$87*'Plan mensual'!F27+parametros_recargas!$L$87*'Plan mensual'!F28 -> 361.09361 | E17: =parametros_recargas!$E$87*'Plan mensual'!G21+parametros_recargas!$F$87*'Plan mensual'!G22+parametros_recargas!$G$87*'Plan mensual'!G23+parametros_recargas!$H$87*'Plan mensual'!G24+parametros_recargas!$I$87*'Plan mensual'!G25+parametros_recargas!$J$87*'Plan mensual'!G26+parametros_recargas!$K$87*'Plan mensual'!G27+parametros_recargas!$L$87*'Plan mensual'!G28 -> 361.09361 | F17: =parametros_recargas!$E$87*'Plan mensual'!H21+parametros_recargas!$F$87*'Plan mensual'!H22+parametros_recargas!$G$87*'Plan mensual'!H23+parametros_recargas!$H$87*'Plan mensual'!H24+parametros_recargas!$I$87*'Plan mensual'!H25+parametros_recargas!$J$87*'Plan mensual'!H26+parametros_recargas!$K$87*'Plan mensual'!H27+parametros_recargas!$L$87*'Plan mensual'!H28 -> 361.09361 | G17: =parametros_recargas!$E$87*'Plan mensual'!I21+parametros_recargas!$F$87*'Plan mensual'!I22+parametros_recargas!$G$87*'Plan mensual'!I23+parametros_recargas!$H$87*'Plan mensual'!I24+parametros_recargas!$I$87*'Plan mensual'!I25+parametros_recargas!$J$87*'Plan mensual'!I26+parametros_recargas!$K$87*'Plan mensual'!I27+parametros_recargas!$L$87*'Plan mensual'!I28 -> 361.09361 | H17: =parametros_recargas!$E$87*'Plan mensual'!J21+parametros_recargas!$F$87*'Plan mensual'!J22+parametros_recargas!$G$87*'Plan mensual'!J23+parametros_recargas!$H$87*'Plan mensual'!J24+parametros_recargas!$I$87*'Plan mensual'!J25+parametros_recargas!$J$87*'Plan mensual'!J26+parametros_recargas!$K$87*'Plan mensual'!J27+parametros_recargas!$L$87*'Plan mensual'!J28 -> 361.09361 | I17: =parametros_recargas!$E$87*'Plan mensual'!K21+parametros_recargas!$F$87*'Plan mensual'!K22+parametros_recargas!$G$87*'Plan mensual'!K23+parametros_recargas!$H$87*'Plan mensual'!K24+parametros_recargas!$I$87*'Plan mensual'!K25+parametros_recargas!$J$87*'Plan mensual'!K26+parametros_recargas!$K$87*'Plan mensual'!K27+parametros_recargas!$L$87*'Plan mensual'!K28 -> 361.09361 | ... M17: =parametros_recargas!$E$87*'Plan mensual'!O21+parametros_recargas!$F$87*'Plan mensual'!O22+parametros_recargas!$G$87*'Plan mensual'!O23+parametros_recargas!$H$87*'Plan mensual'!O24+parametros_recargas!$I$87*'Plan mensual'!O25+parametros_recargas!$J$87*'Plan mensual'!O26+parametros_recargas!$K$87*'Plan mensual'!O27+parametros_recargas!$L$87*'Plan mensual'!O28 -> 361.09361 | N17: =SUM(B17:M17) -> 4333.1233 | O17: =MAX(B17:M17) -> 361.09361 | P17: =O17/parametros_recargas!$B$6 -> 2.4072907
