Workbook

Sheet PROY_Indexado
A1: Proyecciones — Indexado Dim Técnico
A3: Recargas por tipo | B3: 2026 | C3: 2027 | D3: 2028 | E3: 2029 | F3: 2030 | G3: 2031 | H3: 2032 | I3: 2033 | J3: 2034 | K3: 2035
A4: ABC 1 kg | B4: =IFERROR(__xludf.DUMMYFUNCTION("IMPORTRANGE(""https://docs.google.com/spreadsheets/d/1xc4xDAwSYT3l-RulPYtcePxiCninrbQGzaBUsgO0YEs/edit?gid=1764491891#gid=1764491891"",""Indexado Dim Técnico!B27:K43"")"),3477.482124) -> 3477.4821 | C4: =IFERROR(__xludf.DUMMYFUNCTION("""COMPUTED_VALUE"""),16970.58564) -> 16970.586 | D4: =IFERROR(__xludf.DUMMYFUNCTION("""COMPUTED_VALUE"""),30546.08951) -> 30546.09 | E4: =IFERROR(__xludf.DUMMYFUNCTION("""COMPUTED_VALUE"""),56048.31106) -> 56048.311 | F4: =IFERROR(__xludf.DUMMYFUNCTION("""COMPUTED_VALUE"""),84270.22613) -> 84270.226 | G4: =IFERROR(__xludf.DUMMYFUNCTION("""COMPUTED_VALUE"""),117407.8231) -> 117407.82 | H4: =IFERROR(__xludf.DUMMYFUNCTION("""COMPUTED_VALUE"""),147610.6356) -> 147610.64 | I4: =IFERROR(__xludf.DUMMYFUNCTION("""COMPUTED_VALUE"""),171404.3607) -> 171404.36 | J4: =IFERROR(__xludf.DUMMYFUNCTION("""COMPUTED_VALUE"""),183690.566) -> 183690.57 | K4: =IFERROR(__xludf.DUMMYFUNCTION("""COMPUTED_VALUE"""),196282.6907) -> 196282.69
A5: ABC 2,5 kg | B5: =IFERROR(__xludf.DUMMYFUNCTION("""COMPUTED_VALUE"""),329.996668) -> 329.99667 | C5: =IFERROR(__xludf.DUMMYFUNCTION("""COMPUTED_VALUE"""),1287.414024) -> 1287.414 | D5: =IFERROR(__xludf.DUMMYFUNCTION("""COMPUTED_VALUE"""),2947.169216) -> 2947.1692 | E5: =IFERROR(__xludf.DUMMYFUNCTION("""COMPUTED_VALUE"""),5426.043269) -> 5426.0433 | F5: =IFERROR(__xludf.DUMMYFUNCTION("""COMPUTED_VALUE"""),7850.875806) -> 7850.8758 | G5: =IFERROR(__xludf.DUMMYFUNCTION("""COMPUTED_VALUE"""),10423.94365) -> 10423.944 | H5: =IFERROR(__xludf.DUMMYFUNCTION("""COMPUTED_VALUE"""),12809.89571) -> 12809.896 | I5: =IFERROR(__xludf.DUMMYFUNCTION("""COMPUTED_VALUE"""),14263.06831) -> 14263.068 | J5: =IFERROR(__xludf.DUMMYFUNCTION("""COMPUTED_VALUE"""),15432.86983) -> 15432.87 | K5: =IFERROR(__xludf.DUMMYFUNCTION("""COMPUTED_VALUE"""),16620.76117) -> 16620.761
A6: ABC 5 kg | B6: =IFERROR(__xludf.DUMMYFUNCTION("""COMPUTED_VALUE"""),1950.394097) -> 1950.3941 | C6: =IFERROR(__xludf.DUMMYFUNCTION("""COMPUTED_VALUE"""),7852.61852) -> 7852.6185 | D6: =IFERROR(__xludf.DUMMYFUNCTION("""COMPUTED_VALUE"""),17775.85701) -> 17775.857 | E6: =IFERROR(__xludf.DUMMYFUNCTION("""COMPUTED_VALUE"""),33605.56835) -> 33605.568 | F6: =IFERROR(__xludf.DUMMYFUNCTION("""COMPUTED_VALUE"""),48407.57189) -> 48407.572 | G6: =IFERROR(__xludf.DUMMYFUNCTION("""COMPUTED_VALUE"""),64323.04276) -> 64323.043 | H6: =IFERROR(__xludf.DUMMYFUNCTION("""COMPUTED_VALUE"""),78721.10039) -> 78721.1 | I6: =IFERROR(__xludf.DUMMYFUNCTION("""COMPUTED_VALUE"""),87237.2124) -> 87237.212 | J6: =IFERROR(__xludf.DUMMYFUNCTION("""COMPUTED_VALUE"""),94103.66761) -> 94103.668 | K6: =IFERROR(__xludf.DUMMYFUNCTION("""COMPUTED_VALUE"""),101095.1762) -> 101095.18
A7: ABC 10 kg | B7: =IFERROR(__xludf.DUMMYFUNCTION("""COMPUTED_VALUE"""),118.343632) -> 118.34363 | C7: =IFERROR(__xludf.DUMMYFUNCTION("""COMPUTED_VALUE"""),437.716578) -> 437.71658 | D7: =IFERROR(__xludf.DUMMYFUNCTION("""COMPUTED_VALUE"""),1024.974821) -> 1024.9748 | E7: =IFERROR(__xludf.DUMMYFUNCTION("""COMPUTED_VALUE"""),1960.409862) -> 1960.4099 | F7: =IFERROR(__xludf.DUMMYFUNCTION("""COMPUTED_VALUE"""),2844.976846) -> 2844.9768 | G7: =IFERROR(__xludf.DUMMYFUNCTION("""COMPUTED_VALUE"""),3810.390622) -> 3810.3906 | H7: =IFERROR(__xludf.DUMMYFUNCTION("""COMPUTED_VALUE"""),4663.67807) -> 4663.6781 | I7: =IFERROR(__xludf.DUMMYFUNCTION("""COMPUTED_VALUE"""),5164.514584) -> 5164.5146 | J7: =IFERROR(__xludf.DUMMYFUNCTION("""COMPUTED_VALUE"""),5571.544328) -> 5571.5443 | K7: =IFERROR(__xludf.DUMMYFUNCTION("""COMPUTED_VALUE"""),5985.950855) -> 5985.9509
A8: Agua 10 l | B8: =IFERROR(__xludf.DUMMYFUNCTION("""COMPUTED_VALUE"""),159.308736) -> 159.30874 | C8: =IFERROR(__xludf.DUMMYFUNCTION("""COMPUTED_VALUE"""),643.423542) -> 643.42354 | D8: =IFERROR(__xludf.DUMMYFUNCTION("""COMPUTED_VALUE"""),1474.362741) -> 1474.3627 | E8: =IFERROR(__xludf.DUMMYFUNCTION("""COMPUTED_VALUE"""),2766.451205) -> 2766.4512 | F8: =IFERROR(__xludf.DUMMYFUNCTION("""COMPUTED_VALUE"""),3991.465221) -> 3991.4652 | G8: =IFERROR(__xludf.DUMMYFUNCTION("""COMPUTED_VALUE"""),5335.75578) -> 5335.7558 | H8: =IFERROR(__xludf.DUMMYFUNCTION("""COMPUTED_VALUE"""),6538.958887) -> 6538.9589 | I8: =IFERROR(__xludf.DUMMYFUNCTION("""COMPUTED_VALUE"""),7269.819681) -> 7269.8197 | J8: =IFERROR(__xludf.DUMMYFUNCTION("""COMPUTED_VALUE"""),7855.44139) -> 7855.4414 | K8: =IFERROR(__xludf.DUMMYFUNCTION("""COMPUTED_VALUE"""),8450.814081) -> 8450.8141
A9: AFFF 10 l | B9: =IFERROR(__xludf.DUMMYFUNCTION("""COMPUTED_VALUE"""),22.758391) -> 22.758391 | C9: =IFERROR(__xludf.DUMMYFUNCTION("""COMPUTED_VALUE"""),161.315751) -> 161.31575 | D9: =IFERROR(__xludf.DUMMYFUNCTION("""COMPUTED_VALUE"""),316.607276) -> 316.60728 | E9: =IFERROR(__xludf.DUMMYFUNCTION("""COMPUTED_VALUE"""),527.39462) -> 527.39462 | F9: =IFERROR(__xludf.DUMMYFUNCTION("""COMPUTED_VALUE"""),743.788946) -> 743.78895 | G9: =IFERROR(__xludf.DUMMYFUNCTION("""COMPUTED_VALUE"""),962.874335) -> 962.87433 | H9: =IFERROR(__xludf.DUMMYFUNCTION("""COMPUTED_VALUE"""),1194.942207) -> 1194.9422 | I9: =IFERROR(__xludf.DUMMYFUNCTION("""COMPUTED_VALUE"""),1351.617183) -> 1351.6172 | J9: =IFERROR(__xludf.DUMMYFUNCTION("""COMPUTED_VALUE"""),1477.54886) -> 1477.5489 | K9: =IFERROR(__xludf.DUMMYFUNCTION("""COMPUTED_VALUE"""),1604.441422) -> 1604.4414
A10: AFFF 50 l s/ruedas | B10: =IFERROR(__xludf.DUMMYFUNCTION("""COMPUTED_VALUE"""),11.379195) -> 11.379195 | C10: =IFERROR(__xludf.DUMMYFUNCTION("""COMPUTED_VALUE"""),83.22352) -> 83.22352 | D10: =IFERROR(__xludf.DUMMYFUNCTION("""COMPUTED_VALUE"""),164.463834) -> 164.46383 | E10: =IFERROR(__xludf.DUMMYFUNCTION("""COMPUTED_VALUE"""),281.341145) -> 281.34114 | F10: =IFERROR(__xludf.DUMMYFUNCTION("""COMPUTED_VALUE"""),398.902509) -> 398.90251 | G10: =IFERROR(__xludf.DUMMYFUNCTION("""COMPUTED_VALUE"""),514.527284) -> 514.52728 | H10: =IFERROR(__xludf.DUMMYFUNCTION("""COMPUTED_VALUE"""),629.065505) -> 629.06551 | I10: =IFERROR(__xludf.DUMMYFUNCTION("""COMPUTED_VALUE"""),711.178024) -> 711.17802 | J10: =IFERROR(__xludf.DUMMYFUNCTION("""COMPUTED_VALUE"""),773.41098) -> 773.41098 | K10: =IFERROR(__xludf.DUMMYFUNCTION("""COMPUTED_VALUE"""),836.350805) -> 836.35081
A11: BC 5 kg | B11: =IFERROR(__xludf.DUMMYFUNCTION("""COMPUTED_VALUE"""),6.827517) -> 6.827517 | C11: =IFERROR(__xludf.DUMMYFUNCTION("""COMPUTED_VALUE"""),47.073112) -> 47.073112 | D11: =IFERROR(__xludf.DUMMYFUNCTION("""COMPUTED_VALUE"""),88.889676) -> 88.889676 | E11: =IFERROR(__xludf.DUMMYFUNCTION("""COMPUTED_VALUE"""),159.502491) -> 159.50249 | F11: =IFERROR(__xludf.DUMMYFUNCTION("""COMPUTED_VALUE"""),219.796202) -> 219.7962 | G11: =IFERROR(__xludf.DUMMYFUNCTION("""COMPUTED_VALUE"""),291.869853) -> 291.86985 | H11: =IFERROR(__xludf.DUMMYFUNCTION("""COMPUTED_VALUE"""),368.844169) -> 368.84417 | I11: =IFERROR(__xludf.DUMMYFUNCTION("""COMPUTED_VALUE"""),408.408953) -> 408.40895 | J11: =IFERROR(__xludf.DUMMYFUNCTION("""COMPUTED_VALUE"""),445.781944) -> 445.78194 | K11: =IFERROR(__xludf.DUMMYFUNCTION("""COMPUTED_VALUE"""),483.479203) -> 483.4792
A12: Sales K 6 l | B12: =IFERROR(__xludf.DUMMYFUNCTION("""COMPUTED_VALUE"""),81.930207) -> 81.930207 | C12: =IFERROR(__xludf.DUMMYFUNCTION("""COMPUTED_VALUE"""),335.398855) -> 335.39886 | D12: =IFERROR(__xludf.DUMMYFUNCTION("""COMPUTED_VALUE"""),746.598352) -> 746.59835 | E12: =IFERROR(__xludf.DUMMYFUNCTION("""COMPUTED_VALUE"""),1358.899837) -> 1358.8998 | F12: =IFERROR(__xludf.DUMMYFUNCTION("""COMPUTED_VALUE"""),1961.125522) -> 1961.1255 | G12: =IFERROR(__xludf.DUMMYFUNCTION("""COMPUTED_VALUE"""),2598.541412) -> 2598.5414 | H12: =IFERROR(__xludf.DUMMYFUNCTION("""COMPUTED_VALUE"""),3197.263477) -> 3197.2635 | I12: =IFERROR(__xludf.DUMMYFUNCTION("""COMPUTED_VALUE"""),3578.539452) -> 3578.5395 | J12: =IFERROR(__xludf.DUMMYFUNCTION("""COMPUTED_VALUE"""),3870.747997) -> 3870.748 | K12: =IFERROR(__xludf.DUMMYFUNCTION("""COMPUTED_VALUE"""),4167.559622) -> 4167.5596
A13: CO₂ 2 kg | B13: =IFERROR(__xludf.DUMMYFUNCTION("""COMPUTED_VALUE"""),450.616139) -> 450.61614 | C13: =IFERROR(__xludf.DUMMYFUNCTION("""COMPUTED_VALUE"""),1697.18149) -> 1697.1815 | D13: =IFERROR(__xludf.DUMMYFUNCTION("""COMPUTED_VALUE"""),3955.196858) -> 3955.1969 | E13: =IFERROR(__xludf.DUMMYFUNCTION("""COMPUTED_VALUE"""),7561.26033) -> 7561.2603 | F13: =IFERROR(__xludf.DUMMYFUNCTION("""COMPUTED_VALUE"""),10920.14481) -> 10920.145 | G13: =IFERROR(__xludf.DUMMYFUNCTION("""COMPUTED_VALUE"""),14514.88522) -> 14514.885 | H13: =IFERROR(__xludf.DUMMYFUNCTION("""COMPUTED_VALUE"""),17746.49927) -> 17746.499 | I13: =IFERROR(__xludf.DUMMYFUNCTION("""COMPUTED_VALUE"""),19617.20546) -> 19617.205 | J13: =IFERROR(__xludf.DUMMYFUNCTION("""COMPUTED_VALUE"""),21161.80625) -> 21161.806 | K13: =IFERROR(__xludf.DUMMYFUNCTION("""COMPUTED_VALUE"""),22734.50171) -> 22734.502
A14: CO₂ 5 kg | B14: =IFERROR(__xludf.DUMMYFUNCTION("""COMPUTED_VALUE"""),125.17115) -> 125.17115 | C14: =IFERROR(__xludf.DUMMYFUNCTION("""COMPUTED_VALUE"""),643.630371) -> 643.63037 | D14: =IFERROR(__xludf.DUMMYFUNCTION("""COMPUTED_VALUE"""),1375.626719) -> 1375.6267 | E14: =IFERROR(__xludf.DUMMYFUNCTION("""COMPUTED_VALUE"""),2460.284265) -> 2460.2843 | F14: =IFERROR(__xludf.DUMMYFUNCTION("""COMPUTED_VALUE"""),3545.257683) -> 3545.2577 | G14: =IFERROR(__xludf.DUMMYFUNCTION("""COMPUTED_VALUE"""),4723.461784) -> 4723.4618 | H14: =IFERROR(__xludf.DUMMYFUNCTION("""COMPUTED_VALUE"""),5853.905178) -> 5853.9052 | I14: =IFERROR(__xludf.DUMMYFUNCTION("""COMPUTED_VALUE"""),6608.459909) -> 6608.4599 | J14: =IFERROR(__xludf.DUMMYFUNCTION("""COMPUTED_VALUE"""),7185.708397) -> 7185.7084 | K14: =IFERROR(__xludf.DUMMYFUNCTION("""COMPUTED_VALUE"""),7769.577127) -> 7769.5771
A15: HCFC/HFC 5 kg | B15: =IFERROR(__xludf.DUMMYFUNCTION("""COMPUTED_VALUE"""),18.206713) -> 18.206713 | C15: =IFERROR(__xludf.DUMMYFUNCTION("""COMPUTED_VALUE"""),112.075122) -> 112.07512 | D15: =IFERROR(__xludf.DUMMYFUNCTION("""COMPUTED_VALUE"""),230.854041) -> 230.85404 | E15: =IFERROR(__xludf.DUMMYFUNCTION("""COMPUTED_VALUE"""),400.715334) -> 400.71533 | F15: =IFERROR(__xludf.DUMMYFUNCTION("""COMPUTED_VALUE"""),574.507789) -> 574.50779 | G15: =IFERROR(__xludf.DUMMYFUNCTION("""COMPUTED_VALUE"""),754.345623) -> 754.34562 | H15: =IFERROR(__xludf.DUMMYFUNCTION("""COMPUTED_VALUE"""),944.84884) -> 944.84884 | I15: =IFERROR(__xludf.DUMMYFUNCTION("""COMPUTED_VALUE"""),1072.234671) -> 1072.2347 | J15: =IFERROR(__xludf.DUMMYFUNCTION("""COMPUTED_VALUE"""),1171.695753) -> 1171.6958 | K15: =IFERROR(__xludf.DUMMYFUNCTION("""COMPUTED_VALUE"""),1271.941099) -> 1271.9411
A16: Clase D 9 l | B16: =IFERROR(__xludf.DUMMYFUNCTION("""COMPUTED_VALUE"""),6.827517) -> 6.827517 | C16: =IFERROR(__xludf.DUMMYFUNCTION("""COMPUTED_VALUE"""),47.073112) -> 47.073112 | D16: =IFERROR(__xludf.DUMMYFUNCTION("""COMPUTED_VALUE"""),88.889676) -> 88.889676 | E16: =IFERROR(__xludf.DUMMYFUNCTION("""COMPUTED_VALUE"""),148.279182) -> 148.27918 | F16: =IFERROR(__xludf.DUMMYFUNCTION("""COMPUTED_VALUE"""),205.226053) -> 205.22605 | G16: =IFERROR(__xludf.DUMMYFUNCTION("""COMPUTED_VALUE"""),255.765145) -> 255.76514 | H16: =IFERROR(__xludf.DUMMYFUNCTION("""COMPUTED_VALUE"""),328.417902) -> 328.4179 | I16: =IFERROR(__xludf.DUMMYFUNCTION("""COMPUTED_VALUE"""),366.908071) -> 366.90807 | J16: =IFERROR(__xludf.DUMMYFUNCTION("""COMPUTED_VALUE"""),401.681707) -> 401.68171 | K16: =IFERROR(__xludf.DUMMYFUNCTION("""COMPUTED_VALUE"""),436.686782) -> 436.68678
A17: ABC 25 kg s/ruedas | B17: =IFERROR(__xludf.DUMMYFUNCTION("""COMPUTED_VALUE"""),17.637753) -> 17.637753 | C17: =IFERROR(__xludf.DUMMYFUNCTION("""COMPUTED_VALUE"""),85.987819) -> 85.987819 | D17: =IFERROR(__xludf.DUMMYFUNCTION("""COMPUTED_VALUE"""),186.869567) -> 186.86957 | E17: =IFERROR(__xludf.DUMMYFUNCTION("""COMPUTED_VALUE"""),336.583621) -> 336.58362 | F17: =IFERROR(__xludf.DUMMYFUNCTION("""COMPUTED_VALUE"""),484.132598) -> 484.1326 | G17: =IFERROR(__xludf.DUMMYFUNCTION("""COMPUTED_VALUE"""),643.220385) -> 643.22038 | H17: =IFERROR(__xludf.DUMMYFUNCTION("""COMPUTED_VALUE"""),792.431742) -> 792.43174 | I17: =IFERROR(__xludf.DUMMYFUNCTION("""COMPUTED_VALUE"""),889.677707) -> 889.67771 | J17: =IFERROR(__xludf.DUMMYFUNCTION("""COMPUTED_VALUE"""),965.31111) -> 965.31111 | K17: =IFERROR(__xludf.DUMMYFUNCTION("""COMPUTED_VALUE"""),1041.939702) -> 1041.9397
A18: ABC 50 kg s/ruedas | B18: =IFERROR(__xludf.DUMMYFUNCTION("""COMPUTED_VALUE"""),38.803056) -> 38.803056 | C18: =IFERROR(__xludf.DUMMYFUNCTION("""COMPUTED_VALUE"""),189.173203) -> 189.1732 | D18: =IFERROR(__xludf.DUMMYFUNCTION("""COMPUTED_VALUE"""),411.113048) -> 411.11305 | E18: =IFERROR(__xludf.DUMMYFUNCTION("""COMPUTED_VALUE"""),740.483966) -> 740.48397 | F18: =IFERROR(__xludf.DUMMYFUNCTION("""COMPUTED_VALUE"""),1065.091715) -> 1065.0917 | G18: =IFERROR(__xludf.DUMMYFUNCTION("""COMPUTED_VALUE"""),1415.084848) -> 1415.0848 | H18: =IFERROR(__xludf.DUMMYFUNCTION("""COMPUTED_VALUE"""),1743.349833) -> 1743.3498 | I18: =IFERROR(__xludf.DUMMYFUNCTION("""COMPUTED_VALUE"""),1957.290955) -> 1957.291 | J18: =IFERROR(__xludf.DUMMYFUNCTION("""COMPUTED_VALUE"""),2123.684441) -> 2123.6844 | K18: =IFERROR(__xludf.DUMMYFUNCTION("""COMPUTED_VALUE"""),2292.267343) -> 2292.2673
A19: ABC 70 kg s/ruedas | B19: =IFERROR(__xludf.DUMMYFUNCTION("""COMPUTED_VALUE"""),8.466121) -> 8.466121 | C19: =IFERROR(__xludf.DUMMYFUNCTION("""COMPUTED_VALUE"""),41.274153) -> 41.274153 | D19: =IFERROR(__xludf.DUMMYFUNCTION("""COMPUTED_VALUE"""),89.697392) -> 89.697392 | E19: =IFERROR(__xludf.DUMMYFUNCTION("""COMPUTED_VALUE"""),161.560138) -> 161.56014 | F19: =IFERROR(__xludf.DUMMYFUNCTION("""COMPUTED_VALUE"""),232.383647) -> 232.38365 | G19: =IFERROR(__xludf.DUMMYFUNCTION("""COMPUTED_VALUE"""),308.745785) -> 308.74579 | H19: =IFERROR(__xludf.DUMMYFUNCTION("""COMPUTED_VALUE"""),380.367236) -> 380.36724 | I19: =IFERROR(__xludf.DUMMYFUNCTION("""COMPUTED_VALUE"""),427.045299) -> 427.0453 | J19: =IFERROR(__xludf.DUMMYFUNCTION("""COMPUTED_VALUE"""),463.349333) -> 463.34933 | K19: =IFERROR(__xludf.DUMMYFUNCTION("""COMPUTED_VALUE"""),500.131057) -> 500.13106
A20: ABC 100 kg s/ruedas | B20: =IFERROR(__xludf.DUMMYFUNCTION("""COMPUTED_VALUE"""),5.644081) -> 5.644081 | C20: =IFERROR(__xludf.DUMMYFUNCTION("""COMPUTED_VALUE"""),27.516102) -> 27.516102 | D20: =IFERROR(__xludf.DUMMYFUNCTION("""COMPUTED_VALUE"""),59.798262) -> 59.798262 | E20: =IFERROR(__xludf.DUMMYFUNCTION("""COMPUTED_VALUE"""),107.706759) -> 107.70676 | F20: =IFERROR(__xludf.DUMMYFUNCTION("""COMPUTED_VALUE"""),154.922431) -> 154.92243 | G20: =IFERROR(__xludf.DUMMYFUNCTION("""COMPUTED_VALUE"""),205.830523) -> 205.83052 | H20: =IFERROR(__xludf.DUMMYFUNCTION("""COMPUTED_VALUE"""),253.578158) -> 253.57816 | I20: =IFERROR(__xludf.DUMMYFUNCTION("""COMPUTED_VALUE"""),284.696866) -> 284.69687 | J20: =IFERROR(__xludf.DUMMYFUNCTION("""COMPUTED_VALUE"""),308.899555) -> 308.89956 | K20: =IFERROR(__xludf.DUMMYFUNCTION("""COMPUTED_VALUE"""),333.420704) -> 333.4207
A21: Recargas total | B21: =SUM(B4:B20) -> 6829.7931 | C21: =SUM(C4:C20) -> 30662.681 | D21: =SUM(D4:D20) -> 61483.058 | E21: =SUM(E4:E20) -> 114050.8 | F21: =SUM(F4:F20) -> 167870.4 | G21: =SUM(G4:G20) -> 228490.11 | H21: =SUM(H4:H20) -> 283777.78 | I21: =SUM(I4:I20) -> 322612.24 | ... K21: =SUM(K4:K20) -> 371907.69
A23: Recargas por zona y planta
A24: Zona | B24: % zonal 2035 | C24: Planta
A25: CABA Norte | B25: =IFERROR(__xludf.DUMMYFUNCTION("IMPORTRANGE(""https://docs.google.com/spreadsheets/d/1xc4xDAwSYT3l-RulPYtcePxiCninrbQGzaBUsgO0YEs/edit?gid=1764491891#gid=1764491891"",""Indexado Dim Técnico!u61:u74"")"),0.0521797399) -> 0.05217974 | C25: Comercial
A26: CABA Este | B26: =IFERROR(__xludf.DUMMYFUNCTION("""COMPUTED_VALUE"""),0.0798836162) -> 0.079883616 | C26: Comercial
A27: CABA Sur | B27: =IFERROR(__xludf.DUMMYFUNCTION("""COMPUTED_VALUE"""),0.059817286) -> 0.059817286 | C27: Industrial
A28: CABA Oeste | B28: =IFERROR(__xludf.DUMMYFUNCTION("""COMPUTED_VALUE"""),0.0637650712) -> 0.063765071 | C28: Comercial
A29: PBA Sur 1er (Avellaneda) | B29: =IFERROR(__xludf.DUMMYFUNCTION("""COMPUTED_VALUE"""),0.0676801452) -> 0.067680145 | C29: Industrial
A30: PBA Sur 2do cordón | B30: =IFERROR(__xludf.DUMMYFUNCTION("""COMPUTED_VALUE"""),0.0932172985) -> 0.093217299 | C30: Industrial
A31: PBA Sur 3er cordón | B31: =IFERROR(__xludf.DUMMYFUNCTION("""COMPUTED_VALUE"""),0.0675217758) -> 0.067521776 | C31: Industrial
A32: PBA Norte 1er cordón | B32: =IFERROR(__xludf.DUMMYFUNCTION("""COMPUTED_VALUE"""),0.0533558834) -> 0.053355883 | C32: Comercial
A33: PBA Norte 2do cordón | B33: =IFERROR(__xludf.DUMMYFUNCTION("""COMPUTED_VALUE"""),0.0885682049) -> 0.088568205 | C33: Comercial
A34: PBA Norte 3er cordón | B34: =IFERROR(__xludf.DUMMYFUNCTION("""COMPUTED_VALUE"""),0.0471361107) -> 0.047136111 | C34: Comercial
A35: PBA Oeste 1er cordón | B35: =IFERROR(__xludf.DUMMYFUNCTION("""COMPUTED_VALUE"""),0.0848900664) -> 0.084890066 | C35: Comercial
A36: PBA Oeste 2do cordón | B36: =IFERROR(__xludf.DUMMYFUNCTION("""COMPUTED_VALUE"""),0.0672643024) -> 0.067264302 | C36: Comercial
A37: PBA Oeste 3er cordón | B37: =IFERROR(__xludf.DUMMYFUNCTION("""COMPUTED_VALUE"""),0.0174767438) -> 0.017476744 | C37: Comercial
A38: PBA Interior | B38: =IFERROR(__xludf.DUMMYFUNCTION("""COMPUTED_VALUE"""),0.1572437555) -> 0.15724376 | C38: Comercial
A40: % planta comercial | B40: =SUMIF($C$25:$C$38,"Comercial",$B$25:$B$38) -> 0.71176349
A41: % planta industrial | B41: =SUMIF($C$25:$C$38,"Industrial",$B$25:$B$38) -> 0.28823651
A42: Control (tiene que dar 100 %) | B42: =B40+B41 -> 1
A44: Tasas de Proyecciones (hojas PROYECCION por rubro; iguales para todos los tipos)
A45: Concepto | B45: Valor | C45: Uso en este archivo
A46: Mat Usados ÷ RECARGAS An | B46: 0.05 | C46: Se usa: equipos que llegan descargados por uso
A47: Mat PH ÷ RECARGAS An | B47: 0.02 | C47: Se usa: equipos que no pasan la PH y se inutilizan
A48: Mat Rot ÷ RECARGAS An | B48: 0.01 | C48: Se usa: equipos rotos que se inutilizan
A49: Mat Fin VU ÷ RECARGAS An | B49: 0.033020413 | C49: No se usa: Proyecciones aplica la misma vida útil a todos los tipos; acá va la del Anexo E (20 años, CO₂ 30)
A51: Planta de este archivo | B51: Industrial
A52: % de recargas de esta planta | B52: =IF(B51="Comercial",B40,B41) -> 0.28823651
A54: Recargas de mercado 2035 por tipo y rubro, zonas de cada planta (hojas PROYECCION <rubro>)
A56: Planta comercial | B56: Automotor | C56: Edificios | D56: Educación | E56: Hoteles | F56: Industrias / almacenes | G56: Salud | H56: Supermercados | I56: Total
A57: =A4 -> ABC 1 kg | B57: 2787299 | C57: 0 | D57: 0 | E57: 3578.5 | F57: 0 | G57: 0 | H57: 612 | I57: =SUM(B57:H57) -> 2791489.5
A58: =A5 -> ABC 2,5 kg | B58: 0 | C58: 126747.3 | D58: 25545.6 | E58: 76743.6 | F58: 0 | G58: 12077.2 | H58: 7088 | I58: =SUM(B58:H58) -> 248201.7
A59: =A6 -> ABC 5 kg | B59: 85878 | C59: 924509.9 | D59: 95138.1 | E59: 29300.8 | F59: 137671.9 | G59: 77208.2 | H59: 6153 | I59: =SUM(B59:H59) -> 1355859.9
A60: =A7 -> ABC 10 kg | B60: 0 | C60: 56663.5 | D60: 10225 | E60: 7032.2 | F60: 0 | G60: 10321.9 | H60: 0 | I60: =SUM(B60:H60) -> 84242.6
A61: =A8 -> Agua 10 l | B61: 0 | C61: 71575 | D61: 8788.7 | E61: 4688.1 | F61: 15126.6 | G61: 14747.1 | H61: 647 | I61: =SUM(B61:H61) -> 115572.5
A62: =A9 -> AFFF 10 l | B62: 0 | C62: 0 | D62: 0 | E62: 0 | F62: 19056.2 | G62: 0 | H62: 0 | I62: =SUM(B62:H62) -> 19056.2
A63: =A10 -> AFFF 50 l s/ruedas | B63: 0 | C63: 0 | D63: 0 | E63: 0 | F63: 11022.6 | G63: 0 | H63: 0 | I63: =SUM(B63:H63) -> 11022.6
A64: =A11 -> BC 5 kg | B64: 0 | C64: 0 | D64: 0 | E64: 0 | F64: 5628.9 | G64: 0 | H64: 0 | I64: =SUM(B64:H64) -> 5628.9
A65: =A12 -> Sales K 6 l | B65: 0 | C65: 25349.5 | D65: 8036.5 | E65: 11720.3 | F65: 9968.1 | G65: 4616.3 | H65: 0 | I65: =SUM(B65:H65) -> 59690.7
A66: =A13 -> CO₂ 2 kg | B66: 0 | C66: 231127.5 | D66: 34334.4 | E66: 11720.3 | F66: 7798.5 | G66: 17366.2 | H66: 0 | I66: =SUM(B66:H66) -> 302346.9
A67: =A14 -> CO₂ 5 kg | B67: 0 | C67: 32805.2 | D67: 1607.3 | E67: 5860.1 | F67: 39872.3 | G67: 19474.2 | H67: 2914 | I67: =SUM(B67:H67) -> 102533.1
A68: =A15 -> HCFC/HFC 5 kg | B68: 0 | C68: 0 | D68: 0 | E68: 0 | F68: 11257.7 | G68: 3992.6 | H68: 0 | I68: =SUM(B68:H68) -> 15250.3
... A73: =A20 -> ABC 100 kg s/ruedas | B73: 0 | C73: 1789.4 | D73: 114.9 | E73: 187.5 | F73: 1576.1 | G73: 718.7 | H73: 0 | I73: =SUM(B73:H73) -> 4386.6
A76: Planta industrial | B76: Automotor | C76: Edificios | D76: Educación | E76: Hoteles | F76: Industrias / almacenes | G76: Salud | H76: Supermercados | I76: Total
A77: =A4 -> ABC 1 kg | B77: 1188664 | C77: 0 | D77: 0 | E77: 1533.8 | F77: 0 | G77: 0 | H77: 331 | I77: =SUM(B77:H77) -> 1190528.8
A78: =A5 -> ABC 2,5 kg | B78: 0 | C78: 51231.6 | D78: 8719.2 | E78: 23764.4 | F78: 0 | G78: 4173.4 | H78: 3794 | I78: =SUM(B78:H78) -> 91682.6
A79: =A6 -> ABC 5 kg | B79: 36760 | C79: 373689.5 | D79: 32472.3 | E79: 6552.8 | F79: 44086.3 | G79: 26680.3 | H79: 3289 | I79: =SUM(B79:H79) -> 523530.2
A80: =A7 -> ABC 10 kg | B80: 0 | C80: 22903.5 | D80: 3490 | E80: 1572.7 | F80: 0 | G80: 3566.9 | H80: 0 | I80: =SUM(B80:H80) -> 31533.1
A81: =A8 -> Agua 10 l | B81: 0 | C81: 28930.8 | D81: 2999.8 | E81: 1048.4 | F81: 4377.3 | G81: 5096 | H81: 346 | I81: =SUM(B81:H81) -> 42798.3
A82: =A9 -> AFFF 10 l | B82: 0 | C82: 0 | D82: 0 | E82: 0 | F82: 6232.7 | G82: 0 | H82: 0 | I82: =SUM(B82:H82) -> 6232.7
A83: =A10 -> AFFF 50 l s/ruedas | B83: 0 | C83: 0 | D83: 0 | E83: 0 | F83: 3220.9 | G83: 0 | H83: 0 | I83: =SUM(B83:H83) -> 3220.9
A84: =A11 -> BC 5 kg | B84: 0 | C84: 0 | D84: 0 | E84: 0 | F84: 1816.2 | G84: 0 | H84: 0 | I84: =SUM(B84:H84) -> 1816.2
A85: =A12 -> Sales K 6 l | B85: 0 | C85: 10246.3 | D85: 2743 | E85: 2621.1 | F85: 3384.2 | G85: 1595.2 | H85: 0 | I85: =SUM(B85:H85) -> 20589.8
A86: =A13 -> CO₂ 2 kg | B86: 0 | C86: 93422.4 | D86: 11718.9 | E86: 2621.1 | F86: 2600.2 | G86: 6001.1 | H86: 0 | I86: =SUM(B86:H86) -> 116363.7
A87: =A14 -> CO₂ 5 kg | B87: 0 | C87: 13260 | D87: 548.6 | E87: 1310.5 | F87: 13536.8 | G87: 6729.6 | H87: 1558 | I87: =SUM(B87:H87) -> 36943.5
A88: =A15 -> HCFC/HFC 5 kg | B88: 0 | C88: 0 | D88: 0 | E88: 0 | F88: 3632.5 | G88: 1379.7 | H88: 0 | I88: =SUM(B88:H88) -> 5012.2
... A93: =A20 -> ABC 100 kg s/ruedas | B93: 0 | C93: 723.3 | D93: 39.2 | E93: 41.9 | F93: 508.5 | G93: 248.3 | H93: 0 | I93: =SUM(B93:H93) -> 1561.2
A96: Esta planta | B96: Automotor | C96: Edificios | D96: Educación | E96: Hoteles | F96: Industrias / almacenes | G96: Salud | H96: Supermercados | I96: Total
A97: =A4 -> ABC 1 kg | B97: =IF($B$51="Comercial",B57,B77) -> 1188664 | C97: =IF($B$51="Comercial",C57,C77) -> 0 | D97: =IF($B$51="Comercial",D57,D77) -> 0 | E97: =IF($B$51="Comercial",E57,E77) -> 1533.8 | F97: =IF($B$51="Comercial",F57,F77) -> 0 | G97: =IF($B$51="Comercial",G57,G77) -> 0 | H97: =IF($B$51="Comercial",H57,H77) -> 331 | I97: =SUM(B97:H97) -> 1190528.8
A98: =A5 -> ABC 2,5 kg | B98: =IF($B$51="Comercial",B58,B78) -> 0 | C98: =IF($B$51="Comercial",C58,C78) -> 51231.6 | D98: =IF($B$51="Comercial",D58,D78) -> 8719.2 | E98: =IF($B$51="Comercial",E58,E78) -> 23764.4 | F98: =IF($B$51="Comercial",F58,F78) -> 0 | G98: =IF($B$51="Comercial",G58,G78) -> 4173.4 | H98: =IF($B$51="Comercial",H58,H78) -> 3794 | I98: =SUM(B98:H98) -> 91682.6
A99: =A6 -> ABC 5 kg | B99: =IF($B$51="Comercial",B59,B79) -> 36760 | C99: =IF($B$51="Comercial",C59,C79) -> 373689.5 | D99: =IF($B$51="Comercial",D59,D79) -> 32472.3 | E99: =IF($B$51="Comercial",E59,E79) -> 6552.8 | F99: =IF($B$51="Comercial",F59,F79) -> 44086.3 | G99: =IF($B$51="Comercial",G59,G79) -> 26680.3 | H99: =IF($B$51="Comercial",H59,H79) -> 3289 | I99: =SUM(B99:H99) -> 523530.2
A100: =A7 -> ABC 10 kg | B100: =IF($B$51="Comercial",B60,B80) -> 0 | C100: =IF($B$51="Comercial",C60,C80) -> 22903.5 | D100: =IF($B$51="Comercial",D60,D80) -> 3490 | E100: =IF($B$51="Comercial",E60,E80) -> 1572.7 | F100: =IF($B$51="Comercial",F60,F80) -> 0 | G100: =IF($B$51="Comercial",G60,G80) -> 3566.9 | H100: =IF($B$51="Comercial",H60,H80) -> 0 | I100: =SUM(B100:H100) -> 31533.1
A101: =A8 -> Agua 10 l | B101: =IF($B$51="Comercial",B61,B81) -> 0 | C101: =IF($B$51="Comercial",C61,C81) -> 28930.8 | D101: =IF($B$51="Comercial",D61,D81) -> 2999.8 | E101: =IF($B$51="Comercial",E61,E81) -> 1048.4 | F101: =IF($B$51="Comercial",F61,F81) -> 4377.3 | G101: =IF($B$51="Comercial",G61,G81) -> 5096 | H101: =IF($B$51="Comercial",H61,H81) -> 346 | I101: =SUM(B101:H101) -> 42798.3
A102: =A9 -> AFFF 10 l | B102: =IF($B$51="Comercial",B62,B82) -> 0 | C102: =IF($B$51="Comercial",C62,C82) -> 0 | D102: =IF($B$51="Comercial",D62,D82) -> 0 | E102: =IF($B$51="Comercial",E62,E82) -> 0 | F102: =IF($B$51="Comercial",F62,F82) -> 6232.7 | G102: =IF($B$51="Comercial",G62,G82) -> 0 | H102: =IF($B$51="Comercial",H62,H82) -> 0 | I102: =SUM(B102:H102) -> 6232.7
A103: =A10 -> AFFF 50 l s/ruedas | B103: =IF($B$51="Comercial",B63,B83) -> 0 | C103: =IF($B$51="Comercial",C63,C83) -> 0 | D103: =IF($B$51="Comercial",D63,D83) -> 0 | E103: =IF($B$51="Comercial",E63,E83) -> 0 | F103: =IF($B$51="Comercial",F63,F83) -> 3220.9 | G103: =IF($B$51="Comercial",G63,G83) -> 0 | H103: =IF($B$51="Comercial",H63,H83) -> 0 | I103: =SUM(B103:H103) -> 3220.9
A104: =A11 -> BC 5 kg | B104: =IF($B$51="Comercial",B64,B84) -> 0 | C104: =IF($B$51="Comercial",C64,C84) -> 0 | D104: =IF($B$51="Comercial",D64,D84) -> 0 | E104: =IF($B$51="Comercial",E64,E84) -> 0 | F104: =IF($B$51="Comercial",F64,F84) -> 1816.2 | G104: =IF($B$51="Comercial",G64,G84) -> 0 | H104: =IF($B$51="Comercial",H64,H84) -> 0 | I104: =SUM(B104:H104) -> 1816.2
A105: =A12 -> Sales K 6 l | B105: =IF($B$51="Comercial",B65,B85) -> 0 | C105: =IF($B$51="Comercial",C65,C85) -> 10246.3 | D105: =IF($B$51="Comercial",D65,D85) -> 2743 | E105: =IF($B$51="Comercial",E65,E85) -> 2621.1 | F105: =IF($B$51="Comercial",F65,F85) -> 3384.2 | G105: =IF($B$51="Comercial",G65,G85) -> 1595.2 | H105: =IF($B$51="Comercial",H65,H85) -> 0 | I105: =SUM(B105:H105) -> 20589.8
A106: =A13 -> CO₂ 2 kg | B106: =IF($B$51="Comercial",B66,B86) -> 0 | C106: =IF($B$51="Comercial",C66,C86) -> 93422.4 | D106: =IF($B$51="Comercial",D66,D86) -> 11718.9 | E106: =IF($B$51="Comercial",E66,E86) -> 2621.1 | F106: =IF($B$51="Comercial",F66,F86) -> 2600.2 | G106: =IF($B$51="Comercial",G66,G86) -> 6001.1 | H106: =IF($B$51="Comercial",H66,H86) -> 0 | I106: =SUM(B106:H106) -> 116363.7
A107: =A14 -> CO₂ 5 kg | B107: =IF($B$51="Comercial",B67,B87) -> 0 | C107: =IF($B$51="Comercial",C67,C87) -> 13260 | D107: =IF($B$51="Comercial",D67,D87) -> 548.6 | E107: =IF($B$51="Comercial",E67,E87) -> 1310.5 | F107: =IF($B$51="Comercial",F67,F87) -> 13536.8 | G107: =IF($B$51="Comercial",G67,G87) -> 6729.6 | H107: =IF($B$51="Comercial",H67,H87) -> 1558 | I107: =SUM(B107:H107) -> 36943.5
A108: =A15 -> HCFC/HFC 5 kg | B108: =IF($B$51="Comercial",B68,B88) -> 0 | C108: =IF($B$51="Comercial",C68,C88) -> 0 | D108: =IF($B$51="Comercial",D68,D88) -> 0 | E108: =IF($B$51="Comercial",E68,E88) -> 0 | F108: =IF($B$51="Comercial",F68,F88) -> 3632.5 | G108: =IF($B$51="Comercial",G68,G88) -> 1379.7 | H108: =IF($B$51="Comercial",H68,H88) -> 0 | I108: =SUM(B108:H108) -> 5012.2
... A113: =A20 -> ABC 100 kg s/ruedas | B113: =IF($B$51="Comercial",B73,B93) -> 0 | C113: =IF($B$51="Comercial",C73,C93) -> 723.3 | D113: =IF($B$51="Comercial",D73,D93) -> 39.2 | E113: =IF($B$51="Comercial",E73,E93) -> 41.9 | F113: =IF($B$51="Comercial",F73,F93) -> 508.5 | G113: =IF($B$51="Comercial",G73,G93) -> 248.3 | H113: =IF($B$51="Comercial",H73,H93) -> 0 | I113: =SUM(B113:H113) -> 1561.2
A115: Carros repartidos 25/55/12/8 % entre 25, 50, 70 y 100 kg, como PxQ (Corregido) filas 66 a 69.

Sheet datos_base
A1: Tipo de matafuego | B1: =PROY_Indexado!B3 -> 2026 | C1: =PROY_Indexado!C3 -> 2027 | D1: =PROY_Indexado!D3 -> 2028 | E1: =PROY_Indexado!E3 -> 2029 | F1: =PROY_Indexado!F3 -> 2030 | G1: =PROY_Indexado!G3 -> 2031 | H1: =PROY_Indexado!H3 -> 2032 | I1: =PROY_Indexado!I3 -> 2033 | ... K1: =PROY_Indexado!K3 -> 2035
A2: =PROY_Indexado!A4 -> ABC 1 kg | B2: =PROY_Indexado!B4*PROY_Indexado!$B$52 -> 1002.3373 | C2: =PROY_Indexado!C4*PROY_Indexado!$B$52 -> 4891.5423 | D2: =PROY_Indexado!D4*PROY_Indexado!$B$52 -> 8804.4981 | E2: =PROY_Indexado!E4*PROY_Indexado!$B$52 -> 16155.169 | F2: =PROY_Indexado!F4*PROY_Indexado!$B$52 -> 24289.755 | G2: =PROY_Indexado!G4*PROY_Indexado!$B$52 -> 33841.221 | H2: =PROY_Indexado!H4*PROY_Indexado!$B$52 -> 42546.774 | I2: =PROY_Indexado!I4*PROY_Indexado!$B$52 -> 49404.994 | ... K2: =PROY_Indexado!K4*PROY_Indexado!$B$52 -> 56575.837
A3: =PROY_Indexado!A5 -> ABC 2,5 kg | B3: =PROY_Indexado!B5*PROY_Indexado!$B$52 -> 95.117086 | C3: =PROY_Indexado!C5*PROY_Indexado!$B$52 -> 371.07972 | D3: =PROY_Indexado!D5*PROY_Indexado!$B$52 -> 849.48176 | E3: =PROY_Indexado!E5*PROY_Indexado!$B$52 -> 1563.9838 | F3: =PROY_Indexado!F5*PROY_Indexado!$B$52 -> 2262.909 | G3: =PROY_Indexado!G5*PROY_Indexado!$B$52 -> 3004.5611 | H3: =PROY_Indexado!H5*PROY_Indexado!$B$52 -> 3692.2796 | I3: =PROY_Indexado!I5*PROY_Indexado!$B$52 -> 4111.137 | ... K3: =PROY_Indexado!K5*PROY_Indexado!$B$52 -> 4790.7101
A4: =PROY_Indexado!A6 -> ABC 5 kg | B4: =PROY_Indexado!B6*PROY_Indexado!$B$52 -> 562.17478 | C4: =PROY_Indexado!C6*PROY_Indexado!$B$52 -> 2263.4113 | D4: =PROY_Indexado!D6*PROY_Indexado!$B$52 -> 5123.6509 | E4: =PROY_Indexado!E6*PROY_Indexado!$B$52 -> 9686.3516 | F4: =PROY_Indexado!F6*PROY_Indexado!$B$52 -> 13952.829 | G4: =PROY_Indexado!G6*PROY_Indexado!$B$52 -> 18540.249 | H4: =PROY_Indexado!H6*PROY_Indexado!$B$52 -> 22690.295 | I4: =PROY_Indexado!I6*PROY_Indexado!$B$52 -> 25144.949 | ... K4: =PROY_Indexado!K6*PROY_Indexado!$B$52 -> 29139.32
A5: =PROY_Indexado!A7 -> ABC 10 kg | B5: =PROY_Indexado!B7*PROY_Indexado!$B$52 -> 34.110955 | C5: =PROY_Indexado!C7*PROY_Indexado!$B$52 -> 126.1659 | D5: =PROY_Indexado!D7*PROY_Indexado!$B$52 -> 295.43516 | E5: =PROY_Indexado!E7*PROY_Indexado!$B$52 -> 565.06169 | F5: =PROY_Indexado!F7*PROY_Indexado!$B$52 -> 820.02618 | G5: =PROY_Indexado!G7*PROY_Indexado!$B$52 -> 1098.2937 | H5: =PROY_Indexado!H7*PROY_Indexado!$B$52 -> 1344.2423 | I5: =PROY_Indexado!I7*PROY_Indexado!$B$52 -> 1488.6016 | ... K5: =PROY_Indexado!K7*PROY_Indexado!$B$52 -> 1725.3696
A6: =PROY_Indexado!A8 -> Agua 10 l | B6: =PROY_Indexado!B8*PROY_Indexado!$B$52 -> 45.918593 | C6: =PROY_Indexado!C8*PROY_Indexado!$B$52 -> 185.45815 | D6: =PROY_Indexado!D8*PROY_Indexado!$B$52 -> 424.96516 | E6: =PROY_Indexado!E8*PROY_Indexado!$B$52 -> 797.39223 | F6: =PROY_Indexado!F8*PROY_Indexado!$B$52 -> 1150.486 | G6: =PROY_Indexado!G8*PROY_Indexado!$B$52 -> 1537.9596 | H6: =PROY_Indexado!H8*PROY_Indexado!$B$52 -> 1884.7667 | I6: =PROY_Indexado!I8*PROY_Indexado!$B$52 -> 2095.4274 | ... K6: =PROY_Indexado!K8*PROY_Indexado!$B$52 -> 2435.8331
A7: =PROY_Indexado!A9 -> AFFF 10 l | B7: =PROY_Indexado!B9*PROY_Indexado!$B$52 -> 6.5597991 | C7: =PROY_Indexado!C9*PROY_Indexado!$B$52 -> 46.497088 | D7: =PROY_Indexado!D9*PROY_Indexado!$B$52 -> 91.257775 | E7: =PROY_Indexado!E9*PROY_Indexado!$B$52 -> 152.01438 | F7: =PROY_Indexado!F9*PROY_Indexado!$B$52 -> 214.38713 | G7: =PROY_Indexado!G9*PROY_Indexado!$B$52 -> 277.53553 | H7: =PROY_Indexado!H9*PROY_Indexado!$B$52 -> 344.42597 | I7: =PROY_Indexado!I9*PROY_Indexado!$B$52 -> 389.58541 | ... K7: =PROY_Indexado!K9*PROY_Indexado!$B$52 -> 462.45859
A8: =PROY_Indexado!A10 -> AFFF 50 l s/ruedas | B8: =PROY_Indexado!B10*PROY_Indexado!$B$52 -> 3.2798994 | C8: =PROY_Indexado!C10*PROY_Indexado!$B$52 -> 23.988057 | D8: =PROY_Indexado!D10*PROY_Indexado!$B$52 -> 47.404481 | E8: =PROY_Indexado!E10*PROY_Indexado!$B$52 -> 81.092788 | F8: =PROY_Indexado!F10*PROY_Indexado!$B$52 -> 114.97827 | G8: =PROY_Indexado!G10*PROY_Indexado!$B$52 -> 148.30555 | H8: =PROY_Indexado!H10*PROY_Indexado!$B$52 -> 181.31964 | I8: =PROY_Indexado!I10*PROY_Indexado!$B$52 -> 204.98747 | ... K8: =PROY_Indexado!K10*PROY_Indexado!$B$52 -> 241.06683
A9: =PROY_Indexado!A11 -> BC 5 kg | B9: =PROY_Indexado!B11*PROY_Indexado!$B$52 -> 1.9679396 | C9: =PROY_Indexado!C11*PROY_Indexado!$B$52 -> 13.568189 | D9: =PROY_Indexado!D11*PROY_Indexado!$B$52 -> 25.62125 | E9: =PROY_Indexado!E11*PROY_Indexado!$B$52 -> 45.974441 | F9: =PROY_Indexado!F11*PROY_Indexado!$B$52 -> 63.353289 | G9: =PROY_Indexado!G11*PROY_Indexado!$B$52 -> 84.127546 | H9: =PROY_Indexado!H11*PROY_Indexado!$B$52 -> 106.31435 | I9: =PROY_Indexado!I11*PROY_Indexado!$B$52 -> 117.71837 | ... K9: =PROY_Indexado!K11*PROY_Indexado!$B$52 -> 139.35636
A10: =PROY_Indexado!A12 -> Sales K 6 l | B10: =PROY_Indexado!B12*PROY_Indexado!$B$52 -> 23.615277 | C10: =PROY_Indexado!C12*PROY_Indexado!$B$52 -> 96.674194 | D10: =PROY_Indexado!D12*PROY_Indexado!$B$52 -> 215.1969 | E10: =PROY_Indexado!E12*PROY_Indexado!$B$52 -> 391.68454 | F10: =PROY_Indexado!F12*PROY_Indexado!$B$52 -> 565.26797 | G10: =PROY_Indexado!G12*PROY_Indexado!$B$52 -> 748.9945 | H10: =PROY_Indexado!H12*PROY_Indexado!$B$52 -> 921.56805 | I10: =PROY_Indexado!I12*PROY_Indexado!$B$52 -> 1031.4657 | ... K10: =PROY_Indexado!K12*PROY_Indexado!$B$52 -> 1201.2428
A11: =PROY_Indexado!A13 -> CO₂ 2 kg | B11: =PROY_Indexado!B13*PROY_Indexado!$B$52 -> 129.88402 | C11: =PROY_Indexado!C13*PROY_Indexado!$B$52 -> 489.18966 | D11: =PROY_Indexado!D13*PROY_Indexado!$B$52 -> 1140.0321 | E11: =PROY_Indexado!E13*PROY_Indexado!$B$52 -> 2179.4313 | F11: =PROY_Indexado!F13*PROY_Indexado!$B$52 -> 3147.5844 | G11: =PROY_Indexado!G13*PROY_Indexado!$B$52 -> 4183.7198 | H11: =PROY_Indexado!H13*PROY_Indexado!$B$52 -> 5115.1889 | I11: =PROY_Indexado!I13*PROY_Indexado!$B$52 -> 5654.3947 | ... K11: =PROY_Indexado!K13*PROY_Indexado!$B$52 -> 6552.9133
A12: =PROY_Indexado!A14 -> CO₂ 5 kg | B12: =PROY_Indexado!B14*PROY_Indexado!$B$52 -> 36.078895 | C12: =PROY_Indexado!C14*PROY_Indexado!$B$52 -> 185.51777 | D12: =PROY_Indexado!D14*PROY_Indexado!$B$52 -> 396.50584 | E12: =PROY_Indexado!E14*PROY_Indexado!$B$52 -> 709.14374 | F12: =PROY_Indexado!F14*PROY_Indexado!$B$52 -> 1021.8727 | G12: =PROY_Indexado!G14*PROY_Indexado!$B$52 -> 1361.4741 | H12: =PROY_Indexado!H14*PROY_Indexado!$B$52 -> 1687.3092 | I12: =PROY_Indexado!I14*PROY_Indexado!$B$52 -> 1904.7994 | ... K12: =PROY_Indexado!K14*PROY_Indexado!$B$52 -> 2239.4758
A13: =PROY_Indexado!A15 -> HCFC/HFC 5 kg | B13: =PROY_Indexado!B15*PROY_Indexado!$B$52 -> 5.2478393 | C13: =PROY_Indexado!C15*PROY_Indexado!$B$52 -> 32.304142 | D13: =PROY_Indexado!D15*PROY_Indexado!$B$52 -> 66.540562 | E13: =PROY_Indexado!E15*PROY_Indexado!$B$52 -> 115.50079 | F13: =PROY_Indexado!F15*PROY_Indexado!$B$52 -> 165.59412 | G13: =PROY_Indexado!G15*PROY_Indexado!$B$52 -> 217.42995 | H13: =PROY_Indexado!H15*PROY_Indexado!$B$52 -> 272.33993 | I13: =PROY_Indexado!I15*PROY_Indexado!$B$52 -> 309.05717 | ... K13: =PROY_Indexado!K15*PROY_Indexado!$B$52 -> 366.61986
... A18: =PROY_Indexado!A20 -> ABC 100 kg s/ruedas | B18: =PROY_Indexado!B20*PROY_Indexado!$B$52 -> 1.6268302 | C18: =PROY_Indexado!C20*PROY_Indexado!$B$52 -> 7.9311451 | D18: =PROY_Indexado!D20*PROY_Indexado!$B$52 -> 17.236042 | E18: =PROY_Indexado!E20*PROY_Indexado!$B$52 -> 31.04502 | F18: =PROY_Indexado!F20*PROY_Indexado!$B$52 -> 44.6543 | G18: =PROY_Indexado!G20*PROY_Indexado!$B$52 -> 59.327871 | H18: =PROY_Indexado!H20*PROY_Indexado!$B$52 -> 73.090482 | I18: =PROY_Indexado!I20*PROY_Indexado!$B$52 -> 82.06003 | ... K18: =PROY_Indexado!K20*PROY_Indexado!$B$52 -> 96.104019
A19: Recargas Total | B19: =SUM(B2:B18) -> 1968.5957 | C19: =SUM(C2:C18) -> 8838.104 | D19: =SUM(D2:D18) -> 17721.662 | E19: =SUM(E2:E18) -> 32873.603 | F19: =SUM(F2:F18) -> 48386.376 | G19: =SUM(G2:G18) -> 65859.19 | H19: =SUM(H2:H18) -> 81795.116 | I19: =SUM(I2:I18) -> 92988.624 | ... K19: =SUM(K2:K18) -> 107197.37

Sheet parametros_recargas
A1: Parámetro | B1: Valor | C1: Fuente / criterio
A2: Días hábiles por mes | B2: 20 | C2: 240 días hábiles por año ÷ 12
A3: Horas por día (1 turno) | B3: 8
A4: Refrigerio (min/turno) | B4: 30
A5: Horas productivas por turno | B5: =B3-B4/60 -> 7.5
A6: Horas productivas por mes (1 turno) | B6: =B2*B5 -> 150
A7: Umbral de aprovechamiento | B7: 0.9 | C7: 10 % de holgura para variabilidad, averías y mantenimiento
A8: Turnos máximos por día | B8: 2 | C8: hasta 2 turnos de 8 h; después se agrega máquina
A9: Equivalencia de un rodante (u. equivalentes) | B9: 3 | C9: Traslado en carro, morsa y manipuleo del porte
A10: Año de inicio del 2° turno (antes: más máquinas) | B10: 2032 | C10: Prioridad del aprovechamiento: antes de ese año se agrega máquina u operario; desde ese año, turno
A11: CRITERIOS DE RUTA — PLANTA INDUSTRIAL (IRAM 3517-2:2020 y Proyecciones)
A12: Parámetro | B12: Valor | C12: Fuente / criterio
A13: Intervalo máximo de PH — polvos, CO₂ y halogenados (años) | B13: 5 | C13: IRAM 3517-2:2020, Anexo E (IRAM 3523, 3550, 3509, 3565 y 3504)
A14: Intervalo máximo de PH — agua, AFFF y sales K (años) | B14: 2 | C14: IRAM 3517-2:2020, Anexo E (IRAM 3525, 3527, 3537, 3541, 3693 y 3694)
A15: % con PH — polvos, CO₂ y halogenados | B15: =1/B13 -> 0.2 | C15: En régimen vence la PH de 1 de cada 5 equipos por año
A16: % con PH — agua, AFFF y sales K | B16: =1/B14 -> 0.5 | C16: En régimen vence la PH de 1 de cada 2 equipos por año
A17: Vida útil — CO₂ (años) | B17: 30 | C17: IRAM 3517-2:2020, Anexo E (IRAM 3509; IRAM 3565 hasta 10 kg)
A18: Vida útil — resto de los tipos (años) | B18: 20 | C18: IRAM 3517-2:2020, Anexo E
A19: % fin de vida útil — CO₂ | B19: =1/B17 -> 0.033333333 | C19: En régimen llega al fin de su vida 1 de cada 30
A20: % fin de vida útil — resto | B20: =1/B18 -> 0.05 | C20: En régimen llega al fin de su vida 1 de cada 20
A21: % que no pasan la PH | B21: =PROY_Indexado!B47 -> 0.02 | C21: Proyecciones (Mat PH). La norma manda inutilizarlos (9.12) pero no fija el %
A22: % rotos | B22: =PROY_Indexado!B48 -> 0.01 | C22: Proyecciones (Mat Rot)
A23: % inutilizados — CO₂ | B23: =B19+B21+B22 -> 0.063333333 | C23: Fin de vida útil + no pasan la PH + rotos
A24: % inutilizados — resto | B24: =B20+B21+B22 -> 0.08 | C24: Fin de vida útil + no pasan la PH + rotos
A25: % que llegan descargados por uso | B25: =PROY_Indexado!B46 -> 0.05 | C25: Proyecciones (Mat Usados). 9.2.2: se recarga después de usarlo; la norma no fija el %
A26: Dígitos posibles del año de fabricación | B26: 10 | C26: 9.9.4 a): se cambia el polvo ABC cuando el último dígito del año de fabricación coincide con el del año del mantenimiento
A27: % ABC con cambio de polvo (a descarte) | B27: =1/B26 -> 0.1 | C27: 1 de cada 10 equipos por año
A28: % agua, AFFF y sales K que se vacían y recargan | B28: 1 | C28: Anexo E: el agente se cambia cada año; 9.9.1.9 (sales K) y 9.9.1.10 (AFFF)
A29: % CO₂ que se abren por daño o cambio de piezas | B29: 0.05 | C29: 9.7.1.2: el dañado se examina y va a PH
A30: % que se pintan | B30: 0.1 | C30: 9.10 pide pintar los deteriorados; no fija %
A31: % polvos con humedad en el desarme (secado extra) | B31: 0.01
A32: Ensayos de laboratorio por recipiente de polvo | B32: 0.001 | C32: Criterio. 9.9.3.1: el ensayo se hace cuando hay dudas sobre el polvo
A34: PERFIL MENSUAL POR AÑO (plano, 1/12 por mes)
A35: IRAM 3517-2:2020 9.2.1 (mantenimiento como mínimo anual) y 9.4.14 a) (la etiqueta fija el mes y año del próximo): cada equipo vuelve en su mes y la norma no fija ningún mes del calendario. El crecimiento se toma entre años (Proyecciones es anual).
A36: Año | B36: Ene | C36: Feb | D36: Mar | E36: Abr | F36: May | G36: Jun | H36: Jul | I36: Ago | J36: Sep | K36: Oct | L36: Nov | M36: Dic | N36: Total
A37: 2026 | B37: =1/12 -> 0.083333333 | C37: =1/12 -> 0.083333333 | D37: =1/12 -> 0.083333333 | E37: =1/12 -> 0.083333333 | F37: =1/12 -> 0.083333333 | G37: =1/12 -> 0.083333333 | H37: =1/12 -> 0.083333333 | I37: =1/12 -> 0.083333333 | ... M37: =1/12 -> 0.083333333 | N37: =SUM(B37:M37) -> 1
A38: 2027 | B38: =1/12 -> 0.083333333 | C38: =1/12 -> 0.083333333 | D38: =1/12 -> 0.083333333 | E38: =1/12 -> 0.083333333 | F38: =1/12 -> 0.083333333 | G38: =1/12 -> 0.083333333 | H38: =1/12 -> 0.083333333 | I38: =1/12 -> 0.083333333 | ... M38: =1/12 -> 0.083333333 | N38: =SUM(B38:M38) -> 1
A39: 2028 | B39: =1/12 -> 0.083333333 | C39: =1/12 -> 0.083333333 | D39: =1/12 -> 0.083333333 | E39: =1/12 -> 0.083333333 | F39: =1/12 -> 0.083333333 | G39: =1/12 -> 0.083333333 | H39: =1/12 -> 0.083333333 | I39: =1/12 -> 0.083333333 | ... M39: =1/12 -> 0.083333333 | N39: =SUM(B39:M39) -> 1
A40: 2029 | B40: =1/12 -> 0.083333333 | C40: =1/12 -> 0.083333333 | D40: =1/12 -> 0.083333333 | E40: =1/12 -> 0.083333333 | F40: =1/12 -> 0.083333333 | G40: =1/12 -> 0.083333333 | H40: =1/12 -> 0.083333333 | I40: =1/12 -> 0.083333333 | ... M40: =1/12 -> 0.083333333 | N40: =SUM(B40:M40) -> 1
A41: 2030 | B41: =1/12 -> 0.083333333 | C41: =1/12 -> 0.083333333 | D41: =1/12 -> 0.083333333 | E41: =1/12 -> 0.083333333 | F41: =1/12 -> 0.083333333 | G41: =1/12 -> 0.083333333 | H41: =1/12 -> 0.083333333 | I41: =1/12 -> 0.083333333 | ... M41: =1/12 -> 0.083333333 | N41: =SUM(B41:M41) -> 1
A42: 2031 | B42: =1/12 -> 0.083333333 | C42: =1/12 -> 0.083333333 | D42: =1/12 -> 0.083333333 | E42: =1/12 -> 0.083333333 | F42: =1/12 -> 0.083333333 | G42: =1/12 -> 0.083333333 | H42: =1/12 -> 0.083333333 | I42: =1/12 -> 0.083333333 | ... M42: =1/12 -> 0.083333333 | N42: =SUM(B42:M42) -> 1
A43: 2032 | B43: =1/12 -> 0.083333333 | C43: =1/12 -> 0.083333333 | D43: =1/12 -> 0.083333333 | E43: =1/12 -> 0.083333333 | F43: =1/12 -> 0.083333333 | G43: =1/12 -> 0.083333333 | H43: =1/12 -> 0.083333333 | I43: =1/12 -> 0.083333333 | ... M43: =1/12 -> 0.083333333 | N43: =SUM(B43:M43) -> 1
A44: 2033 | B44: =1/12 -> 0.083333333 | C44: =1/12 -> 0.083333333 | D44: =1/12 -> 0.083333333 | E44: =1/12 -> 0.083333333 | F44: =1/12 -> 0.083333333 | G44: =1/12 -> 0.083333333 | H44: =1/12 -> 0.083333333 | I44: =1/12 -> 0.083333333 | ... M44: =1/12 -> 0.083333333 | N44: =SUM(B44:M44) -> 1
A45: 2034 | B45: =1/12 -> 0.083333333 | C45: =1/12 -> 0.083333333 | D45: =1/12 -> 0.083333333 | E45: =1/12 -> 0.083333333 | F45: =1/12 -> 0.083333333 | G45: =1/12 -> 0.083333333 | H45: =1/12 -> 0.083333333 | I45: =1/12 -> 0.083333333 | ... M45: =1/12 -> 0.083333333 | N45: =SUM(B45:M45) -> 1
A46: 2035 | B46: =1/12 -> 0.083333333 | C46: =1/12 -> 0.083333333 | D46: =1/12 -> 0.083333333 | E46: =1/12 -> 0.083333333 | F46: =1/12 -> 0.083333333 | G46: =1/12 -> 0.083333333 | H46: =1/12 -> 0.083333333 | I46: =1/12 -> 0.083333333 | ... M46: =1/12 -> 0.083333333 | N46: =SUM(B46:M46) -> 1
A49: TIPOS DE MATAFUEGO
A50: Tipo | B50: Agente (ruta) | C50: u. equivalentes por recipiente | D50: Manguera con PH anual (1 = sí) | E50: Fuente de la manguera
A51: =datos_base!A2 -> ABC 1 kg | B51: ABC | C51: 1 | D51: 0 | E51: No: tobera sin manguera
A52: =datos_base!A3 -> ABC 2,5 kg | B52: ABC | C52: 1 | D52: 0 | E52: No: la manguera no tiene cierre en el extremo
A53: =datos_base!A4 -> ABC 5 kg | B53: ABC | C53: 1 | D53: 0 | E53: No: la manguera no tiene cierre en el extremo
A54: =datos_base!A5 -> ABC 10 kg | B54: ABC | C54: 1 | D54: 0 | E54: No: la manguera no tiene cierre en el extremo
A55: =datos_base!A6 -> Agua 10 l | B55: Agua | C55: 1 | D55: 0 | E55: No: la manguera no tiene cierre en el extremo
A56: =datos_base!A7 -> AFFF 10 l | B56: AFFF | C56: 1 | D56: 0 | E56: No: la manguera no tiene cierre en el extremo
A57: =datos_base!A8 -> AFFF 50 l s/ruedas | B57: AFFF | C57: =$B$9 -> 3 | D57: 1 | E57: Sí, 9.7.1.4 a): lanza con cierre (rodante, IRAM 3541)
A58: =datos_base!A9 -> BC 5 kg | B58: BC | C58: 1 | D58: 0 | E58: No: la manguera no tiene cierre en el extremo
A59: =datos_base!A10 -> Sales K 6 l | B59: Sales K | C59: 1 | D59: 0 | E59: No: la manguera no tiene cierre en el extremo
A60: =datos_base!A11 -> CO₂ 2 kg | B60: CO₂ | C60: 1 | D60: 0 | E60: No: difusor de brazo, sin manguera (catálogo FLAMA)
A61: =datos_base!A12 -> CO₂ 5 kg | B61: CO₂ | C61: 1 | D61: 1 | E61: Sí, 9.7.1.4 b): manguera de CO₂ (difusor con manga)
A62: =datos_base!A13 -> HCFC/HFC 5 kg | B62: Halogenado | C62: 1 | D62: 0 | E62: No: la manguera no tiene cierre en el extremo
A63: =datos_base!A14 -> Clase D 9 l | B63: Clase D | C63: 1 | D63: 0 | E63: No: la manguera no tiene cierre en el extremo
A64: =datos_base!A15 -> ABC 25 kg s/ruedas | B64: ABC | C64: =$B$9 -> 3 | D64: 1 | E64: Sí, 9.7.1.4 a): válvula de cierre en la manguera (rodante, IRAM 3550)
A65: =datos_base!A16 -> ABC 50 kg s/ruedas | B65: ABC | C65: =$B$9 -> 3 | D65: 1 | E65: Sí, 9.7.1.4 a): válvula de cierre en la manguera (rodante, IRAM 3550)
A66: =datos_base!A17 -> ABC 70 kg s/ruedas | B66: ABC | C66: =$B$9 -> 3 | D66: 1 | E66: Sí, 9.7.1.4 a): válvula de cierre en la manguera (rodante, IRAM 3550)
A67: =datos_base!A18 -> ABC 100 kg s/ruedas | B67: ABC | C67: =$B$9 -> 3 | D67: 1 | E67: Sí, 9.7.1.4 a): válvula de cierre en la manguera (rodante, IRAM 3550)
A70: CAPACIDAD POR PUESTO (fracción de cada agente que pasa por el puesto)
A71: N° | B71: Puesto / operación | C71: Máquina / equipo | D71: Recurso | E71: ABC | F71: BC | G71: Clase D | H71: Agua | I71: AFFF | J71: Sales K | K71: CO₂ | L71: Halogenado | M71: Tiempo tipo (s/u) | N71: Cap. real (u/h) | O71: Cap. real (u/mes, 1 turno) | P71: Desglose del tiempo (s) | Q71: Nota
A72: 1 | B72: Recepción y registro | C72: Autoelevador + tablet e impresora de etiquetas; jaulas A y B | D72: Manual | E72: 1 | F72: 1 | G72: 1 | H72: 1 | I72: 1 | J72: 1 | K72: 1 | L72: 1 | M72: =12.5+12.5+40+10 -> 75 | N72: =IF(M72>0,3600/M72,0) -> 48 | O72: =N72*$B$6 -> 7200 | P72: Cargar jaulas 12,5 + descargar y controlar contra remito 12,5 + datos en el sistema 40 + separar por agente 10. Lo que se hace en el cliente no cuenta.
A73: 2 | B73: Inspección visual | C73: Mesa con goma, lámpara con lupa, PC | D73: Manual | E73: 1 | F73: 1 | G73: 1 | H73: 1 | I73: 1 | J73: 1 | K73: 1 | L73: 1 | M73: =5+30+25+10+15+5 -> 90 | N73: =IF(M73>0,3600/M73,0) -> 40 | O73: =N73*$B$6 -> 6000 | P73: Escanear 5 + exterior 30 + válvula, manómetro y manguera 25 + fecha PH 10 + registro 15 + bandeja 5 | Q73: Antes 70 s; los pasos suman 90 s
A74: 3 | B74: Descarga ABC — ruta recuperable | C74: Máquina neumática Yukon (tolva 240 kg) | D74: Máquina | E74: =1-$B$25-$B$27 -> 0.85 | F74: 0 | G74: 0 | H74: 0 | I74: 0 | J74: 0 | K74: 0 | L74: 0 | M74: =15+60+10 -> 85 | N74: =IF(M74>0,3600/M74,0) -> 42.352941 | O74: =N74*$B$6 -> 6352.9412 | P74: Escanear y agitado 15 + descargar mirando el visor 60 + tapar 10 (el retiro de válvula se cuenta en Desarme)
A75: 4 | B75: Descarga ABC — ruta descarte | C75: Tambor Yukon M-000030 | D75: Máquina | E75: =$B$27 -> 0.1 | F75: 0 | G75: 0 | H75: 0 | I75: 0 | J75: 0 | K75: 0 | L75: 0 | M75: =15+60+10 -> 85 | N75: =IF(M75>0,3600/M75,0) -> 42.352941 | O75: =N75*$B$6 -> 6352.9412 | P75: Igual que la ruta recuperable, al tambor
A76: 5 | B76: Descarga BC | C76: Tambor Yukon M-000030 dedicado BC | D76: Máquina | E76: 0 | F76: 1 | G76: 0 | H76: 0 | I76: 0 | J76: 0 | K76: 0 | L76: 0 | M76: =15+60+10 -> 85 | N76: =IF(M76>0,3600/M76,0) -> 42.352941 | O76: =N76*$B$6 -> 6352.9412 | P76: Igual que ABC; todo a descarte
A77: 6 | B77: Descarga de agua / AFFF / sales K | C77: IBC 1.000 l (AFFF) y tanque 600 l (agua) | D77: Máquina | E77: 0 | F77: 0 | G77: 0 | H77: =$B$28 -> 1 | I77: =$B$28 -> 1 | J77: =$B$28 -> 1 | K77: 0 | L77: 0 | M77: =10+10+15+60+10 -> 105 | N77: =IF(M77>0,3600/M77,0) -> 34.285714 | O77: =N77*$B$6 -> 5142.8571 | P77: Escanear 10 + quitar lanza 10 + acoplar 15 + vaciar 60 + llevar a desarme 10 | Q77: Antes 180 s; los pasos suman 105 s. Sales K: misma ruta que agua y AFFF
A78: 7 | B78: Recuperación de CO₂ | C78: Trasvasadora CO₂ 103/D1 (misma máquina que la carga) | D78: Máquina | E78: 0 | F78: 0 | G78: 0 | H78: 0 | I78: 0 | J78: 0 | K78: =$B$15+$B$29 -> 0.25 | L78: 0 | M78: =20+20+120+20+15+10 -> 205 | N78: =IF(M78>0,3600/M78,0) -> 17.560976 | O78: =N78*$B$6 -> 2634.1463 | P78: Pesar 20 + conectar 20 + bombear 120 + verificar y pesar 20 + desconectar 15 + registrar 10
A79: 8 | B79: Recuperación de halogenado | C79: Unidad THB/BP (misma máquina que la carga) | D79: Máquina | E79: 0 | F79: 0 | G79: 0 | H79: 0 | I79: 0 | J79: 0 | K79: 0 | L79: =$B$15+$B$25 -> 0.25 | M79: =60+20+30+300+40+15 -> 465 | N79: =IF(M79>0,3600/M79,0) -> 7.7419355 | O79: =N79*$B$6 -> 1161.2903 | P79: Preparar y verificar cilindro de paso 60 + pesar 20 + conectar 30 + recuperar 300 + pesar ambos 40 + anotar 15
A80: 9 | B80: Desarme y limpieza — recinto | C80: Lanza de soplado + aspiradora industrial + llaves | D80: Manual | E80: 1 | F80: 1 | G80: 1 | H80: 0 | I80: 0 | J80: 0 | K80: 0 | L80: 0 | M80: =5+30+5+10+20+120*$B$15+5 -> 99 | N80: =IF(M80>0,3600/M80,0) -> 36.363636 | O80: =N80*$B$6 -> 5454.5455 | P80: Verificar 5 + retirar válvula 30 + marbete 5 + bandeja 10 + soplar 20 + limpieza profunda 120 × % con PH + tapar 5 | Q80: Antes 90 s con 25 % de PH; los pasos suman 99 s con 20 %
A81: 10 | B81: Desarme e inspección interior — zona general | C81: Boroscopio Klein ET19 + llaves | D81: Manual | E81: 0 | F81: 0 | G81: 0 | H81: =$B$28 -> 1 | I81: =$B$28 -> 1 | J81: =$B$28 -> 1 | K81: =$B$15+$B$29 -> 0.25 | L81: =$B$15+$B$25 -> 0.25 | M81: =10+40+60+90*0.4+15+15 -> 176 | N81: =IF(M81>0,3600/M81,0) -> 20.454545 | O81: =N81*$B$6 -> 3068.1818 | P81: Confirmar vacío 10 + retirar válvula 40 + boroscopio 60 + enjuague 90 × 40 % + foto 15 + tapar 15
A82: 11 | B82: Laboratorio — Puffer y mufla | C82: Puffer Yukon M-100150 + mufla ORL-0 | D82: Máquina | E82: =$B$32 -> 0.001 | F82: =$B$32 -> 0.001 | G82: 0 | H82: 0 | I82: 0 | J82: 0 | K82: 0 | L82: 0 | M82: =300+600+1800+60+120+300 -> 3180 | N82: =IF(M82>0,3600/M82,0) -> 1.1320755 | O82: =N82*$B$6 -> 169.81132 | P82: Tiempo por ENSAYO: registro 300 + mufla 600 + Puffer 1.800 + dictamen 60 + carga 120 + liberar tolva 300
A83: 12 | B83: Prueba hidráulica | C83: Máquina PH Yukon 300 kg/cm² | D83: Máquina | E83: =$B$15 -> 0.2 | F83: =$B$15 -> 0.2 | G83: =$B$15 -> 0.2 | H83: =$B$16 -> 0.5 | I83: =$B$16 -> 0.5 | J83: =$B$16 -> 0.5 | K83: =$B$15 -> 0.2 | L83: =$B$15 -> 0.2 | M83: =12+20+90+90+75+15 -> 302 | N83: =IF(M83>0,3600/M83,0) -> 11.92053 | O83: =N83*$B$6 -> 1788.0795 | P83: Verificar con patrón 12 + escanear 20 + llenar y conectar 90 + ensayo 90 + vaciar y retirar 75 + registrar 15. CO₂ lleva además ultrasonido y acuñado
A84: 13 | B84: Secado | C84: Secadora Yukon de 6 recipientes | D84: Máquina | E84: =$B$15+$B$31 -> 0.21 | F84: =$B$15+$B$31 -> 0.21 | G84: =$B$15+$B$31 -> 0.21 | H84: 0 | I84: 0 | J84: 0 | K84: =$B$15 -> 0.2 | L84: =$B$15 -> 0.2 | M84: =15+15*60/6+15 -> 180 | N84: =IF(M84>0,3600/M84,0) -> 20 | O84: =N84*$B$6 -> 3000 | P84: Colocar 15 + 15 min ÷ 6 recipientes = 150 + retirar 15 | Q84: Agua, AFFF y sales K no se secan: se vuelven a llenar
A85: 14 | B85: Inspección interior con videoscopio | C85: Videoscopio + mesa con soporte en V | D85: Manual | E85: =$B$15+$B$31 -> 0.21 | F85: =$B$15+$B$31 -> 0.21 | G85: =$B$15+$B$31 -> 0.21 | H85: 0 | I85: 0 | J85: 0 | K85: =$B$15 -> 0.2 | L85: =$B$15 -> 0.2 | M85: =60+15+10 -> 85 | N85: =IF(M85>0,3600/M85,0) -> 42.352941 | O85: =N85*$B$6 -> 6352.9412 | P85: Recorrer con la sonda 60 + guardar foto 15 + tapar 10
A86: 15 | B86: Pintura | C86: Cabina con extracción, HVLP, lámparas IR, amoladora | D86: Máquina | E86: =$B$30 -> 0.1 | F86: =$B$30 -> 0.1 | G86: =$B$30 -> 0.1 | H86: =$B$30 -> 0.1 | I86: =$B$30 -> 0.1 | J86: =$B$30 -> 0.1 | K86: =$B$30 -> 0.1 | L86: =$B$30 -> 0.1 | M86: 750 | N86: =IF(M86>0,3600/M86,0) -> 4.8 | O86: =N86*$B$6 -> 720 | Q86: Sin desglose de pasos en el original
A87: 16 | B87: Carga de polvo ABC | C87: Máquina neumática Yukon con corte por peso | D87: Máquina | E87: 1 | F87: 0 | G87: 0 | H87: 0 | I87: 0 | J87: 0 | K87: 0 | L87: 0 | M87: =6+15+45+15+15+10 -> 106 | N87: =IF(M87>0,3600/M87,0) -> 33.962264 | O87: =N87*$B$6 -> 5094.3396 | P87: Contraste por turno 6 + tara 15 + carga 45 + pesar 15 + rosca 15 + registrar 10 | Q87: Antes 90 s; los pasos suman 106 s
A88: 17 | B88: Carga de polvo BC | C88: Cargadora portátil Yukon dedicada BC | D88: Máquina | E88: 0 | F88: 1 | G88: 0 | H88: 0 | I88: 0 | J88: 0 | K88: 0 | L88: 0 | M88: =10+15+75+15+15+10 -> 140 | N88: =IF(M88>0,3600/M88,0) -> 25.714286 | O88: =N88*$B$6 -> 3857.1429 | P88: Contraste 10 + tara 15 + carga portátil 75 + pesar 15 + rosca 15 + registrar 10
A89: 18 | B89: Descarga y carga Clase D | C89: Recipiente exclusivo + embudo + balanza | D89: Manual | E89: 0 | F89: 0 | G89: 1 | H89: 0 | I89: 0 | J89: 0 | K89: 0 | L89: 0 | M89: =180+15+240+30+15+10 -> 490 | N89: =IF(M89>0,3600/M89,0) -> 7.3469388 | O89: =N89*$B$6 -> 1102.0408 | P89: Descarga manual 180 + tara 15 + carga con embudo 240 + ajuste 30 + rosca 15 + registro 10 | Q89: Supuesto del original (no está en el documento de procesos)
A90: 19 | B90: Carga de agua / AFFF / sales K | C90: Red + tanque de premezcla con bomba 40 l/min + balanza | D90: Máquina | E90: 0 | F90: 0 | G90: 0 | H90: =$B$28 -> 1 | I90: =$B$28 -> 1 | J90: =$B$28 -> 1 | K90: 0 | L90: 0 | M90: =20+10+30+15+15+10 -> 100 | N90: =IF(M90>0,3600/M90,0) -> 36 | O90: =N90*$B$6 -> 5400 | P90: Contraste y premezcla 20 + tara 10 + cargar 30 + corregir 15 + rosca 15 + registrar 10
A91: 20 | B91: Carga de CO₂ | C91: Trasvasadora CO₂ 103/D1 + manifold | D91: Máquina | E91: 0 | F91: 0 | G91: 0 | H91: 0 | I91: 0 | J91: 0 | K91: =$B$15+$B$29+$B$25 -> 0.3 | L91: 0 | M91: =30+10+15+150+25+10 -> 240 | N91: =IF(M91>0,3600/M91,0) -> 15 | O91: =N91*$B$6 -> 2250 | P91: Tarar y programar 30 + elegir origen 10 + abrir manifold 15 + llenar 150 + pesar 25 + registrar 10
A92: 21 | B92: Ensamblaje y marbete — recinto | C92: Morsa + llave dinamométrica | D92: Manual | E92: 1 | F92: 1 | G92: 1 | H92: 0 | I92: 0 | J92: 0 | K92: 0 | L92: 0 | M92: =10+30+20+10+30+20 -> 120 | N92: =IF(M92>0,3600/M92,0) -> 30 | O92: =N92*$B$6 -> 4500 | P92: Escanear 10 + revisar piezas 30 + o-ring 20 + marbete 10 + enroscar 30 + manguera y repuestos 20
A93: 22 | B93: Presurización — recinto | C93: Pinza Yukon M-000150 + regulador | D93: Máquina | E93: 1 | F93: 1 | G93: 1 | H93: 0 | I93: 0 | J93: 0 | K93: 0 | L93: 0 | M93: =3+15+10+20+15+10 -> 73 | N93: =IF(M93>0,3600/M93,0) -> 49.315068 | O93: =N93*$B$6 -> 7397.2603 | P93: Contraste por turno 3 + fijar presión 15 + colocar 10 + presurizar 20 + pasador 15 + registrar 10
A94: 23 | B94: Ensamblaje y presurización — zona general | C94: Morsa + dinamométrica + pinza Yukon | D94: Manual | E94: 0 | F94: 0 | G94: 0 | H94: =$B$28 -> 1 | I94: =$B$28 -> 1 | J94: =$B$28 -> 1 | K94: =$B$15+$B$29 -> 0.25 | L94: =$B$15+$B$25 -> 0.25 | M94: =120+50 -> 170 | N94: =IF(M94>0,3600/M94,0) -> 21.176471 | O94: =N94*$B$6 -> 3176.4706 | P94: Ensamblaje 120 + presurización 50. CO₂ no se presuriza y halogenados se presurizan en la carga
A95: 24 | B95: Carga y presurización de halogenado | C95: Unidad THB/BP + pinza | D95: Máquina | E95: 0 | F95: 0 | G95: 0 | H95: 0 | I95: 0 | J95: 0 | K95: 0 | L95: =$B$15+$B$25 -> 0.25 | M95: =300+40+60+30 -> 430 | N95: =IF(M95>0,3600/M95,0) -> 8.372093 | O95: =N95*$B$6 -> 1255.814 | P95: Cargar 300 + presurizar 40 + agitar y repetir 60 + pesar y registrar 30
A96: 25 | B96: Control de peso (CO₂ y halogenados sin recarga) | C96: Balanza | D96: Manual | E96: 0 | F96: 0 | G96: 0 | H96: 0 | I96: 0 | J96: 0 | K96: =1-($B$15+$B$29+$B$25) -> 0.7 | L96: =1-($B$15+$B$25) -> 0.75 | M96: =30+10 -> 40 | N96: =IF(M96>0,3600/M96,0) -> 90 | O96: =N96*$B$6 -> 13500 | P96: Pesar y comparar 30 + registrar 10 | Q96: Anexo E: control anual de la masa
A97: 26 | B97: Ensayo de pérdidas | C97: Tanque de inmersión inox (6 posiciones); spray en rodantes | D97: Máquina | E97: 1 | F97: 1 | G97: 1 | H97: 1 | I97: 1 | J97: 1 | K97: 1 | L97: 1 | M97: =5+45+10+10+10 -> 80 | N97: =IF(M97>0,3600/M97,0) -> 45 | O97: =N97*$B$6 -> 6750 | P97: Preparar por turno 5 + bajar y observar en tandas de 6: 45 + sacar 10 + secar 10 + registrar 10
A98: 27 | B98: Precinto, etiqueta y despacho | C98: Dispensador + impresora + jaulas | D98: Manual | E98: 1 | F98: 1 | G98: 1 | H98: 1 | I98: 1 | J98: 1 | K98: 1 | L98: 1 | M98: =15+25+15+10+15+6 -> 86 | N98: =IF(M98>0,3600/M98,0) -> 41.860465 | O98: =N98*$B$6 -> 6279.0698 | P98: Precinto 15 + etiqueta 25 + revisión final 15 + cerrar OT 10 + jaula 15 + remito 6 | Q98: Antes 80 s; los pasos suman 86 s
A99: 28 | B99: Inutilización y disposición final | C99: Taladro de columna con prensa en V | D99: Máquina | E99: =$B$24 -> 0.08 | F99: =$B$24 -> 0.08 | G99: =$B$24 -> 0.08 | H99: =$B$24 -> 0.08 | I99: =$B$24 -> 0.08 | J99: =$B$24 -> 0.08 | K99: =$B$23 -> 0.063333333 | L99: =$B$24 -> 0.08 | M99: =30+120+90+60+90 -> 390 | N99: =IF(M99>0,3600/M99,0) -> 9.2307692 | O99: =N99*$B$6 -> 1384.6154 | P99: Confirmar 30 + perforar 120 + desarmar y cortar manguera 90 + residuos 60 + foto y acta 90 | Q99: 9.12 y Anexo G: acta de inutilización
A100: 29 | B100: PH de mangueras (CO₂ y rodantes) | C100: Máquina PH Yukon 300 kg/cm² (misma que la PH de recipientes) | D100: Máquina | E100: — | F100: — | G100: — | H100: — | I100: — | J100: — | K100: — | L100: — | M100: =12+20+90+90+75+15 -> 302 | N100: =IF(M100>0,3600/M100,0) -> 11.92053 | O100: =N100*$B$6 -> 1788.0795 | P100: Mismos pasos que la PH del recipiente: patrón 12 + escanear 20 + llenar y conectar 90 + ensayo 90 + vaciar y retirar 75 + registrar 15 | Q100: 9.7.1.4: PH anual de mangueras de CO₂ y con cierre en el extremo (tabla 5). Demanda = fila Mangueras del Plan mensual. Criterio: tiempo igual al de la PH del recipiente; falta el rótulo plástico
A102: — | B102: PH Firesafer (alternativa, no entra en el cálculo) | C102: Banco Firesafer FS-JD12A | M102: 60 | N102: =IF(M102>0,3600/M102,0) -> 60 | Q102: El original copia el desglose de la Yukon (302 s) con 60 s: revisar antes de usarla

Sheet sobrestock_sustitutos
A1: SUSTITUTOS (IRAM 3517-2:2020, 9.4.5)
A2: Mismo tipo que el equipo retirado. Va con el camión al retirar y vuelve cuando se devuelve el recargado.
A4: Parámetro | B4: Valor | C4: Fuente / criterio
A5: Días hábiles por mes | B5: =parametros_recargas!B2 -> 20
A6: Día de retiro | B6: 1 | C6: El sustituto sale con el camión que retira
A7: Día de devolución | B7: 1 | C7: El sustituto vuelve con el camión que devuelve; no se deja en otro cliente en ese viaje
A8: Minutos productivos por turno | B8: =parametros_recargas!B5*60 -> 450
A9: Planta | B9: =PROY_Indexado!B51 -> Industrial | C9: Comercial: compra todos. Industrial: fabrica los ABC
A11: PASO 1 — Tiempo por rubro (mix del rubro × tiempos de operación)
A12: Días de proceso = minutos por equipo ÷ minutos del turno, redondeado hacia arriba (mínimo 1). Ciclo del sustituto = retiro + proceso + devolución
A13: Concepto | B13: Automotor | C13: Edificios | D13: Educación | E13: Hoteles | F13: Industrias / almacenes | G13: Salud | H13: Supermercados
A14: % de las recargas (mercado, zonas de la planta) | B14: =SUM(PROY_Indexado!B$97:B$113)/SUM(PROY_Indexado!$B$97:$H$113) -> 0.5859526 | C14: =SUM(PROY_Indexado!C$97:C$113)/SUM(PROY_Indexado!$B$97:$H$113) -> 0.28820088 | D14: =SUM(PROY_Indexado!D$97:D$113)/SUM(PROY_Indexado!$B$97:$H$113) -> 0.030211304 | E14: =SUM(PROY_Indexado!E$97:E$113)/SUM(PROY_Indexado!$B$97:$H$113) -> 0.019867201 | F14: =SUM(PROY_Indexado!F$97:F$113)/SUM(PROY_Indexado!$B$97:$H$113) -> 0.043422904 | G14: =SUM(PROY_Indexado!G$97:G$113)/SUM(PROY_Indexado!$B$97:$H$113) -> 0.027889583 | H14: =SUM(PROY_Indexado!H$97:H$113)/SUM(PROY_Indexado!$B$97:$H$113) -> 0.0044555242
A15: Minutos de operación por equipo | B15: =IF(SUM(PROY_Indexado!B$97:B$113)=0,0,SUMPRODUCT(PROY_Indexado!B$97:B$113,$C$21:$C$37)/SUM(PROY_Indexado!B$97:B$113)) -> 17.253 | C15: =IF(SUM(PROY_Indexado!C$97:C$113)=0,0,SUMPRODUCT(PROY_Indexado!C$97:C$113,$C$21:$C$37)/SUM(PROY_Indexado!C$97:C$113)) -> 17.32219 | D15: =IF(SUM(PROY_Indexado!D$97:D$113)=0,0,SUMPRODUCT(PROY_Indexado!D$97:D$113,$C$21:$C$37)/SUM(PROY_Indexado!D$97:D$113)) -> 16.941268 | E15: =IF(SUM(PROY_Indexado!E$97:E$113)=0,0,SUMPRODUCT(PROY_Indexado!E$97:E$113,$C$21:$C$37)/SUM(PROY_Indexado!E$97:E$113)) -> 17.66419 | F15: =IF(SUM(PROY_Indexado!F$97:F$113)=0,0,SUMPRODUCT(PROY_Indexado!F$97:F$113,$C$21:$C$37)/SUM(PROY_Indexado!F$97:F$113)) -> 21.877646 | G15: =IF(SUM(PROY_Indexado!G$97:G$113)=0,0,SUMPRODUCT(PROY_Indexado!G$97:G$113,$C$21:$C$37)/SUM(PROY_Indexado!G$97:G$113)) -> 19.158559 | H15: =IF(SUM(PROY_Indexado!H$97:H$113)=0,0,SUMPRODUCT(PROY_Indexado!H$97:H$113,$C$21:$C$37)/SUM(PROY_Indexado!H$97:H$113)) -> 17.453005
A16: Días de proceso | B16: =MAX(1,ROUNDUP(B15/$B$8,0)) -> 1 | C16: =MAX(1,ROUNDUP(C15/$B$8,0)) -> 1 | D16: =MAX(1,ROUNDUP(D15/$B$8,0)) -> 1 | E16: =MAX(1,ROUNDUP(E15/$B$8,0)) -> 1 | F16: =MAX(1,ROUNDUP(F15/$B$8,0)) -> 1 | G16: =MAX(1,ROUNDUP(G15/$B$8,0)) -> 1 | H16: =MAX(1,ROUNDUP(H15/$B$8,0)) -> 1
A17: Ciclo del sustituto (días) | B17: =$B$6+B16+$B$7 -> 3 | C17: =$B$6+C16+$B$7 -> 3 | D17: =$B$6+D16+$B$7 -> 3 | E17: =$B$6+E16+$B$7 -> 3 | F17: =$B$6+F16+$B$7 -> 3 | G17: =$B$6+G16+$B$7 -> 3 | H17: =$B$6+H16+$B$7 -> 3
A18: Horas de planta por día (2035) | B18: =datos_base!$K$19*B14/(12*$B$5)*B15/60 -> 75.257322 | C18: =datos_base!$K$19*C14/(12*$B$5)*C15/60 -> 37.163769 | D18: =datos_base!$K$19*D14/(12*$B$5)*D15/60 -> 3.8101058 | E18: =datos_base!$K$19*E14/(12*$B$5)*E15/60 -> 2.6124744 | F18: =datos_base!$K$19*F14/(12*$B$5)*F15/60 -> 7.0719812 | G18: =datos_base!$K$19*G14/(12*$B$5)*G15/60 -> 3.9776495 | H18: =datos_base!$K$19*H14/(12*$B$5)*H15/60 -> 0.57888283
A19: PASO 2 — Tipos (el ciclo de cada tipo pesa los rubros según sus recargas)
A20: Tipo | B20: Lleva sustituto (1 = sí) | C20: Minutos de operación por equipo | D20: Ciclo del sustituto (días) | E20: Origen | G20: Nota
A21: =datos_base!A2 -> ABC 1 kg | B21: 0 | C21: {=(SUMPRODUCT(INDEX(parametros_recargas!$E$72:$L$99,0,MATCH(parametros_recargas!$B$51,parametros_recargas!$E$71:$L$71,0)),parametros_recargas!$M$72:$M$99)*parametros_recargas!$C$51+parametros_recargas!$D$51*parametros_recargas!$M$100)/60} -> 17.253 | D21: =IF(SUM(PROY_Indexado!$B$97:$H$97)=0,$B$6+1+$B$7,SUMPRODUCT(PROY_Indexado!$B$97:$H$97,$B$17:$H$17)/SUM(PROY_Indexado!$B$97:$H$97)) -> 3 | E21: =IF(AND($B$9="Industrial",LEFT(A21,3)="ABC"),"Fabrica","Compra") -> Fabrica | G21: Automotor: sin canje
A22: =datos_base!A3 -> ABC 2,5 kg | B22: 1 | C22: {=(SUMPRODUCT(INDEX(parametros_recargas!$E$72:$L$99,0,MATCH(parametros_recargas!$B$52,parametros_recargas!$E$71:$L$71,0)),parametros_recargas!$M$72:$M$99)*parametros_recargas!$C$52+parametros_recargas!$D$52*parametros_recargas!$M$100)/60} -> 17.253 | D22: =IF(SUM(PROY_Indexado!$B$98:$H$98)=0,$B$6+1+$B$7,SUMPRODUCT(PROY_Indexado!$B$98:$H$98,$B$17:$H$17)/SUM(PROY_Indexado!$B$98:$H$98)) -> 3 | E22: =IF(AND($B$9="Industrial",LEFT(A22,3)="ABC"),"Fabrica","Compra") -> Fabrica
A23: =datos_base!A4 -> ABC 5 kg | B23: 1 | C23: {=(SUMPRODUCT(INDEX(parametros_recargas!$E$72:$L$99,0,MATCH(parametros_recargas!$B$53,parametros_recargas!$E$71:$L$71,0)),parametros_recargas!$M$72:$M$99)*parametros_recargas!$C$53+parametros_recargas!$D$53*parametros_recargas!$M$100)/60} -> 17.253 | D23: =IF(SUM(PROY_Indexado!$B$99:$H$99)=0,$B$6+1+$B$7,SUMPRODUCT(PROY_Indexado!$B$99:$H$99,$B$17:$H$17)/SUM(PROY_Indexado!$B$99:$H$99)) -> 3 | E23: =IF(AND($B$9="Industrial",LEFT(A23,3)="ABC"),"Fabrica","Compra") -> Fabrica
A24: =datos_base!A5 -> ABC 10 kg | B24: 1 | C24: {=(SUMPRODUCT(INDEX(parametros_recargas!$E$72:$L$99,0,MATCH(parametros_recargas!$B$54,parametros_recargas!$E$71:$L$71,0)),parametros_recargas!$M$72:$M$99)*parametros_recargas!$C$54+parametros_recargas!$D$54*parametros_recargas!$M$100)/60} -> 17.253 | D24: =IF(SUM(PROY_Indexado!$B$100:$H$100)=0,$B$6+1+$B$7,SUMPRODUCT(PROY_Indexado!$B$100:$H$100,$B$17:$H$17)/SUM(PROY_Indexado!$B$100:$H$100)) -> 3 | E24: =IF(AND($B$9="Industrial",LEFT(A24,3)="ABC"),"Fabrica","Compra") -> Fabrica
A25: =datos_base!A6 -> Agua 10 l | B25: 1 | C25: {=(SUMPRODUCT(INDEX(parametros_recargas!$E$72:$L$99,0,MATCH(parametros_recargas!$B$55,parametros_recargas!$E$71:$L$71,0)),parametros_recargas!$M$72:$M$99)*parametros_recargas!$C$55+parametros_recargas!$D$55*parametros_recargas!$M$100)/60} -> 18.986667 | D25: =IF(SUM(PROY_Indexado!$B$101:$H$101)=0,$B$6+1+$B$7,SUMPRODUCT(PROY_Indexado!$B$101:$H$101,$B$17:$H$17)/SUM(PROY_Indexado!$B$101:$H$101)) -> 3 | E25: =IF(AND($B$9="Industrial",LEFT(A25,3)="ABC"),"Fabrica","Compra") -> Compra
A26: =datos_base!A7 -> AFFF 10 l | B26: 1 | C26: {=(SUMPRODUCT(INDEX(parametros_recargas!$E$72:$L$99,0,MATCH(parametros_recargas!$B$56,parametros_recargas!$E$71:$L$71,0)),parametros_recargas!$M$72:$M$99)*parametros_recargas!$C$56+parametros_recargas!$D$56*parametros_recargas!$M$100)/60} -> 18.986667 | D26: =IF(SUM(PROY_Indexado!$B$102:$H$102)=0,$B$6+1+$B$7,SUMPRODUCT(PROY_Indexado!$B$102:$H$102,$B$17:$H$17)/SUM(PROY_Indexado!$B$102:$H$102)) -> 3 | E26: =IF(AND($B$9="Industrial",LEFT(A26,3)="ABC"),"Fabrica","Compra") -> Compra
A27: =datos_base!A8 -> AFFF 50 l s/ruedas | B27: 1 | C27: {=(SUMPRODUCT(INDEX(parametros_recargas!$E$72:$L$99,0,MATCH(parametros_recargas!$B$57,parametros_recargas!$E$71:$L$71,0)),parametros_recargas!$M$72:$M$99)*parametros_recargas!$C$57+parametros_recargas!$D$57*parametros_recargas!$M$100)/60} -> 61.993333 | D27: =IF(SUM(PROY_Indexado!$B$103:$H$103)=0,$B$6+1+$B$7,SUMPRODUCT(PROY_Indexado!$B$103:$H$103,$B$17:$H$17)/SUM(PROY_Indexado!$B$103:$H$103)) -> 3 | E27: =IF(AND($B$9="Industrial",LEFT(A27,3)="ABC"),"Fabrica","Compra") -> Compra
A28: =datos_base!A9 -> BC 5 kg | B28: 1 | C28: {=(SUMPRODUCT(INDEX(parametros_recargas!$E$72:$L$99,0,MATCH(parametros_recargas!$B$58,parametros_recargas!$E$71:$L$71,0)),parametros_recargas!$M$72:$M$99)*parametros_recargas!$C$58+parametros_recargas!$D$58*parametros_recargas!$M$100)/60} -> 17.8905 | D28: =IF(SUM(PROY_Indexado!$B$104:$H$104)=0,$B$6+1+$B$7,SUMPRODUCT(PROY_Indexado!$B$104:$H$104,$B$17:$H$17)/SUM(PROY_Indexado!$B$104:$H$104)) -> 3 | E28: =IF(AND($B$9="Industrial",LEFT(A28,3)="ABC"),"Fabrica","Compra") -> Compra
A29: =datos_base!A10 -> Sales K 6 l | B29: 1 | C29: {=(SUMPRODUCT(INDEX(parametros_recargas!$E$72:$L$99,0,MATCH(parametros_recargas!$B$59,parametros_recargas!$E$71:$L$71,0)),parametros_recargas!$M$72:$M$99)*parametros_recargas!$C$59+parametros_recargas!$D$59*parametros_recargas!$M$100)/60} -> 18.986667 | D29: =IF(SUM(PROY_Indexado!$B$105:$H$105)=0,$B$6+1+$B$7,SUMPRODUCT(PROY_Indexado!$B$105:$H$105,$B$17:$H$17)/SUM(PROY_Indexado!$B$105:$H$105)) -> 3 | E29: =IF(AND($B$9="Industrial",LEFT(A29,3)="ABC"),"Fabrica","Compra") -> Compra
A30: =datos_base!A11 -> CO₂ 2 kg | B30: 1 | C30: {=(SUMPRODUCT(INDEX(parametros_recargas!$E$72:$L$99,0,MATCH(parametros_recargas!$B$60,parametros_recargas!$E$71:$L$71,0)),parametros_recargas!$M$72:$M$99)*parametros_recargas!$C$60+parametros_recargas!$D$60*parametros_recargas!$M$100)/60} -> 13.030833 | D30: =IF(SUM(PROY_Indexado!$B$106:$H$106)=0,$B$6+1+$B$7,SUMPRODUCT(PROY_Indexado!$B$106:$H$106,$B$17:$H$17)/SUM(PROY_Indexado!$B$106:$H$106)) -> 3 | E30: =IF(AND($B$9="Industrial",LEFT(A30,3)="ABC"),"Fabrica","Compra") -> Compra
A31: =datos_base!A12 -> CO₂ 5 kg | B31: 1 | C31: {=(SUMPRODUCT(INDEX(parametros_recargas!$E$72:$L$99,0,MATCH(parametros_recargas!$B$61,parametros_recargas!$E$71:$L$71,0)),parametros_recargas!$M$72:$M$99)*parametros_recargas!$C$61+parametros_recargas!$D$61*parametros_recargas!$M$100)/60} -> 18.064167 | D31: =IF(SUM(PROY_Indexado!$B$107:$H$107)=0,$B$6+1+$B$7,SUMPRODUCT(PROY_Indexado!$B$107:$H$107,$B$17:$H$17)/SUM(PROY_Indexado!$B$107:$H$107)) -> 3 | E31: =IF(AND($B$9="Industrial",LEFT(A31,3)="ABC"),"Fabrica","Compra") -> Compra
A32: =datos_base!A13 -> HCFC/HFC 5 kg | B32: 1 | C32: {=(SUMPRODUCT(INDEX(parametros_recargas!$E$72:$L$99,0,MATCH(parametros_recargas!$B$62,parametros_recargas!$E$71:$L$71,0)),parametros_recargas!$M$72:$M$99)*parametros_recargas!$C$62+parametros_recargas!$D$62*parametros_recargas!$M$100)/60} -> 14.8475 | D32: =IF(SUM(PROY_Indexado!$B$108:$H$108)=0,$B$6+1+$B$7,SUMPRODUCT(PROY_Indexado!$B$108:$H$108,$B$17:$H$17)/SUM(PROY_Indexado!$B$108:$H$108)) -> 3 | E32: =IF(AND($B$9="Industrial",LEFT(A32,3)="ABC"),"Fabrica","Compra") -> Compra
A33: =datos_base!A14 -> Clase D 9 l | B33: 1 | C33: {=(SUMPRODUCT(INDEX(parametros_recargas!$E$72:$L$99,0,MATCH(parametros_recargas!$B$63,parametros_recargas!$E$71:$L$71,0)),parametros_recargas!$M$72:$M$99)*parametros_recargas!$C$63+parametros_recargas!$D$63*parametros_recargas!$M$100)/60} -> 22.254167 | D33: =IF(SUM(PROY_Indexado!$B$109:$H$109)=0,$B$6+1+$B$7,SUMPRODUCT(PROY_Indexado!$B$109:$H$109,$B$17:$H$17)/SUM(PROY_Indexado!$B$109:$H$109)) -> 3 | E33: =IF(AND($B$9="Industrial",LEFT(A33,3)="ABC"),"Fabrica","Compra") -> Compra
A34: =datos_base!A15 -> ABC 25 kg s/ruedas | B34: 1 | C34: {=(SUMPRODUCT(INDEX(parametros_recargas!$E$72:$L$99,0,MATCH(parametros_recargas!$B$64,parametros_recargas!$E$71:$L$71,0)),parametros_recargas!$M$72:$M$99)*parametros_recargas!$C$64+parametros_recargas!$D$64*parametros_recargas!$M$100)/60} -> 56.792333 | D34: =IF(SUM(PROY_Indexado!$B$110:$H$110)=0,$B$6+1+$B$7,SUMPRODUCT(PROY_Indexado!$B$110:$H$110,$B$17:$H$17)/SUM(PROY_Indexado!$B$110:$H$110)) -> 3 | E34: =IF(AND($B$9="Industrial",LEFT(A34,3)="ABC"),"Fabrica","Compra") -> Fabrica
A35: =datos_base!A16 -> ABC 50 kg s/ruedas | B35: 1 | C35: {=(SUMPRODUCT(INDEX(parametros_recargas!$E$72:$L$99,0,MATCH(parametros_recargas!$B$65,parametros_recargas!$E$71:$L$71,0)),parametros_recargas!$M$72:$M$99)*parametros_recargas!$C$65+parametros_recargas!$D$65*parametros_recargas!$M$100)/60} -> 56.792333 | D35: =IF(SUM(PROY_Indexado!$B$111:$H$111)=0,$B$6+1+$B$7,SUMPRODUCT(PROY_Indexado!$B$111:$H$111,$B$17:$H$17)/SUM(PROY_Indexado!$B$111:$H$111)) -> 3 | E35: =IF(AND($B$9="Industrial",LEFT(A35,3)="ABC"),"Fabrica","Compra") -> Fabrica
A36: =datos_base!A17 -> ABC 70 kg s/ruedas | B36: 1 | C36: {=(SUMPRODUCT(INDEX(parametros_recargas!$E$72:$L$99,0,MATCH(parametros_recargas!$B$66,parametros_recargas!$E$71:$L$71,0)),parametros_recargas!$M$72:$M$99)*parametros_recargas!$C$66+parametros_recargas!$D$66*parametros_recargas!$M$100)/60} -> 56.792333 | D36: =IF(SUM(PROY_Indexado!$B$112:$H$112)=0,$B$6+1+$B$7,SUMPRODUCT(PROY_Indexado!$B$112:$H$112,$B$17:$H$17)/SUM(PROY_Indexado!$B$112:$H$112)) -> 3 | E36: =IF(AND($B$9="Industrial",LEFT(A36,3)="ABC"),"Fabrica","Compra") -> Fabrica
A37: =datos_base!A18 -> ABC 100 kg s/ruedas | B37: 1 | C37: {=(SUMPRODUCT(INDEX(parametros_recargas!$E$72:$L$99,0,MATCH(parametros_recargas!$B$67,parametros_recargas!$E$71:$L$71,0)),parametros_recargas!$M$72:$M$99)*parametros_recargas!$C$67+parametros_recargas!$D$67*parametros_recargas!$M$100)/60} -> 56.792333 | D37: =IF(SUM(PROY_Indexado!$B$113:$H$113)=0,$B$6+1+$B$7,SUMPRODUCT(PROY_Indexado!$B$113:$H$113,$B$17:$H$17)/SUM(PROY_Indexado!$B$113:$H$113)) -> 3 | E37: =IF(AND($B$9="Industrial",LEFT(A37,3)="ABC"),"Fabrica","Compra") -> Fabrica
A39: PASO 3 — Stock (u.)
A40: Stock = recargas del año × % del mes pico ÷ días del mes × ciclo del sustituto, redondeado hacia arriba
A41: Tipo | B41: 2026 | C41: 2027 | D41: 2028 | E41: 2029 | F41: 2030 | G41: 2031 | H41: 2032 | I41: 2033 | J41: 2034 | K41: 2035
A42: =datos_base!A2 -> ABC 1 kg | B42: =ROUNDUP(datos_base!B2*$B$21*$D$21*MAX(parametros_recargas!$B$37:$M$37)/$B$5,0) -> 0 | C42: =ROUNDUP(datos_base!C2*$B$21*$D$21*MAX(parametros_recargas!$B$38:$M$38)/$B$5,0) -> 0 | D42: =ROUNDUP(datos_base!D2*$B$21*$D$21*MAX(parametros_recargas!$B$39:$M$39)/$B$5,0) -> 0 | E42: =ROUNDUP(datos_base!E2*$B$21*$D$21*MAX(parametros_recargas!$B$40:$M$40)/$B$5,0) -> 0 | F42: =ROUNDUP(datos_base!F2*$B$21*$D$21*MAX(parametros_recargas!$B$41:$M$41)/$B$5,0) -> 0 | G42: =ROUNDUP(datos_base!G2*$B$21*$D$21*MAX(parametros_recargas!$B$42:$M$42)/$B$5,0) -> 0 | H42: =ROUNDUP(datos_base!H2*$B$21*$D$21*MAX(parametros_recargas!$B$43:$M$43)/$B$5,0) -> 0 | I42: =ROUNDUP(datos_base!I2*$B$21*$D$21*MAX(parametros_recargas!$B$44:$M$44)/$B$5,0) -> 0 | J42: =ROUNDUP(datos_base!J2*$B$21*$D$21*MAX(parametros_recargas!$B$45:$M$45)/$B$5,0) -> 0 | K42: =ROUNDUP(datos_base!K2*$B$21*$D$21*MAX(parametros_recargas!$B$46:$M$46)/$B$5,0) -> 0
A43: =datos_base!A3 -> ABC 2,5 kg | B43: =ROUNDUP(datos_base!B3*$B$22*$D$22*MAX(parametros_recargas!$B$37:$M$37)/$B$5,0) -> 2 | C43: =ROUNDUP(datos_base!C3*$B$22*$D$22*MAX(parametros_recargas!$B$38:$M$38)/$B$5,0) -> 5 | D43: =ROUNDUP(datos_base!D3*$B$22*$D$22*MAX(parametros_recargas!$B$39:$M$39)/$B$5,0) -> 11 | E43: =ROUNDUP(datos_base!E3*$B$22*$D$22*MAX(parametros_recargas!$B$40:$M$40)/$B$5,0) -> 20 | F43: =ROUNDUP(datos_base!F3*$B$22*$D$22*MAX(parametros_recargas!$B$41:$M$41)/$B$5,0) -> 29 | G43: =ROUNDUP(datos_base!G3*$B$22*$D$22*MAX(parametros_recargas!$B$42:$M$42)/$B$5,0) -> 38 | H43: =ROUNDUP(datos_base!H3*$B$22*$D$22*MAX(parametros_recargas!$B$43:$M$43)/$B$5,0) -> 47 | I43: =ROUNDUP(datos_base!I3*$B$22*$D$22*MAX(parametros_recargas!$B$44:$M$44)/$B$5,0) -> 52 | J43: =ROUNDUP(datos_base!J3*$B$22*$D$22*MAX(parametros_recargas!$B$45:$M$45)/$B$5,0) -> 56 | K43: =ROUNDUP(datos_base!K3*$B$22*$D$22*MAX(parametros_recargas!$B$46:$M$46)/$B$5,0) -> 60
A44: =datos_base!A4 -> ABC 5 kg | B44: =ROUNDUP(datos_base!B4*$B$23*$D$23*MAX(parametros_recargas!$B$37:$M$37)/$B$5,0) -> 8 | C44: =ROUNDUP(datos_base!C4*$B$23*$D$23*MAX(parametros_recargas!$B$38:$M$38)/$B$5,0) -> 29 | D44: =ROUNDUP(datos_base!D4*$B$23*$D$23*MAX(parametros_recargas!$B$39:$M$39)/$B$5,0) -> 65 | E44: =ROUNDUP(datos_base!E4*$B$23*$D$23*MAX(parametros_recargas!$B$40:$M$40)/$B$5,0) -> 122 | F44: =ROUNDUP(datos_base!F4*$B$23*$D$23*MAX(parametros_recargas!$B$41:$M$41)/$B$5,0) -> 175 | G44: =ROUNDUP(datos_base!G4*$B$23*$D$23*MAX(parametros_recargas!$B$42:$M$42)/$B$5,0) -> 232 | H44: =ROUNDUP(datos_base!H4*$B$23*$D$23*MAX(parametros_recargas!$B$43:$M$43)/$B$5,0) -> 284 | I44: =ROUNDUP(datos_base!I4*$B$23*$D$23*MAX(parametros_recargas!$B$44:$M$44)/$B$5,0) -> 315 | J44: =ROUNDUP(datos_base!J4*$B$23*$D$23*MAX(parametros_recargas!$B$45:$M$45)/$B$5,0) -> 340 | K44: =ROUNDUP(datos_base!K4*$B$23*$D$23*MAX(parametros_recargas!$B$46:$M$46)/$B$5,0) -> 365
A45: =datos_base!A5 -> ABC 10 kg | B45: =ROUNDUP(datos_base!B5*$B$24*$D$24*MAX(parametros_recargas!$B$37:$M$37)/$B$5,0) -> 1 | C45: =ROUNDUP(datos_base!C5*$B$24*$D$24*MAX(parametros_recargas!$B$38:$M$38)/$B$5,0) -> 2 | D45: =ROUNDUP(datos_base!D5*$B$24*$D$24*MAX(parametros_recargas!$B$39:$M$39)/$B$5,0) -> 4 | E45: =ROUNDUP(datos_base!E5*$B$24*$D$24*MAX(parametros_recargas!$B$40:$M$40)/$B$5,0) -> 8 | F45: =ROUNDUP(datos_base!F5*$B$24*$D$24*MAX(parametros_recargas!$B$41:$M$41)/$B$5,0) -> 11 | G45: =ROUNDUP(datos_base!G5*$B$24*$D$24*MAX(parametros_recargas!$B$42:$M$42)/$B$5,0) -> 14 | H45: =ROUNDUP(datos_base!H5*$B$24*$D$24*MAX(parametros_recargas!$B$43:$M$43)/$B$5,0) -> 17 | I45: =ROUNDUP(datos_base!I5*$B$24*$D$24*MAX(parametros_recargas!$B$44:$M$44)/$B$5,0) -> 19 | J45: =ROUNDUP(datos_base!J5*$B$24*$D$24*MAX(parametros_recargas!$B$45:$M$45)/$B$5,0) -> 21 | K45: =ROUNDUP(datos_base!K5*$B$24*$D$24*MAX(parametros_recargas!$B$46:$M$46)/$B$5,0) -> 22
A46: =datos_base!A6 -> Agua 10 l | B46: =ROUNDUP(datos_base!B6*$B$25*$D$25*MAX(parametros_recargas!$B$37:$M$37)/$B$5,0) -> 1 | C46: =ROUNDUP(datos_base!C6*$B$25*$D$25*MAX(parametros_recargas!$B$38:$M$38)/$B$5,0) -> 3 | D46: =ROUNDUP(datos_base!D6*$B$25*$D$25*MAX(parametros_recargas!$B$39:$M$39)/$B$5,0) -> 6 | E46: =ROUNDUP(datos_base!E6*$B$25*$D$25*MAX(parametros_recargas!$B$40:$M$40)/$B$5,0) -> 10 | F46: =ROUNDUP(datos_base!F6*$B$25*$D$25*MAX(parametros_recargas!$B$41:$M$41)/$B$5,0) -> 15 | G46: =ROUNDUP(datos_base!G6*$B$25*$D$25*MAX(parametros_recargas!$B$42:$M$42)/$B$5,0) -> 20 | H46: =ROUNDUP(datos_base!H6*$B$25*$D$25*MAX(parametros_recargas!$B$43:$M$43)/$B$5,0) -> 24 | I46: =ROUNDUP(datos_base!I6*$B$25*$D$25*MAX(parametros_recargas!$B$44:$M$44)/$B$5,0) -> 27 | J46: =ROUNDUP(datos_base!J6*$B$25*$D$25*MAX(parametros_recargas!$B$45:$M$45)/$B$5,0) -> 29 | K46: =ROUNDUP(datos_base!K6*$B$25*$D$25*MAX(parametros_recargas!$B$46:$M$46)/$B$5,0) -> 31
A47: =datos_base!A7 -> AFFF 10 l | B47: =ROUNDUP(datos_base!B7*$B$26*$D$26*MAX(parametros_recargas!$B$37:$M$37)/$B$5,0) -> 1 | C47: =ROUNDUP(datos_base!C7*$B$26*$D$26*MAX(parametros_recargas!$B$38:$M$38)/$B$5,0) -> 1 | D47: =ROUNDUP(datos_base!D7*$B$26*$D$26*MAX(parametros_recargas!$B$39:$M$39)/$B$5,0) -> 2 | E47: =ROUNDUP(datos_base!E7*$B$26*$D$26*MAX(parametros_recargas!$B$40:$M$40)/$B$5,0) -> 2 | F47: =ROUNDUP(datos_base!F7*$B$26*$D$26*MAX(parametros_recargas!$B$41:$M$41)/$B$5,0) -> 3 | G47: =ROUNDUP(datos_base!G7*$B$26*$D$26*MAX(parametros_recargas!$B$42:$M$42)/$B$5,0) -> 4 | H47: =ROUNDUP(datos_base!H7*$B$26*$D$26*MAX(parametros_recargas!$B$43:$M$43)/$B$5,0) -> 5 | I47: =ROUNDUP(datos_base!I7*$B$26*$D$26*MAX(parametros_recargas!$B$44:$M$44)/$B$5,0) -> 5 | J47: =ROUNDUP(datos_base!J7*$B$26*$D$26*MAX(parametros_recargas!$B$45:$M$45)/$B$5,0) -> 6 | K47: =ROUNDUP(datos_base!K7*$B$26*$D$26*MAX(parametros_recargas!$B$46:$M$46)/$B$5,0) -> 6
A48: =datos_base!A8 -> AFFF 50 l s/ruedas | B48: =ROUNDUP(datos_base!B8*$B$27*$D$27*MAX(parametros_recargas!$B$37:$M$37)/$B$5,0) -> 1 | C48: =ROUNDUP(datos_base!C8*$B$27*$D$27*MAX(parametros_recargas!$B$38:$M$38)/$B$5,0) -> 1 | D48: =ROUNDUP(datos_base!D8*$B$27*$D$27*MAX(parametros_recargas!$B$39:$M$39)/$B$5,0) -> 1 | E48: =ROUNDUP(datos_base!E8*$B$27*$D$27*MAX(parametros_recargas!$B$40:$M$40)/$B$5,0) -> 2 | F48: =ROUNDUP(datos_base!F8*$B$27*$D$27*MAX(parametros_recargas!$B$41:$M$41)/$B$5,0) -> 2 | G48: =ROUNDUP(datos_base!G8*$B$27*$D$27*MAX(parametros_recargas!$B$42:$M$42)/$B$5,0) -> 2 | H48: =ROUNDUP(datos_base!H8*$B$27*$D$27*MAX(parametros_recargas!$B$43:$M$43)/$B$5,0) -> 3 | I48: =ROUNDUP(datos_base!I8*$B$27*$D$27*MAX(parametros_recargas!$B$44:$M$44)/$B$5,0) -> 3 | J48: =ROUNDUP(datos_base!J8*$B$27*$D$27*MAX(parametros_recargas!$B$45:$M$45)/$B$5,0) -> 3 | K48: =ROUNDUP(datos_base!K8*$B$27*$D$27*MAX(parametros_recargas!$B$46:$M$46)/$B$5,0) -> 4
A49: =datos_base!A9 -> BC 5 kg | B49: =ROUNDUP(datos_base!B9*$B$28*$D$28*MAX(parametros_recargas!$B$37:$M$37)/$B$5,0) -> 1 | C49: =ROUNDUP(datos_base!C9*$B$28*$D$28*MAX(parametros_recargas!$B$38:$M$38)/$B$5,0) -> 1 | D49: =ROUNDUP(datos_base!D9*$B$28*$D$28*MAX(parametros_recargas!$B$39:$M$39)/$B$5,0) -> 1 | E49: =ROUNDUP(datos_base!E9*$B$28*$D$28*MAX(parametros_recargas!$B$40:$M$40)/$B$5,0) -> 1 | F49: =ROUNDUP(datos_base!F9*$B$28*$D$28*MAX(parametros_recargas!$B$41:$M$41)/$B$5,0) -> 1 | G49: =ROUNDUP(datos_base!G9*$B$28*$D$28*MAX(parametros_recargas!$B$42:$M$42)/$B$5,0) -> 2 | H49: =ROUNDUP(datos_base!H9*$B$28*$D$28*MAX(parametros_recargas!$B$43:$M$43)/$B$5,0) -> 2 | I49: =ROUNDUP(datos_base!I9*$B$28*$D$28*MAX(parametros_recargas!$B$44:$M$44)/$B$5,0) -> 2 | J49: =ROUNDUP(datos_base!J9*$B$28*$D$28*MAX(parametros_recargas!$B$45:$M$45)/$B$5,0) -> 2 | K49: =ROUNDUP(datos_base!K9*$B$28*$D$28*MAX(parametros_recargas!$B$46:$M$46)/$B$5,0) -> 2
A50: =datos_base!A10 -> Sales K 6 l | B50: =ROUNDUP(datos_base!B10*$B$29*$D$29*MAX(parametros_recargas!$B$37:$M$37)/$B$5,0) -> 1 | C50: =ROUNDUP(datos_base!C10*$B$29*$D$29*MAX(parametros_recargas!$B$38:$M$38)/$B$5,0) -> 2 | D50: =ROUNDUP(datos_base!D10*$B$29*$D$29*MAX(parametros_recargas!$B$39:$M$39)/$B$5,0) -> 3 | E50: =ROUNDUP(datos_base!E10*$B$29*$D$29*MAX(parametros_recargas!$B$40:$M$40)/$B$5,0) -> 5 | F50: =ROUNDUP(datos_base!F10*$B$29*$D$29*MAX(parametros_recargas!$B$41:$M$41)/$B$5,0) -> 8 | G50: =ROUNDUP(datos_base!G10*$B$29*$D$29*MAX(parametros_recargas!$B$42:$M$42)/$B$5,0) -> 10 | H50: =ROUNDUP(datos_base!H10*$B$29*$D$29*MAX(parametros_recargas!$B$43:$M$43)/$B$5,0) -> 12 | I50: =ROUNDUP(datos_base!I10*$B$29*$D$29*MAX(parametros_recargas!$B$44:$M$44)/$B$5,0) -> 13 | J50: =ROUNDUP(datos_base!J10*$B$29*$D$29*MAX(parametros_recargas!$B$45:$M$45)/$B$5,0) -> 14 | K50: =ROUNDUP(datos_base!K10*$B$29*$D$29*MAX(parametros_recargas!$B$46:$M$46)/$B$5,0) -> 16
A51: =datos_base!A11 -> CO₂ 2 kg | B51: =ROUNDUP(datos_base!B11*$B$30*$D$30*MAX(parametros_recargas!$B$37:$M$37)/$B$5,0) -> 2 | C51: =ROUNDUP(datos_base!C11*$B$30*$D$30*MAX(parametros_recargas!$B$38:$M$38)/$B$5,0) -> 7 | D51: =ROUNDUP(datos_base!D11*$B$30*$D$30*MAX(parametros_recargas!$B$39:$M$39)/$B$5,0) -> 15 | E51: =ROUNDUP(datos_base!E11*$B$30*$D$30*MAX(parametros_recargas!$B$40:$M$40)/$B$5,0) -> 28 | F51: =ROUNDUP(datos_base!F11*$B$30*$D$30*MAX(parametros_recargas!$B$41:$M$41)/$B$5,0) -> 40 | G51: =ROUNDUP(datos_base!G11*$B$30*$D$30*MAX(parametros_recargas!$B$42:$M$42)/$B$5,0) -> 53 | H51: =ROUNDUP(datos_base!H11*$B$30*$D$30*MAX(parametros_recargas!$B$43:$M$43)/$B$5,0) -> 64 | I51: =ROUNDUP(datos_base!I11*$B$30*$D$30*MAX(parametros_recargas!$B$44:$M$44)/$B$5,0) -> 71 | J51: =ROUNDUP(datos_base!J11*$B$30*$D$30*MAX(parametros_recargas!$B$45:$M$45)/$B$5,0) -> 77 | K51: =ROUNDUP(datos_base!K11*$B$30*$D$30*MAX(parametros_recargas!$B$46:$M$46)/$B$5,0) -> 82
A52: =datos_base!A12 -> CO₂ 5 kg | B52: =ROUNDUP(datos_base!B12*$B$31*$D$31*MAX(parametros_recargas!$B$37:$M$37)/$B$5,0) -> 1 | C52: =ROUNDUP(datos_base!C12*$B$31*$D$31*MAX(parametros_recargas!$B$38:$M$38)/$B$5,0) -> 3 | D52: =ROUNDUP(datos_base!D12*$B$31*$D$31*MAX(parametros_recargas!$B$39:$M$39)/$B$5,0) -> 5 | E52: =ROUNDUP(datos_base!E12*$B$31*$D$31*MAX(parametros_recargas!$B$40:$M$40)/$B$5,0) -> 9 | F52: =ROUNDUP(datos_base!F12*$B$31*$D$31*MAX(parametros_recargas!$B$41:$M$41)/$B$5,0) -> 13 | G52: =ROUNDUP(datos_base!G12*$B$31*$D$31*MAX(parametros_recargas!$B$42:$M$42)/$B$5,0) -> 18 | H52: =ROUNDUP(datos_base!H12*$B$31*$D$31*MAX(parametros_recargas!$B$43:$M$43)/$B$5,0) -> 22 | I52: =ROUNDUP(datos_base!I12*$B$31*$D$31*MAX(parametros_recargas!$B$44:$M$44)/$B$5,0) -> 24 | J52: =ROUNDUP(datos_base!J12*$B$31*$D$31*MAX(parametros_recargas!$B$45:$M$45)/$B$5,0) -> 26 | K52: =ROUNDUP(datos_base!K12*$B$31*$D$31*MAX(parametros_recargas!$B$46:$M$46)/$B$5,0) -> 28
A53: =datos_base!A13 -> HCFC/HFC 5 kg | B53: =ROUNDUP(datos_base!B13*$B$32*$D$32*MAX(parametros_recargas!$B$37:$M$37)/$B$5,0) -> 1 | C53: =ROUNDUP(datos_base!C13*$B$32*$D$32*MAX(parametros_recargas!$B$38:$M$38)/$B$5,0) -> 1 | D53: =ROUNDUP(datos_base!D13*$B$32*$D$32*MAX(parametros_recargas!$B$39:$M$39)/$B$5,0) -> 1 | E53: =ROUNDUP(datos_base!E13*$B$32*$D$32*MAX(parametros_recargas!$B$40:$M$40)/$B$5,0) -> 2 | F53: =ROUNDUP(datos_base!F13*$B$32*$D$32*MAX(parametros_recargas!$B$41:$M$41)/$B$5,0) -> 3 | G53: =ROUNDUP(datos_base!G13*$B$32*$D$32*MAX(parametros_recargas!$B$42:$M$42)/$B$5,0) -> 3 | H53: =ROUNDUP(datos_base!H13*$B$32*$D$32*MAX(parametros_recargas!$B$43:$M$43)/$B$5,0) -> 4 | I53: =ROUNDUP(datos_base!I13*$B$32*$D$32*MAX(parametros_recargas!$B$44:$M$44)/$B$5,0) -> 4 | J53: =ROUNDUP(datos_base!J13*$B$32*$D$32*MAX(parametros_recargas!$B$45:$M$45)/$B$5,0) -> 5 | K53: =ROUNDUP(datos_base!K13*$B$32*$D$32*MAX(parametros_recargas!$B$46:$M$46)/$B$5,0) -> 5
A54: =datos_base!A14 -> Clase D 9 l | B54: =ROUNDUP(datos_base!B14*$B$33*$D$33*MAX(parametros_recargas!$B$37:$M$37)/$B$5,0) -> 1 | C54: =ROUNDUP(datos_base!C14*$B$33*$D$33*MAX(parametros_recargas!$B$38:$M$38)/$B$5,0) -> 1 | D54: =ROUNDUP(datos_base!D14*$B$33*$D$33*MAX(parametros_recargas!$B$39:$M$39)/$B$5,0) -> 1 | E54: =ROUNDUP(datos_base!E14*$B$33*$D$33*MAX(parametros_recargas!$B$40:$M$40)/$B$5,0) -> 1 | F54: =ROUNDUP(datos_base!F14*$B$33*$D$33*MAX(parametros_recargas!$B$41:$M$41)/$B$5,0) -> 1 | G54: =ROUNDUP(datos_base!G14*$B$33*$D$33*MAX(parametros_recargas!$B$42:$M$42)/$B$5,0) -> 1 | H54: =ROUNDUP(datos_base!H14*$B$33*$D$33*MAX(parametros_recargas!$B$43:$M$43)/$B$5,0) -> 2 | I54: =ROUNDUP(datos_base!I14*$B$33*$D$33*MAX(parametros_recargas!$B$44:$M$44)/$B$5,0) -> 2 | J54: =ROUNDUP(datos_base!J14*$B$33*$D$33*MAX(parametros_recargas!$B$45:$M$45)/$B$5,0) -> 2 | K54: =ROUNDUP(datos_base!K14*$B$33*$D$33*MAX(parametros_recargas!$B$46:$M$46)/$B$5,0) -> 2
A55: =datos_base!A15 -> ABC 25 kg s/ruedas | B55: =ROUNDUP(datos_base!B15*$B$34*$D$34*MAX(parametros_recargas!$B$37:$M$37)/$B$5,0) -> 1 | C55: =ROUNDUP(datos_base!C15*$B$34*$D$34*MAX(parametros_recargas!$B$38:$M$38)/$B$5,0) -> 1 | D55: =ROUNDUP(datos_base!D15*$B$34*$D$34*MAX(parametros_recargas!$B$39:$M$39)/$B$5,0) -> 1 | E55: =ROUNDUP(datos_base!E15*$B$34*$D$34*MAX(parametros_recargas!$B$40:$M$40)/$B$5,0) -> 2 | F55: =ROUNDUP(datos_base!F15*$B$34*$D$34*MAX(parametros_recargas!$B$41:$M$41)/$B$5,0) -> 2 | G55: =ROUNDUP(datos_base!G15*$B$34*$D$34*MAX(parametros_recargas!$B$42:$M$42)/$B$5,0) -> 3 | H55: =ROUNDUP(datos_base!H15*$B$34*$D$34*MAX(parametros_recargas!$B$43:$M$43)/$B$5,0) -> 3 | I55: =ROUNDUP(datos_base!I15*$B$34*$D$34*MAX(parametros_recargas!$B$44:$M$44)/$B$5,0) -> 4 | J55: =ROUNDUP(datos_base!J15*$B$34*$D$34*MAX(parametros_recargas!$B$45:$M$45)/$B$5,0) -> 4 | K55: =ROUNDUP(datos_base!K15*$B$34*$D$34*MAX(parametros_recargas!$B$46:$M$46)/$B$5,0) -> 4
A56: =datos_base!A16 -> ABC 50 kg s/ruedas | B56: =ROUNDUP(datos_base!B16*$B$35*$D$35*MAX(parametros_recargas!$B$37:$M$37)/$B$5,0) -> 1 | C56: =ROUNDUP(datos_base!C16*$B$35*$D$35*MAX(parametros_recargas!$B$38:$M$38)/$B$5,0) -> 1 | D56: =ROUNDUP(datos_base!D16*$B$35*$D$35*MAX(parametros_recargas!$B$39:$M$39)/$B$5,0) -> 2 | E56: =ROUNDUP(datos_base!E16*$B$35*$D$35*MAX(parametros_recargas!$B$40:$M$40)/$B$5,0) -> 3 | F56: =ROUNDUP(datos_base!F16*$B$35*$D$35*MAX(parametros_recargas!$B$41:$M$41)/$B$5,0) -> 4 | G56: =ROUNDUP(datos_base!G16*$B$35*$D$35*MAX(parametros_recargas!$B$42:$M$42)/$B$5,0) -> 6 | H56: =ROUNDUP(datos_base!H16*$B$35*$D$35*MAX(parametros_recargas!$B$43:$M$43)/$B$5,0) -> 7 | I56: =ROUNDUP(datos_base!I16*$B$35*$D$35*MAX(parametros_recargas!$B$44:$M$44)/$B$5,0) -> 8 | J56: =ROUNDUP(datos_base!J16*$B$35*$D$35*MAX(parametros_recargas!$B$45:$M$45)/$B$5,0) -> 8 | K56: =ROUNDUP(datos_base!K16*$B$35*$D$35*MAX(parametros_recargas!$B$46:$M$46)/$B$5,0) -> 9
A57: =datos_base!A17 -> ABC 70 kg s/ruedas | B57: =ROUNDUP(datos_base!B17*$B$36*$D$36*MAX(parametros_recargas!$B$37:$M$37)/$B$5,0) -> 1 | C57: =ROUNDUP(datos_base!C17*$B$36*$D$36*MAX(parametros_recargas!$B$38:$M$38)/$B$5,0) -> 1 | D57: =ROUNDUP(datos_base!D17*$B$36*$D$36*MAX(parametros_recargas!$B$39:$M$39)/$B$5,0) -> 1 | E57: =ROUNDUP(datos_base!E17*$B$36*$D$36*MAX(parametros_recargas!$B$40:$M$40)/$B$5,0) -> 1 | F57: =ROUNDUP(datos_base!F17*$B$36*$D$36*MAX(parametros_recargas!$B$41:$M$41)/$B$5,0) -> 1 | G57: =ROUNDUP(datos_base!G17*$B$36*$D$36*MAX(parametros_recargas!$B$42:$M$42)/$B$5,0) -> 2 | H57: =ROUNDUP(datos_base!H17*$B$36*$D$36*MAX(parametros_recargas!$B$43:$M$43)/$B$5,0) -> 2 | I57: =ROUNDUP(datos_base!I17*$B$36*$D$36*MAX(parametros_recargas!$B$44:$M$44)/$B$5,0) -> 2 | J57: =ROUNDUP(datos_base!J17*$B$36*$D$36*MAX(parametros_recargas!$B$45:$M$45)/$B$5,0) -> 2 | K57: =ROUNDUP(datos_base!K17*$B$36*$D$36*MAX(parametros_recargas!$B$46:$M$46)/$B$5,0) -> 2
A58: =datos_base!A18 -> ABC 100 kg s/ruedas | B58: =ROUNDUP(datos_base!B18*$B$37*$D$37*MAX(parametros_recargas!$B$37:$M$37)/$B$5,0) -> 1 | C58: =ROUNDUP(datos_base!C18*$B$37*$D$37*MAX(parametros_recargas!$B$38:$M$38)/$B$5,0) -> 1 | D58: =ROUNDUP(datos_base!D18*$B$37*$D$37*MAX(parametros_recargas!$B$39:$M$39)/$B$5,0) -> 1 | E58: =ROUNDUP(datos_base!E18*$B$37*$D$37*MAX(parametros_recargas!$B$40:$M$40)/$B$5,0) -> 1 | F58: =ROUNDUP(datos_base!F18*$B$37*$D$37*MAX(parametros_recargas!$B$41:$M$41)/$B$5,0) -> 1 | G58: =ROUNDUP(datos_base!G18*$B$37*$D$37*MAX(parametros_recargas!$B$42:$M$42)/$B$5,0) -> 1 | H58: =ROUNDUP(datos_base!H18*$B$37*$D$37*MAX(parametros_recargas!$B$43:$M$43)/$B$5,0) -> 1 | I58: =ROUNDUP(datos_base!I18*$B$37*$D$37*MAX(parametros_recargas!$B$44:$M$44)/$B$5,0) -> 2 | J58: =ROUNDUP(datos_base!J18*$B$37*$D$37*MAX(parametros_recargas!$B$45:$M$45)/$B$5,0) -> 2 | K58: =ROUNDUP(datos_base!K18*$B$37*$D$37*MAX(parametros_recargas!$B$46:$M$46)/$B$5,0) -> 2
A59: Total | B59: =SUM(B42:B58) -> 25 | C59: =SUM(C42:C58) -> 60 | D59: =SUM(D42:D58) -> 120 | E59: =SUM(E42:E58) -> 217 | F59: =SUM(F42:F58) -> 309 | G59: =SUM(G42:G58) -> 409 | H59: =SUM(H42:H58) -> 499 | I59: =SUM(I42:I58) -> 553 | ... K59: =SUM(K42:K58) -> 640
A61: PASO 4 — Alta anual (u.)
A62: Alta = lo que crece el stock + stock del año anterior × % inutilizados (parametros_recargas B23 CO₂, B24 resto). Cada alta lleva faja amarilla y tarjeta
A63: Tipo | B63: 2026 | C63: 2027 | D63: 2028 | E63: 2029 | F63: 2030 | G63: 2031 | H63: 2032 | I63: 2033 | J63: 2034 | K63: 2035
A64: =datos_base!A2 -> ABC 1 kg | B64: =B42 -> 0 | C64: =MAX(0,C42-B42)+B42*IF(parametros_recargas!$B$51="CO₂",parametros_recargas!$B$23,parametros_recargas!$B$24) -> 0 | D64: =MAX(0,D42-C42)+C42*IF(parametros_recargas!$B$51="CO₂",parametros_recargas!$B$23,parametros_recargas!$B$24) -> 0 | E64: =MAX(0,E42-D42)+D42*IF(parametros_recargas!$B$51="CO₂",parametros_recargas!$B$23,parametros_recargas!$B$24) -> 0 | F64: =MAX(0,F42-E42)+E42*IF(parametros_recargas!$B$51="CO₂",parametros_recargas!$B$23,parametros_recargas!$B$24) -> 0 | G64: =MAX(0,G42-F42)+F42*IF(parametros_recargas!$B$51="CO₂",parametros_recargas!$B$23,parametros_recargas!$B$24) -> 0 | H64: =MAX(0,H42-G42)+G42*IF(parametros_recargas!$B$51="CO₂",parametros_recargas!$B$23,parametros_recargas!$B$24) -> 0 | I64: =MAX(0,I42-H42)+H42*IF(parametros_recargas!$B$51="CO₂",parametros_recargas!$B$23,parametros_recargas!$B$24) -> 0 | J64: =MAX(0,J42-I42)+I42*IF(parametros_recargas!$B$51="CO₂",parametros_recargas!$B$23,parametros_recargas!$B$24) -> 0 | K64: =MAX(0,K42-J42)+J42*IF(parametros_recargas!$B$51="CO₂",parametros_recargas!$B$23,parametros_recargas!$B$24) -> 0
A65: =datos_base!A3 -> ABC 2,5 kg | B65: =B43 -> 2 | C65: =MAX(0,C43-B43)+B43*IF(parametros_recargas!$B$52="CO₂",parametros_recargas!$B$23,parametros_recargas!$B$24) -> 3.16 | D65: =MAX(0,D43-C43)+C43*IF(parametros_recargas!$B$52="CO₂",parametros_recargas!$B$23,parametros_recargas!$B$24) -> 6.4 | E65: =MAX(0,E43-D43)+D43*IF(parametros_recargas!$B$52="CO₂",parametros_recargas!$B$23,parametros_recargas!$B$24) -> 9.88 | F65: =MAX(0,F43-E43)+E43*IF(parametros_recargas!$B$52="CO₂",parametros_recargas!$B$23,parametros_recargas!$B$24) -> 10.6 | G65: =MAX(0,G43-F43)+F43*IF(parametros_recargas!$B$52="CO₂",parametros_recargas!$B$23,parametros_recargas!$B$24) -> 11.32 | H65: =MAX(0,H43-G43)+G43*IF(parametros_recargas!$B$52="CO₂",parametros_recargas!$B$23,parametros_recargas!$B$24) -> 12.04 | I65: =MAX(0,I43-H43)+H43*IF(parametros_recargas!$B$52="CO₂",parametros_recargas!$B$23,parametros_recargas!$B$24) -> 8.76 | J65: =MAX(0,J43-I43)+I43*IF(parametros_recargas!$B$52="CO₂",parametros_recargas!$B$23,parametros_recargas!$B$24) -> 8.16 | K65: =MAX(0,K43-J43)+J43*IF(parametros_recargas!$B$52="CO₂",parametros_recargas!$B$23,parametros_recargas!$B$24) -> 8.48
A66: =datos_base!A4 -> ABC 5 kg | B66: =B44 -> 8 | C66: =MAX(0,C44-B44)+B44*IF(parametros_recargas!$B$53="CO₂",parametros_recargas!$B$23,parametros_recargas!$B$24) -> 21.64 | D66: =MAX(0,D44-C44)+C44*IF(parametros_recargas!$B$53="CO₂",parametros_recargas!$B$23,parametros_recargas!$B$24) -> 38.32 | E66: =MAX(0,E44-D44)+D44*IF(parametros_recargas!$B$53="CO₂",parametros_recargas!$B$23,parametros_recargas!$B$24) -> 62.2 | F66: =MAX(0,F44-E44)+E44*IF(parametros_recargas!$B$53="CO₂",parametros_recargas!$B$23,parametros_recargas!$B$24) -> 62.76 | G66: =MAX(0,G44-F44)+F44*IF(parametros_recargas!$B$53="CO₂",parametros_recargas!$B$23,parametros_recargas!$B$24) -> 71 | H66: =MAX(0,H44-G44)+G44*IF(parametros_recargas!$B$53="CO₂",parametros_recargas!$B$23,parametros_recargas!$B$24) -> 70.56 | I66: =MAX(0,I44-H44)+H44*IF(parametros_recargas!$B$53="CO₂",parametros_recargas!$B$23,parametros_recargas!$B$24) -> 53.72 | J66: =MAX(0,J44-I44)+I44*IF(parametros_recargas!$B$53="CO₂",parametros_recargas!$B$23,parametros_recargas!$B$24) -> 50.2 | K66: =MAX(0,K44-J44)+J44*IF(parametros_recargas!$B$53="CO₂",parametros_recargas!$B$23,parametros_recargas!$B$24) -> 52.2
A67: =datos_base!A5 -> ABC 10 kg | B67: =B45 -> 1 | C67: =MAX(0,C45-B45)+B45*IF(parametros_recargas!$B$54="CO₂",parametros_recargas!$B$23,parametros_recargas!$B$24) -> 1.08 | D67: =MAX(0,D45-C45)+C45*IF(parametros_recargas!$B$54="CO₂",parametros_recargas!$B$23,parametros_recargas!$B$24) -> 2.16 | E67: =MAX(0,E45-D45)+D45*IF(parametros_recargas!$B$54="CO₂",parametros_recargas!$B$23,parametros_recargas!$B$24) -> 4.32 | F67: =MAX(0,F45-E45)+E45*IF(parametros_recargas!$B$54="CO₂",parametros_recargas!$B$23,parametros_recargas!$B$24) -> 3.64 | G67: =MAX(0,G45-F45)+F45*IF(parametros_recargas!$B$54="CO₂",parametros_recargas!$B$23,parametros_recargas!$B$24) -> 3.88 | H67: =MAX(0,H45-G45)+G45*IF(parametros_recargas!$B$54="CO₂",parametros_recargas!$B$23,parametros_recargas!$B$24) -> 4.12 | I67: =MAX(0,I45-H45)+H45*IF(parametros_recargas!$B$54="CO₂",parametros_recargas!$B$23,parametros_recargas!$B$24) -> 3.36 | J67: =MAX(0,J45-I45)+I45*IF(parametros_recargas!$B$54="CO₂",parametros_recargas!$B$23,parametros_recargas!$B$24) -> 3.52 | K67: =MAX(0,K45-J45)+J45*IF(parametros_recargas!$B$54="CO₂",parametros_recargas!$B$23,parametros_recargas!$B$24) -> 2.68
A68: =datos_base!A6 -> Agua 10 l | B68: =B46 -> 1 | C68: =MAX(0,C46-B46)+B46*IF(parametros_recargas!$B$55="CO₂",parametros_recargas!$B$23,parametros_recargas!$B$24) -> 2.08 | D68: =MAX(0,D46-C46)+C46*IF(parametros_recargas!$B$55="CO₂",parametros_recargas!$B$23,parametros_recargas!$B$24) -> 3.24 | E68: =MAX(0,E46-D46)+D46*IF(parametros_recargas!$B$55="CO₂",parametros_recargas!$B$23,parametros_recargas!$B$24) -> 4.48 | F68: =MAX(0,F46-E46)+E46*IF(parametros_recargas!$B$55="CO₂",parametros_recargas!$B$23,parametros_recargas!$B$24) -> 5.8 | G68: =MAX(0,G46-F46)+F46*IF(parametros_recargas!$B$55="CO₂",parametros_recargas!$B$23,parametros_recargas!$B$24) -> 6.2 | H68: =MAX(0,H46-G46)+G46*IF(parametros_recargas!$B$55="CO₂",parametros_recargas!$B$23,parametros_recargas!$B$24) -> 5.6 | I68: =MAX(0,I46-H46)+H46*IF(parametros_recargas!$B$55="CO₂",parametros_recargas!$B$23,parametros_recargas!$B$24) -> 4.92 | J68: =MAX(0,J46-I46)+I46*IF(parametros_recargas!$B$55="CO₂",parametros_recargas!$B$23,parametros_recargas!$B$24) -> 4.16 | K68: =MAX(0,K46-J46)+J46*IF(parametros_recargas!$B$55="CO₂",parametros_recargas!$B$23,parametros_recargas!$B$24) -> 4.32
A69: =datos_base!A7 -> AFFF 10 l | B69: =B47 -> 1 | C69: =MAX(0,C47-B47)+B47*IF(parametros_recargas!$B$56="CO₂",parametros_recargas!$B$23,parametros_recargas!$B$24) -> 0.08 | D69: =MAX(0,D47-C47)+C47*IF(parametros_recargas!$B$56="CO₂",parametros_recargas!$B$23,parametros_recargas!$B$24) -> 1.08 | E69: =MAX(0,E47-D47)+D47*IF(parametros_recargas!$B$56="CO₂",parametros_recargas!$B$23,parametros_recargas!$B$24) -> 0.16 | F69: =MAX(0,F47-E47)+E47*IF(parametros_recargas!$B$56="CO₂",parametros_recargas!$B$23,parametros_recargas!$B$24) -> 1.16 | G69: =MAX(0,G47-F47)+F47*IF(parametros_recargas!$B$56="CO₂",parametros_recargas!$B$23,parametros_recargas!$B$24) -> 1.24 | H69: =MAX(0,H47-G47)+G47*IF(parametros_recargas!$B$56="CO₂",parametros_recargas!$B$23,parametros_recargas!$B$24) -> 1.32 | I69: =MAX(0,I47-H47)+H47*IF(parametros_recargas!$B$56="CO₂",parametros_recargas!$B$23,parametros_recargas!$B$24) -> 0.4 | J69: =MAX(0,J47-I47)+I47*IF(parametros_recargas!$B$56="CO₂",parametros_recargas!$B$23,parametros_recargas!$B$24) -> 1.4 | K69: =MAX(0,K47-J47)+J47*IF(parametros_recargas!$B$56="CO₂",parametros_recargas!$B$23,parametros_recargas!$B$24) -> 0.48
A70: =datos_base!A8 -> AFFF 50 l s/ruedas | B70: =B48 -> 1 | C70: =MAX(0,C48-B48)+B48*IF(parametros_recargas!$B$57="CO₂",parametros_recargas!$B$23,parametros_recargas!$B$24) -> 0.08 | D70: =MAX(0,D48-C48)+C48*IF(parametros_recargas!$B$57="CO₂",parametros_recargas!$B$23,parametros_recargas!$B$24) -> 0.08 | E70: =MAX(0,E48-D48)+D48*IF(parametros_recargas!$B$57="CO₂",parametros_recargas!$B$23,parametros_recargas!$B$24) -> 1.08 | F70: =MAX(0,F48-E48)+E48*IF(parametros_recargas!$B$57="CO₂",parametros_recargas!$B$23,parametros_recargas!$B$24) -> 0.16 | G70: =MAX(0,G48-F48)+F48*IF(parametros_recargas!$B$57="CO₂",parametros_recargas!$B$23,parametros_recargas!$B$24) -> 0.16 | H70: =MAX(0,H48-G48)+G48*IF(parametros_recargas!$B$57="CO₂",parametros_recargas!$B$23,parametros_recargas!$B$24) -> 1.16 | I70: =MAX(0,I48-H48)+H48*IF(parametros_recargas!$B$57="CO₂",parametros_recargas!$B$23,parametros_recargas!$B$24) -> 0.24 | J70: =MAX(0,J48-I48)+I48*IF(parametros_recargas!$B$57="CO₂",parametros_recargas!$B$23,parametros_recargas!$B$24) -> 0.24 | K70: =MAX(0,K48-J48)+J48*IF(parametros_recargas!$B$57="CO₂",parametros_recargas!$B$23,parametros_recargas!$B$24) -> 1.24
A71: =datos_base!A9 -> BC 5 kg | B71: =B49 -> 1 | C71: =MAX(0,C49-B49)+B49*IF(parametros_recargas!$B$58="CO₂",parametros_recargas!$B$23,parametros_recargas!$B$24) -> 0.08 | D71: =MAX(0,D49-C49)+C49*IF(parametros_recargas!$B$58="CO₂",parametros_recargas!$B$23,parametros_recargas!$B$24) -> 0.08 | E71: =MAX(0,E49-D49)+D49*IF(parametros_recargas!$B$58="CO₂",parametros_recargas!$B$23,parametros_recargas!$B$24) -> 0.08 | F71: =MAX(0,F49-E49)+E49*IF(parametros_recargas!$B$58="CO₂",parametros_recargas!$B$23,parametros_recargas!$B$24) -> 0.08 | G71: =MAX(0,G49-F49)+F49*IF(parametros_recargas!$B$58="CO₂",parametros_recargas!$B$23,parametros_recargas!$B$24) -> 1.08 | H71: =MAX(0,H49-G49)+G49*IF(parametros_recargas!$B$58="CO₂",parametros_recargas!$B$23,parametros_recargas!$B$24) -> 0.16 | I71: =MAX(0,I49-H49)+H49*IF(parametros_recargas!$B$58="CO₂",parametros_recargas!$B$23,parametros_recargas!$B$24) -> 0.16 | J71: =MAX(0,J49-I49)+I49*IF(parametros_recargas!$B$58="CO₂",parametros_recargas!$B$23,parametros_recargas!$B$24) -> 0.16 | K71: =MAX(0,K49-J49)+J49*IF(parametros_recargas!$B$58="CO₂",parametros_recargas!$B$23,parametros_recargas!$B$24) -> 0.16
A72: =datos_base!A10 -> Sales K 6 l | B72: =B50 -> 1 | C72: =MAX(0,C50-B50)+B50*IF(parametros_recargas!$B$59="CO₂",parametros_recargas!$B$23,parametros_recargas!$B$24) -> 1.08 | D72: =MAX(0,D50-C50)+C50*IF(parametros_recargas!$B$59="CO₂",parametros_recargas!$B$23,parametros_recargas!$B$24) -> 1.16 | E72: =MAX(0,E50-D50)+D50*IF(parametros_recargas!$B$59="CO₂",parametros_recargas!$B$23,parametros_recargas!$B$24) -> 2.24 | F72: =MAX(0,F50-E50)+E50*IF(parametros_recargas!$B$59="CO₂",parametros_recargas!$B$23,parametros_recargas!$B$24) -> 3.4 | G72: =MAX(0,G50-F50)+F50*IF(parametros_recargas!$B$59="CO₂",parametros_recargas!$B$23,parametros_recargas!$B$24) -> 2.64 | H72: =MAX(0,H50-G50)+G50*IF(parametros_recargas!$B$59="CO₂",parametros_recargas!$B$23,parametros_recargas!$B$24) -> 2.8 | I72: =MAX(0,I50-H50)+H50*IF(parametros_recargas!$B$59="CO₂",parametros_recargas!$B$23,parametros_recargas!$B$24) -> 1.96 | J72: =MAX(0,J50-I50)+I50*IF(parametros_recargas!$B$59="CO₂",parametros_recargas!$B$23,parametros_recargas!$B$24) -> 2.04 | K72: =MAX(0,K50-J50)+J50*IF(parametros_recargas!$B$59="CO₂",parametros_recargas!$B$23,parametros_recargas!$B$24) -> 3.12
A73: =datos_base!A11 -> CO₂ 2 kg | B73: =B51 -> 2 | C73: =MAX(0,C51-B51)+B51*IF(parametros_recargas!$B$60="CO₂",parametros_recargas!$B$23,parametros_recargas!$B$24) -> 5.1266667 | D73: =MAX(0,D51-C51)+C51*IF(parametros_recargas!$B$60="CO₂",parametros_recargas!$B$23,parametros_recargas!$B$24) -> 8.4433333 | E73: =MAX(0,E51-D51)+D51*IF(parametros_recargas!$B$60="CO₂",parametros_recargas!$B$23,parametros_recargas!$B$24) -> 13.95 | F73: =MAX(0,F51-E51)+E51*IF(parametros_recargas!$B$60="CO₂",parametros_recargas!$B$23,parametros_recargas!$B$24) -> 13.773333 | G73: =MAX(0,G51-F51)+F51*IF(parametros_recargas!$B$60="CO₂",parametros_recargas!$B$23,parametros_recargas!$B$24) -> 15.533333 | H73: =MAX(0,H51-G51)+G51*IF(parametros_recargas!$B$60="CO₂",parametros_recargas!$B$23,parametros_recargas!$B$24) -> 14.356667 | I73: =MAX(0,I51-H51)+H51*IF(parametros_recargas!$B$60="CO₂",parametros_recargas!$B$23,parametros_recargas!$B$24) -> 11.053333 | J73: =MAX(0,J51-I51)+I51*IF(parametros_recargas!$B$60="CO₂",parametros_recargas!$B$23,parametros_recargas!$B$24) -> 10.496667 | K73: =MAX(0,K51-J51)+J51*IF(parametros_recargas!$B$60="CO₂",parametros_recargas!$B$23,parametros_recargas!$B$24) -> 9.8766667
A74: =datos_base!A12 -> CO₂ 5 kg | B74: =B52 -> 1 | C74: =MAX(0,C52-B52)+B52*IF(parametros_recargas!$B$61="CO₂",parametros_recargas!$B$23,parametros_recargas!$B$24) -> 2.0633333 | D74: =MAX(0,D52-C52)+C52*IF(parametros_recargas!$B$61="CO₂",parametros_recargas!$B$23,parametros_recargas!$B$24) -> 2.19 | E74: =MAX(0,E52-D52)+D52*IF(parametros_recargas!$B$61="CO₂",parametros_recargas!$B$23,parametros_recargas!$B$24) -> 4.3166667 | F74: =MAX(0,F52-E52)+E52*IF(parametros_recargas!$B$61="CO₂",parametros_recargas!$B$23,parametros_recargas!$B$24) -> 4.57 | G74: =MAX(0,G52-F52)+F52*IF(parametros_recargas!$B$61="CO₂",parametros_recargas!$B$23,parametros_recargas!$B$24) -> 5.8233333 | H74: =MAX(0,H52-G52)+G52*IF(parametros_recargas!$B$61="CO₂",parametros_recargas!$B$23,parametros_recargas!$B$24) -> 5.14 | I74: =MAX(0,I52-H52)+H52*IF(parametros_recargas!$B$61="CO₂",parametros_recargas!$B$23,parametros_recargas!$B$24) -> 3.3933333 | J74: =MAX(0,J52-I52)+I52*IF(parametros_recargas!$B$61="CO₂",parametros_recargas!$B$23,parametros_recargas!$B$24) -> 3.52 | K74: =MAX(0,K52-J52)+J52*IF(parametros_recargas!$B$61="CO₂",parametros_recargas!$B$23,parametros_recargas!$B$24) -> 3.6466667
A75: =datos_base!A13 -> HCFC/HFC 5 kg | B75: =B53 -> 1 | C75: =MAX(0,C53-B53)+B53*IF(parametros_recargas!$B$62="CO₂",parametros_recargas!$B$23,parametros_recargas!$B$24) -> 0.08 | D75: =MAX(0,D53-C53)+C53*IF(parametros_recargas!$B$62="CO₂",parametros_recargas!$B$23,parametros_recargas!$B$24) -> 0.08 | E75: =MAX(0,E53-D53)+D53*IF(parametros_recargas!$B$62="CO₂",parametros_recargas!$B$23,parametros_recargas!$B$24) -> 1.08 | F75: =MAX(0,F53-E53)+E53*IF(parametros_recargas!$B$62="CO₂",parametros_recargas!$B$23,parametros_recargas!$B$24) -> 1.16 | G75: =MAX(0,G53-F53)+F53*IF(parametros_recargas!$B$62="CO₂",parametros_recargas!$B$23,parametros_recargas!$B$24) -> 0.24 | H75: =MAX(0,H53-G53)+G53*IF(parametros_recargas!$B$62="CO₂",parametros_recargas!$B$23,parametros_recargas!$B$24) -> 1.24 | I75: =MAX(0,I53-H53)+H53*IF(parametros_recargas!$B$62="CO₂",parametros_recargas!$B$23,parametros_recargas!$B$24) -> 0.32 | J75: =MAX(0,J53-I53)+I53*IF(parametros_recargas!$B$62="CO₂",parametros_recargas!$B$23,parametros_recargas!$B$24) -> 1.32 | K75: =MAX(0,K53-J53)+J53*IF(parametros_recargas!$B$62="CO₂",parametros_recargas!$B$23,parametros_recargas!$B$24) -> 0.4
A76: =datos_base!A14 -> Clase D 9 l | B76: =B54 -> 1 | C76: =MAX(0,C54-B54)+B54*IF(parametros_recargas!$B$63="CO₂",parametros_recargas!$B$23,parametros_recargas!$B$24) -> 0.08 | D76: =MAX(0,D54-C54)+C54*IF(parametros_recargas!$B$63="CO₂",parametros_recargas!$B$23,parametros_recargas!$B$24) -> 0.08 | E76: =MAX(0,E54-D54)+D54*IF(parametros_recargas!$B$63="CO₂",parametros_recargas!$B$23,parametros_recargas!$B$24) -> 0.08 | F76: =MAX(0,F54-E54)+E54*IF(parametros_recargas!$B$63="CO₂",parametros_recargas!$B$23,parametros_recargas!$B$24) -> 0.08 | G76: =MAX(0,G54-F54)+F54*IF(parametros_recargas!$B$63="CO₂",parametros_recargas!$B$23,parametros_recargas!$B$24) -> 0.08 | H76: =MAX(0,H54-G54)+G54*IF(parametros_recargas!$B$63="CO₂",parametros_recargas!$B$23,parametros_recargas!$B$24) -> 1.08 | I76: =MAX(0,I54-H54)+H54*IF(parametros_recargas!$B$63="CO₂",parametros_recargas!$B$23,parametros_recargas!$B$24) -> 0.16 | J76: =MAX(0,J54-I54)+I54*IF(parametros_recargas!$B$63="CO₂",parametros_recargas!$B$23,parametros_recargas!$B$24) -> 0.16 | K76: =MAX(0,K54-J54)+J54*IF(parametros_recargas!$B$63="CO₂",parametros_recargas!$B$23,parametros_recargas!$B$24) -> 0.16
A77: =datos_base!A15 -> ABC 25 kg s/ruedas | B77: =B55 -> 1 | C77: =MAX(0,C55-B55)+B55*IF(parametros_recargas!$B$64="CO₂",parametros_recargas!$B$23,parametros_recargas!$B$24) -> 0.08 | D77: =MAX(0,D55-C55)+C55*IF(parametros_recargas!$B$64="CO₂",parametros_recargas!$B$23,parametros_recargas!$B$24) -> 0.08 | E77: =MAX(0,E55-D55)+D55*IF(parametros_recargas!$B$64="CO₂",parametros_recargas!$B$23,parametros_recargas!$B$24) -> 1.08 | F77: =MAX(0,F55-E55)+E55*IF(parametros_recargas!$B$64="CO₂",parametros_recargas!$B$23,parametros_recargas!$B$24) -> 0.16 | G77: =MAX(0,G55-F55)+F55*IF(parametros_recargas!$B$64="CO₂",parametros_recargas!$B$23,parametros_recargas!$B$24) -> 1.16 | H77: =MAX(0,H55-G55)+G55*IF(parametros_recargas!$B$64="CO₂",parametros_recargas!$B$23,parametros_recargas!$B$24) -> 0.24 | I77: =MAX(0,I55-H55)+H55*IF(parametros_recargas!$B$64="CO₂",parametros_recargas!$B$23,parametros_recargas!$B$24) -> 1.24 | J77: =MAX(0,J55-I55)+I55*IF(parametros_recargas!$B$64="CO₂",parametros_recargas!$B$23,parametros_recargas!$B$24) -> 0.32 | K77: =MAX(0,K55-J55)+J55*IF(parametros_recargas!$B$64="CO₂",parametros_recargas!$B$23,parametros_recargas!$B$24) -> 0.32
A78: =datos_base!A16 -> ABC 50 kg s/ruedas | B78: =B56 -> 1 | C78: =MAX(0,C56-B56)+B56*IF(parametros_recargas!$B$65="CO₂",parametros_recargas!$B$23,parametros_recargas!$B$24) -> 0.08 | D78: =MAX(0,D56-C56)+C56*IF(parametros_recargas!$B$65="CO₂",parametros_recargas!$B$23,parametros_recargas!$B$24) -> 1.08 | E78: =MAX(0,E56-D56)+D56*IF(parametros_recargas!$B$65="CO₂",parametros_recargas!$B$23,parametros_recargas!$B$24) -> 1.16 | F78: =MAX(0,F56-E56)+E56*IF(parametros_recargas!$B$65="CO₂",parametros_recargas!$B$23,parametros_recargas!$B$24) -> 1.24 | G78: =MAX(0,G56-F56)+F56*IF(parametros_recargas!$B$65="CO₂",parametros_recargas!$B$23,parametros_recargas!$B$24) -> 2.32 | H78: =MAX(0,H56-G56)+G56*IF(parametros_recargas!$B$65="CO₂",parametros_recargas!$B$23,parametros_recargas!$B$24) -> 1.48 | I78: =MAX(0,I56-H56)+H56*IF(parametros_recargas!$B$65="CO₂",parametros_recargas!$B$23,parametros_recargas!$B$24) -> 1.56 | J78: =MAX(0,J56-I56)+I56*IF(parametros_recargas!$B$65="CO₂",parametros_recargas!$B$23,parametros_recargas!$B$24) -> 0.64 | K78: =MAX(0,K56-J56)+J56*IF(parametros_recargas!$B$65="CO₂",parametros_recargas!$B$23,parametros_recargas!$B$24) -> 1.64
A79: =datos_base!A17 -> ABC 70 kg s/ruedas | B79: =B57 -> 1 | C79: =MAX(0,C57-B57)+B57*IF(parametros_recargas!$B$66="CO₂",parametros_recargas!$B$23,parametros_recargas!$B$24) -> 0.08 | D79: =MAX(0,D57-C57)+C57*IF(parametros_recargas!$B$66="CO₂",parametros_recargas!$B$23,parametros_recargas!$B$24) -> 0.08 | E79: =MAX(0,E57-D57)+D57*IF(parametros_recargas!$B$66="CO₂",parametros_recargas!$B$23,parametros_recargas!$B$24) -> 0.08 | F79: =MAX(0,F57-E57)+E57*IF(parametros_recargas!$B$66="CO₂",parametros_recargas!$B$23,parametros_recargas!$B$24) -> 0.08 | G79: =MAX(0,G57-F57)+F57*IF(parametros_recargas!$B$66="CO₂",parametros_recargas!$B$23,parametros_recargas!$B$24) -> 1.08 | H79: =MAX(0,H57-G57)+G57*IF(parametros_recargas!$B$66="CO₂",parametros_recargas!$B$23,parametros_recargas!$B$24) -> 0.16 | I79: =MAX(0,I57-H57)+H57*IF(parametros_recargas!$B$66="CO₂",parametros_recargas!$B$23,parametros_recargas!$B$24) -> 0.16 | J79: =MAX(0,J57-I57)+I57*IF(parametros_recargas!$B$66="CO₂",parametros_recargas!$B$23,parametros_recargas!$B$24) -> 0.16 | K79: =MAX(0,K57-J57)+J57*IF(parametros_recargas!$B$66="CO₂",parametros_recargas!$B$23,parametros_recargas!$B$24) -> 0.16
A80: =datos_base!A18 -> ABC 100 kg s/ruedas | B80: =B58 -> 1 | C80: =MAX(0,C58-B58)+B58*IF(parametros_recargas!$B$67="CO₂",parametros_recargas!$B$23,parametros_recargas!$B$24) -> 0.08 | D80: =MAX(0,D58-C58)+C58*IF(parametros_recargas!$B$67="CO₂",parametros_recargas!$B$23,parametros_recargas!$B$24) -> 0.08 | E80: =MAX(0,E58-D58)+D58*IF(parametros_recargas!$B$67="CO₂",parametros_recargas!$B$23,parametros_recargas!$B$24) -> 0.08 | F80: =MAX(0,F58-E58)+E58*IF(parametros_recargas!$B$67="CO₂",parametros_recargas!$B$23,parametros_recargas!$B$24) -> 0.08 | G80: =MAX(0,G58-F58)+F58*IF(parametros_recargas!$B$67="CO₂",parametros_recargas!$B$23,parametros_recargas!$B$24) -> 0.08 | H80: =MAX(0,H58-G58)+G58*IF(parametros_recargas!$B$67="CO₂",parametros_recargas!$B$23,parametros_recargas!$B$24) -> 0.08 | I80: =MAX(0,I58-H58)+H58*IF(parametros_recargas!$B$67="CO₂",parametros_recargas!$B$23,parametros_recargas!$B$24) -> 1.08 | J80: =MAX(0,J58-I58)+I58*IF(parametros_recargas!$B$67="CO₂",parametros_recargas!$B$23,parametros_recargas!$B$24) -> 0.16 | K80: =MAX(0,K58-J58)+J58*IF(parametros_recargas!$B$67="CO₂",parametros_recargas!$B$23,parametros_recargas!$B$24) -> 0.16
A81: A fabricar (planta industrial) | B81: =SUMIF($E$21:$E$37,"Fabrica",B64:B80) -> 15 | C81: =SUMIF($E$21:$E$37,"Fabrica",C64:C80) -> 26.2 | D81: =SUMIF($E$21:$E$37,"Fabrica",D64:D80) -> 48.2 | E81: =SUMIF($E$21:$E$37,"Fabrica",E64:E80) -> 78.8 | F81: =SUMIF($E$21:$E$37,"Fabrica",F64:F80) -> 78.56 | G81: =SUMIF($E$21:$E$37,"Fabrica",G64:G80) -> 90.84 | H81: =SUMIF($E$21:$E$37,"Fabrica",H64:H80) -> 88.68 | I81: =SUMIF($E$21:$E$37,"Fabrica",I64:I80) -> 69.88 | ... K81: =SUMIF($E$21:$E$37,"Fabrica",K64:K80) -> 65.64
A82: A comprar | B82: =SUMIF($E$21:$E$37,"Compra",B64:B80) -> 10 | C82: =SUMIF($E$21:$E$37,"Compra",C64:C80) -> 10.75 | D82: =SUMIF($E$21:$E$37,"Compra",D64:D80) -> 16.433333 | E82: =SUMIF($E$21:$E$37,"Compra",E64:E80) -> 27.466667 | F82: =SUMIF($E$21:$E$37,"Compra",F64:F80) -> 30.183333 | G82: =SUMIF($E$21:$E$37,"Compra",G64:G80) -> 32.996667 | H82: =SUMIF($E$21:$E$37,"Compra",H64:H80) -> 32.856667 | I82: =SUMIF($E$21:$E$37,"Compra",I64:I80) -> 22.606667 | ... K82: =SUMIF($E$21:$E$37,"Compra",K64:K80) -> 23.403333
A83: Kits de sustituto | B83: =SUM(B64:B80) -> 25 | C83: =SUM(C64:C80) -> 36.95 | D83: =SUM(D64:D80) -> 64.633333 | E83: =SUM(E64:E80) -> 106.26667 | F83: =SUM(F64:F80) -> 108.74333 | G83: =SUM(G64:G80) -> 123.83667 | H83: =SUM(H64:H80) -> 121.53667 | I83: =SUM(I64:I80) -> 92.486667 | ... K83: =SUM(K64:K80) -> 89.043333
A85: PASO 5 — Mantenimiento anual en planta (u.)
A86: Mantenimiento = stock del año anterior (9.4.5 y 9.2.1); entra al Plan mensual, 1/12 por mes
A87: Tipo | B87: 2026 | C87: 2027 | D87: 2028 | E87: 2029 | F87: 2030 | G87: 2031 | H87: 2032 | I87: 2033 | J87: 2034 | K87: 2035
A88: =datos_base!A2 -> ABC 1 kg | B88: 0 | C88: =B42 -> 0 | D88: =C42 -> 0 | E88: =D42 -> 0 | F88: =E42 -> 0 | G88: =F42 -> 0 | H88: =G42 -> 0 | I88: =H42 -> 0 | J88: =I42 -> 0 | K88: =J42 -> 0
A89: =datos_base!A3 -> ABC 2,5 kg | B89: 0 | C89: =B43 -> 2 | D89: =C43 -> 5 | E89: =D43 -> 11 | F89: =E43 -> 20 | G89: =F43 -> 29 | H89: =G43 -> 38 | I89: =H43 -> 47 | J89: =I43 -> 52 | K89: =J43 -> 56
A90: =datos_base!A4 -> ABC 5 kg | B90: 0 | C90: =B44 -> 8 | D90: =C44 -> 29 | E90: =D44 -> 65 | F90: =E44 -> 122 | G90: =F44 -> 175 | H90: =G44 -> 232 | I90: =H44 -> 284 | J90: =I44 -> 315 | K90: =J44 -> 340
A91: =datos_base!A5 -> ABC 10 kg | B91: 0 | C91: =B45 -> 1 | D91: =C45 -> 2 | E91: =D45 -> 4 | F91: =E45 -> 8 | G91: =F45 -> 11 | H91: =G45 -> 14 | I91: =H45 -> 17 | J91: =I45 -> 19 | K91: =J45 -> 21
A92: =datos_base!A6 -> Agua 10 l | B92: 0 | C92: =B46 -> 1 | D92: =C46 -> 3 | E92: =D46 -> 6 | F92: =E46 -> 10 | G92: =F46 -> 15 | H92: =G46 -> 20 | I92: =H46 -> 24 | J92: =I46 -> 27 | K92: =J46 -> 29
A93: =datos_base!A7 -> AFFF 10 l | B93: 0 | C93: =B47 -> 1 | D93: =C47 -> 1 | E93: =D47 -> 2 | F93: =E47 -> 2 | G93: =F47 -> 3 | H93: =G47 -> 4 | I93: =H47 -> 5 | J93: =I47 -> 5 | K93: =J47 -> 6
A94: =datos_base!A8 -> AFFF 50 l s/ruedas | B94: 0 | C94: =B48 -> 1 | D94: =C48 -> 1 | E94: =D48 -> 1 | F94: =E48 -> 2 | G94: =F48 -> 2 | H94: =G48 -> 2 | I94: =H48 -> 3 | J94: =I48 -> 3 | K94: =J48 -> 3
A95: =datos_base!A9 -> BC 5 kg | B95: 0 | C95: =B49 -> 1 | D95: =C49 -> 1 | E95: =D49 -> 1 | F95: =E49 -> 1 | G95: =F49 -> 1 | H95: =G49 -> 2 | I95: =H49 -> 2 | J95: =I49 -> 2 | K95: =J49 -> 2
A96: =datos_base!A10 -> Sales K 6 l | B96: 0 | C96: =B50 -> 1 | D96: =C50 -> 2 | E96: =D50 -> 3 | F96: =E50 -> 5 | G96: =F50 -> 8 | H96: =G50 -> 10 | I96: =H50 -> 12 | J96: =I50 -> 13 | K96: =J50 -> 14
A97: =datos_base!A11 -> CO₂ 2 kg | B97: 0 | C97: =B51 -> 2 | D97: =C51 -> 7 | E97: =D51 -> 15 | F97: =E51 -> 28 | G97: =F51 -> 40 | H97: =G51 -> 53 | I97: =H51 -> 64 | J97: =I51 -> 71 | K97: =J51 -> 77
A98: =datos_base!A12 -> CO₂ 5 kg | B98: 0 | C98: =B52 -> 1 | D98: =C52 -> 3 | E98: =D52 -> 5 | F98: =E52 -> 9 | G98: =F52 -> 13 | H98: =G52 -> 18 | I98: =H52 -> 22 | J98: =I52 -> 24 | K98: =J52 -> 26
A99: =datos_base!A13 -> HCFC/HFC 5 kg | B99: 0 | C99: =B53 -> 1 | D99: =C53 -> 1 | E99: =D53 -> 1 | F99: =E53 -> 2 | G99: =F53 -> 3 | H99: =G53 -> 3 | I99: =H53 -> 4 | J99: =I53 -> 4 | K99: =J53 -> 5
... A104: =datos_base!A18 -> ABC 100 kg s/ruedas | B104: 0 | C104: =B58 -> 1 | D104: =C58 -> 1 | E104: =D58 -> 1 | F104: =E58 -> 1 | G104: =F58 -> 1 | H104: =G58 -> 1 | I104: =H58 -> 1 | J104: =I58 -> 2 | K104: =J58 -> 2
A105: Total | B105: =SUM(B88:B104) -> 0 | C105: =SUM(C88:C104) -> 25 | D105: =SUM(D88:D104) -> 60 | E105: =SUM(E88:E104) -> 120 | F105: =SUM(F88:F104) -> 217 | G105: =SUM(G88:G104) -> 309 | H105: =SUM(H88:H104) -> 409 | I105: =SUM(I88:I104) -> 499 | ... K105: =SUM(K88:K104) -> 597

Sheet Plan mensual
A1: 2026 | B1: Agente | C1: u. equiv. | D1: Ene | E1: Feb | F1: Mar | G1: Abr | H1: May | I1: Jun | J1: Jul | K1: Ago | L1: Sep | M1: Oct | N1: Nov | O1: Dic | P1: Total | Q1: Incluye mant. de sustitutos (u./año)
A2: =parametros_recargas!A51 -> ABC 1 kg | B2: =parametros_recargas!B51 -> ABC | C2: =parametros_recargas!C51 -> 1 | D2: =datos_base!$B$2*parametros_recargas!$B$37+sobrestock_sustitutos!$B$88/12 -> 83.528108 | E2: =datos_base!$B$2*parametros_recargas!$C$37+sobrestock_sustitutos!$B$88/12 -> 83.528108 | F2: =datos_base!$B$2*parametros_recargas!$D$37+sobrestock_sustitutos!$B$88/12 -> 83.528108 | G2: =datos_base!$B$2*parametros_recargas!$E$37+sobrestock_sustitutos!$B$88/12 -> 83.528108 | H2: =datos_base!$B$2*parametros_recargas!$F$37+sobrestock_sustitutos!$B$88/12 -> 83.528108 | I2: =datos_base!$B$2*parametros_recargas!$G$37+sobrestock_sustitutos!$B$88/12 -> 83.528108 | J2: =datos_base!$B$2*parametros_recargas!$H$37+sobrestock_sustitutos!$B$88/12 -> 83.528108 | K2: =datos_base!$B$2*parametros_recargas!$I$37+sobrestock_sustitutos!$B$88/12 -> 83.528108 | L2: =datos_base!$B$2*parametros_recargas!$J$37+sobrestock_sustitutos!$B$88/12 -> 83.528108 | M2: =datos_base!$B$2*parametros_recargas!$K$37+sobrestock_sustitutos!$B$88/12 -> 83.528108 | N2: =datos_base!$B$2*parametros_recargas!$L$37+sobrestock_sustitutos!$B$88/12 -> 83.528108 | O2: =datos_base!$B$2*parametros_recargas!$M$37+sobrestock_sustitutos!$B$88/12 -> 83.528108 | P2: =SUM(D2:O2) -> 1002.3373 | Q2: =sobrestock_sustitutos!$B$88 -> 0
A3: =parametros_recargas!A52 -> ABC 2,5 kg | B3: =parametros_recargas!B52 -> ABC | C3: =parametros_recargas!C52 -> 1 | D3: =datos_base!$B$3*parametros_recargas!$B$37+sobrestock_sustitutos!$B$89/12 -> 7.9264239 | E3: =datos_base!$B$3*parametros_recargas!$C$37+sobrestock_sustitutos!$B$89/12 -> 7.9264239 | F3: =datos_base!$B$3*parametros_recargas!$D$37+sobrestock_sustitutos!$B$89/12 -> 7.9264239 | G3: =datos_base!$B$3*parametros_recargas!$E$37+sobrestock_sustitutos!$B$89/12 -> 7.9264239 | H3: =datos_base!$B$3*parametros_recargas!$F$37+sobrestock_sustitutos!$B$89/12 -> 7.9264239 | I3: =datos_base!$B$3*parametros_recargas!$G$37+sobrestock_sustitutos!$B$89/12 -> 7.9264239 | J3: =datos_base!$B$3*parametros_recargas!$H$37+sobrestock_sustitutos!$B$89/12 -> 7.9264239 | K3: =datos_base!$B$3*parametros_recargas!$I$37+sobrestock_sustitutos!$B$89/12 -> 7.9264239 | L3: =datos_base!$B$3*parametros_recargas!$J$37+sobrestock_sustitutos!$B$89/12 -> 7.9264239 | M3: =datos_base!$B$3*parametros_recargas!$K$37+sobrestock_sustitutos!$B$89/12 -> 7.9264239 | N3: =datos_base!$B$3*parametros_recargas!$L$37+sobrestock_sustitutos!$B$89/12 -> 7.9264239 | O3: =datos_base!$B$3*parametros_recargas!$M$37+sobrestock_sustitutos!$B$89/12 -> 7.9264239 | P3: =SUM(D3:O3) -> 95.117086 | Q3: =sobrestock_sustitutos!$B$89 -> 0
A4: =parametros_recargas!A53 -> ABC 5 kg | B4: =parametros_recargas!B53 -> ABC | C4: =parametros_recargas!C53 -> 1 | D4: =datos_base!$B$4*parametros_recargas!$B$37+sobrestock_sustitutos!$B$90/12 -> 46.847898 | E4: =datos_base!$B$4*parametros_recargas!$C$37+sobrestock_sustitutos!$B$90/12 -> 46.847898 | F4: =datos_base!$B$4*parametros_recargas!$D$37+sobrestock_sustitutos!$B$90/12 -> 46.847898 | G4: =datos_base!$B$4*parametros_recargas!$E$37+sobrestock_sustitutos!$B$90/12 -> 46.847898 | H4: =datos_base!$B$4*parametros_recargas!$F$37+sobrestock_sustitutos!$B$90/12 -> 46.847898 | I4: =datos_base!$B$4*parametros_recargas!$G$37+sobrestock_sustitutos!$B$90/12 -> 46.847898 | J4: =datos_base!$B$4*parametros_recargas!$H$37+sobrestock_sustitutos!$B$90/12 -> 46.847898 | K4: =datos_base!$B$4*parametros_recargas!$I$37+sobrestock_sustitutos!$B$90/12 -> 46.847898 | L4: =datos_base!$B$4*parametros_recargas!$J$37+sobrestock_sustitutos!$B$90/12 -> 46.847898 | M4: =datos_base!$B$4*parametros_recargas!$K$37+sobrestock_sustitutos!$B$90/12 -> 46.847898 | N4: =datos_base!$B$4*parametros_recargas!$L$37+sobrestock_sustitutos!$B$90/12 -> 46.847898 | O4: =datos_base!$B$4*parametros_recargas!$M$37+sobrestock_sustitutos!$B$90/12 -> 46.847898 | P4: =SUM(D4:O4) -> 562.17478 | Q4: =sobrestock_sustitutos!$B$90 -> 0
A5: =parametros_recargas!A54 -> ABC 10 kg | B5: =parametros_recargas!B54 -> ABC | C5: =parametros_recargas!C54 -> 1 | D5: =datos_base!$B$5*parametros_recargas!$B$37+sobrestock_sustitutos!$B$91/12 -> 2.8425796 | E5: =datos_base!$B$5*parametros_recargas!$C$37+sobrestock_sustitutos!$B$91/12 -> 2.8425796 | F5: =datos_base!$B$5*parametros_recargas!$D$37+sobrestock_sustitutos!$B$91/12 -> 2.8425796 | G5: =datos_base!$B$5*parametros_recargas!$E$37+sobrestock_sustitutos!$B$91/12 -> 2.8425796 | H5: =datos_base!$B$5*parametros_recargas!$F$37+sobrestock_sustitutos!$B$91/12 -> 2.8425796 | I5: =datos_base!$B$5*parametros_recargas!$G$37+sobrestock_sustitutos!$B$91/12 -> 2.8425796 | J5: =datos_base!$B$5*parametros_recargas!$H$37+sobrestock_sustitutos!$B$91/12 -> 2.8425796 | K5: =datos_base!$B$5*parametros_recargas!$I$37+sobrestock_sustitutos!$B$91/12 -> 2.8425796 | L5: =datos_base!$B$5*parametros_recargas!$J$37+sobrestock_sustitutos!$B$91/12 -> 2.8425796 | M5: =datos_base!$B$5*parametros_recargas!$K$37+sobrestock_sustitutos!$B$91/12 -> 2.8425796 | N5: =datos_base!$B$5*parametros_recargas!$L$37+sobrestock_sustitutos!$B$91/12 -> 2.8425796 | O5: =datos_base!$B$5*parametros_recargas!$M$37+sobrestock_sustitutos!$B$91/12 -> 2.8425796 | P5: =SUM(D5:O5) -> 34.110955 | Q5: =sobrestock_sustitutos!$B$91 -> 0
A6: =parametros_recargas!A55 -> Agua 10 l | B6: =parametros_recargas!B55 -> Agua | C6: =parametros_recargas!C55 -> 1 | D6: =datos_base!$B$6*parametros_recargas!$B$37+sobrestock_sustitutos!$B$92/12 -> 3.8265494 | E6: =datos_base!$B$6*parametros_recargas!$C$37+sobrestock_sustitutos!$B$92/12 -> 3.8265494 | F6: =datos_base!$B$6*parametros_recargas!$D$37+sobrestock_sustitutos!$B$92/12 -> 3.8265494 | G6: =datos_base!$B$6*parametros_recargas!$E$37+sobrestock_sustitutos!$B$92/12 -> 3.8265494 | H6: =datos_base!$B$6*parametros_recargas!$F$37+sobrestock_sustitutos!$B$92/12 -> 3.8265494 | I6: =datos_base!$B$6*parametros_recargas!$G$37+sobrestock_sustitutos!$B$92/12 -> 3.8265494 | J6: =datos_base!$B$6*parametros_recargas!$H$37+sobrestock_sustitutos!$B$92/12 -> 3.8265494 | K6: =datos_base!$B$6*parametros_recargas!$I$37+sobrestock_sustitutos!$B$92/12 -> 3.8265494 | L6: =datos_base!$B$6*parametros_recargas!$J$37+sobrestock_sustitutos!$B$92/12 -> 3.8265494 | M6: =datos_base!$B$6*parametros_recargas!$K$37+sobrestock_sustitutos!$B$92/12 -> 3.8265494 | N6: =datos_base!$B$6*parametros_recargas!$L$37+sobrestock_sustitutos!$B$92/12 -> 3.8265494 | O6: =datos_base!$B$6*parametros_recargas!$M$37+sobrestock_sustitutos!$B$92/12 -> 3.8265494 | P6: =SUM(D6:O6) -> 45.918593 | Q6: =sobrestock_sustitutos!$B$92 -> 0
A7: =parametros_recargas!A56 -> AFFF 10 l | B7: =parametros_recargas!B56 -> AFFF | C7: =parametros_recargas!C56 -> 1 | D7: =datos_base!$B$7*parametros_recargas!$B$37+sobrestock_sustitutos!$B$93/12 -> 0.54664992 | E7: =datos_base!$B$7*parametros_recargas!$C$37+sobrestock_sustitutos!$B$93/12 -> 0.54664992 | F7: =datos_base!$B$7*parametros_recargas!$D$37+sobrestock_sustitutos!$B$93/12 -> 0.54664992 | G7: =datos_base!$B$7*parametros_recargas!$E$37+sobrestock_sustitutos!$B$93/12 -> 0.54664992 | H7: =datos_base!$B$7*parametros_recargas!$F$37+sobrestock_sustitutos!$B$93/12 -> 0.54664992 | I7: =datos_base!$B$7*parametros_recargas!$G$37+sobrestock_sustitutos!$B$93/12 -> 0.54664992 | J7: =datos_base!$B$7*parametros_recargas!$H$37+sobrestock_sustitutos!$B$93/12 -> 0.54664992 | K7: =datos_base!$B$7*parametros_recargas!$I$37+sobrestock_sustitutos!$B$93/12 -> 0.54664992 | L7: =datos_base!$B$7*parametros_recargas!$J$37+sobrestock_sustitutos!$B$93/12 -> 0.54664992 | M7: =datos_base!$B$7*parametros_recargas!$K$37+sobrestock_sustitutos!$B$93/12 -> 0.54664992 | N7: =datos_base!$B$7*parametros_recargas!$L$37+sobrestock_sustitutos!$B$93/12 -> 0.54664992 | O7: =datos_base!$B$7*parametros_recargas!$M$37+sobrestock_sustitutos!$B$93/12 -> 0.54664992 | P7: =SUM(D7:O7) -> 6.5597991 | Q7: =sobrestock_sustitutos!$B$93 -> 0
A8: =parametros_recargas!A57 -> AFFF 50 l s/ruedas | B8: =parametros_recargas!B57 -> AFFF | C8: =parametros_recargas!C57 -> 3 | D8: =datos_base!$B$8*parametros_recargas!$B$37+sobrestock_sustitutos!$B$94/12 -> 0.27332495 | E8: =datos_base!$B$8*parametros_recargas!$C$37+sobrestock_sustitutos!$B$94/12 -> 0.27332495 | F8: =datos_base!$B$8*parametros_recargas!$D$37+sobrestock_sustitutos!$B$94/12 -> 0.27332495 | G8: =datos_base!$B$8*parametros_recargas!$E$37+sobrestock_sustitutos!$B$94/12 -> 0.27332495 | H8: =datos_base!$B$8*parametros_recargas!$F$37+sobrestock_sustitutos!$B$94/12 -> 0.27332495 | I8: =datos_base!$B$8*parametros_recargas!$G$37+sobrestock_sustitutos!$B$94/12 -> 0.27332495 | J8: =datos_base!$B$8*parametros_recargas!$H$37+sobrestock_sustitutos!$B$94/12 -> 0.27332495 | K8: =datos_base!$B$8*parametros_recargas!$I$37+sobrestock_sustitutos!$B$94/12 -> 0.27332495 | L8: =datos_base!$B$8*parametros_recargas!$J$37+sobrestock_sustitutos!$B$94/12 -> 0.27332495 | M8: =datos_base!$B$8*parametros_recargas!$K$37+sobrestock_sustitutos!$B$94/12 -> 0.27332495 | N8: =datos_base!$B$8*parametros_recargas!$L$37+sobrestock_sustitutos!$B$94/12 -> 0.27332495 | O8: =datos_base!$B$8*parametros_recargas!$M$37+sobrestock_sustitutos!$B$94/12 -> 0.27332495 | P8: =SUM(D8:O8) -> 3.2798994 | Q8: =sobrestock_sustitutos!$B$94 -> 0
A9: =parametros_recargas!A58 -> BC 5 kg | B9: =parametros_recargas!B58 -> BC | C9: =parametros_recargas!C58 -> 1 | D9: =datos_base!$B$9*parametros_recargas!$B$37+sobrestock_sustitutos!$B$95/12 -> 0.16399497 | E9: =datos_base!$B$9*parametros_recargas!$C$37+sobrestock_sustitutos!$B$95/12 -> 0.16399497 | F9: =datos_base!$B$9*parametros_recargas!$D$37+sobrestock_sustitutos!$B$95/12 -> 0.16399497 | G9: =datos_base!$B$9*parametros_recargas!$E$37+sobrestock_sustitutos!$B$95/12 -> 0.16399497 | H9: =datos_base!$B$9*parametros_recargas!$F$37+sobrestock_sustitutos!$B$95/12 -> 0.16399497 | I9: =datos_base!$B$9*parametros_recargas!$G$37+sobrestock_sustitutos!$B$95/12 -> 0.16399497 | J9: =datos_base!$B$9*parametros_recargas!$H$37+sobrestock_sustitutos!$B$95/12 -> 0.16399497 | K9: =datos_base!$B$9*parametros_recargas!$I$37+sobrestock_sustitutos!$B$95/12 -> 0.16399497 | L9: =datos_base!$B$9*parametros_recargas!$J$37+sobrestock_sustitutos!$B$95/12 -> 0.16399497 | M9: =datos_base!$B$9*parametros_recargas!$K$37+sobrestock_sustitutos!$B$95/12 -> 0.16399497 | N9: =datos_base!$B$9*parametros_recargas!$L$37+sobrestock_sustitutos!$B$95/12 -> 0.16399497 | O9: =datos_base!$B$9*parametros_recargas!$M$37+sobrestock_sustitutos!$B$95/12 -> 0.16399497 | P9: =SUM(D9:O9) -> 1.9679396 | Q9: =sobrestock_sustitutos!$B$95 -> 0
A10: =parametros_recargas!A59 -> Sales K 6 l | B10: =parametros_recargas!B59 -> Sales K | C10: =parametros_recargas!C59 -> 1 | D10: =datos_base!$B$10*parametros_recargas!$B$37+sobrestock_sustitutos!$B$96/12 -> 1.9679397 | E10: =datos_base!$B$10*parametros_recargas!$C$37+sobrestock_sustitutos!$B$96/12 -> 1.9679397 | F10: =datos_base!$B$10*parametros_recargas!$D$37+sobrestock_sustitutos!$B$96/12 -> 1.9679397 | G10: =datos_base!$B$10*parametros_recargas!$E$37+sobrestock_sustitutos!$B$96/12 -> 1.9679397 | H10: =datos_base!$B$10*parametros_recargas!$F$37+sobrestock_sustitutos!$B$96/12 -> 1.9679397 | I10: =datos_base!$B$10*parametros_recargas!$G$37+sobrestock_sustitutos!$B$96/12 -> 1.9679397 | J10: =datos_base!$B$10*parametros_recargas!$H$37+sobrestock_sustitutos!$B$96/12 -> 1.9679397 | K10: =datos_base!$B$10*parametros_recargas!$I$37+sobrestock_sustitutos!$B$96/12 -> 1.9679397 | L10: =datos_base!$B$10*parametros_recargas!$J$37+sobrestock_sustitutos!$B$96/12 -> 1.9679397 | M10: =datos_base!$B$10*parametros_recargas!$K$37+sobrestock_sustitutos!$B$96/12 -> 1.9679397 | N10: =datos_base!$B$10*parametros_recargas!$L$37+sobrestock_sustitutos!$B$96/12 -> 1.9679397 | O10: =datos_base!$B$10*parametros_recargas!$M$37+sobrestock_sustitutos!$B$96/12 -> 1.9679397 | P10: =SUM(D10:O10) -> 23.615277 | Q10: =sobrestock_sustitutos!$B$96 -> 0
A11: =parametros_recargas!A60 -> CO₂ 2 kg | B11: =parametros_recargas!B60 -> CO₂ | C11: =parametros_recargas!C60 -> 1 | D11: =datos_base!$B$11*parametros_recargas!$B$37+sobrestock_sustitutos!$B$97/12 -> 10.823668 | E11: =datos_base!$B$11*parametros_recargas!$C$37+sobrestock_sustitutos!$B$97/12 -> 10.823668 | F11: =datos_base!$B$11*parametros_recargas!$D$37+sobrestock_sustitutos!$B$97/12 -> 10.823668 | G11: =datos_base!$B$11*parametros_recargas!$E$37+sobrestock_sustitutos!$B$97/12 -> 10.823668 | H11: =datos_base!$B$11*parametros_recargas!$F$37+sobrestock_sustitutos!$B$97/12 -> 10.823668 | I11: =datos_base!$B$11*parametros_recargas!$G$37+sobrestock_sustitutos!$B$97/12 -> 10.823668 | J11: =datos_base!$B$11*parametros_recargas!$H$37+sobrestock_sustitutos!$B$97/12 -> 10.823668 | K11: =datos_base!$B$11*parametros_recargas!$I$37+sobrestock_sustitutos!$B$97/12 -> 10.823668 | L11: =datos_base!$B$11*parametros_recargas!$J$37+sobrestock_sustitutos!$B$97/12 -> 10.823668 | M11: =datos_base!$B$11*parametros_recargas!$K$37+sobrestock_sustitutos!$B$97/12 -> 10.823668 | N11: =datos_base!$B$11*parametros_recargas!$L$37+sobrestock_sustitutos!$B$97/12 -> 10.823668 | O11: =datos_base!$B$11*parametros_recargas!$M$37+sobrestock_sustitutos!$B$97/12 -> 10.823668 | P11: =SUM(D11:O11) -> 129.88402 | Q11: =sobrestock_sustitutos!$B$97 -> 0
A12: =parametros_recargas!A61 -> CO₂ 5 kg | B12: =parametros_recargas!B61 -> CO₂ | C12: =parametros_recargas!C61 -> 1 | D12: =datos_base!$B$12*parametros_recargas!$B$37+sobrestock_sustitutos!$B$98/12 -> 3.0065746 | E12: =datos_base!$B$12*parametros_recargas!$C$37+sobrestock_sustitutos!$B$98/12 -> 3.0065746 | F12: =datos_base!$B$12*parametros_recargas!$D$37+sobrestock_sustitutos!$B$98/12 -> 3.0065746 | G12: =datos_base!$B$12*parametros_recargas!$E$37+sobrestock_sustitutos!$B$98/12 -> 3.0065746 | H12: =datos_base!$B$12*parametros_recargas!$F$37+sobrestock_sustitutos!$B$98/12 -> 3.0065746 | I12: =datos_base!$B$12*parametros_recargas!$G$37+sobrestock_sustitutos!$B$98/12 -> 3.0065746 | J12: =datos_base!$B$12*parametros_recargas!$H$37+sobrestock_sustitutos!$B$98/12 -> 3.0065746 | K12: =datos_base!$B$12*parametros_recargas!$I$37+sobrestock_sustitutos!$B$98/12 -> 3.0065746 | L12: =datos_base!$B$12*parametros_recargas!$J$37+sobrestock_sustitutos!$B$98/12 -> 3.0065746 | M12: =datos_base!$B$12*parametros_recargas!$K$37+sobrestock_sustitutos!$B$98/12 -> 3.0065746 | N12: =datos_base!$B$12*parametros_recargas!$L$37+sobrestock_sustitutos!$B$98/12 -> 3.0065746 | O12: =datos_base!$B$12*parametros_recargas!$M$37+sobrestock_sustitutos!$B$98/12 -> 3.0065746 | P12: =SUM(D12:O12) -> 36.078895 | Q12: =sobrestock_sustitutos!$B$98 -> 0
A13: =parametros_recargas!A62 -> HCFC/HFC 5 kg | B13: =parametros_recargas!B62 -> Halogenado | C13: =parametros_recargas!C62 -> 1 | D13: =datos_base!$B$13*parametros_recargas!$B$37+sobrestock_sustitutos!$B$99/12 -> 0.43731994 | E13: =datos_base!$B$13*parametros_recargas!$C$37+sobrestock_sustitutos!$B$99/12 -> 0.43731994 | F13: =datos_base!$B$13*parametros_recargas!$D$37+sobrestock_sustitutos!$B$99/12 -> 0.43731994 | G13: =datos_base!$B$13*parametros_recargas!$E$37+sobrestock_sustitutos!$B$99/12 -> 0.43731994 | H13: =datos_base!$B$13*parametros_recargas!$F$37+sobrestock_sustitutos!$B$99/12 -> 0.43731994 | I13: =datos_base!$B$13*parametros_recargas!$G$37+sobrestock_sustitutos!$B$99/12 -> 0.43731994 | J13: =datos_base!$B$13*parametros_recargas!$H$37+sobrestock_sustitutos!$B$99/12 -> 0.43731994 | K13: =datos_base!$B$13*parametros_recargas!$I$37+sobrestock_sustitutos!$B$99/12 -> 0.43731994 | L13: =datos_base!$B$13*parametros_recargas!$J$37+sobrestock_sustitutos!$B$99/12 -> 0.43731994 | M13: =datos_base!$B$13*parametros_recargas!$K$37+sobrestock_sustitutos!$B$99/12 -> 0.43731994 | N13: =datos_base!$B$13*parametros_recargas!$L$37+sobrestock_sustitutos!$B$99/12 -> 0.43731994 | O13: =datos_base!$B$13*parametros_recargas!$M$37+sobrestock_sustitutos!$B$99/12 -> 0.43731994 | P13: =SUM(D13:O13) -> 5.2478393 | Q13: =sobrestock_sustitutos!$B$99 -> 0
A14: =parametros_recargas!A63 -> Clase D 9 l | B14: =parametros_recargas!B63 -> Clase D | C14: =parametros_recargas!C63 -> 1 | D14: =datos_base!$B$14*parametros_recargas!$B$37+sobrestock_sustitutos!$B$100/12 -> 0.16399497 | E14: =datos_base!$B$14*parametros_recargas!$C$37+sobrestock_sustitutos!$B$100/12 -> 0.16399497 | F14: =datos_base!$B$14*parametros_recargas!$D$37+sobrestock_sustitutos!$B$100/12 -> 0.16399497 | G14: =datos_base!$B$14*parametros_recargas!$E$37+sobrestock_sustitutos!$B$100/12 -> 0.16399497 | H14: =datos_base!$B$14*parametros_recargas!$F$37+sobrestock_sustitutos!$B$100/12 -> 0.16399497 | I14: =datos_base!$B$14*parametros_recargas!$G$37+sobrestock_sustitutos!$B$100/12 -> 0.16399497 | J14: =datos_base!$B$14*parametros_recargas!$H$37+sobrestock_sustitutos!$B$100/12 -> 0.16399497 | K14: =datos_base!$B$14*parametros_recargas!$I$37+sobrestock_sustitutos!$B$100/12 -> 0.16399497 | L14: =datos_base!$B$14*parametros_recargas!$J$37+sobrestock_sustitutos!$B$100/12 -> 0.16399497 | M14: =datos_base!$B$14*parametros_recargas!$K$37+sobrestock_sustitutos!$B$100/12 -> 0.16399497 | N14: =datos_base!$B$14*parametros_recargas!$L$37+sobrestock_sustitutos!$B$100/12 -> 0.16399497 | O14: =datos_base!$B$14*parametros_recargas!$M$37+sobrestock_sustitutos!$B$100/12 -> 0.16399497 | P14: =SUM(D14:O14) -> 1.9679396 | Q14: =sobrestock_sustitutos!$B$100 -> 0
A15: =parametros_recargas!A64 -> ABC 25 kg s/ruedas | B15: =parametros_recargas!B64 -> ABC | C15: =parametros_recargas!C64 -> 3 | D15: =datos_base!$B$15*parametros_recargas!$B$37+sobrestock_sustitutos!$B$101/12 -> 0.42365369 | E15: =datos_base!$B$15*parametros_recargas!$C$37+sobrestock_sustitutos!$B$101/12 -> 0.42365369 | F15: =datos_base!$B$15*parametros_recargas!$D$37+sobrestock_sustitutos!$B$101/12 -> 0.42365369 | G15: =datos_base!$B$15*parametros_recargas!$E$37+sobrestock_sustitutos!$B$101/12 -> 0.42365369 | H15: =datos_base!$B$15*parametros_recargas!$F$37+sobrestock_sustitutos!$B$101/12 -> 0.42365369 | I15: =datos_base!$B$15*parametros_recargas!$G$37+sobrestock_sustitutos!$B$101/12 -> 0.42365369 | J15: =datos_base!$B$15*parametros_recargas!$H$37+sobrestock_sustitutos!$B$101/12 -> 0.42365369 | K15: =datos_base!$B$15*parametros_recargas!$I$37+sobrestock_sustitutos!$B$101/12 -> 0.42365369 | L15: =datos_base!$B$15*parametros_recargas!$J$37+sobrestock_sustitutos!$B$101/12 -> 0.42365369 | M15: =datos_base!$B$15*parametros_recargas!$K$37+sobrestock_sustitutos!$B$101/12 -> 0.42365369 | N15: =datos_base!$B$15*parametros_recargas!$L$37+sobrestock_sustitutos!$B$101/12 -> 0.42365369 | O15: =datos_base!$B$15*parametros_recargas!$M$37+sobrestock_sustitutos!$B$101/12 -> 0.42365369 | P15: =SUM(D15:O15) -> 5.0838443 | Q15: =sobrestock_sustitutos!$B$101 -> 0
A16: =parametros_recargas!A65 -> ABC 50 kg s/ruedas | B16: =parametros_recargas!B65 -> ABC | C16: =parametros_recargas!C65 -> 3 | D16: =datos_base!$B$16*parametros_recargas!$B$37+sobrestock_sustitutos!$B$102/12 -> 0.93203811 | E16: =datos_base!$B$16*parametros_recargas!$C$37+sobrestock_sustitutos!$B$102/12 -> 0.93203811 | F16: =datos_base!$B$16*parametros_recargas!$D$37+sobrestock_sustitutos!$B$102/12 -> 0.93203811 | G16: =datos_base!$B$16*parametros_recargas!$E$37+sobrestock_sustitutos!$B$102/12 -> 0.93203811 | H16: =datos_base!$B$16*parametros_recargas!$F$37+sobrestock_sustitutos!$B$102/12 -> 0.93203811 | I16: =datos_base!$B$16*parametros_recargas!$G$37+sobrestock_sustitutos!$B$102/12 -> 0.93203811 | J16: =datos_base!$B$16*parametros_recargas!$H$37+sobrestock_sustitutos!$B$102/12 -> 0.93203811 | K16: =datos_base!$B$16*parametros_recargas!$I$37+sobrestock_sustitutos!$B$102/12 -> 0.93203811 | L16: =datos_base!$B$16*parametros_recargas!$J$37+sobrestock_sustitutos!$B$102/12 -> 0.93203811 | M16: =datos_base!$B$16*parametros_recargas!$K$37+sobrestock_sustitutos!$B$102/12 -> 0.93203811 | N16: =datos_base!$B$16*parametros_recargas!$L$37+sobrestock_sustitutos!$B$102/12 -> 0.93203811 | O16: =datos_base!$B$16*parametros_recargas!$M$37+sobrestock_sustitutos!$B$102/12 -> 0.93203811 | P16: =SUM(D16:O16) -> 11.184457 | Q16: =sobrestock_sustitutos!$B$102 -> 0
A17: =parametros_recargas!A66 -> ABC 70 kg s/ruedas | B17: =parametros_recargas!B66 -> ABC | C17: =parametros_recargas!C66 -> 3 | D17: =datos_base!$B$17*parametros_recargas!$B$37+sobrestock_sustitutos!$B$103/12 -> 0.20335376 | E17: =datos_base!$B$17*parametros_recargas!$C$37+sobrestock_sustitutos!$B$103/12 -> 0.20335376 | F17: =datos_base!$B$17*parametros_recargas!$D$37+sobrestock_sustitutos!$B$103/12 -> 0.20335376 | G17: =datos_base!$B$17*parametros_recargas!$E$37+sobrestock_sustitutos!$B$103/12 -> 0.20335376 | H17: =datos_base!$B$17*parametros_recargas!$F$37+sobrestock_sustitutos!$B$103/12 -> 0.20335376 | I17: =datos_base!$B$17*parametros_recargas!$G$37+sobrestock_sustitutos!$B$103/12 -> 0.20335376 | J17: =datos_base!$B$17*parametros_recargas!$H$37+sobrestock_sustitutos!$B$103/12 -> 0.20335376 | K17: =datos_base!$B$17*parametros_recargas!$I$37+sobrestock_sustitutos!$B$103/12 -> 0.20335376 | L17: =datos_base!$B$17*parametros_recargas!$J$37+sobrestock_sustitutos!$B$103/12 -> 0.20335376 | M17: =datos_base!$B$17*parametros_recargas!$K$37+sobrestock_sustitutos!$B$103/12 -> 0.20335376 | N17: =datos_base!$B$17*parametros_recargas!$L$37+sobrestock_sustitutos!$B$103/12 -> 0.20335376 | O17: =datos_base!$B$17*parametros_recargas!$M$37+sobrestock_sustitutos!$B$103/12 -> 0.20335376 | P17: =SUM(D17:O17) -> 2.4402451 | Q17: =sobrestock_sustitutos!$B$103 -> 0
A18: =parametros_recargas!A67 -> ABC 100 kg s/ruedas | B18: =parametros_recargas!B67 -> ABC | C18: =parametros_recargas!C67 -> 3 | D18: =datos_base!$B$18*parametros_recargas!$B$37+sobrestock_sustitutos!$B$104/12 -> 0.13556918 | E18: =datos_base!$B$18*parametros_recargas!$C$37+sobrestock_sustitutos!$B$104/12 -> 0.13556918 | F18: =datos_base!$B$18*parametros_recargas!$D$37+sobrestock_sustitutos!$B$104/12 -> 0.13556918 | G18: =datos_base!$B$18*parametros_recargas!$E$37+sobrestock_sustitutos!$B$104/12 -> 0.13556918 | H18: =datos_base!$B$18*parametros_recargas!$F$37+sobrestock_sustitutos!$B$104/12 -> 0.13556918 | I18: =datos_base!$B$18*parametros_recargas!$G$37+sobrestock_sustitutos!$B$104/12 -> 0.13556918 | J18: =datos_base!$B$18*parametros_recargas!$H$37+sobrestock_sustitutos!$B$104/12 -> 0.13556918 | K18: =datos_base!$B$18*parametros_recargas!$I$37+sobrestock_sustitutos!$B$104/12 -> 0.13556918 | L18: =datos_base!$B$18*parametros_recargas!$J$37+sobrestock_sustitutos!$B$104/12 -> 0.13556918 | M18: =datos_base!$B$18*parametros_recargas!$K$37+sobrestock_sustitutos!$B$104/12 -> 0.13556918 | N18: =datos_base!$B$18*parametros_recargas!$L$37+sobrestock_sustitutos!$B$104/12 -> 0.13556918 | O18: =datos_base!$B$18*parametros_recargas!$M$37+sobrestock_sustitutos!$B$104/12 -> 0.13556918 | P18: =SUM(D18:O18) -> 1.6268302 | Q18: =sobrestock_sustitutos!$B$104 -> 0
A19: Total recipientes | D19: =SUM(D2:D18) -> 164.04964 | E19: =SUM(E2:E18) -> 164.04964 | F19: =SUM(F2:F18) -> 164.04964 | G19: =SUM(G2:G18) -> 164.04964 | H19: =SUM(H2:H18) -> 164.04964 | I19: =SUM(I2:I18) -> 164.04964 | J19: =SUM(J2:J18) -> 164.04964 | K19: =SUM(K2:K18) -> 164.04964 | ... P19: =SUM(P2:P18) -> 1968.5957
A20: Por agente (u. equivalentes)
A21: ABC | D21: =SUMPRODUCT(($B$2:$B$18=$A21)*D$2:D$18*$C$2:$C$18) -> 146.22885 | E21: =SUMPRODUCT(($B$2:$B$18=$A21)*E$2:E$18*$C$2:$C$18) -> 146.22885 | F21: =SUMPRODUCT(($B$2:$B$18=$A21)*F$2:F$18*$C$2:$C$18) -> 146.22885 | G21: =SUMPRODUCT(($B$2:$B$18=$A21)*G$2:G$18*$C$2:$C$18) -> 146.22885 | H21: =SUMPRODUCT(($B$2:$B$18=$A21)*H$2:H$18*$C$2:$C$18) -> 146.22885 | I21: =SUMPRODUCT(($B$2:$B$18=$A21)*I$2:I$18*$C$2:$C$18) -> 146.22885 | J21: =SUMPRODUCT(($B$2:$B$18=$A21)*J$2:J$18*$C$2:$C$18) -> 146.22885 | K21: =SUMPRODUCT(($B$2:$B$18=$A21)*K$2:K$18*$C$2:$C$18) -> 146.22885 | ... P21: =SUMPRODUCT(($B$2:$B$18=$A21)*P$2:P$18*$C$2:$C$18) -> 1754.7462
A22: BC | D22: =SUMPRODUCT(($B$2:$B$18=$A22)*D$2:D$18*$C$2:$C$18) -> 0.16399497 | E22: =SUMPRODUCT(($B$2:$B$18=$A22)*E$2:E$18*$C$2:$C$18) -> 0.16399497 | F22: =SUMPRODUCT(($B$2:$B$18=$A22)*F$2:F$18*$C$2:$C$18) -> 0.16399497 | G22: =SUMPRODUCT(($B$2:$B$18=$A22)*G$2:G$18*$C$2:$C$18) -> 0.16399497 | H22: =SUMPRODUCT(($B$2:$B$18=$A22)*H$2:H$18*$C$2:$C$18) -> 0.16399497 | I22: =SUMPRODUCT(($B$2:$B$18=$A22)*I$2:I$18*$C$2:$C$18) -> 0.16399497 | J22: =SUMPRODUCT(($B$2:$B$18=$A22)*J$2:J$18*$C$2:$C$18) -> 0.16399497 | K22: =SUMPRODUCT(($B$2:$B$18=$A22)*K$2:K$18*$C$2:$C$18) -> 0.16399497 | ... P22: =SUMPRODUCT(($B$2:$B$18=$A22)*P$2:P$18*$C$2:$C$18) -> 1.9679396
A23: Clase D | D23: =SUMPRODUCT(($B$2:$B$18=$A23)*D$2:D$18*$C$2:$C$18) -> 0.16399497 | E23: =SUMPRODUCT(($B$2:$B$18=$A23)*E$2:E$18*$C$2:$C$18) -> 0.16399497 | F23: =SUMPRODUCT(($B$2:$B$18=$A23)*F$2:F$18*$C$2:$C$18) -> 0.16399497 | G23: =SUMPRODUCT(($B$2:$B$18=$A23)*G$2:G$18*$C$2:$C$18) -> 0.16399497 | H23: =SUMPRODUCT(($B$2:$B$18=$A23)*H$2:H$18*$C$2:$C$18) -> 0.16399497 | I23: =SUMPRODUCT(($B$2:$B$18=$A23)*I$2:I$18*$C$2:$C$18) -> 0.16399497 | J23: =SUMPRODUCT(($B$2:$B$18=$A23)*J$2:J$18*$C$2:$C$18) -> 0.16399497 | K23: =SUMPRODUCT(($B$2:$B$18=$A23)*K$2:K$18*$C$2:$C$18) -> 0.16399497 | ... P23: =SUMPRODUCT(($B$2:$B$18=$A23)*P$2:P$18*$C$2:$C$18) -> 1.9679396
A24: Agua | D24: =SUMPRODUCT(($B$2:$B$18=$A24)*D$2:D$18*$C$2:$C$18) -> 3.8265494 | E24: =SUMPRODUCT(($B$2:$B$18=$A24)*E$2:E$18*$C$2:$C$18) -> 3.8265494 | F24: =SUMPRODUCT(($B$2:$B$18=$A24)*F$2:F$18*$C$2:$C$18) -> 3.8265494 | G24: =SUMPRODUCT(($B$2:$B$18=$A24)*G$2:G$18*$C$2:$C$18) -> 3.8265494 | H24: =SUMPRODUCT(($B$2:$B$18=$A24)*H$2:H$18*$C$2:$C$18) -> 3.8265494 | I24: =SUMPRODUCT(($B$2:$B$18=$A24)*I$2:I$18*$C$2:$C$18) -> 3.8265494 | J24: =SUMPRODUCT(($B$2:$B$18=$A24)*J$2:J$18*$C$2:$C$18) -> 3.8265494 | K24: =SUMPRODUCT(($B$2:$B$18=$A24)*K$2:K$18*$C$2:$C$18) -> 3.8265494 | ... P24: =SUMPRODUCT(($B$2:$B$18=$A24)*P$2:P$18*$C$2:$C$18) -> 45.918593
A25: AFFF | D25: =SUMPRODUCT(($B$2:$B$18=$A25)*D$2:D$18*$C$2:$C$18) -> 1.3666248 | E25: =SUMPRODUCT(($B$2:$B$18=$A25)*E$2:E$18*$C$2:$C$18) -> 1.3666248 | F25: =SUMPRODUCT(($B$2:$B$18=$A25)*F$2:F$18*$C$2:$C$18) -> 1.3666248 | G25: =SUMPRODUCT(($B$2:$B$18=$A25)*G$2:G$18*$C$2:$C$18) -> 1.3666248 | H25: =SUMPRODUCT(($B$2:$B$18=$A25)*H$2:H$18*$C$2:$C$18) -> 1.3666248 | I25: =SUMPRODUCT(($B$2:$B$18=$A25)*I$2:I$18*$C$2:$C$18) -> 1.3666248 | J25: =SUMPRODUCT(($B$2:$B$18=$A25)*J$2:J$18*$C$2:$C$18) -> 1.3666248 | K25: =SUMPRODUCT(($B$2:$B$18=$A25)*K$2:K$18*$C$2:$C$18) -> 1.3666248 | ... P25: =SUMPRODUCT(($B$2:$B$18=$A25)*P$2:P$18*$C$2:$C$18) -> 16.399497
A26: Sales K | D26: =SUMPRODUCT(($B$2:$B$18=$A26)*D$2:D$18*$C$2:$C$18) -> 1.9679397 | E26: =SUMPRODUCT(($B$2:$B$18=$A26)*E$2:E$18*$C$2:$C$18) -> 1.9679397 | F26: =SUMPRODUCT(($B$2:$B$18=$A26)*F$2:F$18*$C$2:$C$18) -> 1.9679397 | G26: =SUMPRODUCT(($B$2:$B$18=$A26)*G$2:G$18*$C$2:$C$18) -> 1.9679397 | H26: =SUMPRODUCT(($B$2:$B$18=$A26)*H$2:H$18*$C$2:$C$18) -> 1.9679397 | I26: =SUMPRODUCT(($B$2:$B$18=$A26)*I$2:I$18*$C$2:$C$18) -> 1.9679397 | J26: =SUMPRODUCT(($B$2:$B$18=$A26)*J$2:J$18*$C$2:$C$18) -> 1.9679397 | K26: =SUMPRODUCT(($B$2:$B$18=$A26)*K$2:K$18*$C$2:$C$18) -> 1.9679397 | ... P26: =SUMPRODUCT(($B$2:$B$18=$A26)*P$2:P$18*$C$2:$C$18) -> 23.615277
A27: CO₂ | D27: =SUMPRODUCT(($B$2:$B$18=$A27)*D$2:D$18*$C$2:$C$18) -> 13.830243 | E27: =SUMPRODUCT(($B$2:$B$18=$A27)*E$2:E$18*$C$2:$C$18) -> 13.830243 | F27: =SUMPRODUCT(($B$2:$B$18=$A27)*F$2:F$18*$C$2:$C$18) -> 13.830243 | G27: =SUMPRODUCT(($B$2:$B$18=$A27)*G$2:G$18*$C$2:$C$18) -> 13.830243 | H27: =SUMPRODUCT(($B$2:$B$18=$A27)*H$2:H$18*$C$2:$C$18) -> 13.830243 | I27: =SUMPRODUCT(($B$2:$B$18=$A27)*I$2:I$18*$C$2:$C$18) -> 13.830243 | J27: =SUMPRODUCT(($B$2:$B$18=$A27)*J$2:J$18*$C$2:$C$18) -> 13.830243 | K27: =SUMPRODUCT(($B$2:$B$18=$A27)*K$2:K$18*$C$2:$C$18) -> 13.830243 | ... P27: =SUMPRODUCT(($B$2:$B$18=$A27)*P$2:P$18*$C$2:$C$18) -> 165.96292
A28: Halogenado | D28: =SUMPRODUCT(($B$2:$B$18=$A28)*D$2:D$18*$C$2:$C$18) -> 0.43731994 | E28: =SUMPRODUCT(($B$2:$B$18=$A28)*E$2:E$18*$C$2:$C$18) -> 0.43731994 | F28: =SUMPRODUCT(($B$2:$B$18=$A28)*F$2:F$18*$C$2:$C$18) -> 0.43731994 | G28: =SUMPRODUCT(($B$2:$B$18=$A28)*G$2:G$18*$C$2:$C$18) -> 0.43731994 | H28: =SUMPRODUCT(($B$2:$B$18=$A28)*H$2:H$18*$C$2:$C$18) -> 0.43731994 | I28: =SUMPRODUCT(($B$2:$B$18=$A28)*I$2:I$18*$C$2:$C$18) -> 0.43731994 | J28: =SUMPRODUCT(($B$2:$B$18=$A28)*J$2:J$18*$C$2:$C$18) -> 0.43731994 | K28: =SUMPRODUCT(($B$2:$B$18=$A28)*K$2:K$18*$C$2:$C$18) -> 0.43731994 | ... P28: =SUMPRODUCT(($B$2:$B$18=$A28)*P$2:P$18*$C$2:$C$18) -> 5.2478393
A29: Mangueras con PH anual (u.) | D29: =SUMPRODUCT(D$2:D$18*parametros_recargas!$D$51:$D$67) -> 4.9745143 | E29: =SUMPRODUCT(E$2:E$18*parametros_recargas!$D$51:$D$67) -> 4.9745143 | F29: =SUMPRODUCT(F$2:F$18*parametros_recargas!$D$51:$D$67) -> 4.9745143 | G29: =SUMPRODUCT(G$2:G$18*parametros_recargas!$D$51:$D$67) -> 4.9745143 | H29: =SUMPRODUCT(H$2:H$18*parametros_recargas!$D$51:$D$67) -> 4.9745143 | I29: =SUMPRODUCT(I$2:I$18*parametros_recargas!$D$51:$D$67) -> 4.9745143 | J29: =SUMPRODUCT(J$2:J$18*parametros_recargas!$D$51:$D$67) -> 4.9745143 | K29: =SUMPRODUCT(K$2:K$18*parametros_recargas!$D$51:$D$67) -> 4.9745143 | ... P29: =SUMPRODUCT(P$2:P$18*parametros_recargas!$D$51:$D$67) -> 59.694171
A33: 2027 | B33: Agente | C33: u. equiv. | D33: Ene | E33: Feb | F33: Mar | G33: Abr | H33: May | I33: Jun | J33: Jul | K33: Ago | L33: Sep | M33: Oct | N33: Nov | O33: Dic | P33: Total | Q33: Incluye mant. de sustitutos (u./año)
A34: =parametros_recargas!A51 -> ABC 1 kg | B34: =parametros_recargas!B51 -> ABC | C34: =parametros_recargas!C51 -> 1 | D34: =datos_base!$C$2*parametros_recargas!$B$38+sobrestock_sustitutos!$C$88/12 -> 407.62853 | E34: =datos_base!$C$2*parametros_recargas!$C$38+sobrestock_sustitutos!$C$88/12 -> 407.62853 | F34: =datos_base!$C$2*parametros_recargas!$D$38+sobrestock_sustitutos!$C$88/12 -> 407.62853 | G34: =datos_base!$C$2*parametros_recargas!$E$38+sobrestock_sustitutos!$C$88/12 -> 407.62853 | H34: =datos_base!$C$2*parametros_recargas!$F$38+sobrestock_sustitutos!$C$88/12 -> 407.62853 | I34: =datos_base!$C$2*parametros_recargas!$G$38+sobrestock_sustitutos!$C$88/12 -> 407.62853 | J34: =datos_base!$C$2*parametros_recargas!$H$38+sobrestock_sustitutos!$C$88/12 -> 407.62853 | K34: =datos_base!$C$2*parametros_recargas!$I$38+sobrestock_sustitutos!$C$88/12 -> 407.62853 | L34: =datos_base!$C$2*parametros_recargas!$J$38+sobrestock_sustitutos!$C$88/12 -> 407.62853 | M34: =datos_base!$C$2*parametros_recargas!$K$38+sobrestock_sustitutos!$C$88/12 -> 407.62853 | N34: =datos_base!$C$2*parametros_recargas!$L$38+sobrestock_sustitutos!$C$88/12 -> 407.62853 | O34: =datos_base!$C$2*parametros_recargas!$M$38+sobrestock_sustitutos!$C$88/12 -> 407.62853 | P34: =SUM(D34:O34) -> 4891.5423 | Q34: =sobrestock_sustitutos!$C$88 -> 0
A35: =parametros_recargas!A52 -> ABC 2,5 kg | B35: =parametros_recargas!B52 -> ABC | C35: =parametros_recargas!C52 -> 1 | D35: =datos_base!$C$3*parametros_recargas!$B$38+sobrestock_sustitutos!$C$89/12 -> 31.089977 | E35: =datos_base!$C$3*parametros_recargas!$C$38+sobrestock_sustitutos!$C$89/12 -> 31.089977 | F35: =datos_base!$C$3*parametros_recargas!$D$38+sobrestock_sustitutos!$C$89/12 -> 31.089977 | G35: =datos_base!$C$3*parametros_recargas!$E$38+sobrestock_sustitutos!$C$89/12 -> 31.089977 | H35: =datos_base!$C$3*parametros_recargas!$F$38+sobrestock_sustitutos!$C$89/12 -> 31.089977 | I35: =datos_base!$C$3*parametros_recargas!$G$38+sobrestock_sustitutos!$C$89/12 -> 31.089977 | J35: =datos_base!$C$3*parametros_recargas!$H$38+sobrestock_sustitutos!$C$89/12 -> 31.089977 | K35: =datos_base!$C$3*parametros_recargas!$I$38+sobrestock_sustitutos!$C$89/12 -> 31.089977 | L35: =datos_base!$C$3*parametros_recargas!$J$38+sobrestock_sustitutos!$C$89/12 -> 31.089977 | M35: =datos_base!$C$3*parametros_recargas!$K$38+sobrestock_sustitutos!$C$89/12 -> 31.089977 | N35: =datos_base!$C$3*parametros_recargas!$L$38+sobrestock_sustitutos!$C$89/12 -> 31.089977 | O35: =datos_base!$C$3*parametros_recargas!$M$38+sobrestock_sustitutos!$C$89/12 -> 31.089977 | P35: =SUM(D35:O35) -> 373.07972 | Q35: =sobrestock_sustitutos!$C$89 -> 2
A36: =parametros_recargas!A53 -> ABC 5 kg | B36: =parametros_recargas!B53 -> ABC | C36: =parametros_recargas!C53 -> 1 | D36: =datos_base!$C$4*parametros_recargas!$B$38+sobrestock_sustitutos!$C$90/12 -> 189.28428 | E36: =datos_base!$C$4*parametros_recargas!$C$38+sobrestock_sustitutos!$C$90/12 -> 189.28428 | F36: =datos_base!$C$4*parametros_recargas!$D$38+sobrestock_sustitutos!$C$90/12 -> 189.28428 | G36: =datos_base!$C$4*parametros_recargas!$E$38+sobrestock_sustitutos!$C$90/12 -> 189.28428 | H36: =datos_base!$C$4*parametros_recargas!$F$38+sobrestock_sustitutos!$C$90/12 -> 189.28428 | I36: =datos_base!$C$4*parametros_recargas!$G$38+sobrestock_sustitutos!$C$90/12 -> 189.28428 | J36: =datos_base!$C$4*parametros_recargas!$H$38+sobrestock_sustitutos!$C$90/12 -> 189.28428 | K36: =datos_base!$C$4*parametros_recargas!$I$38+sobrestock_sustitutos!$C$90/12 -> 189.28428 | L36: =datos_base!$C$4*parametros_recargas!$J$38+sobrestock_sustitutos!$C$90/12 -> 189.28428 | M36: =datos_base!$C$4*parametros_recargas!$K$38+sobrestock_sustitutos!$C$90/12 -> 189.28428 | N36: =datos_base!$C$4*parametros_recargas!$L$38+sobrestock_sustitutos!$C$90/12 -> 189.28428 | O36: =datos_base!$C$4*parametros_recargas!$M$38+sobrestock_sustitutos!$C$90/12 -> 189.28428 | P36: =SUM(D36:O36) -> 2271.4113 | Q36: =sobrestock_sustitutos!$C$90 -> 8
A37: =parametros_recargas!A54 -> ABC 10 kg | B37: =parametros_recargas!B54 -> ABC | C37: =parametros_recargas!C54 -> 1 | D37: =datos_base!$C$5*parametros_recargas!$B$38+sobrestock_sustitutos!$C$91/12 -> 10.597158 | E37: =datos_base!$C$5*parametros_recargas!$C$38+sobrestock_sustitutos!$C$91/12 -> 10.597158 | F37: =datos_base!$C$5*parametros_recargas!$D$38+sobrestock_sustitutos!$C$91/12 -> 10.597158 | G37: =datos_base!$C$5*parametros_recargas!$E$38+sobrestock_sustitutos!$C$91/12 -> 10.597158 | H37: =datos_base!$C$5*parametros_recargas!$F$38+sobrestock_sustitutos!$C$91/12 -> 10.597158 | I37: =datos_base!$C$5*parametros_recargas!$G$38+sobrestock_sustitutos!$C$91/12 -> 10.597158 | J37: =datos_base!$C$5*parametros_recargas!$H$38+sobrestock_sustitutos!$C$91/12 -> 10.597158 | K37: =datos_base!$C$5*parametros_recargas!$I$38+sobrestock_sustitutos!$C$91/12 -> 10.597158 | L37: =datos_base!$C$5*parametros_recargas!$J$38+sobrestock_sustitutos!$C$91/12 -> 10.597158 | M37: =datos_base!$C$5*parametros_recargas!$K$38+sobrestock_sustitutos!$C$91/12 -> 10.597158 | N37: =datos_base!$C$5*parametros_recargas!$L$38+sobrestock_sustitutos!$C$91/12 -> 10.597158 | O37: =datos_base!$C$5*parametros_recargas!$M$38+sobrestock_sustitutos!$C$91/12 -> 10.597158 | P37: =SUM(D37:O37) -> 127.1659 | Q37: =sobrestock_sustitutos!$C$91 -> 1
A38: =parametros_recargas!A55 -> Agua 10 l | B38: =parametros_recargas!B55 -> Agua | C38: =parametros_recargas!C55 -> 1 | D38: =datos_base!$C$6*parametros_recargas!$B$38+sobrestock_sustitutos!$C$92/12 -> 15.538179 | E38: =datos_base!$C$6*parametros_recargas!$C$38+sobrestock_sustitutos!$C$92/12 -> 15.538179 | F38: =datos_base!$C$6*parametros_recargas!$D$38+sobrestock_sustitutos!$C$92/12 -> 15.538179 | G38: =datos_base!$C$6*parametros_recargas!$E$38+sobrestock_sustitutos!$C$92/12 -> 15.538179 | H38: =datos_base!$C$6*parametros_recargas!$F$38+sobrestock_sustitutos!$C$92/12 -> 15.538179 | I38: =datos_base!$C$6*parametros_recargas!$G$38+sobrestock_sustitutos!$C$92/12 -> 15.538179 | J38: =datos_base!$C$6*parametros_recargas!$H$38+sobrestock_sustitutos!$C$92/12 -> 15.538179 | K38: =datos_base!$C$6*parametros_recargas!$I$38+sobrestock_sustitutos!$C$92/12 -> 15.538179 | L38: =datos_base!$C$6*parametros_recargas!$J$38+sobrestock_sustitutos!$C$92/12 -> 15.538179 | M38: =datos_base!$C$6*parametros_recargas!$K$38+sobrestock_sustitutos!$C$92/12 -> 15.538179 | N38: =datos_base!$C$6*parametros_recargas!$L$38+sobrestock_sustitutos!$C$92/12 -> 15.538179 | O38: =datos_base!$C$6*parametros_recargas!$M$38+sobrestock_sustitutos!$C$92/12 -> 15.538179 | P38: =SUM(D38:O38) -> 186.45815 | Q38: =sobrestock_sustitutos!$C$92 -> 1
A39: =parametros_recargas!A56 -> AFFF 10 l | B39: =parametros_recargas!B56 -> AFFF | C39: =parametros_recargas!C56 -> 1 | D39: =datos_base!$C$7*parametros_recargas!$B$38+sobrestock_sustitutos!$C$93/12 -> 3.9580907 | E39: =datos_base!$C$7*parametros_recargas!$C$38+sobrestock_sustitutos!$C$93/12 -> 3.9580907 | F39: =datos_base!$C$7*parametros_recargas!$D$38+sobrestock_sustitutos!$C$93/12 -> 3.9580907 | G39: =datos_base!$C$7*parametros_recargas!$E$38+sobrestock_sustitutos!$C$93/12 -> 3.9580907 | H39: =datos_base!$C$7*parametros_recargas!$F$38+sobrestock_sustitutos!$C$93/12 -> 3.9580907 | I39: =datos_base!$C$7*parametros_recargas!$G$38+sobrestock_sustitutos!$C$93/12 -> 3.9580907 | J39: =datos_base!$C$7*parametros_recargas!$H$38+sobrestock_sustitutos!$C$93/12 -> 3.9580907 | K39: =datos_base!$C$7*parametros_recargas!$I$38+sobrestock_sustitutos!$C$93/12 -> 3.9580907 | L39: =datos_base!$C$7*parametros_recargas!$J$38+sobrestock_sustitutos!$C$93/12 -> 3.9580907 | M39: =datos_base!$C$7*parametros_recargas!$K$38+sobrestock_sustitutos!$C$93/12 -> 3.9580907 | N39: =datos_base!$C$7*parametros_recargas!$L$38+sobrestock_sustitutos!$C$93/12 -> 3.9580907 | O39: =datos_base!$C$7*parametros_recargas!$M$38+sobrestock_sustitutos!$C$93/12 -> 3.9580907 | P39: =SUM(D39:O39) -> 47.497088 | Q39: =sobrestock_sustitutos!$C$93 -> 1
A40: =parametros_recargas!A57 -> AFFF 50 l s/ruedas | B40: =parametros_recargas!B57 -> AFFF | C40: =parametros_recargas!C57 -> 3 | D40: =datos_base!$C$8*parametros_recargas!$B$38+sobrestock_sustitutos!$C$94/12 -> 2.082338 | E40: =datos_base!$C$8*parametros_recargas!$C$38+sobrestock_sustitutos!$C$94/12 -> 2.082338 | F40: =datos_base!$C$8*parametros_recargas!$D$38+sobrestock_sustitutos!$C$94/12 -> 2.082338 | G40: =datos_base!$C$8*parametros_recargas!$E$38+sobrestock_sustitutos!$C$94/12 -> 2.082338 | H40: =datos_base!$C$8*parametros_recargas!$F$38+sobrestock_sustitutos!$C$94/12 -> 2.082338 | I40: =datos_base!$C$8*parametros_recargas!$G$38+sobrestock_sustitutos!$C$94/12 -> 2.082338 | J40: =datos_base!$C$8*parametros_recargas!$H$38+sobrestock_sustitutos!$C$94/12 -> 2.082338 | K40: =datos_base!$C$8*parametros_recargas!$I$38+sobrestock_sustitutos!$C$94/12 -> 2.082338 | L40: =datos_base!$C$8*parametros_recargas!$J$38+sobrestock_sustitutos!$C$94/12 -> 2.082338 | M40: =datos_base!$C$8*parametros_recargas!$K$38+sobrestock_sustitutos!$C$94/12 -> 2.082338 | N40: =datos_base!$C$8*parametros_recargas!$L$38+sobrestock_sustitutos!$C$94/12 -> 2.082338 | O40: =datos_base!$C$8*parametros_recargas!$M$38+sobrestock_sustitutos!$C$94/12 -> 2.082338 | P40: =SUM(D40:O40) -> 24.988057 | Q40: =sobrestock_sustitutos!$C$94 -> 1
A41: =parametros_recargas!A58 -> BC 5 kg | B41: =parametros_recargas!B58 -> BC | C41: =parametros_recargas!C58 -> 1 | D41: =datos_base!$C$9*parametros_recargas!$B$38+sobrestock_sustitutos!$C$95/12 -> 1.2140158 | E41: =datos_base!$C$9*parametros_recargas!$C$38+sobrestock_sustitutos!$C$95/12 -> 1.2140158 | F41: =datos_base!$C$9*parametros_recargas!$D$38+sobrestock_sustitutos!$C$95/12 -> 1.2140158 | G41: =datos_base!$C$9*parametros_recargas!$E$38+sobrestock_sustitutos!$C$95/12 -> 1.2140158 | H41: =datos_base!$C$9*parametros_recargas!$F$38+sobrestock_sustitutos!$C$95/12 -> 1.2140158 | I41: =datos_base!$C$9*parametros_recargas!$G$38+sobrestock_sustitutos!$C$95/12 -> 1.2140158 | J41: =datos_base!$C$9*parametros_recargas!$H$38+sobrestock_sustitutos!$C$95/12 -> 1.2140158 | K41: =datos_base!$C$9*parametros_recargas!$I$38+sobrestock_sustitutos!$C$95/12 -> 1.2140158 | L41: =datos_base!$C$9*parametros_recargas!$J$38+sobrestock_sustitutos!$C$95/12 -> 1.2140158 | M41: =datos_base!$C$9*parametros_recargas!$K$38+sobrestock_sustitutos!$C$95/12 -> 1.2140158 | N41: =datos_base!$C$9*parametros_recargas!$L$38+sobrestock_sustitutos!$C$95/12 -> 1.2140158 | O41: =datos_base!$C$9*parametros_recargas!$M$38+sobrestock_sustitutos!$C$95/12 -> 1.2140158 | P41: =SUM(D41:O41) -> 14.568189 | Q41: =sobrestock_sustitutos!$C$95 -> 1
A42: =parametros_recargas!A59 -> Sales K 6 l | B42: =parametros_recargas!B59 -> Sales K | C42: =parametros_recargas!C59 -> 1 | D42: =datos_base!$C$10*parametros_recargas!$B$38+sobrestock_sustitutos!$C$96/12 -> 8.1395162 | E42: =datos_base!$C$10*parametros_recargas!$C$38+sobrestock_sustitutos!$C$96/12 -> 8.1395162 | F42: =datos_base!$C$10*parametros_recargas!$D$38+sobrestock_sustitutos!$C$96/12 -> 8.1395162 | G42: =datos_base!$C$10*parametros_recargas!$E$38+sobrestock_sustitutos!$C$96/12 -> 8.1395162 | H42: =datos_base!$C$10*parametros_recargas!$F$38+sobrestock_sustitutos!$C$96/12 -> 8.1395162 | I42: =datos_base!$C$10*parametros_recargas!$G$38+sobrestock_sustitutos!$C$96/12 -> 8.1395162 | J42: =datos_base!$C$10*parametros_recargas!$H$38+sobrestock_sustitutos!$C$96/12 -> 8.1395162 | K42: =datos_base!$C$10*parametros_recargas!$I$38+sobrestock_sustitutos!$C$96/12 -> 8.1395162 | L42: =datos_base!$C$10*parametros_recargas!$J$38+sobrestock_sustitutos!$C$96/12 -> 8.1395162 | M42: =datos_base!$C$10*parametros_recargas!$K$38+sobrestock_sustitutos!$C$96/12 -> 8.1395162 | N42: =datos_base!$C$10*parametros_recargas!$L$38+sobrestock_sustitutos!$C$96/12 -> 8.1395162 | O42: =datos_base!$C$10*parametros_recargas!$M$38+sobrestock_sustitutos!$C$96/12 -> 8.1395162 | P42: =SUM(D42:O42) -> 97.674194 | Q42: =sobrestock_sustitutos!$C$96 -> 1
A43: =parametros_recargas!A60 -> CO₂ 2 kg | B43: =parametros_recargas!B60 -> CO₂ | C43: =parametros_recargas!C60 -> 1 | D43: =datos_base!$C$11*parametros_recargas!$B$38+sobrestock_sustitutos!$C$97/12 -> 40.932472 | E43: =datos_base!$C$11*parametros_recargas!$C$38+sobrestock_sustitutos!$C$97/12 -> 40.932472 | F43: =datos_base!$C$11*parametros_recargas!$D$38+sobrestock_sustitutos!$C$97/12 -> 40.932472 | G43: =datos_base!$C$11*parametros_recargas!$E$38+sobrestock_sustitutos!$C$97/12 -> 40.932472 | H43: =datos_base!$C$11*parametros_recargas!$F$38+sobrestock_sustitutos!$C$97/12 -> 40.932472 | I43: =datos_base!$C$11*parametros_recargas!$G$38+sobrestock_sustitutos!$C$97/12 -> 40.932472 | J43: =datos_base!$C$11*parametros_recargas!$H$38+sobrestock_sustitutos!$C$97/12 -> 40.932472 | K43: =datos_base!$C$11*parametros_recargas!$I$38+sobrestock_sustitutos!$C$97/12 -> 40.932472 | L43: =datos_base!$C$11*parametros_recargas!$J$38+sobrestock_sustitutos!$C$97/12 -> 40.932472 | M43: =datos_base!$C$11*parametros_recargas!$K$38+sobrestock_sustitutos!$C$97/12 -> 40.932472 | N43: =datos_base!$C$11*parametros_recargas!$L$38+sobrestock_sustitutos!$C$97/12 -> 40.932472 | O43: =datos_base!$C$11*parametros_recargas!$M$38+sobrestock_sustitutos!$C$97/12 -> 40.932472 | P43: =SUM(D43:O43) -> 491.18966 | Q43: =sobrestock_sustitutos!$C$97 -> 2
A44: =parametros_recargas!A61 -> CO₂ 5 kg | B44: =parametros_recargas!B61 -> CO₂ | C44: =parametros_recargas!C61 -> 1 | D44: =datos_base!$C$12*parametros_recargas!$B$38+sobrestock_sustitutos!$C$98/12 -> 15.543147 | E44: =datos_base!$C$12*parametros_recargas!$C$38+sobrestock_sustitutos!$C$98/12 -> 15.543147 | F44: =datos_base!$C$12*parametros_recargas!$D$38+sobrestock_sustitutos!$C$98/12 -> 15.543147 | G44: =datos_base!$C$12*parametros_recargas!$E$38+sobrestock_sustitutos!$C$98/12 -> 15.543147 | H44: =datos_base!$C$12*parametros_recargas!$F$38+sobrestock_sustitutos!$C$98/12 -> 15.543147 | I44: =datos_base!$C$12*parametros_recargas!$G$38+sobrestock_sustitutos!$C$98/12 -> 15.543147 | J44: =datos_base!$C$12*parametros_recargas!$H$38+sobrestock_sustitutos!$C$98/12 -> 15.543147 | K44: =datos_base!$C$12*parametros_recargas!$I$38+sobrestock_sustitutos!$C$98/12 -> 15.543147 | L44: =datos_base!$C$12*parametros_recargas!$J$38+sobrestock_sustitutos!$C$98/12 -> 15.543147 | M44: =datos_base!$C$12*parametros_recargas!$K$38+sobrestock_sustitutos!$C$98/12 -> 15.543147 | N44: =datos_base!$C$12*parametros_recargas!$L$38+sobrestock_sustitutos!$C$98/12 -> 15.543147 | O44: =datos_base!$C$12*parametros_recargas!$M$38+sobrestock_sustitutos!$C$98/12 -> 15.543147 | P44: =SUM(D44:O44) -> 186.51777 | Q44: =sobrestock_sustitutos!$C$98 -> 1
A45: =parametros_recargas!A62 -> HCFC/HFC 5 kg | B45: =parametros_recargas!B62 -> Halogenado | C45: =parametros_recargas!C62 -> 1 | D45: =datos_base!$C$13*parametros_recargas!$B$38+sobrestock_sustitutos!$C$99/12 -> 2.7753451 | E45: =datos_base!$C$13*parametros_recargas!$C$38+sobrestock_sustitutos!$C$99/12 -> 2.7753451 | F45: =datos_base!$C$13*parametros_recargas!$D$38+sobrestock_sustitutos!$C$99/12 -> 2.7753451 | G45: =datos_base!$C$13*parametros_recargas!$E$38+sobrestock_sustitutos!$C$99/12 -> 2.7753451 | H45: =datos_base!$C$13*parametros_recargas!$F$38+sobrestock_sustitutos!$C$99/12 -> 2.7753451 | I45: =datos_base!$C$13*parametros_recargas!$G$38+sobrestock_sustitutos!$C$99/12 -> 2.7753451 | J45: =datos_base!$C$13*parametros_recargas!$H$38+sobrestock_sustitutos!$C$99/12 -> 2.7753451 | K45: =datos_base!$C$13*parametros_recargas!$I$38+sobrestock_sustitutos!$C$99/12 -> 2.7753451 | L45: =datos_base!$C$13*parametros_recargas!$J$38+sobrestock_sustitutos!$C$99/12 -> 2.7753451 | M45: =datos_base!$C$13*parametros_recargas!$K$38+sobrestock_sustitutos!$C$99/12 -> 2.7753451 | N45: =datos_base!$C$13*parametros_recargas!$L$38+sobrestock_sustitutos!$C$99/12 -> 2.7753451 | O45: =datos_base!$C$13*parametros_recargas!$M$38+sobrestock_sustitutos!$C$99/12 -> 2.7753451 | P45: =SUM(D45:O45) -> 33.304142 | Q45: =sobrestock_sustitutos!$C$99 -> 1
A46: =parametros_recargas!A63 -> Clase D 9 l | B46: =parametros_recargas!B63 -> Clase D | C46: =parametros_recargas!C63 -> 1 | D46: =datos_base!$C$14*parametros_recargas!$B$38+sobrestock_sustitutos!$C$100/12 -> 1.2140158 | E46: =datos_base!$C$14*parametros_recargas!$C$38+sobrestock_sustitutos!$C$100/12 -> 1.2140158 | F46: =datos_base!$C$14*parametros_recargas!$D$38+sobrestock_sustitutos!$C$100/12 -> 1.2140158 | G46: =datos_base!$C$14*parametros_recargas!$E$38+sobrestock_sustitutos!$C$100/12 -> 1.2140158 | H46: =datos_base!$C$14*parametros_recargas!$F$38+sobrestock_sustitutos!$C$100/12 -> 1.2140158 | I46: =datos_base!$C$14*parametros_recargas!$G$38+sobrestock_sustitutos!$C$100/12 -> 1.2140158 | J46: =datos_base!$C$14*parametros_recargas!$H$38+sobrestock_sustitutos!$C$100/12 -> 1.2140158 | K46: =datos_base!$C$14*parametros_recargas!$I$38+sobrestock_sustitutos!$C$100/12 -> 1.2140158 | L46: =datos_base!$C$14*parametros_recargas!$J$38+sobrestock_sustitutos!$C$100/12 -> 1.2140158 | M46: =datos_base!$C$14*parametros_recargas!$K$38+sobrestock_sustitutos!$C$100/12 -> 1.2140158 | N46: =datos_base!$C$14*parametros_recargas!$L$38+sobrestock_sustitutos!$C$100/12 -> 1.2140158 | O46: =datos_base!$C$14*parametros_recargas!$M$38+sobrestock_sustitutos!$C$100/12 -> 1.2140158 | P46: =SUM(D46:O46) -> 14.568189 | Q46: =sobrestock_sustitutos!$C$100 -> 1
A47: =parametros_recargas!A64 -> ABC 25 kg s/ruedas | B47: =parametros_recargas!B64 -> ABC | C47: =parametros_recargas!C64 -> 3 | D47: =datos_base!$C$15*parametros_recargas!$B$38+sobrestock_sustitutos!$C$101/12 -> 2.1487357 | E47: =datos_base!$C$15*parametros_recargas!$C$38+sobrestock_sustitutos!$C$101/12 -> 2.1487357 | F47: =datos_base!$C$15*parametros_recargas!$D$38+sobrestock_sustitutos!$C$101/12 -> 2.1487357 | G47: =datos_base!$C$15*parametros_recargas!$E$38+sobrestock_sustitutos!$C$101/12 -> 2.1487357 | H47: =datos_base!$C$15*parametros_recargas!$F$38+sobrestock_sustitutos!$C$101/12 -> 2.1487357 | I47: =datos_base!$C$15*parametros_recargas!$G$38+sobrestock_sustitutos!$C$101/12 -> 2.1487357 | J47: =datos_base!$C$15*parametros_recargas!$H$38+sobrestock_sustitutos!$C$101/12 -> 2.1487357 | K47: =datos_base!$C$15*parametros_recargas!$I$38+sobrestock_sustitutos!$C$101/12 -> 2.1487357 | L47: =datos_base!$C$15*parametros_recargas!$J$38+sobrestock_sustitutos!$C$101/12 -> 2.1487357 | M47: =datos_base!$C$15*parametros_recargas!$K$38+sobrestock_sustitutos!$C$101/12 -> 2.1487357 | N47: =datos_base!$C$15*parametros_recargas!$L$38+sobrestock_sustitutos!$C$101/12 -> 2.1487357 | O47: =datos_base!$C$15*parametros_recargas!$M$38+sobrestock_sustitutos!$C$101/12 -> 2.1487357 | P47: =SUM(D47:O47) -> 25.784828 | Q47: =sobrestock_sustitutos!$C$101 -> 1
A48: =parametros_recargas!A65 -> ABC 50 kg s/ruedas | B48: =parametros_recargas!B65 -> ABC | C48: =parametros_recargas!C65 -> 3 | D48: =datos_base!$C$16*parametros_recargas!$B$38+sobrestock_sustitutos!$C$102/12 -> 4.6272186 | E48: =datos_base!$C$16*parametros_recargas!$C$38+sobrestock_sustitutos!$C$102/12 -> 4.6272186 | F48: =datos_base!$C$16*parametros_recargas!$D$38+sobrestock_sustitutos!$C$102/12 -> 4.6272186 | G48: =datos_base!$C$16*parametros_recargas!$E$38+sobrestock_sustitutos!$C$102/12 -> 4.6272186 | H48: =datos_base!$C$16*parametros_recargas!$F$38+sobrestock_sustitutos!$C$102/12 -> 4.6272186 | I48: =datos_base!$C$16*parametros_recargas!$G$38+sobrestock_sustitutos!$C$102/12 -> 4.6272186 | J48: =datos_base!$C$16*parametros_recargas!$H$38+sobrestock_sustitutos!$C$102/12 -> 4.6272186 | K48: =datos_base!$C$16*parametros_recargas!$I$38+sobrestock_sustitutos!$C$102/12 -> 4.6272186 | L48: =datos_base!$C$16*parametros_recargas!$J$38+sobrestock_sustitutos!$C$102/12 -> 4.6272186 | M48: =datos_base!$C$16*parametros_recargas!$K$38+sobrestock_sustitutos!$C$102/12 -> 4.6272186 | N48: =datos_base!$C$16*parametros_recargas!$L$38+sobrestock_sustitutos!$C$102/12 -> 4.6272186 | O48: =datos_base!$C$16*parametros_recargas!$M$38+sobrestock_sustitutos!$C$102/12 -> 4.6272186 | P48: =SUM(D48:O48) -> 55.526623 | Q48: =sobrestock_sustitutos!$C$102 -> 1
A49: =parametros_recargas!A66 -> ABC 70 kg s/ruedas | B49: =parametros_recargas!B66 -> ABC | C49: =parametros_recargas!C66 -> 3 | D49: =datos_base!$C$17*parametros_recargas!$B$38+sobrestock_sustitutos!$C$103/12 -> 1.0747265 | E49: =datos_base!$C$17*parametros_recargas!$C$38+sobrestock_sustitutos!$C$103/12 -> 1.0747265 | F49: =datos_base!$C$17*parametros_recargas!$D$38+sobrestock_sustitutos!$C$103/12 -> 1.0747265 | G49: =datos_base!$C$17*parametros_recargas!$E$38+sobrestock_sustitutos!$C$103/12 -> 1.0747265 | H49: =datos_base!$C$17*parametros_recargas!$F$38+sobrestock_sustitutos!$C$103/12 -> 1.0747265 | I49: =datos_base!$C$17*parametros_recargas!$G$38+sobrestock_sustitutos!$C$103/12 -> 1.0747265 | J49: =datos_base!$C$17*parametros_recargas!$H$38+sobrestock_sustitutos!$C$103/12 -> 1.0747265 | K49: =datos_base!$C$17*parametros_recargas!$I$38+sobrestock_sustitutos!$C$103/12 -> 1.0747265 | L49: =datos_base!$C$17*parametros_recargas!$J$38+sobrestock_sustitutos!$C$103/12 -> 1.0747265 | M49: =datos_base!$C$17*parametros_recargas!$K$38+sobrestock_sustitutos!$C$103/12 -> 1.0747265 | N49: =datos_base!$C$17*parametros_recargas!$L$38+sobrestock_sustitutos!$C$103/12 -> 1.0747265 | O49: =datos_base!$C$17*parametros_recargas!$M$38+sobrestock_sustitutos!$C$103/12 -> 1.0747265 | P49: =SUM(D49:O49) -> 12.896718 | Q49: =sobrestock_sustitutos!$C$103 -> 1
A50: =parametros_recargas!A67 -> ABC 100 kg s/ruedas | B50: =parametros_recargas!B67 -> ABC | C50: =parametros_recargas!C67 -> 3 | D50: =datos_base!$C$18*parametros_recargas!$B$38+sobrestock_sustitutos!$C$104/12 -> 0.74426209 | E50: =datos_base!$C$18*parametros_recargas!$C$38+sobrestock_sustitutos!$C$104/12 -> 0.74426209 | F50: =datos_base!$C$18*parametros_recargas!$D$38+sobrestock_sustitutos!$C$104/12 -> 0.74426209 | G50: =datos_base!$C$18*parametros_recargas!$E$38+sobrestock_sustitutos!$C$104/12 -> 0.74426209 | H50: =datos_base!$C$18*parametros_recargas!$F$38+sobrestock_sustitutos!$C$104/12 -> 0.74426209 | I50: =datos_base!$C$18*parametros_recargas!$G$38+sobrestock_sustitutos!$C$104/12 -> 0.74426209 | J50: =datos_base!$C$18*parametros_recargas!$H$38+sobrestock_sustitutos!$C$104/12 -> 0.74426209 | K50: =datos_base!$C$18*parametros_recargas!$I$38+sobrestock_sustitutos!$C$104/12 -> 0.74426209 | L50: =datos_base!$C$18*parametros_recargas!$J$38+sobrestock_sustitutos!$C$104/12 -> 0.74426209 | M50: =datos_base!$C$18*parametros_recargas!$K$38+sobrestock_sustitutos!$C$104/12 -> 0.74426209 | N50: =datos_base!$C$18*parametros_recargas!$L$38+sobrestock_sustitutos!$C$104/12 -> 0.74426209 | O50: =datos_base!$C$18*parametros_recargas!$M$38+sobrestock_sustitutos!$C$104/12 -> 0.74426209 | P50: =SUM(D50:O50) -> 8.9311451 | Q50: =sobrestock_sustitutos!$C$104 -> 1
A51: Total recipientes | D51: =SUM(D34:D50) -> 738.592 | E51: =SUM(E34:E50) -> 738.592 | F51: =SUM(F34:F50) -> 738.592 | G51: =SUM(G34:G50) -> 738.592 | H51: =SUM(H34:H50) -> 738.592 | I51: =SUM(I34:I50) -> 738.592 | J51: =SUM(J34:J50) -> 738.592 | K51: =SUM(K34:K50) -> 738.592 | ... P51: =SUM(P34:P50) -> 8863.104
A52: Por agente (u. equivalentes)
A53: ABC | D53: =SUMPRODUCT(($B$34:$B$50=$A53)*D$34:D$50*$C$34:$C$50) -> 664.38477 | E53: =SUMPRODUCT(($B$34:$B$50=$A53)*E$34:E$50*$C$34:$C$50) -> 664.38477 | F53: =SUMPRODUCT(($B$34:$B$50=$A53)*F$34:F$50*$C$34:$C$50) -> 664.38477 | G53: =SUMPRODUCT(($B$34:$B$50=$A53)*G$34:G$50*$C$34:$C$50) -> 664.38477 | H53: =SUMPRODUCT(($B$34:$B$50=$A53)*H$34:H$50*$C$34:$C$50) -> 664.38477 | I53: =SUMPRODUCT(($B$34:$B$50=$A53)*I$34:I$50*$C$34:$C$50) -> 664.38477 | J53: =SUMPRODUCT(($B$34:$B$50=$A53)*J$34:J$50*$C$34:$C$50) -> 664.38477 | K53: =SUMPRODUCT(($B$34:$B$50=$A53)*K$34:K$50*$C$34:$C$50) -> 664.38477 | ... P53: =SUMPRODUCT(($B$34:$B$50=$A53)*P$34:P$50*$C$34:$C$50) -> 7972.6172
A54: BC | D54: =SUMPRODUCT(($B$34:$B$50=$A54)*D$34:D$50*$C$34:$C$50) -> 1.2140158 | E54: =SUMPRODUCT(($B$34:$B$50=$A54)*E$34:E$50*$C$34:$C$50) -> 1.2140158 | F54: =SUMPRODUCT(($B$34:$B$50=$A54)*F$34:F$50*$C$34:$C$50) -> 1.2140158 | G54: =SUMPRODUCT(($B$34:$B$50=$A54)*G$34:G$50*$C$34:$C$50) -> 1.2140158 | H54: =SUMPRODUCT(($B$34:$B$50=$A54)*H$34:H$50*$C$34:$C$50) -> 1.2140158 | I54: =SUMPRODUCT(($B$34:$B$50=$A54)*I$34:I$50*$C$34:$C$50) -> 1.2140158 | J54: =SUMPRODUCT(($B$34:$B$50=$A54)*J$34:J$50*$C$34:$C$50) -> 1.2140158 | K54: =SUMPRODUCT(($B$34:$B$50=$A54)*K$34:K$50*$C$34:$C$50) -> 1.2140158 | ... P54: =SUMPRODUCT(($B$34:$B$50=$A54)*P$34:P$50*$C$34:$C$50) -> 14.568189
A55: Clase D | D55: =SUMPRODUCT(($B$34:$B$50=$A55)*D$34:D$50*$C$34:$C$50) -> 1.2140158 | E55: =SUMPRODUCT(($B$34:$B$50=$A55)*E$34:E$50*$C$34:$C$50) -> 1.2140158 | F55: =SUMPRODUCT(($B$34:$B$50=$A55)*F$34:F$50*$C$34:$C$50) -> 1.2140158 | G55: =SUMPRODUCT(($B$34:$B$50=$A55)*G$34:G$50*$C$34:$C$50) -> 1.2140158 | H55: =SUMPRODUCT(($B$34:$B$50=$A55)*H$34:H$50*$C$34:$C$50) -> 1.2140158 | I55: =SUMPRODUCT(($B$34:$B$50=$A55)*I$34:I$50*$C$34:$C$50) -> 1.2140158 | J55: =SUMPRODUCT(($B$34:$B$50=$A55)*J$34:J$50*$C$34:$C$50) -> 1.2140158 | K55: =SUMPRODUCT(($B$34:$B$50=$A55)*K$34:K$50*$C$34:$C$50) -> 1.2140158 | ... P55: =SUMPRODUCT(($B$34:$B$50=$A55)*P$34:P$50*$C$34:$C$50) -> 14.568189
A56: Agua | D56: =SUMPRODUCT(($B$34:$B$50=$A56)*D$34:D$50*$C$34:$C$50) -> 15.538179 | E56: =SUMPRODUCT(($B$34:$B$50=$A56)*E$34:E$50*$C$34:$C$50) -> 15.538179 | F56: =SUMPRODUCT(($B$34:$B$50=$A56)*F$34:F$50*$C$34:$C$50) -> 15.538179 | G56: =SUMPRODUCT(($B$34:$B$50=$A56)*G$34:G$50*$C$34:$C$50) -> 15.538179 | H56: =SUMPRODUCT(($B$34:$B$50=$A56)*H$34:H$50*$C$34:$C$50) -> 15.538179 | I56: =SUMPRODUCT(($B$34:$B$50=$A56)*I$34:I$50*$C$34:$C$50) -> 15.538179 | J56: =SUMPRODUCT(($B$34:$B$50=$A56)*J$34:J$50*$C$34:$C$50) -> 15.538179 | K56: =SUMPRODUCT(($B$34:$B$50=$A56)*K$34:K$50*$C$34:$C$50) -> 15.538179 | ... P56: =SUMPRODUCT(($B$34:$B$50=$A56)*P$34:P$50*$C$34:$C$50) -> 186.45815
A57: AFFF | D57: =SUMPRODUCT(($B$34:$B$50=$A57)*D$34:D$50*$C$34:$C$50) -> 10.205105 | E57: =SUMPRODUCT(($B$34:$B$50=$A57)*E$34:E$50*$C$34:$C$50) -> 10.205105 | F57: =SUMPRODUCT(($B$34:$B$50=$A57)*F$34:F$50*$C$34:$C$50) -> 10.205105 | G57: =SUMPRODUCT(($B$34:$B$50=$A57)*G$34:G$50*$C$34:$C$50) -> 10.205105 | H57: =SUMPRODUCT(($B$34:$B$50=$A57)*H$34:H$50*$C$34:$C$50) -> 10.205105 | I57: =SUMPRODUCT(($B$34:$B$50=$A57)*I$34:I$50*$C$34:$C$50) -> 10.205105 | J57: =SUMPRODUCT(($B$34:$B$50=$A57)*J$34:J$50*$C$34:$C$50) -> 10.205105 | K57: =SUMPRODUCT(($B$34:$B$50=$A57)*K$34:K$50*$C$34:$C$50) -> 10.205105 | ... P57: =SUMPRODUCT(($B$34:$B$50=$A57)*P$34:P$50*$C$34:$C$50) -> 122.46126
A58: Sales K | D58: =SUMPRODUCT(($B$34:$B$50=$A58)*D$34:D$50*$C$34:$C$50) -> 8.1395162 | E58: =SUMPRODUCT(($B$34:$B$50=$A58)*E$34:E$50*$C$34:$C$50) -> 8.1395162 | F58: =SUMPRODUCT(($B$34:$B$50=$A58)*F$34:F$50*$C$34:$C$50) -> 8.1395162 | G58: =SUMPRODUCT(($B$34:$B$50=$A58)*G$34:G$50*$C$34:$C$50) -> 8.1395162 | H58: =SUMPRODUCT(($B$34:$B$50=$A58)*H$34:H$50*$C$34:$C$50) -> 8.1395162 | I58: =SUMPRODUCT(($B$34:$B$50=$A58)*I$34:I$50*$C$34:$C$50) -> 8.1395162 | J58: =SUMPRODUCT(($B$34:$B$50=$A58)*J$34:J$50*$C$34:$C$50) -> 8.1395162 | K58: =SUMPRODUCT(($B$34:$B$50=$A58)*K$34:K$50*$C$34:$C$50) -> 8.1395162 | ... P58: =SUMPRODUCT(($B$34:$B$50=$A58)*P$34:P$50*$C$34:$C$50) -> 97.674194
A59: CO₂ | D59: =SUMPRODUCT(($B$34:$B$50=$A59)*D$34:D$50*$C$34:$C$50) -> 56.475619 | E59: =SUMPRODUCT(($B$34:$B$50=$A59)*E$34:E$50*$C$34:$C$50) -> 56.475619 | F59: =SUMPRODUCT(($B$34:$B$50=$A59)*F$34:F$50*$C$34:$C$50) -> 56.475619 | G59: =SUMPRODUCT(($B$34:$B$50=$A59)*G$34:G$50*$C$34:$C$50) -> 56.475619 | H59: =SUMPRODUCT(($B$34:$B$50=$A59)*H$34:H$50*$C$34:$C$50) -> 56.475619 | I59: =SUMPRODUCT(($B$34:$B$50=$A59)*I$34:I$50*$C$34:$C$50) -> 56.475619 | J59: =SUMPRODUCT(($B$34:$B$50=$A59)*J$34:J$50*$C$34:$C$50) -> 56.475619 | K59: =SUMPRODUCT(($B$34:$B$50=$A59)*K$34:K$50*$C$34:$C$50) -> 56.475619 | ... P59: =SUMPRODUCT(($B$34:$B$50=$A59)*P$34:P$50*$C$34:$C$50) -> 677.70743
A60: Halogenado | D60: =SUMPRODUCT(($B$34:$B$50=$A60)*D$34:D$50*$C$34:$C$50) -> 2.7753451 | E60: =SUMPRODUCT(($B$34:$B$50=$A60)*E$34:E$50*$C$34:$C$50) -> 2.7753451 | F60: =SUMPRODUCT(($B$34:$B$50=$A60)*F$34:F$50*$C$34:$C$50) -> 2.7753451 | G60: =SUMPRODUCT(($B$34:$B$50=$A60)*G$34:G$50*$C$34:$C$50) -> 2.7753451 | H60: =SUMPRODUCT(($B$34:$B$50=$A60)*H$34:H$50*$C$34:$C$50) -> 2.7753451 | I60: =SUMPRODUCT(($B$34:$B$50=$A60)*I$34:I$50*$C$34:$C$50) -> 2.7753451 | J60: =SUMPRODUCT(($B$34:$B$50=$A60)*J$34:J$50*$C$34:$C$50) -> 2.7753451 | K60: =SUMPRODUCT(($B$34:$B$50=$A60)*K$34:K$50*$C$34:$C$50) -> 2.7753451 | ... P60: =SUMPRODUCT(($B$34:$B$50=$A60)*P$34:P$50*$C$34:$C$50) -> 33.304142
A61: Mangueras con PH anual (u.) | D61: =SUMPRODUCT(D$34:D$50*parametros_recargas!$D$51:$D$67) -> 26.220428 | E61: =SUMPRODUCT(E$34:E$50*parametros_recargas!$D$51:$D$67) -> 26.220428 | F61: =SUMPRODUCT(F$34:F$50*parametros_recargas!$D$51:$D$67) -> 26.220428 | G61: =SUMPRODUCT(G$34:G$50*parametros_recargas!$D$51:$D$67) -> 26.220428 | H61: =SUMPRODUCT(H$34:H$50*parametros_recargas!$D$51:$D$67) -> 26.220428 | I61: =SUMPRODUCT(I$34:I$50*parametros_recargas!$D$51:$D$67) -> 26.220428 | J61: =SUMPRODUCT(J$34:J$50*parametros_recargas!$D$51:$D$67) -> 26.220428 | K61: =SUMPRODUCT(K$34:K$50*parametros_recargas!$D$51:$D$67) -> 26.220428 | ... P61: =SUMPRODUCT(P$34:P$50*parametros_recargas!$D$51:$D$67) -> 314.64514
A65: 2028 | B65: Agente | C65: u. equiv. | D65: Ene | E65: Feb | F65: Mar | G65: Abr | H65: May | I65: Jun | J65: Jul | K65: Ago | L65: Sep | M65: Oct | N65: Nov | O65: Dic | P65: Total | Q65: Incluye mant. de sustitutos (u./año)
A66: =parametros_recargas!A51 -> ABC 1 kg | B66: =parametros_recargas!B51 -> ABC | C66: =parametros_recargas!C51 -> 1 | D66: =datos_base!$D$2*parametros_recargas!$B$39+sobrestock_sustitutos!$D$88/12 -> 733.70817 | E66: =datos_base!$D$2*parametros_recargas!$C$39+sobrestock_sustitutos!$D$88/12 -> 733.70817 | F66: =datos_base!$D$2*parametros_recargas!$D$39+sobrestock_sustitutos!$D$88/12 -> 733.70817 | G66: =datos_base!$D$2*parametros_recargas!$E$39+sobrestock_sustitutos!$D$88/12 -> 733.70817 | H66: =datos_base!$D$2*parametros_recargas!$F$39+sobrestock_sustitutos!$D$88/12 -> 733.70817 | I66: =datos_base!$D$2*parametros_recargas!$G$39+sobrestock_sustitutos!$D$88/12 -> 733.70817 | J66: =datos_base!$D$2*parametros_recargas!$H$39+sobrestock_sustitutos!$D$88/12 -> 733.70817 | K66: =datos_base!$D$2*parametros_recargas!$I$39+sobrestock_sustitutos!$D$88/12 -> 733.70817 | L66: =datos_base!$D$2*parametros_recargas!$J$39+sobrestock_sustitutos!$D$88/12 -> 733.70817 | M66: =datos_base!$D$2*parametros_recargas!$K$39+sobrestock_sustitutos!$D$88/12 -> 733.70817 | N66: =datos_base!$D$2*parametros_recargas!$L$39+sobrestock_sustitutos!$D$88/12 -> 733.70817 | O66: =datos_base!$D$2*parametros_recargas!$M$39+sobrestock_sustitutos!$D$88/12 -> 733.70817 | P66: =SUM(D66:O66) -> 8804.4981 | Q66: =sobrestock_sustitutos!$D$88 -> 0
A67: =parametros_recargas!A52 -> ABC 2,5 kg | B67: =parametros_recargas!B52 -> ABC | C67: =parametros_recargas!C52 -> 1 | D67: =datos_base!$D$3*parametros_recargas!$B$39+sobrestock_sustitutos!$D$89/12 -> 71.206813 | E67: =datos_base!$D$3*parametros_recargas!$C$39+sobrestock_sustitutos!$D$89/12 -> 71.206813 | F67: =datos_base!$D$3*parametros_recargas!$D$39+sobrestock_sustitutos!$D$89/12 -> 71.206813 | G67: =datos_base!$D$3*parametros_recargas!$E$39+sobrestock_sustitutos!$D$89/12 -> 71.206813 | H67: =datos_base!$D$3*parametros_recargas!$F$39+sobrestock_sustitutos!$D$89/12 -> 71.206813 | I67: =datos_base!$D$3*parametros_recargas!$G$39+sobrestock_sustitutos!$D$89/12 -> 71.206813 | J67: =datos_base!$D$3*parametros_recargas!$H$39+sobrestock_sustitutos!$D$89/12 -> 71.206813 | K67: =datos_base!$D$3*parametros_recargas!$I$39+sobrestock_sustitutos!$D$89/12 -> 71.206813 | L67: =datos_base!$D$3*parametros_recargas!$J$39+sobrestock_sustitutos!$D$89/12 -> 71.206813 | M67: =datos_base!$D$3*parametros_recargas!$K$39+sobrestock_sustitutos!$D$89/12 -> 71.206813 | N67: =datos_base!$D$3*parametros_recargas!$L$39+sobrestock_sustitutos!$D$89/12 -> 71.206813 | O67: =datos_base!$D$3*parametros_recargas!$M$39+sobrestock_sustitutos!$D$89/12 -> 71.206813 | P67: =SUM(D67:O67) -> 854.48176 | Q67: =sobrestock_sustitutos!$D$89 -> 5
A68: =parametros_recargas!A53 -> ABC 5 kg | B68: =parametros_recargas!B53 -> ABC | C68: =parametros_recargas!C53 -> 1 | D68: =datos_base!$D$4*parametros_recargas!$B$39+sobrestock_sustitutos!$D$90/12 -> 429.38758 | E68: =datos_base!$D$4*parametros_recargas!$C$39+sobrestock_sustitutos!$D$90/12 -> 429.38758 | F68: =datos_base!$D$4*parametros_recargas!$D$39+sobrestock_sustitutos!$D$90/12 -> 429.38758 | G68: =datos_base!$D$4*parametros_recargas!$E$39+sobrestock_sustitutos!$D$90/12 -> 429.38758 | H68: =datos_base!$D$4*parametros_recargas!$F$39+sobrestock_sustitutos!$D$90/12 -> 429.38758 | I68: =datos_base!$D$4*parametros_recargas!$G$39+sobrestock_sustitutos!$D$90/12 -> 429.38758 | J68: =datos_base!$D$4*parametros_recargas!$H$39+sobrestock_sustitutos!$D$90/12 -> 429.38758 | K68: =datos_base!$D$4*parametros_recargas!$I$39+sobrestock_sustitutos!$D$90/12 -> 429.38758 | L68: =datos_base!$D$4*parametros_recargas!$J$39+sobrestock_sustitutos!$D$90/12 -> 429.38758 | M68: =datos_base!$D$4*parametros_recargas!$K$39+sobrestock_sustitutos!$D$90/12 -> 429.38758 | N68: =datos_base!$D$4*parametros_recargas!$L$39+sobrestock_sustitutos!$D$90/12 -> 429.38758 | O68: =datos_base!$D$4*parametros_recargas!$M$39+sobrestock_sustitutos!$D$90/12 -> 429.38758 | P68: =SUM(D68:O68) -> 5152.6509 | Q68: =sobrestock_sustitutos!$D$90 -> 29
A69: =parametros_recargas!A54 -> ABC 10 kg | B69: =parametros_recargas!B54 -> ABC | C69: =parametros_recargas!C54 -> 1 | D69: =datos_base!$D$5*parametros_recargas!$B$39+sobrestock_sustitutos!$D$91/12 -> 24.786263 | E69: =datos_base!$D$5*parametros_recargas!$C$39+sobrestock_sustitutos!$D$91/12 -> 24.786263 | F69: =datos_base!$D$5*parametros_recargas!$D$39+sobrestock_sustitutos!$D$91/12 -> 24.786263 | G69: =datos_base!$D$5*parametros_recargas!$E$39+sobrestock_sustitutos!$D$91/12 -> 24.786263 | H69: =datos_base!$D$5*parametros_recargas!$F$39+sobrestock_sustitutos!$D$91/12 -> 24.786263 | I69: =datos_base!$D$5*parametros_recargas!$G$39+sobrestock_sustitutos!$D$91/12 -> 24.786263 | J69: =datos_base!$D$5*parametros_recargas!$H$39+sobrestock_sustitutos!$D$91/12 -> 24.786263 | K69: =datos_base!$D$5*parametros_recargas!$I$39+sobrestock_sustitutos!$D$91/12 -> 24.786263 | L69: =datos_base!$D$5*parametros_recargas!$J$39+sobrestock_sustitutos!$D$91/12 -> 24.786263 | M69: =datos_base!$D$5*parametros_recargas!$K$39+sobrestock_sustitutos!$D$91/12 -> 24.786263 | N69: =datos_base!$D$5*parametros_recargas!$L$39+sobrestock_sustitutos!$D$91/12 -> 24.786263 | O69: =datos_base!$D$5*parametros_recargas!$M$39+sobrestock_sustitutos!$D$91/12 -> 24.786263 | P69: =SUM(D69:O69) -> 297.43516 | Q69: =sobrestock_sustitutos!$D$91 -> 2
A70: =parametros_recargas!A55 -> Agua 10 l | B70: =parametros_recargas!B55 -> Agua | C70: =parametros_recargas!C55 -> 1 | D70: =datos_base!$D$6*parametros_recargas!$B$39+sobrestock_sustitutos!$D$92/12 -> 35.663764 | E70: =datos_base!$D$6*parametros_recargas!$C$39+sobrestock_sustitutos!$D$92/12 -> 35.663764 | F70: =datos_base!$D$6*parametros_recargas!$D$39+sobrestock_sustitutos!$D$92/12 -> 35.663764 | G70: =datos_base!$D$6*parametros_recargas!$E$39+sobrestock_sustitutos!$D$92/12 -> 35.663764 | H70: =datos_base!$D$6*parametros_recargas!$F$39+sobrestock_sustitutos!$D$92/12 -> 35.663764 | I70: =datos_base!$D$6*parametros_recargas!$G$39+sobrestock_sustitutos!$D$92/12 -> 35.663764 | J70: =datos_base!$D$6*parametros_recargas!$H$39+sobrestock_sustitutos!$D$92/12 -> 35.663764 | K70: =datos_base!$D$6*parametros_recargas!$I$39+sobrestock_sustitutos!$D$92/12 -> 35.663764 | L70: =datos_base!$D$6*parametros_recargas!$J$39+sobrestock_sustitutos!$D$92/12 -> 35.663764 | M70: =datos_base!$D$6*parametros_recargas!$K$39+sobrestock_sustitutos!$D$92/12 -> 35.663764 | N70: =datos_base!$D$6*parametros_recargas!$L$39+sobrestock_sustitutos!$D$92/12 -> 35.663764 | O70: =datos_base!$D$6*parametros_recargas!$M$39+sobrestock_sustitutos!$D$92/12 -> 35.663764 | P70: =SUM(D70:O70) -> 427.96516 | Q70: =sobrestock_sustitutos!$D$92 -> 3
A71: =parametros_recargas!A56 -> AFFF 10 l | B71: =parametros_recargas!B56 -> AFFF | C71: =parametros_recargas!C56 -> 1 | D71: =datos_base!$D$7*parametros_recargas!$B$39+sobrestock_sustitutos!$D$93/12 -> 7.6881479 | E71: =datos_base!$D$7*parametros_recargas!$C$39+sobrestock_sustitutos!$D$93/12 -> 7.6881479 | F71: =datos_base!$D$7*parametros_recargas!$D$39+sobrestock_sustitutos!$D$93/12 -> 7.6881479 | G71: =datos_base!$D$7*parametros_recargas!$E$39+sobrestock_sustitutos!$D$93/12 -> 7.6881479 | H71: =datos_base!$D$7*parametros_recargas!$F$39+sobrestock_sustitutos!$D$93/12 -> 7.6881479 | I71: =datos_base!$D$7*parametros_recargas!$G$39+sobrestock_sustitutos!$D$93/12 -> 7.6881479 | J71: =datos_base!$D$7*parametros_recargas!$H$39+sobrestock_sustitutos!$D$93/12 -> 7.6881479 | K71: =datos_base!$D$7*parametros_recargas!$I$39+sobrestock_sustitutos!$D$93/12 -> 7.6881479 | L71: =datos_base!$D$7*parametros_recargas!$J$39+sobrestock_sustitutos!$D$93/12 -> 7.6881479 | M71: =datos_base!$D$7*parametros_recargas!$K$39+sobrestock_sustitutos!$D$93/12 -> 7.6881479 | N71: =datos_base!$D$7*parametros_recargas!$L$39+sobrestock_sustitutos!$D$93/12 -> 7.6881479 | O71: =datos_base!$D$7*parametros_recargas!$M$39+sobrestock_sustitutos!$D$93/12 -> 7.6881479 | P71: =SUM(D71:O71) -> 92.257775 | Q71: =sobrestock_sustitutos!$D$93 -> 1
A72: =parametros_recargas!A57 -> AFFF 50 l s/ruedas | B72: =parametros_recargas!B57 -> AFFF | C72: =parametros_recargas!C57 -> 3 | D72: =datos_base!$D$8*parametros_recargas!$B$39+sobrestock_sustitutos!$D$94/12 -> 4.0337067 | E72: =datos_base!$D$8*parametros_recargas!$C$39+sobrestock_sustitutos!$D$94/12 -> 4.0337067 | F72: =datos_base!$D$8*parametros_recargas!$D$39+sobrestock_sustitutos!$D$94/12 -> 4.0337067 | G72: =datos_base!$D$8*parametros_recargas!$E$39+sobrestock_sustitutos!$D$94/12 -> 4.0337067 | H72: =datos_base!$D$8*parametros_recargas!$F$39+sobrestock_sustitutos!$D$94/12 -> 4.0337067 | I72: =datos_base!$D$8*parametros_recargas!$G$39+sobrestock_sustitutos!$D$94/12 -> 4.0337067 | J72: =datos_base!$D$8*parametros_recargas!$H$39+sobrestock_sustitutos!$D$94/12 -> 4.0337067 | K72: =datos_base!$D$8*parametros_recargas!$I$39+sobrestock_sustitutos!$D$94/12 -> 4.0337067 | L72: =datos_base!$D$8*parametros_recargas!$J$39+sobrestock_sustitutos!$D$94/12 -> 4.0337067 | M72: =datos_base!$D$8*parametros_recargas!$K$39+sobrestock_sustitutos!$D$94/12 -> 4.0337067 | N72: =datos_base!$D$8*parametros_recargas!$L$39+sobrestock_sustitutos!$D$94/12 -> 4.0337067 | O72: =datos_base!$D$8*parametros_recargas!$M$39+sobrestock_sustitutos!$D$94/12 -> 4.0337067 | P72: =SUM(D72:O72) -> 48.404481 | Q72: =sobrestock_sustitutos!$D$94 -> 1
A73: =parametros_recargas!A58 -> BC 5 kg | B73: =parametros_recargas!B58 -> BC | C73: =parametros_recargas!C58 -> 1 | D73: =datos_base!$D$9*parametros_recargas!$B$39+sobrestock_sustitutos!$D$95/12 -> 2.2184375 | E73: =datos_base!$D$9*parametros_recargas!$C$39+sobrestock_sustitutos!$D$95/12 -> 2.2184375 | F73: =datos_base!$D$9*parametros_recargas!$D$39+sobrestock_sustitutos!$D$95/12 -> 2.2184375 | G73: =datos_base!$D$9*parametros_recargas!$E$39+sobrestock_sustitutos!$D$95/12 -> 2.2184375 | H73: =datos_base!$D$9*parametros_recargas!$F$39+sobrestock_sustitutos!$D$95/12 -> 2.2184375 | I73: =datos_base!$D$9*parametros_recargas!$G$39+sobrestock_sustitutos!$D$95/12 -> 2.2184375 | J73: =datos_base!$D$9*parametros_recargas!$H$39+sobrestock_sustitutos!$D$95/12 -> 2.2184375 | K73: =datos_base!$D$9*parametros_recargas!$I$39+sobrestock_sustitutos!$D$95/12 -> 2.2184375 | L73: =datos_base!$D$9*parametros_recargas!$J$39+sobrestock_sustitutos!$D$95/12 -> 2.2184375 | M73: =datos_base!$D$9*parametros_recargas!$K$39+sobrestock_sustitutos!$D$95/12 -> 2.2184375 | N73: =datos_base!$D$9*parametros_recargas!$L$39+sobrestock_sustitutos!$D$95/12 -> 2.2184375 | O73: =datos_base!$D$9*parametros_recargas!$M$39+sobrestock_sustitutos!$D$95/12 -> 2.2184375 | P73: =SUM(D73:O73) -> 26.62125 | Q73: =sobrestock_sustitutos!$D$95 -> 1
A74: =parametros_recargas!A59 -> Sales K 6 l | B74: =parametros_recargas!B59 -> Sales K | C74: =parametros_recargas!C59 -> 1 | D74: =datos_base!$D$10*parametros_recargas!$B$39+sobrestock_sustitutos!$D$96/12 -> 18.099742 | E74: =datos_base!$D$10*parametros_recargas!$C$39+sobrestock_sustitutos!$D$96/12 -> 18.099742 | F74: =datos_base!$D$10*parametros_recargas!$D$39+sobrestock_sustitutos!$D$96/12 -> 18.099742 | G74: =datos_base!$D$10*parametros_recargas!$E$39+sobrestock_sustitutos!$D$96/12 -> 18.099742 | H74: =datos_base!$D$10*parametros_recargas!$F$39+sobrestock_sustitutos!$D$96/12 -> 18.099742 | I74: =datos_base!$D$10*parametros_recargas!$G$39+sobrestock_sustitutos!$D$96/12 -> 18.099742 | J74: =datos_base!$D$10*parametros_recargas!$H$39+sobrestock_sustitutos!$D$96/12 -> 18.099742 | K74: =datos_base!$D$10*parametros_recargas!$I$39+sobrestock_sustitutos!$D$96/12 -> 18.099742 | L74: =datos_base!$D$10*parametros_recargas!$J$39+sobrestock_sustitutos!$D$96/12 -> 18.099742 | M74: =datos_base!$D$10*parametros_recargas!$K$39+sobrestock_sustitutos!$D$96/12 -> 18.099742 | N74: =datos_base!$D$10*parametros_recargas!$L$39+sobrestock_sustitutos!$D$96/12 -> 18.099742 | O74: =datos_base!$D$10*parametros_recargas!$M$39+sobrestock_sustitutos!$D$96/12 -> 18.099742 | P74: =SUM(D74:O74) -> 217.1969 | Q74: =sobrestock_sustitutos!$D$96 -> 2
A75: =parametros_recargas!A60 -> CO₂ 2 kg | B75: =parametros_recargas!B60 -> CO₂ | C75: =parametros_recargas!C60 -> 1 | D75: =datos_base!$D$11*parametros_recargas!$B$39+sobrestock_sustitutos!$D$97/12 -> 95.58601 | E75: =datos_base!$D$11*parametros_recargas!$C$39+sobrestock_sustitutos!$D$97/12 -> 95.58601 | F75: =datos_base!$D$11*parametros_recargas!$D$39+sobrestock_sustitutos!$D$97/12 -> 95.58601 | G75: =datos_base!$D$11*parametros_recargas!$E$39+sobrestock_sustitutos!$D$97/12 -> 95.58601 | H75: =datos_base!$D$11*parametros_recargas!$F$39+sobrestock_sustitutos!$D$97/12 -> 95.58601 | I75: =datos_base!$D$11*parametros_recargas!$G$39+sobrestock_sustitutos!$D$97/12 -> 95.58601 | J75: =datos_base!$D$11*parametros_recargas!$H$39+sobrestock_sustitutos!$D$97/12 -> 95.58601 | K75: =datos_base!$D$11*parametros_recargas!$I$39+sobrestock_sustitutos!$D$97/12 -> 95.58601 | L75: =datos_base!$D$11*parametros_recargas!$J$39+sobrestock_sustitutos!$D$97/12 -> 95.58601 | M75: =datos_base!$D$11*parametros_recargas!$K$39+sobrestock_sustitutos!$D$97/12 -> 95.58601 | N75: =datos_base!$D$11*parametros_recargas!$L$39+sobrestock_sustitutos!$D$97/12 -> 95.58601 | O75: =datos_base!$D$11*parametros_recargas!$M$39+sobrestock_sustitutos!$D$97/12 -> 95.58601 | P75: =SUM(D75:O75) -> 1147.0321 | Q75: =sobrestock_sustitutos!$D$97 -> 7
A76: =parametros_recargas!A61 -> CO₂ 5 kg | B76: =parametros_recargas!B61 -> CO₂ | C76: =parametros_recargas!C61 -> 1 | D76: =datos_base!$D$12*parametros_recargas!$B$39+sobrestock_sustitutos!$D$98/12 -> 33.292153 | E76: =datos_base!$D$12*parametros_recargas!$C$39+sobrestock_sustitutos!$D$98/12 -> 33.292153 | F76: =datos_base!$D$12*parametros_recargas!$D$39+sobrestock_sustitutos!$D$98/12 -> 33.292153 | G76: =datos_base!$D$12*parametros_recargas!$E$39+sobrestock_sustitutos!$D$98/12 -> 33.292153 | H76: =datos_base!$D$12*parametros_recargas!$F$39+sobrestock_sustitutos!$D$98/12 -> 33.292153 | I76: =datos_base!$D$12*parametros_recargas!$G$39+sobrestock_sustitutos!$D$98/12 -> 33.292153 | J76: =datos_base!$D$12*parametros_recargas!$H$39+sobrestock_sustitutos!$D$98/12 -> 33.292153 | K76: =datos_base!$D$12*parametros_recargas!$I$39+sobrestock_sustitutos!$D$98/12 -> 33.292153 | L76: =datos_base!$D$12*parametros_recargas!$J$39+sobrestock_sustitutos!$D$98/12 -> 33.292153 | M76: =datos_base!$D$12*parametros_recargas!$K$39+sobrestock_sustitutos!$D$98/12 -> 33.292153 | N76: =datos_base!$D$12*parametros_recargas!$L$39+sobrestock_sustitutos!$D$98/12 -> 33.292153 | O76: =datos_base!$D$12*parametros_recargas!$M$39+sobrestock_sustitutos!$D$98/12 -> 33.292153 | P76: =SUM(D76:O76) -> 399.50584 | Q76: =sobrestock_sustitutos!$D$98 -> 3
A77: =parametros_recargas!A62 -> HCFC/HFC 5 kg | B77: =parametros_recargas!B62 -> Halogenado | C77: =parametros_recargas!C62 -> 1 | D77: =datos_base!$D$13*parametros_recargas!$B$39+sobrestock_sustitutos!$D$99/12 -> 5.6283802 | E77: =datos_base!$D$13*parametros_recargas!$C$39+sobrestock_sustitutos!$D$99/12 -> 5.6283802 | F77: =datos_base!$D$13*parametros_recargas!$D$39+sobrestock_sustitutos!$D$99/12 -> 5.6283802 | G77: =datos_base!$D$13*parametros_recargas!$E$39+sobrestock_sustitutos!$D$99/12 -> 5.6283802 | H77: =datos_base!$D$13*parametros_recargas!$F$39+sobrestock_sustitutos!$D$99/12 -> 5.6283802 | I77: =datos_base!$D$13*parametros_recargas!$G$39+sobrestock_sustitutos!$D$99/12 -> 5.6283802 | J77: =datos_base!$D$13*parametros_recargas!$H$39+sobrestock_sustitutos!$D$99/12 -> 5.6283802 | K77: =datos_base!$D$13*parametros_recargas!$I$39+sobrestock_sustitutos!$D$99/12 -> 5.6283802 | L77: =datos_base!$D$13*parametros_recargas!$J$39+sobrestock_sustitutos!$D$99/12 -> 5.6283802 | M77: =datos_base!$D$13*parametros_recargas!$K$39+sobrestock_sustitutos!$D$99/12 -> 5.6283802 | N77: =datos_base!$D$13*parametros_recargas!$L$39+sobrestock_sustitutos!$D$99/12 -> 5.6283802 | O77: =datos_base!$D$13*parametros_recargas!$M$39+sobrestock_sustitutos!$D$99/12 -> 5.6283802 | P77: =SUM(D77:O77) -> 67.540562 | Q77: =sobrestock_sustitutos!$D$99 -> 1
A78: =parametros_recargas!A63 -> Clase D 9 l | B78: =parametros_recargas!B63 -> Clase D | C78: =parametros_recargas!C63 -> 1 | D78: =datos_base!$D$14*parametros_recargas!$B$39+sobrestock_sustitutos!$D$100/12 -> 2.2184375 | E78: =datos_base!$D$14*parametros_recargas!$C$39+sobrestock_sustitutos!$D$100/12 -> 2.2184375 | F78: =datos_base!$D$14*parametros_recargas!$D$39+sobrestock_sustitutos!$D$100/12 -> 2.2184375 | G78: =datos_base!$D$14*parametros_recargas!$E$39+sobrestock_sustitutos!$D$100/12 -> 2.2184375 | H78: =datos_base!$D$14*parametros_recargas!$F$39+sobrestock_sustitutos!$D$100/12 -> 2.2184375 | I78: =datos_base!$D$14*parametros_recargas!$G$39+sobrestock_sustitutos!$D$100/12 -> 2.2184375 | J78: =datos_base!$D$14*parametros_recargas!$H$39+sobrestock_sustitutos!$D$100/12 -> 2.2184375 | K78: =datos_base!$D$14*parametros_recargas!$I$39+sobrestock_sustitutos!$D$100/12 -> 2.2184375 | L78: =datos_base!$D$14*parametros_recargas!$J$39+sobrestock_sustitutos!$D$100/12 -> 2.2184375 | M78: =datos_base!$D$14*parametros_recargas!$K$39+sobrestock_sustitutos!$D$100/12 -> 2.2184375 | N78: =datos_base!$D$14*parametros_recargas!$L$39+sobrestock_sustitutos!$D$100/12 -> 2.2184375 | O78: =datos_base!$D$14*parametros_recargas!$M$39+sobrestock_sustitutos!$D$100/12 -> 2.2184375 | P78: =SUM(D78:O78) -> 26.62125 | Q78: =sobrestock_sustitutos!$D$100 -> 1
A79: =parametros_recargas!A64 -> ABC 25 kg s/ruedas | B79: =parametros_recargas!B64 -> ABC | C79: =parametros_recargas!C64 -> 3 | D79: =datos_base!$D$15*parametros_recargas!$B$39+sobrestock_sustitutos!$D$101/12 -> 4.5718859 | E79: =datos_base!$D$15*parametros_recargas!$C$39+sobrestock_sustitutos!$D$101/12 -> 4.5718859 | F79: =datos_base!$D$15*parametros_recargas!$D$39+sobrestock_sustitutos!$D$101/12 -> 4.5718859 | G79: =datos_base!$D$15*parametros_recargas!$E$39+sobrestock_sustitutos!$D$101/12 -> 4.5718859 | H79: =datos_base!$D$15*parametros_recargas!$F$39+sobrestock_sustitutos!$D$101/12 -> 4.5718859 | I79: =datos_base!$D$15*parametros_recargas!$G$39+sobrestock_sustitutos!$D$101/12 -> 4.5718859 | J79: =datos_base!$D$15*parametros_recargas!$H$39+sobrestock_sustitutos!$D$101/12 -> 4.5718859 | K79: =datos_base!$D$15*parametros_recargas!$I$39+sobrestock_sustitutos!$D$101/12 -> 4.5718859 | L79: =datos_base!$D$15*parametros_recargas!$J$39+sobrestock_sustitutos!$D$101/12 -> 4.5718859 | M79: =datos_base!$D$15*parametros_recargas!$K$39+sobrestock_sustitutos!$D$101/12 -> 4.5718859 | N79: =datos_base!$D$15*parametros_recargas!$L$39+sobrestock_sustitutos!$D$101/12 -> 4.5718859 | O79: =datos_base!$D$15*parametros_recargas!$M$39+sobrestock_sustitutos!$D$101/12 -> 4.5718859 | P79: =SUM(D79:O79) -> 54.862631 | Q79: =sobrestock_sustitutos!$D$101 -> 1
A80: =parametros_recargas!A65 -> ABC 50 kg s/ruedas | B80: =parametros_recargas!B65 -> ABC | C80: =parametros_recargas!C65 -> 3 | D80: =datos_base!$D$16*parametros_recargas!$B$39+sobrestock_sustitutos!$D$102/12 -> 9.958149 | E80: =datos_base!$D$16*parametros_recargas!$C$39+sobrestock_sustitutos!$D$102/12 -> 9.958149 | F80: =datos_base!$D$16*parametros_recargas!$D$39+sobrestock_sustitutos!$D$102/12 -> 9.958149 | G80: =datos_base!$D$16*parametros_recargas!$E$39+sobrestock_sustitutos!$D$102/12 -> 9.958149 | H80: =datos_base!$D$16*parametros_recargas!$F$39+sobrestock_sustitutos!$D$102/12 -> 9.958149 | I80: =datos_base!$D$16*parametros_recargas!$G$39+sobrestock_sustitutos!$D$102/12 -> 9.958149 | J80: =datos_base!$D$16*parametros_recargas!$H$39+sobrestock_sustitutos!$D$102/12 -> 9.958149 | K80: =datos_base!$D$16*parametros_recargas!$I$39+sobrestock_sustitutos!$D$102/12 -> 9.958149 | L80: =datos_base!$D$16*parametros_recargas!$J$39+sobrestock_sustitutos!$D$102/12 -> 9.958149 | M80: =datos_base!$D$16*parametros_recargas!$K$39+sobrestock_sustitutos!$D$102/12 -> 9.958149 | N80: =datos_base!$D$16*parametros_recargas!$L$39+sobrestock_sustitutos!$D$102/12 -> 9.958149 | O80: =datos_base!$D$16*parametros_recargas!$M$39+sobrestock_sustitutos!$D$102/12 -> 9.958149 | P80: =SUM(D80:O80) -> 119.49779 | Q80: =sobrestock_sustitutos!$D$102 -> 1
A81: =parametros_recargas!A66 -> ABC 70 kg s/ruedas | B81: =parametros_recargas!B66 -> ABC | C81: =parametros_recargas!C66 -> 3 | D81: =datos_base!$D$17*parametros_recargas!$B$39+sobrestock_sustitutos!$D$103/12 -> 2.2378386 | E81: =datos_base!$D$17*parametros_recargas!$C$39+sobrestock_sustitutos!$D$103/12 -> 2.2378386 | F81: =datos_base!$D$17*parametros_recargas!$D$39+sobrestock_sustitutos!$D$103/12 -> 2.2378386 | G81: =datos_base!$D$17*parametros_recargas!$E$39+sobrestock_sustitutos!$D$103/12 -> 2.2378386 | H81: =datos_base!$D$17*parametros_recargas!$F$39+sobrestock_sustitutos!$D$103/12 -> 2.2378386 | I81: =datos_base!$D$17*parametros_recargas!$G$39+sobrestock_sustitutos!$D$103/12 -> 2.2378386 | J81: =datos_base!$D$17*parametros_recargas!$H$39+sobrestock_sustitutos!$D$103/12 -> 2.2378386 | K81: =datos_base!$D$17*parametros_recargas!$I$39+sobrestock_sustitutos!$D$103/12 -> 2.2378386 | L81: =datos_base!$D$17*parametros_recargas!$J$39+sobrestock_sustitutos!$D$103/12 -> 2.2378386 | M81: =datos_base!$D$17*parametros_recargas!$K$39+sobrestock_sustitutos!$D$103/12 -> 2.2378386 | N81: =datos_base!$D$17*parametros_recargas!$L$39+sobrestock_sustitutos!$D$103/12 -> 2.2378386 | O81: =datos_base!$D$17*parametros_recargas!$M$39+sobrestock_sustitutos!$D$103/12 -> 2.2378386 | P81: =SUM(D81:O81) -> 26.854063 | Q81: =sobrestock_sustitutos!$D$103 -> 1
A82: =parametros_recargas!A67 -> ABC 100 kg s/ruedas | B82: =parametros_recargas!B67 -> ABC | C82: =parametros_recargas!C67 -> 3 | D82: =datos_base!$D$18*parametros_recargas!$B$39+sobrestock_sustitutos!$D$104/12 -> 1.5196702 | E82: =datos_base!$D$18*parametros_recargas!$C$39+sobrestock_sustitutos!$D$104/12 -> 1.5196702 | F82: =datos_base!$D$18*parametros_recargas!$D$39+sobrestock_sustitutos!$D$104/12 -> 1.5196702 | G82: =datos_base!$D$18*parametros_recargas!$E$39+sobrestock_sustitutos!$D$104/12 -> 1.5196702 | H82: =datos_base!$D$18*parametros_recargas!$F$39+sobrestock_sustitutos!$D$104/12 -> 1.5196702 | I82: =datos_base!$D$18*parametros_recargas!$G$39+sobrestock_sustitutos!$D$104/12 -> 1.5196702 | J82: =datos_base!$D$18*parametros_recargas!$H$39+sobrestock_sustitutos!$D$104/12 -> 1.5196702 | K82: =datos_base!$D$18*parametros_recargas!$I$39+sobrestock_sustitutos!$D$104/12 -> 1.5196702 | L82: =datos_base!$D$18*parametros_recargas!$J$39+sobrestock_sustitutos!$D$104/12 -> 1.5196702 | M82: =datos_base!$D$18*parametros_recargas!$K$39+sobrestock_sustitutos!$D$104/12 -> 1.5196702 | N82: =datos_base!$D$18*parametros_recargas!$L$39+sobrestock_sustitutos!$D$104/12 -> 1.5196702 | O82: =datos_base!$D$18*parametros_recargas!$M$39+sobrestock_sustitutos!$D$104/12 -> 1.5196702 | P82: =SUM(D82:O82) -> 18.236042 | Q82: =sobrestock_sustitutos!$D$104 -> 1
A83: Total recipientes | D83: =SUM(D66:D82) -> 1481.8051 | E83: =SUM(E66:E82) -> 1481.8051 | F83: =SUM(F66:F82) -> 1481.8051 | G83: =SUM(G66:G82) -> 1481.8051 | H83: =SUM(H66:H82) -> 1481.8051 | I83: =SUM(I66:I82) -> 1481.8051 | J83: =SUM(J66:J82) -> 1481.8051 | K83: =SUM(K66:K82) -> 1481.8051 | ... P83: =SUM(P66:P82) -> 17781.662
A84: Por agente (u. equivalentes)
A85: ABC | D85: =SUMPRODUCT(($B$66:$B$82=$A85)*D$66:D$82*$C$66:$C$82) -> 1313.9515 | E85: =SUMPRODUCT(($B$66:$B$82=$A85)*E$66:E$82*$C$66:$C$82) -> 1313.9515 | F85: =SUMPRODUCT(($B$66:$B$82=$A85)*F$66:F$82*$C$66:$C$82) -> 1313.9515 | G85: =SUMPRODUCT(($B$66:$B$82=$A85)*G$66:G$82*$C$66:$C$82) -> 1313.9515 | H85: =SUMPRODUCT(($B$66:$B$82=$A85)*H$66:H$82*$C$66:$C$82) -> 1313.9515 | I85: =SUMPRODUCT(($B$66:$B$82=$A85)*I$66:I$82*$C$66:$C$82) -> 1313.9515 | J85: =SUMPRODUCT(($B$66:$B$82=$A85)*J$66:J$82*$C$66:$C$82) -> 1313.9515 | K85: =SUMPRODUCT(($B$66:$B$82=$A85)*K$66:K$82*$C$66:$C$82) -> 1313.9515 | ... P85: =SUMPRODUCT(($B$66:$B$82=$A85)*P$66:P$82*$C$66:$C$82) -> 15767.417
A86: BC | D86: =SUMPRODUCT(($B$66:$B$82=$A86)*D$66:D$82*$C$66:$C$82) -> 2.2184375 | E86: =SUMPRODUCT(($B$66:$B$82=$A86)*E$66:E$82*$C$66:$C$82) -> 2.2184375 | F86: =SUMPRODUCT(($B$66:$B$82=$A86)*F$66:F$82*$C$66:$C$82) -> 2.2184375 | G86: =SUMPRODUCT(($B$66:$B$82=$A86)*G$66:G$82*$C$66:$C$82) -> 2.2184375 | H86: =SUMPRODUCT(($B$66:$B$82=$A86)*H$66:H$82*$C$66:$C$82) -> 2.2184375 | I86: =SUMPRODUCT(($B$66:$B$82=$A86)*I$66:I$82*$C$66:$C$82) -> 2.2184375 | J86: =SUMPRODUCT(($B$66:$B$82=$A86)*J$66:J$82*$C$66:$C$82) -> 2.2184375 | K86: =SUMPRODUCT(($B$66:$B$82=$A86)*K$66:K$82*$C$66:$C$82) -> 2.2184375 | ... P86: =SUMPRODUCT(($B$66:$B$82=$A86)*P$66:P$82*$C$66:$C$82) -> 26.62125
A87: Clase D | D87: =SUMPRODUCT(($B$66:$B$82=$A87)*D$66:D$82*$C$66:$C$82) -> 2.2184375 | E87: =SUMPRODUCT(($B$66:$B$82=$A87)*E$66:E$82*$C$66:$C$82) -> 2.2184375 | F87: =SUMPRODUCT(($B$66:$B$82=$A87)*F$66:F$82*$C$66:$C$82) -> 2.2184375 | G87: =SUMPRODUCT(($B$66:$B$82=$A87)*G$66:G$82*$C$66:$C$82) -> 2.2184375 | H87: =SUMPRODUCT(($B$66:$B$82=$A87)*H$66:H$82*$C$66:$C$82) -> 2.2184375 | I87: =SUMPRODUCT(($B$66:$B$82=$A87)*I$66:I$82*$C$66:$C$82) -> 2.2184375 | J87: =SUMPRODUCT(($B$66:$B$82=$A87)*J$66:J$82*$C$66:$C$82) -> 2.2184375 | K87: =SUMPRODUCT(($B$66:$B$82=$A87)*K$66:K$82*$C$66:$C$82) -> 2.2184375 | ... P87: =SUMPRODUCT(($B$66:$B$82=$A87)*P$66:P$82*$C$66:$C$82) -> 26.62125
A88: Agua | D88: =SUMPRODUCT(($B$66:$B$82=$A88)*D$66:D$82*$C$66:$C$82) -> 35.663764 | E88: =SUMPRODUCT(($B$66:$B$82=$A88)*E$66:E$82*$C$66:$C$82) -> 35.663764 | F88: =SUMPRODUCT(($B$66:$B$82=$A88)*F$66:F$82*$C$66:$C$82) -> 35.663764 | G88: =SUMPRODUCT(($B$66:$B$82=$A88)*G$66:G$82*$C$66:$C$82) -> 35.663764 | H88: =SUMPRODUCT(($B$66:$B$82=$A88)*H$66:H$82*$C$66:$C$82) -> 35.663764 | I88: =SUMPRODUCT(($B$66:$B$82=$A88)*I$66:I$82*$C$66:$C$82) -> 35.663764 | J88: =SUMPRODUCT(($B$66:$B$82=$A88)*J$66:J$82*$C$66:$C$82) -> 35.663764 | K88: =SUMPRODUCT(($B$66:$B$82=$A88)*K$66:K$82*$C$66:$C$82) -> 35.663764 | ... P88: =SUMPRODUCT(($B$66:$B$82=$A88)*P$66:P$82*$C$66:$C$82) -> 427.96516
A89: AFFF | D89: =SUMPRODUCT(($B$66:$B$82=$A89)*D$66:D$82*$C$66:$C$82) -> 19.789268 | E89: =SUMPRODUCT(($B$66:$B$82=$A89)*E$66:E$82*$C$66:$C$82) -> 19.789268 | F89: =SUMPRODUCT(($B$66:$B$82=$A89)*F$66:F$82*$C$66:$C$82) -> 19.789268 | G89: =SUMPRODUCT(($B$66:$B$82=$A89)*G$66:G$82*$C$66:$C$82) -> 19.789268 | H89: =SUMPRODUCT(($B$66:$B$82=$A89)*H$66:H$82*$C$66:$C$82) -> 19.789268 | I89: =SUMPRODUCT(($B$66:$B$82=$A89)*I$66:I$82*$C$66:$C$82) -> 19.789268 | J89: =SUMPRODUCT(($B$66:$B$82=$A89)*J$66:J$82*$C$66:$C$82) -> 19.789268 | K89: =SUMPRODUCT(($B$66:$B$82=$A89)*K$66:K$82*$C$66:$C$82) -> 19.789268 | ... P89: =SUMPRODUCT(($B$66:$B$82=$A89)*P$66:P$82*$C$66:$C$82) -> 237.47122
A90: Sales K | D90: =SUMPRODUCT(($B$66:$B$82=$A90)*D$66:D$82*$C$66:$C$82) -> 18.099742 | E90: =SUMPRODUCT(($B$66:$B$82=$A90)*E$66:E$82*$C$66:$C$82) -> 18.099742 | F90: =SUMPRODUCT(($B$66:$B$82=$A90)*F$66:F$82*$C$66:$C$82) -> 18.099742 | G90: =SUMPRODUCT(($B$66:$B$82=$A90)*G$66:G$82*$C$66:$C$82) -> 18.099742 | H90: =SUMPRODUCT(($B$66:$B$82=$A90)*H$66:H$82*$C$66:$C$82) -> 18.099742 | I90: =SUMPRODUCT(($B$66:$B$82=$A90)*I$66:I$82*$C$66:$C$82) -> 18.099742 | J90: =SUMPRODUCT(($B$66:$B$82=$A90)*J$66:J$82*$C$66:$C$82) -> 18.099742 | K90: =SUMPRODUCT(($B$66:$B$82=$A90)*K$66:K$82*$C$66:$C$82) -> 18.099742 | ... P90: =SUMPRODUCT(($B$66:$B$82=$A90)*P$66:P$82*$C$66:$C$82) -> 217.1969
A91: CO₂ | D91: =SUMPRODUCT(($B$66:$B$82=$A91)*D$66:D$82*$C$66:$C$82) -> 128.87816 | E91: =SUMPRODUCT(($B$66:$B$82=$A91)*E$66:E$82*$C$66:$C$82) -> 128.87816 | F91: =SUMPRODUCT(($B$66:$B$82=$A91)*F$66:F$82*$C$66:$C$82) -> 128.87816 | G91: =SUMPRODUCT(($B$66:$B$82=$A91)*G$66:G$82*$C$66:$C$82) -> 128.87816 | H91: =SUMPRODUCT(($B$66:$B$82=$A91)*H$66:H$82*$C$66:$C$82) -> 128.87816 | I91: =SUMPRODUCT(($B$66:$B$82=$A91)*I$66:I$82*$C$66:$C$82) -> 128.87816 | J91: =SUMPRODUCT(($B$66:$B$82=$A91)*J$66:J$82*$C$66:$C$82) -> 128.87816 | K91: =SUMPRODUCT(($B$66:$B$82=$A91)*K$66:K$82*$C$66:$C$82) -> 128.87816 | ... P91: =SUMPRODUCT(($B$66:$B$82=$A91)*P$66:P$82*$C$66:$C$82) -> 1546.538
A92: Halogenado | D92: =SUMPRODUCT(($B$66:$B$82=$A92)*D$66:D$82*$C$66:$C$82) -> 5.6283802 | E92: =SUMPRODUCT(($B$66:$B$82=$A92)*E$66:E$82*$C$66:$C$82) -> 5.6283802 | F92: =SUMPRODUCT(($B$66:$B$82=$A92)*F$66:F$82*$C$66:$C$82) -> 5.6283802 | G92: =SUMPRODUCT(($B$66:$B$82=$A92)*G$66:G$82*$C$66:$C$82) -> 5.6283802 | H92: =SUMPRODUCT(($B$66:$B$82=$A92)*H$66:H$82*$C$66:$C$82) -> 5.6283802 | I92: =SUMPRODUCT(($B$66:$B$82=$A92)*I$66:I$82*$C$66:$C$82) -> 5.6283802 | J92: =SUMPRODUCT(($B$66:$B$82=$A92)*J$66:J$82*$C$66:$C$82) -> 5.6283802 | K92: =SUMPRODUCT(($B$66:$B$82=$A92)*K$66:K$82*$C$66:$C$82) -> 5.6283802 | ... P92: =SUMPRODUCT(($B$66:$B$82=$A92)*P$66:P$82*$C$66:$C$82) -> 67.540562
