Workbook

Sheet Links
A1: Links de los IMPORTRANGE
A2: Pegar en B el link de cada Google Sheet: todos los IMPORTRANGE lo leen de acá.
A3: Archivo | B3: Link | C3: Qué se importa
A4: Proyecciones | B4: https://docs.google.com/spreadsheets/d/1xc4xDAwSYT3l-RulPYtcePxiCninrbQGzaBUsgO0YEs/edit?gid=1764491891#gid=1764491891 | C4: Indexado Dim Técnico B27:K43, U61:U74, V61 y V63
A5: Dimensionamiento Recargas Planta Comercial | B5: PEGAR ACÁ EL LINK DEL GOOGLE SHEET | C5: sobrestock_sustitutos, paso 4: alta de sustitutos ABC que pide como cilindro vacío
A6: Dimensionamiento Recargas Planta Industrial | B6: PEGAR ACÁ EL LINK DEL GOOGLE SHEET | C6: sobrestock_sustitutos, paso 4: alta de sustitutos ABC que pide como matafuego terminado
A7: MRP (FLAMA_MRP) | B7: PEGAR ACÁ EL LINK DEL GOOGLE SHEET | C7: ESTACIONALIDAD C4:N5: perfiles E01 (1 kg) y E02 (2,5 a 10 kg), filas 12 a 15 de parametros_manuales

Sheet datos_base
A1: Matafuegos terminados | B1: 2026 | C1: 2027 | D1: 2028 | E1: 2029 | F1: 2030 | G1: 2031 | H1: 2032 | I1: 2033 | J1: 2034 | K1: 2035
A2: ABC 1 kg | B2: =IFERROR(__xludf.DUMMYFUNCTION("IMPORTRANGE(Links!$B$4,""Indexado Dim Técnico!B3:K6"")"),4178.736543) -> 4178.7365 | C2: =IFERROR(__xludf.DUMMYFUNCTION("""COMPUTED_VALUE"""),5997.303977) -> 5997.304 | D2: =IFERROR(__xludf.DUMMYFUNCTION("""COMPUTED_VALUE"""),6851.747758) -> 6851.7478 | E2: =IFERROR(__xludf.DUMMYFUNCTION("""COMPUTED_VALUE"""),8467.135549) -> 8467.1355 | F2: =IFERROR(__xludf.DUMMYFUNCTION("""COMPUTED_VALUE"""),12680.63271) -> 12680.633 | G2: =IFERROR(__xludf.DUMMYFUNCTION("""COMPUTED_VALUE"""),15620.25307) -> 15620.253 | H2: =IFERROR(__xludf.DUMMYFUNCTION("""COMPUTED_VALUE"""),20332.55326) -> 20332.553 | I2: =IFERROR(__xludf.DUMMYFUNCTION("""COMPUTED_VALUE"""),25132.07848) -> 25132.078 | J2: =IFERROR(__xludf.DUMMYFUNCTION("""COMPUTED_VALUE"""),28573.33614) -> 28573.336 | K2: =IFERROR(__xludf.DUMMYFUNCTION("""COMPUTED_VALUE"""),32072.63913) -> 32072.639
A3: ABC 2,5 kg | B3: =IFERROR(__xludf.DUMMYFUNCTION("""COMPUTED_VALUE"""),295.0303572) -> 295.03036 | C3: =IFERROR(__xludf.DUMMYFUNCTION("""COMPUTED_VALUE"""),709.7274503) -> 709.72745 | D3: =IFERROR(__xludf.DUMMYFUNCTION("""COMPUTED_VALUE"""),986.8680576) -> 986.86806 | E3: =IFERROR(__xludf.DUMMYFUNCTION("""COMPUTED_VALUE"""),1500.638174) -> 1500.6382 | F3: =IFERROR(__xludf.DUMMYFUNCTION("""COMPUTED_VALUE"""),2312.627726) -> 2312.6277 | G3: =IFERROR(__xludf.DUMMYFUNCTION("""COMPUTED_VALUE"""),3252.869887) -> 3252.8699 | H3: =IFERROR(__xludf.DUMMYFUNCTION("""COMPUTED_VALUE"""),4102.315524) -> 4102.3155 | I3: =IFERROR(__xludf.DUMMYFUNCTION("""COMPUTED_VALUE"""),5104.306587) -> 5104.3066 | J3: =IFERROR(__xludf.DUMMYFUNCTION("""COMPUTED_VALUE"""),6195.186243) -> 6195.1862 | K3: =IFERROR(__xludf.DUMMYFUNCTION("""COMPUTED_VALUE"""),7424.858444) -> 7424.8584
A4: ABC 5 kg | B4: =IFERROR(__xludf.DUMMYFUNCTION("""COMPUTED_VALUE"""),2255.773025) -> 2255.773 | C4: =IFERROR(__xludf.DUMMYFUNCTION("""COMPUTED_VALUE"""),3846.978881) -> 3846.9789 | D4: =IFERROR(__xludf.DUMMYFUNCTION("""COMPUTED_VALUE"""),5093.537591) -> 5093.5376 | E4: =IFERROR(__xludf.DUMMYFUNCTION("""COMPUTED_VALUE"""),6823.115313) -> 6823.1153 | F4: =IFERROR(__xludf.DUMMYFUNCTION("""COMPUTED_VALUE"""),10819.30694) -> 10819.307 | G4: =IFERROR(__xludf.DUMMYFUNCTION("""COMPUTED_VALUE"""),14605.96411) -> 14605.964 | H4: =IFERROR(__xludf.DUMMYFUNCTION("""COMPUTED_VALUE"""),18877.75984) -> 18877.76 | I4: =IFERROR(__xludf.DUMMYFUNCTION("""COMPUTED_VALUE"""),23368.18637) -> 23368.186 | J4: =IFERROR(__xludf.DUMMYFUNCTION("""COMPUTED_VALUE"""),26967.72455) -> 26967.725 | K4: =IFERROR(__xludf.DUMMYFUNCTION("""COMPUTED_VALUE"""),30750.77872) -> 30750.779
A5: ABC 10 kg | B5: =IFERROR(__xludf.DUMMYFUNCTION("""COMPUTED_VALUE"""),91.83318153) -> 91.833182 | C5: =IFERROR(__xludf.DUMMYFUNCTION("""COMPUTED_VALUE"""),177.2472967) -> 177.2473 | D5: =IFERROR(__xludf.DUMMYFUNCTION("""COMPUTED_VALUE"""),252.9787798) -> 252.97878 | E5: =IFERROR(__xludf.DUMMYFUNCTION("""COMPUTED_VALUE"""),358.0204941) -> 358.02049 | F5: =IFERROR(__xludf.DUMMYFUNCTION("""COMPUTED_VALUE"""),602.7181519) -> 602.71815 | G5: =IFERROR(__xludf.DUMMYFUNCTION("""COMPUTED_VALUE"""),872.605032) -> 872.60503 | H5: =IFERROR(__xludf.DUMMYFUNCTION("""COMPUTED_VALUE"""),1127.160545) -> 1127.1605 | I5: =IFERROR(__xludf.DUMMYFUNCTION("""COMPUTED_VALUE"""),1395.444812) -> 1395.4448 | J5: =IFERROR(__xludf.DUMMYFUNCTION("""COMPUTED_VALUE"""),1612.350054) -> 1612.3501 | K5: =IFERROR(__xludf.DUMMYFUNCTION("""COMPUTED_VALUE"""),1840.848079) -> 1840.8481
A6: Total terminados | B6: =SUM(B2:B5) -> 6821.3731 | C6: =SUM(C2:C5) -> 10731.258 | D6: =SUM(D2:D5) -> 13185.132 | E6: =SUM(E2:E5) -> 17148.91 | F6: =SUM(F2:F5) -> 26415.286 | G6: =SUM(G2:G5) -> 34351.692 | H6: =SUM(H2:H5) -> 44439.789 | I6: =SUM(I2:I5) -> 55000.016 | ... K6: =SUM(K2:K5) -> 72089.124
A8: Cilindros vendidos vacíos | B8: 2026 | C8: 2027 | D8: 2028 | E8: 2029 | F8: 2030 | G8: 2031 | H8: 2032 | I8: 2033 | J8: 2034 | K8: 2035
A9: Cilindros ABC 1 kg | B9: =IFERROR(__xludf.DUMMYFUNCTION("IMPORTRANGE(Links!$B$4,""Indexado Dim Técnico!B15:K18"")"),0) -> 0 | C9: =IFERROR(__xludf.DUMMYFUNCTION("""COMPUTED_VALUE"""),0) -> 0 | D9: =IFERROR(__xludf.DUMMYFUNCTION("""COMPUTED_VALUE"""),7662.4) -> 7662.4 | E9: =IFERROR(__xludf.DUMMYFUNCTION("""COMPUTED_VALUE"""),26694.8) -> 26694.8 | F9: =IFERROR(__xludf.DUMMYFUNCTION("""COMPUTED_VALUE"""),49434.8) -> 49434.8 | G9: =IFERROR(__xludf.DUMMYFUNCTION("""COMPUTED_VALUE"""),71680.2) -> 71680.2 | H9: =IFERROR(__xludf.DUMMYFUNCTION("""COMPUTED_VALUE"""),101340.6) -> 101340.6 | I9: =IFERROR(__xludf.DUMMYFUNCTION("""COMPUTED_VALUE"""),131001) -> 131001 | J9: =IFERROR(__xludf.DUMMYFUNCTION("""COMPUTED_VALUE"""),146819.8) -> 146819.8 | K9: =IFERROR(__xludf.DUMMYFUNCTION("""COMPUTED_VALUE"""),170548) -> 170548
A10: Cilindros ABC 2,5 kg | B10: =IFERROR(__xludf.DUMMYFUNCTION("""COMPUTED_VALUE"""),0) -> 0 | C10: =IFERROR(__xludf.DUMMYFUNCTION("""COMPUTED_VALUE"""),0) -> 0 | D10: =IFERROR(__xludf.DUMMYFUNCTION("""COMPUTED_VALUE"""),299.6) -> 299.6 | E10: =IFERROR(__xludf.DUMMYFUNCTION("""COMPUTED_VALUE"""),1043.8) -> 1043.8 | F10: =IFERROR(__xludf.DUMMYFUNCTION("""COMPUTED_VALUE"""),1933) -> 1933 | G10: =IFERROR(__xludf.DUMMYFUNCTION("""COMPUTED_VALUE"""),2803) -> 2803 | H10: =IFERROR(__xludf.DUMMYFUNCTION("""COMPUTED_VALUE"""),3963) -> 3963 | I10: =IFERROR(__xludf.DUMMYFUNCTION("""COMPUTED_VALUE"""),5123) -> 5123 | J10: =IFERROR(__xludf.DUMMYFUNCTION("""COMPUTED_VALUE"""),5741.4) -> 5741.4 | K10: =IFERROR(__xludf.DUMMYFUNCTION("""COMPUTED_VALUE"""),6669) -> 6669
A11: Cilindros ABC 5 kg | B11: =IFERROR(__xludf.DUMMYFUNCTION("""COMPUTED_VALUE"""),0) -> 0 | C11: =IFERROR(__xludf.DUMMYFUNCTION("""COMPUTED_VALUE"""),0) -> 0 | D11: =IFERROR(__xludf.DUMMYFUNCTION("""COMPUTED_VALUE"""),1478.8) -> 1478.8 | E11: =IFERROR(__xludf.DUMMYFUNCTION("""COMPUTED_VALUE"""),5152) -> 5152 | F11: =IFERROR(__xludf.DUMMYFUNCTION("""COMPUTED_VALUE"""),9540.8) -> 9540.8 | G11: =IFERROR(__xludf.DUMMYFUNCTION("""COMPUTED_VALUE"""),13834.2) -> 13834.2 | H11: =IFERROR(__xludf.DUMMYFUNCTION("""COMPUTED_VALUE"""),19558.6) -> 19558.6 | I11: =IFERROR(__xludf.DUMMYFUNCTION("""COMPUTED_VALUE"""),25283) -> 25283 | J11: =IFERROR(__xludf.DUMMYFUNCTION("""COMPUTED_VALUE"""),28335.8) -> 28335.8 | K11: =IFERROR(__xludf.DUMMYFUNCTION("""COMPUTED_VALUE"""),32915) -> 32915
A12: Cilindros ABC 10 kg | B12: =IFERROR(__xludf.DUMMYFUNCTION("""COMPUTED_VALUE"""),0) -> 0 | C12: =IFERROR(__xludf.DUMMYFUNCTION("""COMPUTED_VALUE"""),0) -> 0 | D12: =IFERROR(__xludf.DUMMYFUNCTION("""COMPUTED_VALUE"""),90.4) -> 90.4 | E12: =IFERROR(__xludf.DUMMYFUNCTION("""COMPUTED_VALUE"""),315) -> 315 | F12: =IFERROR(__xludf.DUMMYFUNCTION("""COMPUTED_VALUE"""),583.4) -> 583.4 | G12: =IFERROR(__xludf.DUMMYFUNCTION("""COMPUTED_VALUE"""),845.8) -> 845.8 | H12: =IFERROR(__xludf.DUMMYFUNCTION("""COMPUTED_VALUE"""),1195.4) -> 1195.4 | I12: =IFERROR(__xludf.DUMMYFUNCTION("""COMPUTED_VALUE"""),1545) -> 1545 | J12: =IFERROR(__xludf.DUMMYFUNCTION("""COMPUTED_VALUE"""),1731.4) -> 1731.4 | K12: =IFERROR(__xludf.DUMMYFUNCTION("""COMPUTED_VALUE"""),2011) -> 2011
A13: Total cilindros | B13: =SUM(B9:B12) -> 0 | C13: =SUM(C9:C12) -> 0 | D13: =SUM(D9:D12) -> 9531.2 | E13: =SUM(E9:E12) -> 33205.6 | F13: =SUM(F9:F12) -> 61492 | G13: =SUM(G9:G12) -> 89163.2 | H13: =SUM(H9:H12) -> 126057.6 | I13: =SUM(I9:I12) -> 162952 | ... K13: =SUM(K9:K12) -> 212143
A15: Total recipientes a fabricar (con sustitutos) | B15: =B6+B13+B22+B27 -> 6862.3731 | C15: =C6+C13+C22+C27 -> 10849.538 | D15: =D6+D13+D22+D27 -> 22920.812 | E15: =E6+E13+E22+E27 -> 50689.35 | F15: =F6+F13+F22+F27 -> 88247.686 | G15: =G6+G13+G22+G27 -> 123901.33 | H15: =H6+H13+H22+H27 -> 170829.71 | I15: =I6+I13+I22+I27 -> 218232.9 | ... K15: =K6+K13+K22+K27 -> 284507.28
A17: Sustitutos ABC para las plantas de recargas | B17: 2026 | C17: 2027 | D17: 2028 | E17: 2029 | F17: 2030 | G17: 2031 | H17: 2032 | I17: 2033 | J17: 2034 | K17: 2035
A18: ABC 1 kg — sustituto (terminado, planta industrial) | B18: =IFERROR(__xludf.DUMMYFUNCTION("IMPORTRANGE(Links!$B$6,""sobrestock_sustitutos!B73:K76"")"),0) -> 0 | C18: =IFERROR(__xludf.DUMMYFUNCTION("""COMPUTED_VALUE"""),0) -> 0 | D18: =IFERROR(__xludf.DUMMYFUNCTION("""COMPUTED_VALUE"""),0) -> 0 | E18: =IFERROR(__xludf.DUMMYFUNCTION("""COMPUTED_VALUE"""),0) -> 0 | F18: =IFERROR(__xludf.DUMMYFUNCTION("""COMPUTED_VALUE"""),0) -> 0 | G18: =IFERROR(__xludf.DUMMYFUNCTION("""COMPUTED_VALUE"""),0) -> 0 | H18: =IFERROR(__xludf.DUMMYFUNCTION("""COMPUTED_VALUE"""),0) -> 0 | I18: =IFERROR(__xludf.DUMMYFUNCTION("""COMPUTED_VALUE"""),0) -> 0 | J18: =IFERROR(__xludf.DUMMYFUNCTION("""COMPUTED_VALUE"""),0) -> 0 | K18: =IFERROR(__xludf.DUMMYFUNCTION("""COMPUTED_VALUE"""),0) -> 0
A19: ABC 2,5 kg — sustituto (terminado, planta industrial) | B19: =IFERROR(__xludf.DUMMYFUNCTION("""COMPUTED_VALUE"""),3) -> 3 | C19: =IFERROR(__xludf.DUMMYFUNCTION("""COMPUTED_VALUE"""),6.24) -> 6.24 | D19: =IFERROR(__xludf.DUMMYFUNCTION("""COMPUTED_VALUE"""),10.72) -> 10.72 | E19: =IFERROR(__xludf.DUMMYFUNCTION("""COMPUTED_VALUE"""),17.52) -> 17.52 | F19: =IFERROR(__xludf.DUMMYFUNCTION("""COMPUTED_VALUE"""),18.8) -> 18.8 | G19: =IFERROR(__xludf.DUMMYFUNCTION("""COMPUTED_VALUE"""),21.08) -> 21.08 | H19: =IFERROR(__xludf.DUMMYFUNCTION("""COMPUTED_VALUE"""),18.44) -> 18.44 | I19: =IFERROR(__xludf.DUMMYFUNCTION("""COMPUTED_VALUE"""),15.48) -> 15.48 | J19: =IFERROR(__xludf.DUMMYFUNCTION("""COMPUTED_VALUE"""),14.2) -> 14.2 | K19: =IFERROR(__xludf.DUMMYFUNCTION("""COMPUTED_VALUE"""),14.76) -> 14.76
A20: ABC 5 kg — sustituto (terminado, planta industrial) | B20: =IFERROR(__xludf.DUMMYFUNCTION("""COMPUTED_VALUE"""),11) -> 11 | C20: =IFERROR(__xludf.DUMMYFUNCTION("""COMPUTED_VALUE"""),33.88) -> 33.88 | D20: =IFERROR(__xludf.DUMMYFUNCTION("""COMPUTED_VALUE"""),57.52) -> 57.52 | E20: =IFERROR(__xludf.DUMMYFUNCTION("""COMPUTED_VALUE"""),95.84) -> 95.84 | F20: =IFERROR(__xludf.DUMMYFUNCTION("""COMPUTED_VALUE"""),95.88) -> 95.88 | G20: =IFERROR(__xludf.DUMMYFUNCTION("""COMPUTED_VALUE"""),109.36) -> 109.36 | H20: =IFERROR(__xludf.DUMMYFUNCTION("""COMPUTED_VALUE"""),93.4) -> 93.4 | I20: =IFERROR(__xludf.DUMMYFUNCTION("""COMPUTED_VALUE"""),79.6) -> 79.6 | J20: =IFERROR(__xludf.DUMMYFUNCTION("""COMPUTED_VALUE"""),73.28) -> 73.28 | K20: =IFERROR(__xludf.DUMMYFUNCTION("""COMPUTED_VALUE"""),78.16) -> 78.16
A21: ABC 10 kg — sustituto (terminado, planta industrial) | B21: =IFERROR(__xludf.DUMMYFUNCTION("""COMPUTED_VALUE"""),1) -> 1 | C21: =IFERROR(__xludf.DUMMYFUNCTION("""COMPUTED_VALUE"""),3.08) -> 3.08 | D21: =IFERROR(__xludf.DUMMYFUNCTION("""COMPUTED_VALUE"""),4.32) -> 4.32 | E21: =IFERROR(__xludf.DUMMYFUNCTION("""COMPUTED_VALUE"""),7.64) -> 7.64 | F21: =IFERROR(__xludf.DUMMYFUNCTION("""COMPUTED_VALUE"""),7.2) -> 7.2 | G21: =IFERROR(__xludf.DUMMYFUNCTION("""COMPUTED_VALUE"""),8.68) -> 8.68 | H21: =IFERROR(__xludf.DUMMYFUNCTION("""COMPUTED_VALUE"""),6.24) -> 6.24 | I21: =IFERROR(__xludf.DUMMYFUNCTION("""COMPUTED_VALUE"""),6.56) -> 6.56 | J21: =IFERROR(__xludf.DUMMYFUNCTION("""COMPUTED_VALUE"""),4.88) -> 4.88 | K21: =IFERROR(__xludf.DUMMYFUNCTION("""COMPUTED_VALUE"""),6.04) -> 6.04
A22: Total sustitutos terminados | B22: =SUM(B18:B21) -> 15 | C22: =SUM(C18:C21) -> 43.2 | D22: =SUM(D18:D21) -> 72.56 | E22: =SUM(E18:E21) -> 121 | F22: =SUM(F18:F21) -> 121.88 | G22: =SUM(G18:G21) -> 139.12 | H22: =SUM(H18:H21) -> 118.08 | I22: =SUM(I18:I21) -> 101.64 | ... K22: =SUM(K18:K21) -> 98.96
A23: ABC 1 kg — sustituto (cilindro vacío, planta comercial) | B23: =IFERROR(__xludf.DUMMYFUNCTION("IMPORTRANGE(Links!$B$5,""sobrestock_sustitutos!B73:K76"")"),0) -> 0 | C23: =IFERROR(__xludf.DUMMYFUNCTION("""COMPUTED_VALUE"""),0) -> 0 | D23: =IFERROR(__xludf.DUMMYFUNCTION("""COMPUTED_VALUE"""),0) -> 0 | E23: =IFERROR(__xludf.DUMMYFUNCTION("""COMPUTED_VALUE"""),0) -> 0 | F23: =IFERROR(__xludf.DUMMYFUNCTION("""COMPUTED_VALUE"""),0) -> 0 | G23: =IFERROR(__xludf.DUMMYFUNCTION("""COMPUTED_VALUE"""),0) -> 0 | H23: =IFERROR(__xludf.DUMMYFUNCTION("""COMPUTED_VALUE"""),0) -> 0 | I23: =IFERROR(__xludf.DUMMYFUNCTION("""COMPUTED_VALUE"""),0) -> 0 | J23: =IFERROR(__xludf.DUMMYFUNCTION("""COMPUTED_VALUE"""),0) -> 0 | K23: =IFERROR(__xludf.DUMMYFUNCTION("""COMPUTED_VALUE"""),0) -> 0
A24: ABC 2,5 kg — sustituto (cilindro vacío, planta comercial) | B24: =IFERROR(__xludf.DUMMYFUNCTION("""COMPUTED_VALUE"""),4) -> 4 | C24: =IFERROR(__xludf.DUMMYFUNCTION("""COMPUTED_VALUE"""),11.32) -> 11.32 | D24: =IFERROR(__xludf.DUMMYFUNCTION("""COMPUTED_VALUE"""),20.2) -> 20.2 | E24: =IFERROR(__xludf.DUMMYFUNCTION("""COMPUTED_VALUE"""),30.72) -> 30.72 | F24: =IFERROR(__xludf.DUMMYFUNCTION("""COMPUTED_VALUE"""),32.96) -> 32.96 | G24: =IFERROR(__xludf.DUMMYFUNCTION("""COMPUTED_VALUE"""),36.2) -> 36.2 | H24: =IFERROR(__xludf.DUMMYFUNCTION("""COMPUTED_VALUE"""),33.52) -> 33.52 | I24: =IFERROR(__xludf.DUMMYFUNCTION("""COMPUTED_VALUE"""),27.44) -> 27.44 | J24: =IFERROR(__xludf.DUMMYFUNCTION("""COMPUTED_VALUE"""),25.72) -> 25.72 | K24: =IFERROR(__xludf.DUMMYFUNCTION("""COMPUTED_VALUE"""),26.76) -> 26.76
A25: ABC 5 kg — sustituto (cilindro vacío, planta comercial) | B25: =IFERROR(__xludf.DUMMYFUNCTION("""COMPUTED_VALUE"""),20) -> 20 | C25: =IFERROR(__xludf.DUMMYFUNCTION("""COMPUTED_VALUE"""),59.6) -> 59.6 | D25: =IFERROR(__xludf.DUMMYFUNCTION("""COMPUTED_VALUE"""),103.24) -> 103.24 | E25: =IFERROR(__xludf.DUMMYFUNCTION("""COMPUTED_VALUE"""),170) -> 170 | F25: =IFERROR(__xludf.DUMMYFUNCTION("""COMPUTED_VALUE"""),172.48) -> 172.48 | G25: =IFERROR(__xludf.DUMMYFUNCTION("""COMPUTED_VALUE"""),195.16) -> 195.16 | H25: =IFERROR(__xludf.DUMMYFUNCTION("""COMPUTED_VALUE"""),169.72) -> 169.72 | I25: =IFERROR(__xludf.DUMMYFUNCTION("""COMPUTED_VALUE"""),141.24) -> 141.24 | J25: =IFERROR(__xludf.DUMMYFUNCTION("""COMPUTED_VALUE"""),132.72) -> 132.72 | K25: =IFERROR(__xludf.DUMMYFUNCTION("""COMPUTED_VALUE"""),139) -> 139
A26: ABC 10 kg — sustituto (cilindro vacío, planta comercial) | B26: =IFERROR(__xludf.DUMMYFUNCTION("""COMPUTED_VALUE"""),2) -> 2 | C26: =IFERROR(__xludf.DUMMYFUNCTION("""COMPUTED_VALUE"""),4.16) -> 4.16 | D26: =IFERROR(__xludf.DUMMYFUNCTION("""COMPUTED_VALUE"""),8.48) -> 8.48 | E26: =IFERROR(__xludf.DUMMYFUNCTION("""COMPUTED_VALUE"""),13.12) -> 13.12 | F26: =IFERROR(__xludf.DUMMYFUNCTION("""COMPUTED_VALUE"""),13.08) -> 13.08 | G26: =IFERROR(__xludf.DUMMYFUNCTION("""COMPUTED_VALUE"""),15.96) -> 15.96 | H26: =IFERROR(__xludf.DUMMYFUNCTION("""COMPUTED_VALUE"""),11) -> 11 | I26: =IFERROR(__xludf.DUMMYFUNCTION("""COMPUTED_VALUE"""),10.56) -> 10.56 | J26: =IFERROR(__xludf.DUMMYFUNCTION("""COMPUTED_VALUE"""),10.04) -> 10.04 | K26: =IFERROR(__xludf.DUMMYFUNCTION("""COMPUTED_VALUE"""),10.44) -> 10.44
A27: Total sustitutos cilindros vacíos | B27: =SUM(B23:B26) -> 26 | C27: =SUM(C23:C26) -> 75.08 | D27: =SUM(D23:D26) -> 131.92 | E27: =SUM(E23:E26) -> 213.84 | F27: =SUM(F23:F26) -> 218.52 | G27: =SUM(G23:G26) -> 247.32 | H27: =SUM(H23:H26) -> 214.24 | I27: =SUM(I23:I26) -> 179.24 | ... K27: =SUM(K23:K26) -> 176.2
A28: Sustitutos: alta (paso 4) de cada Dimensionamiento de recargas · Word de recargas § 9

Sheet parametros_manuales
A1: Parámetro | B1: Valor | C1: Nota
A2: Días hábiles por mes | B2: 20 | C2: Excel original, Parametros B37
A3: Horas por día (1 turno) | B3: 8 | C3: Excel original, Parametros D37
A4: Refrigerio (min/turno) | B4: 30 | C4: Excel original, Parametros H37
A5: Horas productivas por turno | B5: =B3-B4/60 -> 7.5 | C5: Horas/día − refrigerio
A6: Turnos por día | B6: 1 | C6: Un solo turno (editable)
A7: Horas productivas por mes | B7: =B2*B5*B6 -> 150 | C7: Días × horas productivas × turnos
A8: Umbral de aprovechamiento | B8: 0.9 | C8: Límite duro (análisis de riesgos) · Word de recargas § 8
A9: Año de inicio del 2° turno (antes: más máquinas) | B9: 2032 | C9: Todos los turnos entran ese año · Word de recargas § 8
A10: ESTACIONALIDAD (% de la demanda anual por mes; IMPORTRANGE del MRP, que define los picos)
A11: Modelo | B11: Ene | C11: Feb | D11: Mar | E11: Abr | F11: May | G11: Jun | H11: Jul | I11: Ago | J11: Sep | K11: Oct | L11: Nov | M11: Dic | N11: Total
A12: 1 kg | B12: =IFERROR(__xludf.DUMMYFUNCTION("IMPORTRANGE(Links!$B$7,""ESTACIONALIDAD!C4:N4"")"),0.12) -> 0.12 | C12: =IFERROR(__xludf.DUMMYFUNCTION("""COMPUTED_VALUE"""),0.09) -> 0.09 | D12: =IFERROR(__xludf.DUMMYFUNCTION("""COMPUTED_VALUE"""),0.08) -> 0.08 | E12: =IFERROR(__xludf.DUMMYFUNCTION("""COMPUTED_VALUE"""),0.075) -> 0.075 | F12: =IFERROR(__xludf.DUMMYFUNCTION("""COMPUTED_VALUE"""),0.07) -> 0.07 | G12: =IFERROR(__xludf.DUMMYFUNCTION("""COMPUTED_VALUE"""),0.07) -> 0.07 | H12: =IFERROR(__xludf.DUMMYFUNCTION("""COMPUTED_VALUE"""),0.075) -> 0.075 | I12: =IFERROR(__xludf.DUMMYFUNCTION("""COMPUTED_VALUE"""),0.075) -> 0.075 | J12: =IFERROR(__xludf.DUMMYFUNCTION("""COMPUTED_VALUE"""),0.075) -> 0.075 | K12: =IFERROR(__xludf.DUMMYFUNCTION("""COMPUTED_VALUE"""),0.075) -> 0.075 | L12: =IFERROR(__xludf.DUMMYFUNCTION("""COMPUTED_VALUE"""),0.075) -> 0.075 | M12: =IFERROR(__xludf.DUMMYFUNCTION("""COMPUTED_VALUE"""),0.12) -> 0.12 | N12: =SUM(B12:M12) -> 1 | O12: MRP, ESTACIONALIDAD E01 automotor (1 kg) (IMPORTRANGE)
A13: 2,5 kg | B13: =IFERROR(__xludf.DUMMYFUNCTION("IMPORTRANGE(Links!$B$7,""ESTACIONALIDAD!C5:N5"")"),0.1) -> 0.1 | C13: =IFERROR(__xludf.DUMMYFUNCTION("""COMPUTED_VALUE"""),0.08) -> 0.08 | D13: =IFERROR(__xludf.DUMMYFUNCTION("""COMPUTED_VALUE"""),0.085) -> 0.085 | E13: =IFERROR(__xludf.DUMMYFUNCTION("""COMPUTED_VALUE"""),0.085) -> 0.085 | F13: =IFERROR(__xludf.DUMMYFUNCTION("""COMPUTED_VALUE"""),0.08) -> 0.08 | G13: =IFERROR(__xludf.DUMMYFUNCTION("""COMPUTED_VALUE"""),0.075) -> 0.075 | H13: =IFERROR(__xludf.DUMMYFUNCTION("""COMPUTED_VALUE"""),0.08) -> 0.08 | I13: =IFERROR(__xludf.DUMMYFUNCTION("""COMPUTED_VALUE"""),0.08) -> 0.08 | J13: =IFERROR(__xludf.DUMMYFUNCTION("""COMPUTED_VALUE"""),0.08) -> 0.08 | K13: =IFERROR(__xludf.DUMMYFUNCTION("""COMPUTED_VALUE"""),0.075) -> 0.075 | L13: =IFERROR(__xludf.DUMMYFUNCTION("""COMPUTED_VALUE"""),0.07) -> 0.07 | M13: =IFERROR(__xludf.DUMMYFUNCTION("""COMPUTED_VALUE"""),0.11) -> 0.11 | N13: =SUM(B13:M13) -> 1 | O13: MRP, ESTACIONALIDAD E02 manual comercial (2,5 a 10 kg) (IMPORTRANGE)
A14: 5 kg | B14: =IFERROR(__xludf.DUMMYFUNCTION("IMPORTRANGE(Links!$B$7,""ESTACIONALIDAD!C5:N5"")"),0.1) -> 0.1 | C14: =IFERROR(__xludf.DUMMYFUNCTION("""COMPUTED_VALUE"""),0.08) -> 0.08 | D14: =IFERROR(__xludf.DUMMYFUNCTION("""COMPUTED_VALUE"""),0.085) -> 0.085 | E14: =IFERROR(__xludf.DUMMYFUNCTION("""COMPUTED_VALUE"""),0.085) -> 0.085 | F14: =IFERROR(__xludf.DUMMYFUNCTION("""COMPUTED_VALUE"""),0.08) -> 0.08 | G14: =IFERROR(__xludf.DUMMYFUNCTION("""COMPUTED_VALUE"""),0.075) -> 0.075 | H14: =IFERROR(__xludf.DUMMYFUNCTION("""COMPUTED_VALUE"""),0.08) -> 0.08 | I14: =IFERROR(__xludf.DUMMYFUNCTION("""COMPUTED_VALUE"""),0.08) -> 0.08 | J14: =IFERROR(__xludf.DUMMYFUNCTION("""COMPUTED_VALUE"""),0.08) -> 0.08 | K14: =IFERROR(__xludf.DUMMYFUNCTION("""COMPUTED_VALUE"""),0.075) -> 0.075 | L14: =IFERROR(__xludf.DUMMYFUNCTION("""COMPUTED_VALUE"""),0.07) -> 0.07 | M14: =IFERROR(__xludf.DUMMYFUNCTION("""COMPUTED_VALUE"""),0.11) -> 0.11 | N14: =SUM(B14:M14) -> 1 | O14: MRP, ESTACIONALIDAD E02 manual comercial (2,5 a 10 kg) (IMPORTRANGE)
A15: 10 kg | B15: =IFERROR(__xludf.DUMMYFUNCTION("IMPORTRANGE(Links!$B$7,""ESTACIONALIDAD!C5:N5"")"),0.1) -> 0.1 | C15: =IFERROR(__xludf.DUMMYFUNCTION("""COMPUTED_VALUE"""),0.08) -> 0.08 | D15: =IFERROR(__xludf.DUMMYFUNCTION("""COMPUTED_VALUE"""),0.085) -> 0.085 | E15: =IFERROR(__xludf.DUMMYFUNCTION("""COMPUTED_VALUE"""),0.085) -> 0.085 | F15: =IFERROR(__xludf.DUMMYFUNCTION("""COMPUTED_VALUE"""),0.08) -> 0.08 | G15: =IFERROR(__xludf.DUMMYFUNCTION("""COMPUTED_VALUE"""),0.075) -> 0.075 | H15: =IFERROR(__xludf.DUMMYFUNCTION("""COMPUTED_VALUE"""),0.08) -> 0.08 | I15: =IFERROR(__xludf.DUMMYFUNCTION("""COMPUTED_VALUE"""),0.08) -> 0.08 | J15: =IFERROR(__xludf.DUMMYFUNCTION("""COMPUTED_VALUE"""),0.08) -> 0.08 | K15: =IFERROR(__xludf.DUMMYFUNCTION("""COMPUTED_VALUE"""),0.075) -> 0.075 | L15: =IFERROR(__xludf.DUMMYFUNCTION("""COMPUTED_VALUE"""),0.07) -> 0.07 | M15: =IFERROR(__xludf.DUMMYFUNCTION("""COMPUTED_VALUE"""),0.11) -> 0.11 | N15: =SUM(B15:M15) -> 1 | O15: MRP, ESTACIONALIDAD E02 manual comercial (2,5 a 10 kg) (IMPORTRANGE)
A17: CAPACIDAD POR PUESTO
A18: N° | B18: Puesto | C18: Máquina | D18: 1 kg | E18: 2,5 kg | F18: 5 kg | G18: 10 kg | H18: Alcance | I18: Piezas por unidad | J18: % que pasa | K18: Tiempo tipo (s/u) | L18: Disponibilidad | M18: Cap. real (u/h) | N18: Cap. real (u/mes) | O18: SUPOSICIONES
A19: 1 | B19: Recepción de materia prima | C19: Autoelevador Heli CPCD50 + micrómetro | D19: 1 | E19: 1 | F19: 1 | G19: 1 | H19: Todos | I19: 1 | J19: 1 | K19: 60 | L19: =F51 -> 1 | M19: =IF(K19>0,3600/K19*L19,0) -> 60 | N19: =M19*$B$7 -> 9000 | O19: 25 min x pallet de 20 hojas en carros (1,25 min x hoja)
A20: 2 | B20: Corte de chapa (guillotina) — 2,5 a 10 kg | C20: Guillotina hidráulica Cena serie O 3.200 mm | D20: 0 | E20: 1 | F20: 1 | G20: 1 | H20: Todos | I20: 1 | J20: 1 | K20: 90 | L20: =F52 -> 0.99333333 | M20: =IF(K20>0,3600/K20*L20,0) -> 39.733333 | N20: =M20*$B$7 -> 5960 | O20: ref carros - 1,2/1,5 min x cuerpo (+ CORTES + TIEMPO)
A21: 3 | B21: Corte de tubo — 1 kg | C21: Cortadora láser de tubo Leapion 1,5 kW | D21: 1 | E21: 0 | F21: 0 | G21: 0 | H21: Todos | I21: 1 | J21: 1 | K21: 30 | L21: =F53 -> 1 | M21: =IF(K21>0,3600/K21*L21,0) -> 120 | N21: =M21*$B$7 -> 18000 | O21: 10 minutos por tubo de 6m (en cada tubo entran 23 cuerpos)
A22: 4 | B22: Corte de disco y embutido (cúpula y fondo) | C22: Prensa embutidora Sangiacomo + alimentador Cena PRE-1 | D22: 1 | E22: 1 | F22: 1 | G22: 1 | H22: Todos | I22: 2 | J22: 1 | K22: 8 | L22: =F54 -> 0.68 | M22: =IF(K22>0,3600/K22*L22,0) -> 306 | N22: =M22*$B$7 -> 45900 | O22: Son 10c segundos contemplando cupula y fondo
A23: 5 | B23: Preparación de cuello | C23: Prensa de banco Pannier MarkFirst MB-21 | D23: 1 | E23: 1 | F23: 1 | G23: 1 | H23: Todos | I23: 1 | J23: 1 | K23: 60 | L23: =F55 -> 1 | M23: =IF(K23>0,3600/K23*L23,0) -> 60 | N23: =M23*$B$7 -> 9000
A24: 6 | B24: Numerado de cúpula | C24: Micropercusión Pannier ADP120160D Deep Marker | D24: 1 | E24: 1 | F24: 1 | G24: 1 | H24: Todos | I24: 1 | J24: 1 | K24: 20 | L24: =F56 -> 1 | M24: =IF(K24>0,3600/K24*L24,0) -> 180 | N24: =M24*$B$7 -> 27000
A25: 7 | B25: Soldadura del cuello a la cúpula | C25: Firesafer FS-HFM1 (versión manual) | D25: 1 | E25: 1 | F25: 1 | G25: 1 | H25: Todos | I25: 1 | J25: 1 | K25: 25 | L25: =F57 -> 0.97333333 | M25: =IF(K25>0,3600/K25*L25,0) -> 140.16 | N25: =M25*$B$7 -> 21024
A26: 8 | B26: Cilindrado | C26: Roladora Firesafer FS-RM01 | D26: 0 | E26: 1 | F26: 1 | G26: 1 | H26: Todos | I26: 1 | J26: 1 | K26: 80 | L26: =F58 -> 0.98666667 | M26: =IF(K26>0,3600/K26*L26,0) -> 44.4 | N26: =M26*$B$7 -> 6660
A27: 9 | B27: Soldadura longitudinal | C27: Soldadora longitudinal Firesafer | D27: 0 | E27: 1 | F27: 1 | G27: 1 | H27: Todos | I27: 1 | J27: 1 | K27: 115 | L27: =F59 -> 0.98666667 | M27: =IF(K27>0,3600/K27*L27,0) -> 30.886957 | N27: =M27*$B$7 -> 4633.0435
A28: 10 | B28: Encastre de fondo | C28: Prensa hidráulica motorizada Del Fabro 30 t | D28: 1 | E28: 1 | F28: 1 | G28: 1 | H28: Todos | I28: 1 | J28: 1 | K28: 30 | L28: =F60 -> 0.98222222 | M28: =IF(K28>0,3600/K28*L28,0) -> 117.86667 | N28: =M28*$B$7 -> 17680
A29: 11 | B29: Bordoneado | C29: Bordoneadora motorizada Pilman SWM-400 | D29: 1 | E29: 1 | F29: 1 | G29: 1 | H29: Todos | I29: 1 | J29: 1 | K29: 20 | L29: =F61 -> 0.98222222 | M29: =IF(K29>0,3600/K29*L29,0) -> 176.8 | N29: =M29*$B$7 -> 26520
A30: 12 | B30: Soldadura circunferencial de cúpula y fondo | C30: Soldadora circunferencial Firesafer | D30: 1 | E30: 1 | F30: 1 | G30: 1 | H30: Todos | I30: 1 | J30: 1 | K30: 60 | L30: =F62 -> 0.98222222 | M30: =IF(K30>0,3600/K30*L30,0) -> 58.933333 | N30: =M30*$B$7 -> 8840
A31: 13 | B31: Control de calidad — Espesor | C31: Medidor de espesores Melisam MR017 | D31: 1 | E31: 1 | F31: 1 | G31: 1 | H31: Todos | I31: 1 | J31: 0.02 | K31: 120 | L31: =F63 -> 1 | M31: =IF(K31>0,3600/K31*L31,0) -> 30 | N31: =M31*$B$7 -> 4500
A32: 14 | B32: Prueba hidráulica | C32: Banco Firesafer FS-JD12A | D32: 1 | E32: 1 | F32: 1 | G32: 1 | H32: Todos | I32: 1 | J32: 1 | K32: 60 | L32: =F64 -> 0.98222222 | M32: =IF(K32>0,3600/K32*L32,0) -> 58.933333 | N32: =M32*$B$7 -> 8840
A33: 15 | B33: Secado | C33: Secadora de cilindros Yukon | D33: 1 | E33: 1 | F33: 1 | G33: 1 | H33: Todos | I33: 1 | J33: 1 | K33: 120 | L33: =F65 -> 1 | M33: =IF(K33>0,3600/K33*L33,0) -> 30 | N33: =M33*$B$7 -> 4500 | O33: las 4 maquinas sirven para secado de carros
A34: 16 | B34: Granallado | C34: Granalladora de rodillos AirBlast G-100 | D34: 1 | E34: 1 | F34: 1 | G34: 1 | H34: Todos | I34: 1 | J34: 1 | K34: 30 | L34: =F66 -> 1 | M34: =IF(K34>0,3600/K34*L34,0) -> 120 | N34: =M34*$B$7 -> 18000
A35: 17 | B35: Detección de defectos | C35: Mesa de inspección con iluminación | D35: 1 | E35: 1 | F35: 1 | G35: 1 | H35: Todos | I35: 1 | J35: 1 | K35: 20 | L35: =F67 -> 1 | M35: =IF(K35>0,3600/K35*L35,0) -> 180 | N35: =M35*$B$7 -> 27000
A36: 18 | B36: Corrección de defectos | C36: Amoladora 115 mm + machos y calibres | D36: 1 | E36: 1 | F36: 1 | G36: 1 | H36: Todos | I36: 1 | J36: 0.05 | K36: 180 | L36: =F68 -> 1 | M36: =IF(K36>0,3600/K36*L36,0) -> 20 | N36: =M36*$B$7 -> 3000
A37: 19 | B37: Pintura en polvo + horno | C37: Línea de pintura en polvo Firesafer | D37: 1 | E37: 1 | F37: 1 | G37: 1 | H37: Todos | I37: 1 | J37: 1 | K37: 25 | L37: =F69 -> 0.94666667 | M37: =IF(K37>0,3600/K37*L37,0) -> 136.32 | N37: =M37*$B$7 -> 20448
A38: 20 | B38: Carga de polvo | C38: Cargadora Firesafer FS-A10 / Yukon M-000121 | D38: 1 | E38: 1 | F38: 1 | G38: 1 | H38: Terminados | I38: 1 | J38: 1 | K38: 45 | L38: =F70 -> 1 | M38: =IF(K38>0,3600/K38*L38,0) -> 80 | N38: =M38*$B$7 -> 12000
A39: 21 | B39: Ensamblaje | C39: Puesto manual con llave dinamométrica | D39: 1 | E39: 1 | F39: 1 | G39: 1 | H39: Terminados | I39: 1 | J39: 1 | K39: 100 | L39: =F71 -> 0.98222222 | M39: =IF(K39>0,3600/K39*L39,0) -> 35.36 | N39: =M39*$B$7 -> 5304
A40: 22 | B40: Presurización | C40: Pinza neumática Yukon M-000150 + pack N₂ | D40: 1 | E40: 1 | F40: 1 | G40: 1 | H40: Terminados | I40: 1 | J40: 1 | K40: 30 | L40: =F72 -> 1 | M40: =IF(K40>0,3600/K40*L40,0) -> 120 | N40: =M40*$B$7 -> 18000
A41: 23 | B41: Control de calidad — Ensayo de pérdidas | C41: Tanque de inmersión de acero inoxidable | D41: 1 | E41: 1 | F41: 1 | G41: 1 | H41: Terminados | I41: 1 | J41: 1 | K41: 55 | L41: =F73 -> 1 | M41: =IF(K41>0,3600/K41*L41,0) -> 65.454545 | N41: =M41*$B$7 -> 9818.1818
A42: 24 | B42: Etiquetado | C42: Dispensador de etiquetas + impresora Zebra ZD421 | D42: 1 | E42: 1 | F42: 1 | G42: 1 | H42: Terminados | I42: 1 | J42: 1 | K42: 60 | L42: =F74 -> 1 | M42: =IF(K42>0,3600/K42*L42,0) -> 60 | N42: =M42*$B$7 -> 9000
A43: 25 | B43: Embalaje y paletizado | C43: Armadora de cajas + envolvedora EDOS PS 5 | D43: 1 | E43: 1 | F43: 1 | G43: 1 | H43: Todos | I43: 1 | J43: 1 | K43: 45 | L43: =F75 -> 0.99111111 | M43: =IF(K43>0,3600/K43*L43,0) -> 79.288889 | N43: =M43*$B$7 -> 11893.333 | O43: 25 seg embalaje + 20 seg paletizado (1000kg pallet/13 kg mat)=76 mat x pallet *20s = 25 min x pallet
A45: Alcance: "Todos" = matafuegos terminados + cilindros vacíos; "Terminados" = solo los que se cargan como matafuego.
A46: Tiempo tipo = tiempo PCP del Excel original ((tpr + tdl + ta) / rendimiento). Disponibilidad = descuento por cambios de matriz del Excel original.
A47: Cap. real (u/h) = 3600 / tiempo tipo × disponibilidad. Cap. real (u/mes) = cap. real × horas productivas del mes.
A49: DISPONIBILIDAD
A50: N° | B50: Puesto | C50: Cambio de matriz (min/cambio) | D50: N° cambios/mes (est.) | E50: Pérdida por cambios (h/mes) | F50: Disponibilidad (cambios) | G50: SUPOSICIONES
A51: 1 | B51: Recepción de materia prima | C51: 0 | D51: 0 | E51: =C51*D51/60 -> 0 | F51: =MAX(0,1-E51/150) -> 1
A52: 2 | B52: Corte de chapa (guillotina) — 2,5 a 10 kg | C52: 5 | D52: 12 | E52: =C52*D52/60 -> 1 | F52: =MAX(0,1-E52/150) -> 0.99333333
A53: 3 | B53: Corte de tubo — 1 kg | C53: 0 | D53: 0 | E53: =C53*D53/60 -> 0 | F53: =MAX(0,1-E53/150) -> 1
A54: 4 | B54: Corte de disco y embutido (cúpula y fondo) | C54: 90 | D54: 32 | E54: =C54*D54/60 -> 48 | F54: =MAX(0,1-E54/150) -> 0.68 | G54: Es 32 porque contemplamos 4 cambios de cupula y 4 de fondo x semana (8*4)
A55: 5 | B55: Preparación de cuello | C55: 0 | D55: 0 | E55: =C55*D55/60 -> 0 | F55: =MAX(0,1-E55/150) -> 1
A56: 6 | B56: Numerado de cúpula | E56: =C56*D56/60 -> 0 | F56: =MAX(0,1-E56/150) -> 1
A57: 7 | B57: Soldadura del cuello a la cúpula | C57: 15 | D57: 16 | E57: =C57*D57/60 -> 4 | F57: =MAX(0,1-E57/150) -> 0.97333333
A58: 8 | B58: Cilindrado | C58: 10 | D58: 12 | E58: =C58*D58/60 -> 2 | F58: =MAX(0,1-E58/150) -> 0.98666667
A59: 9 | B59: Soldadura longitudinal | C59: 10 | D59: 12 | E59: =C59*D59/60 -> 2 | F59: =MAX(0,1-E59/150) -> 0.98666667
A60: 10 | B60: Encastre de fondo | C60: 10 | D60: 16 | E60: =C60*D60/60 -> 2.6666667 | F60: =MAX(0,1-E60/150) -> 0.98222222
A61: 11 | B61: Bordoneado | C61: 10 | D61: 16 | E61: =C61*D61/60 -> 2.6666667 | F61: =MAX(0,1-E61/150) -> 0.98222222
A62: 12 | B62: Soldadura circunferencial de cúpula y fondo | C62: 10 | D62: 16 | E62: =C62*D62/60 -> 2.6666667 | F62: =MAX(0,1-E62/150) -> 0.98222222
A63: 13 | B63: Control de calidad — Espesor | C63: 0 | D63: 0 | E63: =C63*D63/60 -> 0 | F63: =MAX(0,1-E63/150) -> 1
A64: 14 | B64: Prueba hidráulica | C64: 10 | D64: 16 | E64: =C64*D64/60 -> 2.6666667 | F64: =MAX(0,1-E64/150) -> 0.98222222
A65: 15 | B65: Secado | C65: 0 | D65: 0 | E65: =C65*D65/60 -> 0 | F65: =MAX(0,1-E65/150) -> 1
A66: 16 | B66: Granallado | C66: 10 | D66: 0 | E66: =C66*D66/60 -> 0 | F66: =MAX(0,1-E66/150) -> 1
A67: 17 | B67: Detección de defectos | C67: 0 | D67: 0 | E67: =C67*D67/60 -> 0 | F67: =MAX(0,1-E67/150) -> 1
A68: 18 | B68: Corrección de defectos | C68: 0 | D68: 0 | E68: =C68*D68/60 -> 0 | F68: =MAX(0,1-E68/150) -> 1
... A75: 25 | B75: Embalaje y paletizado | C75: 5 | D75: 16 | E75: =C75*D75/60 -> 1.3333333 | F75: =MAX(0,1-E75/150) -> 0.99111111
A78: PRODUCCIÓN CON SOBRESTOCK (perfil mensual de producción, % de la demanda anual)
A79: Regla: el pico de diciembre y enero se cubre con stock fabricado antes. Diciembre puede salir de stock del mismo año; enero solo de stock hecho en octubre y noviembre, porque recién desde octubre se puede numerar con el año siguiente.
A80: Nivel máximo de producción (L): el mínimo que cumple la regla del lote. El stock de enero tiene que entrar en la capacidad libre de octubre y noviembre: (Ene − L) ≤ (L − Oct) + (L − Nov), o sea L ≥ (Ene + Oct + Nov) / 3.
A81: Meses de sobrestock: se fabrica lo más tarde posible, hacia atrás desde noviembre y usando toda la capacidad libre hasta L, para que sean los menos meses posibles.
A83: Nivel máximo de producción mensual L (% del año) | B83: =MAX(B86:B89) -> 0.09 | C83: Por defecto el mayor de los L mínimos (lo fija el 1 kg). Se puede escribir otro valor, siempre que la columna G diga OK.
A85: Modelo | B85: L mínimo por regla de lote | C85: Exceso de diciembre | D85: Exceso de enero (año siguiente) | E85: Stock a fabricar (% del año) | F85: Meses de sobrestock | G85: Stock de enero cubierto en oct–nov | H85: Stock máximo acumulado (% del año)
A86: 1 kg | B86: =(B12+K12+L12)/3 -> 0.09 | C86: =MAX(0,M12-$B$83) -> 0.03 | D86: =MAX(0,B12-$B$83) -> 0.03 | E86: =C86+D86 -> 0.06 | F86: =COUNTIF(C94:L94,">0.000001") -> 4 | G86: =IF(K94+L94>=D86-0.000001,"OK","No alcanza: subir L") -> OK | H86: =SUM(B94:L94) -> 0.06
A87: 2,5 kg | B87: =(B13+K13+L13)/3 -> 0.081666667 | C87: =MAX(0,M13-$B$83) -> 0.02 | D87: =MAX(0,B13-$B$83) -> 0.01 | E87: =C87+D87 -> 0.03 | F87: =COUNTIF(C99:L99,">0.000001") -> 2 | G87: =IF(K99+L99>=D87-0.000001,"OK","No alcanza: subir L") -> OK | H87: =SUM(B99:L99) -> 0.03
A88: 5 kg | B88: =(B14+K14+L14)/3 -> 0.081666667 | C88: =MAX(0,M14-$B$83) -> 0.02 | D88: =MAX(0,B14-$B$83) -> 0.01 | E88: =C88+D88 -> 0.03 | F88: =COUNTIF(C104:L104,">0.000001") -> 2 | G88: =IF(K104+L104>=D88-0.000001,"OK","No alcanza: subir L") -> OK | H88: =SUM(B104:L104) -> 0.03
A89: 10 kg | B89: =(B15+K15+L15)/3 -> 0.081666667 | C89: =MAX(0,M15-$B$83) -> 0.02 | D89: =MAX(0,B15-$B$83) -> 0.01 | E89: =C89+D89 -> 0.03 | F89: =COUNTIF(C109:L109,">0.000001") -> 2 | G89: =IF(K109+L109>=D89-0.000001,"OK","No alcanza: subir L") -> OK | H89: =SUM(B109:L109) -> 0.03
A91: Modelo 1 kg | B91: Ene | C91: Feb | D91: Mar | E91: Abr | F91: May | G91: Jun | H91: Jul | I91: Ago | J91: Sep | K91: Oct | L91: Nov | M91: Dic | N91: Total
A92: Demanda (% del año) | B92: =B12 -> 0.12 | C92: =C12 -> 0.09 | D92: =D12 -> 0.08 | E92: =E12 -> 0.075 | F92: =F12 -> 0.07 | G92: =G12 -> 0.07 | H92: =H12 -> 0.075 | I92: =I12 -> 0.075 | ... M92: =M12 -> 0.12 | N92: =SUM(B92:M92) -> 1
A93: Capacidad libre hasta L | B93: 0 | C93: =MAX(0,$B$83-C92) -> 0 | D93: =MAX(0,$B$83-D92) -> 0.01 | E93: =MAX(0,$B$83-E92) -> 0.015 | F93: =MAX(0,$B$83-F92) -> 0.02 | G93: =MAX(0,$B$83-G92) -> 0.02 | H93: =MAX(0,$B$83-H92) -> 0.015 | I93: =MAX(0,$B$83-I92) -> 0.015 | J93: =MAX(0,$B$83-J92) -> 0.015 | ... L93: =MAX(0,$B$83-L92) -> 0.015 | M93: 0 | N93: =SUM(B93:M93) -> 0.14
A94: Sobrestock fabricado | B94: 0 | C94: =MIN(C93,MAX(0,$E$86-SUM(D93:L93))) -> 0 | D94: =MIN(D93,MAX(0,$E$86-SUM(E93:L93))) -> 0 | E94: =MIN(E93,MAX(0,$E$86-SUM(F93:L93))) -> 0 | F94: =MIN(F93,MAX(0,$E$86-SUM(G93:L93))) -> 0 | G94: =MIN(G93,MAX(0,$E$86-SUM(H93:L93))) -> 0 | H94: =MIN(H93,MAX(0,$E$86-SUM(I93:L93))) -> 0 | I94: =MIN(I93,MAX(0,$E$86-SUM(J93:L93))) -> 0.015 | J94: =MIN(J93,MAX(0,$E$86-SUM(K93:L93))) -> 0.015 | K94: =MIN(K93,MAX(0,$E$86-SUM(L93))) -> 0.015 | L94: =MIN(L93,MAX(0,$E$86-0)) -> 0.015 | M94: 0 | N94: =SUM(B94:M94) -> 0.06
A95: PRODUCCIÓN (% del año) | B95: =MIN(B92,$B$83) -> 0.09 | C95: =C92+C94 -> 0.09 | D95: =D92+D94 -> 0.08 | E95: =E92+E94 -> 0.075 | F95: =F92+F94 -> 0.07 | G95: =G92+G94 -> 0.07 | H95: =H92+H94 -> 0.075 | I95: =I92+I94 -> 0.09 | J95: =J92+J94 -> 0.09 | ... L95: =L92+L94 -> 0.09 | M95: =MIN(M92,$B$83) -> 0.09 | N95: =SUM(B95:M95) -> 1
A96: Modelo 2,5 kg | B96: Ene | C96: Feb | D96: Mar | E96: Abr | F96: May | G96: Jun | H96: Jul | I96: Ago | J96: Sep | K96: Oct | L96: Nov | M96: Dic | N96: Total
A97: Demanda (% del año) | B97: =B13 -> 0.1 | C97: =C13 -> 0.08 | D97: =D13 -> 0.085 | E97: =E13 -> 0.085 | F97: =F13 -> 0.08 | G97: =G13 -> 0.075 | H97: =H13 -> 0.08 | I97: =I13 -> 0.08 | ... M97: =M13 -> 0.11 | N97: =SUM(B97:M97) -> 1
A98: Capacidad libre hasta L | B98: 0 | C98: =MAX(0,$B$83-C97) -> 0.01 | D98: =MAX(0,$B$83-D97) -> 0.005 | E98: =MAX(0,$B$83-E97) -> 0.005 | F98: =MAX(0,$B$83-F97) -> 0.01 | G98: =MAX(0,$B$83-G97) -> 0.015 | H98: =MAX(0,$B$83-H97) -> 0.01 | I98: =MAX(0,$B$83-I97) -> 0.01 | J98: =MAX(0,$B$83-J97) -> 0.01 | ... L98: =MAX(0,$B$83-L97) -> 0.02 | M98: 0 | N98: =SUM(B98:M98) -> 0.11
A99: Sobrestock fabricado | B99: 0 | C99: =MIN(C98,MAX(0,$E$87-SUM(D98:L98))) -> 0 | D99: =MIN(D98,MAX(0,$E$87-SUM(E98:L98))) -> 0 | E99: =MIN(E98,MAX(0,$E$87-SUM(F98:L98))) -> 0 | F99: =MIN(F98,MAX(0,$E$87-SUM(G98:L98))) -> 0 | G99: =MIN(G98,MAX(0,$E$87-SUM(H98:L98))) -> 0 | H99: =MIN(H98,MAX(0,$E$87-SUM(I98:L98))) -> 0 | I99: =MIN(I98,MAX(0,$E$87-SUM(J98:L98))) -> 0 | J99: =MIN(J98,MAX(0,$E$87-SUM(K98:L98))) -> 0 | K99: =MIN(K98,MAX(0,$E$87-SUM(L98))) -> 0.01 | L99: =MIN(L98,MAX(0,$E$87-0)) -> 0.02 | M99: 0 | N99: =SUM(B99:M99) -> 0.03
A100: PRODUCCIÓN (% del año) | B100: =MIN(B97,$B$83) -> 0.09 | C100: =C97+C99 -> 0.08 | D100: =D97+D99 -> 0.085 | E100: =E97+E99 -> 0.085 | F100: =F97+F99 -> 0.08 | G100: =G97+G99 -> 0.075 | H100: =H97+H99 -> 0.08 | I100: =I97+I99 -> 0.08 | J100: =J97+J99 -> 0.08 | ... L100: =L97+L99 -> 0.09 | M100: =MIN(M97,$B$83) -> 0.09 | N100: =SUM(B100:M100) -> 1
A101: Modelo 5 kg | B101: Ene | C101: Feb | D101: Mar | E101: Abr | F101: May | G101: Jun | H101: Jul | I101: Ago | J101: Sep | K101: Oct | L101: Nov | M101: Dic | N101: Total
A102: Demanda (% del año) | B102: =B14 -> 0.1 | C102: =C14 -> 0.08 | D102: =D14 -> 0.085 | E102: =E14 -> 0.085 | F102: =F14 -> 0.08 | G102: =G14 -> 0.075 | H102: =H14 -> 0.08 | I102: =I14 -> 0.08 | ... M102: =M14 -> 0.11 | N102: =SUM(B102:M102) -> 1
A103: Capacidad libre hasta L | B103: 0 | C103: =MAX(0,$B$83-C102) -> 0.01 | D103: =MAX(0,$B$83-D102) -> 0.005 | E103: =MAX(0,$B$83-E102) -> 0.005 | F103: =MAX(0,$B$83-F102) -> 0.01 | G103: =MAX(0,$B$83-G102) -> 0.015 | H103: =MAX(0,$B$83-H102) -> 0.01 | I103: =MAX(0,$B$83-I102) -> 0.01 | J103: =MAX(0,$B$83-J102) -> 0.01 | ... L103: =MAX(0,$B$83-L102) -> 0.02 | M103: 0 | N103: =SUM(B103:M103) -> 0.11
A104: Sobrestock fabricado | B104: 0 | C104: =MIN(C103,MAX(0,$E$88-SUM(D103:L103))) -> 0 | D104: =MIN(D103,MAX(0,$E$88-SUM(E103:L103))) -> 0 | E104: =MIN(E103,MAX(0,$E$88-SUM(F103:L103))) -> 0 | F104: =MIN(F103,MAX(0,$E$88-SUM(G103:L103))) -> 0 | G104: =MIN(G103,MAX(0,$E$88-SUM(H103:L103))) -> 0 | H104: =MIN(H103,MAX(0,$E$88-SUM(I103:L103))) -> 0 | I104: =MIN(I103,MAX(0,$E$88-SUM(J103:L103))) -> 0 | J104: =MIN(J103,MAX(0,$E$88-SUM(K103:L103))) -> 0 | K104: =MIN(K103,MAX(0,$E$88-SUM(L103))) -> 0.01 | L104: =MIN(L103,MAX(0,$E$88-0)) -> 0.02 | M104: 0 | N104: =SUM(B104:M104) -> 0.03
A105: PRODUCCIÓN (% del año) | B105: =MIN(B102,$B$83) -> 0.09 | C105: =C102+C104 -> 0.08 | D105: =D102+D104 -> 0.085 | E105: =E102+E104 -> 0.085 | F105: =F102+F104 -> 0.08 | G105: =G102+G104 -> 0.075 | H105: =H102+H104 -> 0.08 | I105: =I102+I104 -> 0.08 | J105: =J102+J104 -> 0.08 | ... L105: =L102+L104 -> 0.09 | M105: =MIN(M102,$B$83) -> 0.09 | N105: =SUM(B105:M105) -> 1
A106: Modelo 10 kg | B106: Ene | C106: Feb | D106: Mar | E106: Abr | F106: May | G106: Jun | H106: Jul | I106: Ago | J106: Sep | K106: Oct | L106: Nov | M106: Dic | N106: Total
A107: Demanda (% del año) | B107: =B15 -> 0.1 | C107: =C15 -> 0.08 | D107: =D15 -> 0.085 | E107: =E15 -> 0.085 | F107: =F15 -> 0.08 | G107: =G15 -> 0.075 | H107: =H15 -> 0.08 | I107: =I15 -> 0.08 | ... M107: =M15 -> 0.11 | N107: =SUM(B107:M107) -> 1
A108: Capacidad libre hasta L | B108: 0 | C108: =MAX(0,$B$83-C107) -> 0.01 | D108: =MAX(0,$B$83-D107) -> 0.005 | E108: =MAX(0,$B$83-E107) -> 0.005 | F108: =MAX(0,$B$83-F107) -> 0.01 | G108: =MAX(0,$B$83-G107) -> 0.015 | H108: =MAX(0,$B$83-H107) -> 0.01 | I108: =MAX(0,$B$83-I107) -> 0.01 | J108: =MAX(0,$B$83-J107) -> 0.01 | ... L108: =MAX(0,$B$83-L107) -> 0.02 | M108: 0 | N108: =SUM(B108:M108) -> 0.11
A109: Sobrestock fabricado | B109: 0 | C109: =MIN(C108,MAX(0,$E$89-SUM(D108:L108))) -> 0 | D109: =MIN(D108,MAX(0,$E$89-SUM(E108:L108))) -> 0 | E109: =MIN(E108,MAX(0,$E$89-SUM(F108:L108))) -> 0 | F109: =MIN(F108,MAX(0,$E$89-SUM(G108:L108))) -> 0 | G109: =MIN(G108,MAX(0,$E$89-SUM(H108:L108))) -> 0 | H109: =MIN(H108,MAX(0,$E$89-SUM(I108:L108))) -> 0 | I109: =MIN(I108,MAX(0,$E$89-SUM(J108:L108))) -> 0 | J109: =MIN(J108,MAX(0,$E$89-SUM(K108:L108))) -> 0 | K109: =MIN(K108,MAX(0,$E$89-SUM(L108))) -> 0.01 | L109: =MIN(L108,MAX(0,$E$89-0)) -> 0.02 | M109: 0 | N109: =SUM(B109:M109) -> 0.03
A110: PRODUCCIÓN (% del año) | B110: =MIN(B107,$B$83) -> 0.09 | C110: =C107+C109 -> 0.08 | D110: =D107+D109 -> 0.085 | E110: =E107+E109 -> 0.085 | F110: =F107+F109 -> 0.08 | G110: =G107+G109 -> 0.075 | H110: =H107+H109 -> 0.08 | I110: =I107+I109 -> 0.08 | J110: =J107+J109 -> 0.08 | ... L110: =L107+L109 -> 0.09 | M110: =MIN(M107,$B$83) -> 0.09 | N110: =SUM(B110:M110) -> 1
A112: Control: la fila PRODUCCIÓN suma 100 %, porque el stock de enero que se fabrica en oct–nov reemplaza al que se recibió del año anterior. En 2026, el primer año, no hay stock previo para enero.

Sheet Plan mensual
A1: 2026 | B1: Producto | C1: Tipo | D1: Ene | E1: Feb | F1: Mar | G1: Abr | H1: May | I1: Jun | J1: Jul | K1: Ago | L1: Sep | M1: Oct | N1: Nov | O1: Dic | P1: Total anual
A2: 2026 | B2: ABC 1 kg | C2: Terminado | D2: =(datos_base!$B$2+datos_base!$B$18)*parametros_manuales!B$12 -> 501.44839 | E2: =(datos_base!$B$2+datos_base!$B$18)*parametros_manuales!C$12 -> 376.08629 | F2: =(datos_base!$B$2+datos_base!$B$18)*parametros_manuales!D$12 -> 334.29892 | G2: =(datos_base!$B$2+datos_base!$B$18)*parametros_manuales!E$12 -> 313.40524 | H2: =(datos_base!$B$2+datos_base!$B$18)*parametros_manuales!F$12 -> 292.51156 | I2: =(datos_base!$B$2+datos_base!$B$18)*parametros_manuales!G$12 -> 292.51156 | J2: =(datos_base!$B$2+datos_base!$B$18)*parametros_manuales!H$12 -> 313.40524 | K2: =(datos_base!$B$2+datos_base!$B$18)*parametros_manuales!I$12 -> 313.40524 | ... O2: =(datos_base!$B$2+datos_base!$B$18)*parametros_manuales!M$12 -> 501.44839 | P2: =SUM(D2:O2) -> 4178.7365
A3: 2026 | B3: ABC 2,5 kg | C3: Terminado | D3: =(datos_base!$B$3+datos_base!$B$19)*parametros_manuales!B$13 -> 29.803036 | E3: =(datos_base!$B$3+datos_base!$B$19)*parametros_manuales!C$13 -> 23.842429 | F3: =(datos_base!$B$3+datos_base!$B$19)*parametros_manuales!D$13 -> 25.33258 | G3: =(datos_base!$B$3+datos_base!$B$19)*parametros_manuales!E$13 -> 25.33258 | H3: =(datos_base!$B$3+datos_base!$B$19)*parametros_manuales!F$13 -> 23.842429 | I3: =(datos_base!$B$3+datos_base!$B$19)*parametros_manuales!G$13 -> 22.352277 | J3: =(datos_base!$B$3+datos_base!$B$19)*parametros_manuales!H$13 -> 23.842429 | K3: =(datos_base!$B$3+datos_base!$B$19)*parametros_manuales!I$13 -> 23.842429 | ... O3: =(datos_base!$B$3+datos_base!$B$19)*parametros_manuales!M$13 -> 32.783339 | P3: =SUM(D3:O3) -> 298.03036
A4: 2026 | B4: ABC 5 kg | C4: Terminado | D4: =(datos_base!$B$4+datos_base!$B$20)*parametros_manuales!B$14 -> 226.6773 | E4: =(datos_base!$B$4+datos_base!$B$20)*parametros_manuales!C$14 -> 181.34184 | F4: =(datos_base!$B$4+datos_base!$B$20)*parametros_manuales!D$14 -> 192.67571 | G4: =(datos_base!$B$4+datos_base!$B$20)*parametros_manuales!E$14 -> 192.67571 | H4: =(datos_base!$B$4+datos_base!$B$20)*parametros_manuales!F$14 -> 181.34184 | I4: =(datos_base!$B$4+datos_base!$B$20)*parametros_manuales!G$14 -> 170.00798 | J4: =(datos_base!$B$4+datos_base!$B$20)*parametros_manuales!H$14 -> 181.34184 | K4: =(datos_base!$B$4+datos_base!$B$20)*parametros_manuales!I$14 -> 181.34184 | ... O4: =(datos_base!$B$4+datos_base!$B$20)*parametros_manuales!M$14 -> 249.34503 | P4: =SUM(D4:O4) -> 2266.773
A5: 2026 | B5: ABC 10 kg | C5: Terminado | D5: =(datos_base!$B$5+datos_base!$B$21)*parametros_manuales!B$15 -> 9.2833182 | E5: =(datos_base!$B$5+datos_base!$B$21)*parametros_manuales!C$15 -> 7.4266545 | F5: =(datos_base!$B$5+datos_base!$B$21)*parametros_manuales!D$15 -> 7.8908204 | G5: =(datos_base!$B$5+datos_base!$B$21)*parametros_manuales!E$15 -> 7.8908204 | H5: =(datos_base!$B$5+datos_base!$B$21)*parametros_manuales!F$15 -> 7.4266545 | I5: =(datos_base!$B$5+datos_base!$B$21)*parametros_manuales!G$15 -> 6.9624886 | J5: =(datos_base!$B$5+datos_base!$B$21)*parametros_manuales!H$15 -> 7.4266545 | K5: =(datos_base!$B$5+datos_base!$B$21)*parametros_manuales!I$15 -> 7.4266545 | ... O5: =(datos_base!$B$5+datos_base!$B$21)*parametros_manuales!M$15 -> 10.21165 | P5: =SUM(D5:O5) -> 92.833182
A6: 2026 | B6: Cilindros ABC 1 kg | C6: Cilindro | D6: =(datos_base!$B$9+datos_base!$B$23)*parametros_manuales!B$12 -> 0 | E6: =(datos_base!$B$9+datos_base!$B$23)*parametros_manuales!C$12 -> 0 | F6: =(datos_base!$B$9+datos_base!$B$23)*parametros_manuales!D$12 -> 0 | G6: =(datos_base!$B$9+datos_base!$B$23)*parametros_manuales!E$12 -> 0 | H6: =(datos_base!$B$9+datos_base!$B$23)*parametros_manuales!F$12 -> 0 | I6: =(datos_base!$B$9+datos_base!$B$23)*parametros_manuales!G$12 -> 0 | J6: =(datos_base!$B$9+datos_base!$B$23)*parametros_manuales!H$12 -> 0 | K6: =(datos_base!$B$9+datos_base!$B$23)*parametros_manuales!I$12 -> 0 | ... O6: =(datos_base!$B$9+datos_base!$B$23)*parametros_manuales!M$12 -> 0 | P6: =SUM(D6:O6) -> 0
A7: 2026 | B7: Cilindros ABC 2,5 kg | C7: Cilindro | D7: =(datos_base!$B$10+datos_base!$B$24)*parametros_manuales!B$13 -> 0.4 | E7: =(datos_base!$B$10+datos_base!$B$24)*parametros_manuales!C$13 -> 0.32 | F7: =(datos_base!$B$10+datos_base!$B$24)*parametros_manuales!D$13 -> 0.34 | G7: =(datos_base!$B$10+datos_base!$B$24)*parametros_manuales!E$13 -> 0.34 | H7: =(datos_base!$B$10+datos_base!$B$24)*parametros_manuales!F$13 -> 0.32 | I7: =(datos_base!$B$10+datos_base!$B$24)*parametros_manuales!G$13 -> 0.3 | J7: =(datos_base!$B$10+datos_base!$B$24)*parametros_manuales!H$13 -> 0.32 | K7: =(datos_base!$B$10+datos_base!$B$24)*parametros_manuales!I$13 -> 0.32 | ... O7: =(datos_base!$B$10+datos_base!$B$24)*parametros_manuales!M$13 -> 0.44 | P7: =SUM(D7:O7) -> 4
A8: 2026 | B8: Cilindros ABC 5 kg | C8: Cilindro | D8: =(datos_base!$B$11+datos_base!$B$25)*parametros_manuales!B$14 -> 2 | E8: =(datos_base!$B$11+datos_base!$B$25)*parametros_manuales!C$14 -> 1.6 | F8: =(datos_base!$B$11+datos_base!$B$25)*parametros_manuales!D$14 -> 1.7 | G8: =(datos_base!$B$11+datos_base!$B$25)*parametros_manuales!E$14 -> 1.7 | H8: =(datos_base!$B$11+datos_base!$B$25)*parametros_manuales!F$14 -> 1.6 | I8: =(datos_base!$B$11+datos_base!$B$25)*parametros_manuales!G$14 -> 1.5 | J8: =(datos_base!$B$11+datos_base!$B$25)*parametros_manuales!H$14 -> 1.6 | K8: =(datos_base!$B$11+datos_base!$B$25)*parametros_manuales!I$14 -> 1.6 | ... O8: =(datos_base!$B$11+datos_base!$B$25)*parametros_manuales!M$14 -> 2.2 | P8: =SUM(D8:O8) -> 20
A9: 2026 | B9: Cilindros ABC 10 kg | C9: Cilindro | D9: =(datos_base!$B$12+datos_base!$B$26)*parametros_manuales!B$15 -> 0.2 | E9: =(datos_base!$B$12+datos_base!$B$26)*parametros_manuales!C$15 -> 0.16 | F9: =(datos_base!$B$12+datos_base!$B$26)*parametros_manuales!D$15 -> 0.17 | G9: =(datos_base!$B$12+datos_base!$B$26)*parametros_manuales!E$15 -> 0.17 | H9: =(datos_base!$B$12+datos_base!$B$26)*parametros_manuales!F$15 -> 0.16 | I9: =(datos_base!$B$12+datos_base!$B$26)*parametros_manuales!G$15 -> 0.15 | J9: =(datos_base!$B$12+datos_base!$B$26)*parametros_manuales!H$15 -> 0.16 | K9: =(datos_base!$B$12+datos_base!$B$26)*parametros_manuales!I$15 -> 0.16 | ... O9: =(datos_base!$B$12+datos_base!$B$26)*parametros_manuales!M$15 -> 0.22 | P9: =SUM(D9:O9) -> 2
B10: Total recipientes | D10: =SUM(D2:D9) -> 769.81204 | E10: =SUM(E2:E9) -> 590.77721 | F10: =SUM(F2:F9) -> 562.40803 | G10: =SUM(G2:G9) -> 541.51435 | H10: =SUM(H2:H9) -> 507.20248 | I10: =SUM(I2:I9) -> 493.7843 | J10: =SUM(J2:J9) -> 528.09617 | K10: =SUM(K2:K9) -> 528.09617 | ... P10: =SUM(P2:P9) -> 6862.3731
A12: 2027 | B12: Producto | C12: Tipo | D12: Ene | E12: Feb | F12: Mar | G12: Abr | H12: May | I12: Jun | J12: Jul | K12: Ago | L12: Sep | M12: Oct | N12: Nov | O12: Dic | P12: Total anual
A13: 2027 | B13: ABC 1 kg | C13: Terminado | D13: =(datos_base!$C$2+datos_base!$C$18)*parametros_manuales!B$12 -> 719.67648 | E13: =(datos_base!$C$2+datos_base!$C$18)*parametros_manuales!C$12 -> 539.75736 | F13: =(datos_base!$C$2+datos_base!$C$18)*parametros_manuales!D$12 -> 479.78432 | G13: =(datos_base!$C$2+datos_base!$C$18)*parametros_manuales!E$12 -> 449.7978 | H13: =(datos_base!$C$2+datos_base!$C$18)*parametros_manuales!F$12 -> 419.81128 | I13: =(datos_base!$C$2+datos_base!$C$18)*parametros_manuales!G$12 -> 419.81128 | J13: =(datos_base!$C$2+datos_base!$C$18)*parametros_manuales!H$12 -> 449.7978 | K13: =(datos_base!$C$2+datos_base!$C$18)*parametros_manuales!I$12 -> 449.7978 | ... O13: =(datos_base!$C$2+datos_base!$C$18)*parametros_manuales!M$12 -> 719.67648 | P13: =SUM(D13:O13) -> 5997.304
A14: 2027 | B14: ABC 2,5 kg | C14: Terminado | D14: =(datos_base!$C$3+datos_base!$C$19)*parametros_manuales!B$13 -> 71.596745 | E14: =(datos_base!$C$3+datos_base!$C$19)*parametros_manuales!C$13 -> 57.277396 | F14: =(datos_base!$C$3+datos_base!$C$19)*parametros_manuales!D$13 -> 60.857233 | G14: =(datos_base!$C$3+datos_base!$C$19)*parametros_manuales!E$13 -> 60.857233 | H14: =(datos_base!$C$3+datos_base!$C$19)*parametros_manuales!F$13 -> 57.277396 | I14: =(datos_base!$C$3+datos_base!$C$19)*parametros_manuales!G$13 -> 53.697559 | J14: =(datos_base!$C$3+datos_base!$C$19)*parametros_manuales!H$13 -> 57.277396 | K14: =(datos_base!$C$3+datos_base!$C$19)*parametros_manuales!I$13 -> 57.277396 | ... O14: =(datos_base!$C$3+datos_base!$C$19)*parametros_manuales!M$13 -> 78.75642 | P14: =SUM(D14:O14) -> 715.96745
A15: 2027 | B15: ABC 5 kg | C15: Terminado | D15: =(datos_base!$C$4+datos_base!$C$20)*parametros_manuales!B$14 -> 388.08589 | E15: =(datos_base!$C$4+datos_base!$C$20)*parametros_manuales!C$14 -> 310.46871 | F15: =(datos_base!$C$4+datos_base!$C$20)*parametros_manuales!D$14 -> 329.873 | G15: =(datos_base!$C$4+datos_base!$C$20)*parametros_manuales!E$14 -> 329.873 | H15: =(datos_base!$C$4+datos_base!$C$20)*parametros_manuales!F$14 -> 310.46871 | I15: =(datos_base!$C$4+datos_base!$C$20)*parametros_manuales!G$14 -> 291.06442 | J15: =(datos_base!$C$4+datos_base!$C$20)*parametros_manuales!H$14 -> 310.46871 | K15: =(datos_base!$C$4+datos_base!$C$20)*parametros_manuales!I$14 -> 310.46871 | ... O15: =(datos_base!$C$4+datos_base!$C$20)*parametros_manuales!M$14 -> 426.89448 | P15: =SUM(D15:O15) -> 3880.8589
A16: 2027 | B16: ABC 10 kg | C16: Terminado | D16: =(datos_base!$C$5+datos_base!$C$21)*parametros_manuales!B$15 -> 18.03273 | E16: =(datos_base!$C$5+datos_base!$C$21)*parametros_manuales!C$15 -> 14.426184 | F16: =(datos_base!$C$5+datos_base!$C$21)*parametros_manuales!D$15 -> 15.32782 | G16: =(datos_base!$C$5+datos_base!$C$21)*parametros_manuales!E$15 -> 15.32782 | H16: =(datos_base!$C$5+datos_base!$C$21)*parametros_manuales!F$15 -> 14.426184 | I16: =(datos_base!$C$5+datos_base!$C$21)*parametros_manuales!G$15 -> 13.524547 | J16: =(datos_base!$C$5+datos_base!$C$21)*parametros_manuales!H$15 -> 14.426184 | K16: =(datos_base!$C$5+datos_base!$C$21)*parametros_manuales!I$15 -> 14.426184 | ... O16: =(datos_base!$C$5+datos_base!$C$21)*parametros_manuales!M$15 -> 19.836003 | P16: =SUM(D16:O16) -> 180.3273
A17: 2027 | B17: Cilindros ABC 1 kg | C17: Cilindro | D17: =(datos_base!$C$9+datos_base!$C$23)*parametros_manuales!B$12 -> 0 | E17: =(datos_base!$C$9+datos_base!$C$23)*parametros_manuales!C$12 -> 0 | F17: =(datos_base!$C$9+datos_base!$C$23)*parametros_manuales!D$12 -> 0 | G17: =(datos_base!$C$9+datos_base!$C$23)*parametros_manuales!E$12 -> 0 | H17: =(datos_base!$C$9+datos_base!$C$23)*parametros_manuales!F$12 -> 0 | I17: =(datos_base!$C$9+datos_base!$C$23)*parametros_manuales!G$12 -> 0 | J17: =(datos_base!$C$9+datos_base!$C$23)*parametros_manuales!H$12 -> 0 | K17: =(datos_base!$C$9+datos_base!$C$23)*parametros_manuales!I$12 -> 0 | ... O17: =(datos_base!$C$9+datos_base!$C$23)*parametros_manuales!M$12 -> 0 | P17: =SUM(D17:O17) -> 0
A18: 2027 | B18: Cilindros ABC 2,5 kg | C18: Cilindro | D18: =(datos_base!$C$10+datos_base!$C$24)*parametros_manuales!B$13 -> 1.132 | E18: =(datos_base!$C$10+datos_base!$C$24)*parametros_manuales!C$13 -> 0.9056 | F18: =(datos_base!$C$10+datos_base!$C$24)*parametros_manuales!D$13 -> 0.9622 | G18: =(datos_base!$C$10+datos_base!$C$24)*parametros_manuales!E$13 -> 0.9622 | H18: =(datos_base!$C$10+datos_base!$C$24)*parametros_manuales!F$13 -> 0.9056 | I18: =(datos_base!$C$10+datos_base!$C$24)*parametros_manuales!G$13 -> 0.849 | J18: =(datos_base!$C$10+datos_base!$C$24)*parametros_manuales!H$13 -> 0.9056 | K18: =(datos_base!$C$10+datos_base!$C$24)*parametros_manuales!I$13 -> 0.9056 | ... O18: =(datos_base!$C$10+datos_base!$C$24)*parametros_manuales!M$13 -> 1.2452 | P18: =SUM(D18:O18) -> 11.32
A19: 2027 | B19: Cilindros ABC 5 kg | C19: Cilindro | D19: =(datos_base!$C$11+datos_base!$C$25)*parametros_manuales!B$14 -> 5.96 | E19: =(datos_base!$C$11+datos_base!$C$25)*parametros_manuales!C$14 -> 4.768 | F19: =(datos_base!$C$11+datos_base!$C$25)*parametros_manuales!D$14 -> 5.066 | G19: =(datos_base!$C$11+datos_base!$C$25)*parametros_manuales!E$14 -> 5.066 | H19: =(datos_base!$C$11+datos_base!$C$25)*parametros_manuales!F$14 -> 4.768 | I19: =(datos_base!$C$11+datos_base!$C$25)*parametros_manuales!G$14 -> 4.47 | J19: =(datos_base!$C$11+datos_base!$C$25)*parametros_manuales!H$14 -> 4.768 | K19: =(datos_base!$C$11+datos_base!$C$25)*parametros_manuales!I$14 -> 4.768 | ... O19: =(datos_base!$C$11+datos_base!$C$25)*parametros_manuales!M$14 -> 6.556 | P19: =SUM(D19:O19) -> 59.6
A20: 2027 | B20: Cilindros ABC 10 kg | C20: Cilindro | D20: =(datos_base!$C$12+datos_base!$C$26)*parametros_manuales!B$15 -> 0.416 | E20: =(datos_base!$C$12+datos_base!$C$26)*parametros_manuales!C$15 -> 0.3328 | F20: =(datos_base!$C$12+datos_base!$C$26)*parametros_manuales!D$15 -> 0.3536 | G20: =(datos_base!$C$12+datos_base!$C$26)*parametros_manuales!E$15 -> 0.3536 | H20: =(datos_base!$C$12+datos_base!$C$26)*parametros_manuales!F$15 -> 0.3328 | I20: =(datos_base!$C$12+datos_base!$C$26)*parametros_manuales!G$15 -> 0.312 | J20: =(datos_base!$C$12+datos_base!$C$26)*parametros_manuales!H$15 -> 0.3328 | K20: =(datos_base!$C$12+datos_base!$C$26)*parametros_manuales!I$15 -> 0.3328 | ... O20: =(datos_base!$C$12+datos_base!$C$26)*parametros_manuales!M$15 -> 0.4576 | P20: =SUM(D20:O20) -> 4.16
B21: Total recipientes | D21: =SUM(D13:D20) -> 1204.8998 | E21: =SUM(E13:E20) -> 927.93605 | F21: =SUM(F13:F20) -> 892.22418 | G21: =SUM(G13:G20) -> 862.23766 | H21: =SUM(H13:H20) -> 807.98997 | I21: =SUM(I13:I20) -> 783.7288 | J21: =SUM(J13:J20) -> 837.97649 | K21: =SUM(K13:K20) -> 837.97649 | ... P21: =SUM(P13:P20) -> 10849.538
A23: 2028 | B23: Producto | C23: Tipo | D23: Ene | E23: Feb | F23: Mar | G23: Abr | H23: May | I23: Jun | J23: Jul | K23: Ago | L23: Sep | M23: Oct | N23: Nov | O23: Dic | P23: Total anual
A24: 2028 | B24: ABC 1 kg | C24: Terminado | D24: =(datos_base!$D$2+datos_base!$D$18)*parametros_manuales!B$12 -> 822.20973 | E24: =(datos_base!$D$2+datos_base!$D$18)*parametros_manuales!C$12 -> 616.6573 | F24: =(datos_base!$D$2+datos_base!$D$18)*parametros_manuales!D$12 -> 548.13982 | G24: =(datos_base!$D$2+datos_base!$D$18)*parametros_manuales!E$12 -> 513.88108 | H24: =(datos_base!$D$2+datos_base!$D$18)*parametros_manuales!F$12 -> 479.62234 | I24: =(datos_base!$D$2+datos_base!$D$18)*parametros_manuales!G$12 -> 479.62234 | J24: =(datos_base!$D$2+datos_base!$D$18)*parametros_manuales!H$12 -> 513.88108 | K24: =(datos_base!$D$2+datos_base!$D$18)*parametros_manuales!I$12 -> 513.88108 | ... O24: =(datos_base!$D$2+datos_base!$D$18)*parametros_manuales!M$12 -> 822.20973 | P24: =SUM(D24:O24) -> 6851.7478
A25: 2028 | B25: ABC 2,5 kg | C25: Terminado | D25: =(datos_base!$D$3+datos_base!$D$19)*parametros_manuales!B$13 -> 99.758806 | E25: =(datos_base!$D$3+datos_base!$D$19)*parametros_manuales!C$13 -> 79.807045 | F25: =(datos_base!$D$3+datos_base!$D$19)*parametros_manuales!D$13 -> 84.794985 | G25: =(datos_base!$D$3+datos_base!$D$19)*parametros_manuales!E$13 -> 84.794985 | H25: =(datos_base!$D$3+datos_base!$D$19)*parametros_manuales!F$13 -> 79.807045 | I25: =(datos_base!$D$3+datos_base!$D$19)*parametros_manuales!G$13 -> 74.819104 | J25: =(datos_base!$D$3+datos_base!$D$19)*parametros_manuales!H$13 -> 79.807045 | K25: =(datos_base!$D$3+datos_base!$D$19)*parametros_manuales!I$13 -> 79.807045 | ... O25: =(datos_base!$D$3+datos_base!$D$19)*parametros_manuales!M$13 -> 109.73469 | P25: =SUM(D25:O25) -> 997.58806
A26: 2028 | B26: ABC 5 kg | C26: Terminado | D26: =(datos_base!$D$4+datos_base!$D$20)*parametros_manuales!B$14 -> 515.10576 | E26: =(datos_base!$D$4+datos_base!$D$20)*parametros_manuales!C$14 -> 412.08461 | F26: =(datos_base!$D$4+datos_base!$D$20)*parametros_manuales!D$14 -> 437.8399 | G26: =(datos_base!$D$4+datos_base!$D$20)*parametros_manuales!E$14 -> 437.8399 | H26: =(datos_base!$D$4+datos_base!$D$20)*parametros_manuales!F$14 -> 412.08461 | I26: =(datos_base!$D$4+datos_base!$D$20)*parametros_manuales!G$14 -> 386.32932 | J26: =(datos_base!$D$4+datos_base!$D$20)*parametros_manuales!H$14 -> 412.08461 | K26: =(datos_base!$D$4+datos_base!$D$20)*parametros_manuales!I$14 -> 412.08461 | ... O26: =(datos_base!$D$4+datos_base!$D$20)*parametros_manuales!M$14 -> 566.61634 | P26: =SUM(D26:O26) -> 5151.0576
A27: 2028 | B27: ABC 10 kg | C27: Terminado | D27: =(datos_base!$D$5+datos_base!$D$21)*parametros_manuales!B$15 -> 25.729878 | E27: =(datos_base!$D$5+datos_base!$D$21)*parametros_manuales!C$15 -> 20.583902 | F27: =(datos_base!$D$5+datos_base!$D$21)*parametros_manuales!D$15 -> 21.870396 | G27: =(datos_base!$D$5+datos_base!$D$21)*parametros_manuales!E$15 -> 21.870396 | H27: =(datos_base!$D$5+datos_base!$D$21)*parametros_manuales!F$15 -> 20.583902 | I27: =(datos_base!$D$5+datos_base!$D$21)*parametros_manuales!G$15 -> 19.297408 | J27: =(datos_base!$D$5+datos_base!$D$21)*parametros_manuales!H$15 -> 20.583902 | K27: =(datos_base!$D$5+datos_base!$D$21)*parametros_manuales!I$15 -> 20.583902 | ... O27: =(datos_base!$D$5+datos_base!$D$21)*parametros_manuales!M$15 -> 28.302866 | P27: =SUM(D27:O27) -> 257.29878
A28: 2028 | B28: Cilindros ABC 1 kg | C28: Cilindro | D28: =(datos_base!$D$9+datos_base!$D$23)*parametros_manuales!B$12 -> 919.488 | E28: =(datos_base!$D$9+datos_base!$D$23)*parametros_manuales!C$12 -> 689.616 | F28: =(datos_base!$D$9+datos_base!$D$23)*parametros_manuales!D$12 -> 612.992 | G28: =(datos_base!$D$9+datos_base!$D$23)*parametros_manuales!E$12 -> 574.68 | H28: =(datos_base!$D$9+datos_base!$D$23)*parametros_manuales!F$12 -> 536.368 | I28: =(datos_base!$D$9+datos_base!$D$23)*parametros_manuales!G$12 -> 536.368 | J28: =(datos_base!$D$9+datos_base!$D$23)*parametros_manuales!H$12 -> 574.68 | K28: =(datos_base!$D$9+datos_base!$D$23)*parametros_manuales!I$12 -> 574.68 | ... O28: =(datos_base!$D$9+datos_base!$D$23)*parametros_manuales!M$12 -> 919.488 | P28: =SUM(D28:O28) -> 7662.4
A29: 2028 | B29: Cilindros ABC 2,5 kg | C29: Cilindro | D29: =(datos_base!$D$10+datos_base!$D$24)*parametros_manuales!B$13 -> 31.98 | E29: =(datos_base!$D$10+datos_base!$D$24)*parametros_manuales!C$13 -> 25.584 | F29: =(datos_base!$D$10+datos_base!$D$24)*parametros_manuales!D$13 -> 27.183 | G29: =(datos_base!$D$10+datos_base!$D$24)*parametros_manuales!E$13 -> 27.183 | H29: =(datos_base!$D$10+datos_base!$D$24)*parametros_manuales!F$13 -> 25.584 | I29: =(datos_base!$D$10+datos_base!$D$24)*parametros_manuales!G$13 -> 23.985 | J29: =(datos_base!$D$10+datos_base!$D$24)*parametros_manuales!H$13 -> 25.584 | K29: =(datos_base!$D$10+datos_base!$D$24)*parametros_manuales!I$13 -> 25.584 | ... O29: =(datos_base!$D$10+datos_base!$D$24)*parametros_manuales!M$13 -> 35.178 | P29: =SUM(D29:O29) -> 319.8
A30: 2028 | B30: Cilindros ABC 5 kg | C30: Cilindro | D30: =(datos_base!$D$11+datos_base!$D$25)*parametros_manuales!B$14 -> 158.204 | E30: =(datos_base!$D$11+datos_base!$D$25)*parametros_manuales!C$14 -> 126.5632 | F30: =(datos_base!$D$11+datos_base!$D$25)*parametros_manuales!D$14 -> 134.4734 | G30: =(datos_base!$D$11+datos_base!$D$25)*parametros_manuales!E$14 -> 134.4734 | H30: =(datos_base!$D$11+datos_base!$D$25)*parametros_manuales!F$14 -> 126.5632 | I30: =(datos_base!$D$11+datos_base!$D$25)*parametros_manuales!G$14 -> 118.653 | J30: =(datos_base!$D$11+datos_base!$D$25)*parametros_manuales!H$14 -> 126.5632 | K30: =(datos_base!$D$11+datos_base!$D$25)*parametros_manuales!I$14 -> 126.5632 | ... O30: =(datos_base!$D$11+datos_base!$D$25)*parametros_manuales!M$14 -> 174.0244 | P30: =SUM(D30:O30) -> 1582.04
A31: 2028 | B31: Cilindros ABC 10 kg | C31: Cilindro | D31: =(datos_base!$D$12+datos_base!$D$26)*parametros_manuales!B$15 -> 9.888 | E31: =(datos_base!$D$12+datos_base!$D$26)*parametros_manuales!C$15 -> 7.9104 | F31: =(datos_base!$D$12+datos_base!$D$26)*parametros_manuales!D$15 -> 8.4048 | G31: =(datos_base!$D$12+datos_base!$D$26)*parametros_manuales!E$15 -> 8.4048 | H31: =(datos_base!$D$12+datos_base!$D$26)*parametros_manuales!F$15 -> 7.9104 | I31: =(datos_base!$D$12+datos_base!$D$26)*parametros_manuales!G$15 -> 7.416 | J31: =(datos_base!$D$12+datos_base!$D$26)*parametros_manuales!H$15 -> 7.9104 | K31: =(datos_base!$D$12+datos_base!$D$26)*parametros_manuales!I$15 -> 7.9104 | ... O31: =(datos_base!$D$12+datos_base!$D$26)*parametros_manuales!M$15 -> 10.8768 | P31: =SUM(D31:O31) -> 98.88
B32: Total recipientes | D32: =SUM(D24:D31) -> 2582.3642 | E32: =SUM(E24:E31) -> 1978.8065 | F32: =SUM(F24:F31) -> 1875.6983 | G32: =SUM(G24:G31) -> 1803.1276 | H32: =SUM(H24:H31) -> 1688.5235 | I32: =SUM(I24:I31) -> 1646.4902 | J32: =SUM(J24:J31) -> 1761.0942 | K32: =SUM(K24:K31) -> 1761.0942 | ... P32: =SUM(P24:P31) -> 22920.812
A34: 2029 | B34: Producto | C34: Tipo | D34: Ene | E34: Feb | F34: Mar | G34: Abr | H34: May | I34: Jun | J34: Jul | K34: Ago | L34: Sep | M34: Oct | N34: Nov | O34: Dic | P34: Total anual
A35: 2029 | B35: ABC 1 kg | C35: Terminado | D35: =(datos_base!$E$2+datos_base!$E$18)*parametros_manuales!B$12 -> 1016.0563 | E35: =(datos_base!$E$2+datos_base!$E$18)*parametros_manuales!C$12 -> 762.0422 | F35: =(datos_base!$E$2+datos_base!$E$18)*parametros_manuales!D$12 -> 677.37084 | G35: =(datos_base!$E$2+datos_base!$E$18)*parametros_manuales!E$12 -> 635.03517 | H35: =(datos_base!$E$2+datos_base!$E$18)*parametros_manuales!F$12 -> 592.69949 | I35: =(datos_base!$E$2+datos_base!$E$18)*parametros_manuales!G$12 -> 592.69949 | J35: =(datos_base!$E$2+datos_base!$E$18)*parametros_manuales!H$12 -> 635.03517 | K35: =(datos_base!$E$2+datos_base!$E$18)*parametros_manuales!I$12 -> 635.03517 | ... O35: =(datos_base!$E$2+datos_base!$E$18)*parametros_manuales!M$12 -> 1016.0563 | P35: =SUM(D35:O35) -> 8467.1355
A36: 2029 | B36: ABC 2,5 kg | C36: Terminado | D36: =(datos_base!$E$3+datos_base!$E$19)*parametros_manuales!B$13 -> 151.81582 | E36: =(datos_base!$E$3+datos_base!$E$19)*parametros_manuales!C$13 -> 121.45265 | F36: =(datos_base!$E$3+datos_base!$E$19)*parametros_manuales!D$13 -> 129.04344 | G36: =(datos_base!$E$3+datos_base!$E$19)*parametros_manuales!E$13 -> 129.04344 | H36: =(datos_base!$E$3+datos_base!$E$19)*parametros_manuales!F$13 -> 121.45265 | I36: =(datos_base!$E$3+datos_base!$E$19)*parametros_manuales!G$13 -> 113.86186 | J36: =(datos_base!$E$3+datos_base!$E$19)*parametros_manuales!H$13 -> 121.45265 | K36: =(datos_base!$E$3+datos_base!$E$19)*parametros_manuales!I$13 -> 121.45265 | ... O36: =(datos_base!$E$3+datos_base!$E$19)*parametros_manuales!M$13 -> 166.9974 | P36: =SUM(D36:O36) -> 1518.1582
A37: 2029 | B37: ABC 5 kg | C37: Terminado | D37: =(datos_base!$E$4+datos_base!$E$20)*parametros_manuales!B$14 -> 691.89553 | E37: =(datos_base!$E$4+datos_base!$E$20)*parametros_manuales!C$14 -> 553.51643 | F37: =(datos_base!$E$4+datos_base!$E$20)*parametros_manuales!D$14 -> 588.1112 | G37: =(datos_base!$E$4+datos_base!$E$20)*parametros_manuales!E$14 -> 588.1112 | H37: =(datos_base!$E$4+datos_base!$E$20)*parametros_manuales!F$14 -> 553.51643 | I37: =(datos_base!$E$4+datos_base!$E$20)*parametros_manuales!G$14 -> 518.92165 | J37: =(datos_base!$E$4+datos_base!$E$20)*parametros_manuales!H$14 -> 553.51643 | K37: =(datos_base!$E$4+datos_base!$E$20)*parametros_manuales!I$14 -> 553.51643 | ... O37: =(datos_base!$E$4+datos_base!$E$20)*parametros_manuales!M$14 -> 761.08508 | P37: =SUM(D37:O37) -> 6918.9553
A38: 2029 | B38: ABC 10 kg | C38: Terminado | D38: =(datos_base!$E$5+datos_base!$E$21)*parametros_manuales!B$15 -> 36.566049 | E38: =(datos_base!$E$5+datos_base!$E$21)*parametros_manuales!C$15 -> 29.25284 | F38: =(datos_base!$E$5+datos_base!$E$21)*parametros_manuales!D$15 -> 31.081142 | G38: =(datos_base!$E$5+datos_base!$E$21)*parametros_manuales!E$15 -> 31.081142 | H38: =(datos_base!$E$5+datos_base!$E$21)*parametros_manuales!F$15 -> 29.25284 | I38: =(datos_base!$E$5+datos_base!$E$21)*parametros_manuales!G$15 -> 27.424537 | J38: =(datos_base!$E$5+datos_base!$E$21)*parametros_manuales!H$15 -> 29.25284 | K38: =(datos_base!$E$5+datos_base!$E$21)*parametros_manuales!I$15 -> 29.25284 | ... O38: =(datos_base!$E$5+datos_base!$E$21)*parametros_manuales!M$15 -> 40.222654 | P38: =SUM(D38:O38) -> 365.66049
A39: 2029 | B39: Cilindros ABC 1 kg | C39: Cilindro | D39: =(datos_base!$E$9+datos_base!$E$23)*parametros_manuales!B$12 -> 3203.376 | E39: =(datos_base!$E$9+datos_base!$E$23)*parametros_manuales!C$12 -> 2402.532 | F39: =(datos_base!$E$9+datos_base!$E$23)*parametros_manuales!D$12 -> 2135.584 | G39: =(datos_base!$E$9+datos_base!$E$23)*parametros_manuales!E$12 -> 2002.11 | H39: =(datos_base!$E$9+datos_base!$E$23)*parametros_manuales!F$12 -> 1868.636 | I39: =(datos_base!$E$9+datos_base!$E$23)*parametros_manuales!G$12 -> 1868.636 | J39: =(datos_base!$E$9+datos_base!$E$23)*parametros_manuales!H$12 -> 2002.11 | K39: =(datos_base!$E$9+datos_base!$E$23)*parametros_manuales!I$12 -> 2002.11 | ... O39: =(datos_base!$E$9+datos_base!$E$23)*parametros_manuales!M$12 -> 3203.376 | P39: =SUM(D39:O39) -> 26694.8
A40: 2029 | B40: Cilindros ABC 2,5 kg | C40: Cilindro | D40: =(datos_base!$E$10+datos_base!$E$24)*parametros_manuales!B$13 -> 107.452 | E40: =(datos_base!$E$10+datos_base!$E$24)*parametros_manuales!C$13 -> 85.9616 | F40: =(datos_base!$E$10+datos_base!$E$24)*parametros_manuales!D$13 -> 91.3342 | G40: =(datos_base!$E$10+datos_base!$E$24)*parametros_manuales!E$13 -> 91.3342 | H40: =(datos_base!$E$10+datos_base!$E$24)*parametros_manuales!F$13 -> 85.9616 | I40: =(datos_base!$E$10+datos_base!$E$24)*parametros_manuales!G$13 -> 80.589 | J40: =(datos_base!$E$10+datos_base!$E$24)*parametros_manuales!H$13 -> 85.9616 | K40: =(datos_base!$E$10+datos_base!$E$24)*parametros_manuales!I$13 -> 85.9616 | ... O40: =(datos_base!$E$10+datos_base!$E$24)*parametros_manuales!M$13 -> 118.1972 | P40: =SUM(D40:O40) -> 1074.52
A41: 2029 | B41: Cilindros ABC 5 kg | C41: Cilindro | D41: =(datos_base!$E$11+datos_base!$E$25)*parametros_manuales!B$14 -> 532.2 | E41: =(datos_base!$E$11+datos_base!$E$25)*parametros_manuales!C$14 -> 425.76 | F41: =(datos_base!$E$11+datos_base!$E$25)*parametros_manuales!D$14 -> 452.37 | G41: =(datos_base!$E$11+datos_base!$E$25)*parametros_manuales!E$14 -> 452.37 | H41: =(datos_base!$E$11+datos_base!$E$25)*parametros_manuales!F$14 -> 425.76 | I41: =(datos_base!$E$11+datos_base!$E$25)*parametros_manuales!G$14 -> 399.15 | J41: =(datos_base!$E$11+datos_base!$E$25)*parametros_manuales!H$14 -> 425.76 | K41: =(datos_base!$E$11+datos_base!$E$25)*parametros_manuales!I$14 -> 425.76 | ... O41: =(datos_base!$E$11+datos_base!$E$25)*parametros_manuales!M$14 -> 585.42 | P41: =SUM(D41:O41) -> 5322
A42: 2029 | B42: Cilindros ABC 10 kg | C42: Cilindro | D42: =(datos_base!$E$12+datos_base!$E$26)*parametros_manuales!B$15 -> 32.812 | E42: =(datos_base!$E$12+datos_base!$E$26)*parametros_manuales!C$15 -> 26.2496 | F42: =(datos_base!$E$12+datos_base!$E$26)*parametros_manuales!D$15 -> 27.8902 | G42: =(datos_base!$E$12+datos_base!$E$26)*parametros_manuales!E$15 -> 27.8902 | H42: =(datos_base!$E$12+datos_base!$E$26)*parametros_manuales!F$15 -> 26.2496 | I42: =(datos_base!$E$12+datos_base!$E$26)*parametros_manuales!G$15 -> 24.609 | J42: =(datos_base!$E$12+datos_base!$E$26)*parametros_manuales!H$15 -> 26.2496 | K42: =(datos_base!$E$12+datos_base!$E$26)*parametros_manuales!I$15 -> 26.2496 | ... O42: =(datos_base!$E$12+datos_base!$E$26)*parametros_manuales!M$15 -> 36.0932 | P42: =SUM(D42:O42) -> 328.12
B43: Total recipientes | D43: =SUM(D35:D42) -> 5772.1737 | E43: =SUM(E35:E42) -> 4406.7673 | F43: =SUM(F35:F42) -> 4132.785 | G43: =SUM(G35:G42) -> 3956.9754 | H43: =SUM(H35:H42) -> 3703.5286 | I43: =SUM(I35:I42) -> 3625.8915 | J43: =SUM(J35:J42) -> 3879.3383 | K43: =SUM(K35:K42) -> 3879.3383 | ... P43: =SUM(P35:P42) -> 50689.35
A45: 2030 | B45: Producto | C45: Tipo | D45: Ene | E45: Feb | F45: Mar | G45: Abr | H45: May | I45: Jun | J45: Jul | K45: Ago | L45: Sep | M45: Oct | N45: Nov | O45: Dic | P45: Total anual
A46: 2030 | B46: ABC 1 kg | C46: Terminado | D46: =(datos_base!$F$2+datos_base!$F$18)*parametros_manuales!B$12 -> 1521.6759 | E46: =(datos_base!$F$2+datos_base!$F$18)*parametros_manuales!C$12 -> 1141.2569 | F46: =(datos_base!$F$2+datos_base!$F$18)*parametros_manuales!D$12 -> 1014.4506 | G46: =(datos_base!$F$2+datos_base!$F$18)*parametros_manuales!E$12 -> 951.04745 | H46: =(datos_base!$F$2+datos_base!$F$18)*parametros_manuales!F$12 -> 887.64429 | I46: =(datos_base!$F$2+datos_base!$F$18)*parametros_manuales!G$12 -> 887.64429 | J46: =(datos_base!$F$2+datos_base!$F$18)*parametros_manuales!H$12 -> 951.04745 | K46: =(datos_base!$F$2+datos_base!$F$18)*parametros_manuales!I$12 -> 951.04745 | ... O46: =(datos_base!$F$2+datos_base!$F$18)*parametros_manuales!M$12 -> 1521.6759 | P46: =SUM(D46:O46) -> 12680.633
A47: 2030 | B47: ABC 2,5 kg | C47: Terminado | D47: =(datos_base!$F$3+datos_base!$F$19)*parametros_manuales!B$13 -> 233.14277 | E47: =(datos_base!$F$3+datos_base!$F$19)*parametros_manuales!C$13 -> 186.51422 | F47: =(datos_base!$F$3+datos_base!$F$19)*parametros_manuales!D$13 -> 198.17136 | G47: =(datos_base!$F$3+datos_base!$F$19)*parametros_manuales!E$13 -> 198.17136 | H47: =(datos_base!$F$3+datos_base!$F$19)*parametros_manuales!F$13 -> 186.51422 | I47: =(datos_base!$F$3+datos_base!$F$19)*parametros_manuales!G$13 -> 174.85708 | J47: =(datos_base!$F$3+datos_base!$F$19)*parametros_manuales!H$13 -> 186.51422 | K47: =(datos_base!$F$3+datos_base!$F$19)*parametros_manuales!I$13 -> 186.51422 | ... O47: =(datos_base!$F$3+datos_base!$F$19)*parametros_manuales!M$13 -> 256.45705 | P47: =SUM(D47:O47) -> 2331.4277
A48: 2030 | B48: ABC 5 kg | C48: Terminado | D48: =(datos_base!$F$4+datos_base!$F$20)*parametros_manuales!B$14 -> 1091.5187 | E48: =(datos_base!$F$4+datos_base!$F$20)*parametros_manuales!C$14 -> 873.21496 | F48: =(datos_base!$F$4+datos_base!$F$20)*parametros_manuales!D$14 -> 927.79089 | G48: =(datos_base!$F$4+datos_base!$F$20)*parametros_manuales!E$14 -> 927.79089 | H48: =(datos_base!$F$4+datos_base!$F$20)*parametros_manuales!F$14 -> 873.21496 | I48: =(datos_base!$F$4+datos_base!$F$20)*parametros_manuales!G$14 -> 818.63902 | J48: =(datos_base!$F$4+datos_base!$F$20)*parametros_manuales!H$14 -> 873.21496 | K48: =(datos_base!$F$4+datos_base!$F$20)*parametros_manuales!I$14 -> 873.21496 | ... O48: =(datos_base!$F$4+datos_base!$F$20)*parametros_manuales!M$14 -> 1200.6706 | P48: =SUM(D48:O48) -> 10915.187
A49: 2030 | B49: ABC 10 kg | C49: Terminado | D49: =(datos_base!$F$5+datos_base!$F$21)*parametros_manuales!B$15 -> 60.991815 | E49: =(datos_base!$F$5+datos_base!$F$21)*parametros_manuales!C$15 -> 48.793452 | F49: =(datos_base!$F$5+datos_base!$F$21)*parametros_manuales!D$15 -> 51.843043 | G49: =(datos_base!$F$5+datos_base!$F$21)*parametros_manuales!E$15 -> 51.843043 | H49: =(datos_base!$F$5+datos_base!$F$21)*parametros_manuales!F$15 -> 48.793452 | I49: =(datos_base!$F$5+datos_base!$F$21)*parametros_manuales!G$15 -> 45.743861 | J49: =(datos_base!$F$5+datos_base!$F$21)*parametros_manuales!H$15 -> 48.793452 | K49: =(datos_base!$F$5+datos_base!$F$21)*parametros_manuales!I$15 -> 48.793452 | ... O49: =(datos_base!$F$5+datos_base!$F$21)*parametros_manuales!M$15 -> 67.090997 | P49: =SUM(D49:O49) -> 609.91815
A50: 2030 | B50: Cilindros ABC 1 kg | C50: Cilindro | D50: =(datos_base!$F$9+datos_base!$F$23)*parametros_manuales!B$12 -> 5932.176 | E50: =(datos_base!$F$9+datos_base!$F$23)*parametros_manuales!C$12 -> 4449.132 | F50: =(datos_base!$F$9+datos_base!$F$23)*parametros_manuales!D$12 -> 3954.784 | G50: =(datos_base!$F$9+datos_base!$F$23)*parametros_manuales!E$12 -> 3707.61 | H50: =(datos_base!$F$9+datos_base!$F$23)*parametros_manuales!F$12 -> 3460.436 | I50: =(datos_base!$F$9+datos_base!$F$23)*parametros_manuales!G$12 -> 3460.436 | J50: =(datos_base!$F$9+datos_base!$F$23)*parametros_manuales!H$12 -> 3707.61 | K50: =(datos_base!$F$9+datos_base!$F$23)*parametros_manuales!I$12 -> 3707.61 | ... O50: =(datos_base!$F$9+datos_base!$F$23)*parametros_manuales!M$12 -> 5932.176 | P50: =SUM(D50:O50) -> 49434.8
A51: 2030 | B51: Cilindros ABC 2,5 kg | C51: Cilindro | D51: =(datos_base!$F$10+datos_base!$F$24)*parametros_manuales!B$13 -> 196.596 | E51: =(datos_base!$F$10+datos_base!$F$24)*parametros_manuales!C$13 -> 157.2768 | F51: =(datos_base!$F$10+datos_base!$F$24)*parametros_manuales!D$13 -> 167.1066 | G51: =(datos_base!$F$10+datos_base!$F$24)*parametros_manuales!E$13 -> 167.1066 | H51: =(datos_base!$F$10+datos_base!$F$24)*parametros_manuales!F$13 -> 157.2768 | I51: =(datos_base!$F$10+datos_base!$F$24)*parametros_manuales!G$13 -> 147.447 | J51: =(datos_base!$F$10+datos_base!$F$24)*parametros_manuales!H$13 -> 157.2768 | K51: =(datos_base!$F$10+datos_base!$F$24)*parametros_manuales!I$13 -> 157.2768 | ... O51: =(datos_base!$F$10+datos_base!$F$24)*parametros_manuales!M$13 -> 216.2556 | P51: =SUM(D51:O51) -> 1965.96
A52: 2030 | B52: Cilindros ABC 5 kg | C52: Cilindro | D52: =(datos_base!$F$11+datos_base!$F$25)*parametros_manuales!B$14 -> 971.328 | E52: =(datos_base!$F$11+datos_base!$F$25)*parametros_manuales!C$14 -> 777.0624 | F52: =(datos_base!$F$11+datos_base!$F$25)*parametros_manuales!D$14 -> 825.6288 | G52: =(datos_base!$F$11+datos_base!$F$25)*parametros_manuales!E$14 -> 825.6288 | H52: =(datos_base!$F$11+datos_base!$F$25)*parametros_manuales!F$14 -> 777.0624 | I52: =(datos_base!$F$11+datos_base!$F$25)*parametros_manuales!G$14 -> 728.496 | J52: =(datos_base!$F$11+datos_base!$F$25)*parametros_manuales!H$14 -> 777.0624 | K52: =(datos_base!$F$11+datos_base!$F$25)*parametros_manuales!I$14 -> 777.0624 | ... O52: =(datos_base!$F$11+datos_base!$F$25)*parametros_manuales!M$14 -> 1068.4608 | P52: =SUM(D52:O52) -> 9713.28
A53: 2030 | B53: Cilindros ABC 10 kg | C53: Cilindro | D53: =(datos_base!$F$12+datos_base!$F$26)*parametros_manuales!B$15 -> 59.648 | E53: =(datos_base!$F$12+datos_base!$F$26)*parametros_manuales!C$15 -> 47.7184 | F53: =(datos_base!$F$12+datos_base!$F$26)*parametros_manuales!D$15 -> 50.7008 | G53: =(datos_base!$F$12+datos_base!$F$26)*parametros_manuales!E$15 -> 50.7008 | H53: =(datos_base!$F$12+datos_base!$F$26)*parametros_manuales!F$15 -> 47.7184 | I53: =(datos_base!$F$12+datos_base!$F$26)*parametros_manuales!G$15 -> 44.736 | J53: =(datos_base!$F$12+datos_base!$F$26)*parametros_manuales!H$15 -> 47.7184 | K53: =(datos_base!$F$12+datos_base!$F$26)*parametros_manuales!I$15 -> 47.7184 | ... O53: =(datos_base!$F$12+datos_base!$F$26)*parametros_manuales!M$15 -> 65.6128 | P53: =SUM(D53:O53) -> 596.48
B54: Total recipientes | D54: =SUM(D46:D53) -> 10067.077 | E54: =SUM(E46:E53) -> 7680.9692 | F54: =SUM(F46:F53) -> 7190.4761 | G54: =SUM(G46:G53) -> 6879.8989 | H54: =SUM(H46:H53) -> 6438.6605 | I54: =SUM(I46:I53) -> 6307.9993 | J54: =SUM(J46:J53) -> 6749.2377 | K54: =SUM(K46:K53) -> 6749.2377 | ... P54: =SUM(P46:P53) -> 88247.686
A56: 2031 | B56: Producto | C56: Tipo | D56: Ene | E56: Feb | F56: Mar | G56: Abr | H56: May | I56: Jun | J56: Jul | K56: Ago | L56: Sep | M56: Oct | N56: Nov | O56: Dic | P56: Total anual
A57: 2031 | B57: ABC 1 kg | C57: Terminado | D57: =(datos_base!$G$2+datos_base!$G$18)*parametros_manuales!B$12 -> 1874.4304 | E57: =(datos_base!$G$2+datos_base!$G$18)*parametros_manuales!C$12 -> 1405.8228 | F57: =(datos_base!$G$2+datos_base!$G$18)*parametros_manuales!D$12 -> 1249.6202 | G57: =(datos_base!$G$2+datos_base!$G$18)*parametros_manuales!E$12 -> 1171.519 | H57: =(datos_base!$G$2+datos_base!$G$18)*parametros_manuales!F$12 -> 1093.4177 | I57: =(datos_base!$G$2+datos_base!$G$18)*parametros_manuales!G$12 -> 1093.4177 | J57: =(datos_base!$G$2+datos_base!$G$18)*parametros_manuales!H$12 -> 1171.519 | K57: =(datos_base!$G$2+datos_base!$G$18)*parametros_manuales!I$12 -> 1171.519 | ... O57: =(datos_base!$G$2+datos_base!$G$18)*parametros_manuales!M$12 -> 1874.4304 | P57: =SUM(D57:O57) -> 15620.253
A58: 2031 | B58: ABC 2,5 kg | C58: Terminado | D58: =(datos_base!$G$3+datos_base!$G$19)*parametros_manuales!B$13 -> 327.39499 | E58: =(datos_base!$G$3+datos_base!$G$19)*parametros_manuales!C$13 -> 261.91599 | F58: =(datos_base!$G$3+datos_base!$G$19)*parametros_manuales!D$13 -> 278.28574 | G58: =(datos_base!$G$3+datos_base!$G$19)*parametros_manuales!E$13 -> 278.28574 | H58: =(datos_base!$G$3+datos_base!$G$19)*parametros_manuales!F$13 -> 261.91599 | I58: =(datos_base!$G$3+datos_base!$G$19)*parametros_manuales!G$13 -> 245.54624 | J58: =(datos_base!$G$3+datos_base!$G$19)*parametros_manuales!H$13 -> 261.91599 | K58: =(datos_base!$G$3+datos_base!$G$19)*parametros_manuales!I$13 -> 261.91599 | ... O58: =(datos_base!$G$3+datos_base!$G$19)*parametros_manuales!M$13 -> 360.13449 | P58: =SUM(D58:O58) -> 3273.9499
A59: 2031 | B59: ABC 5 kg | C59: Terminado | D59: =(datos_base!$G$4+datos_base!$G$20)*parametros_manuales!B$14 -> 1471.5324 | E59: =(datos_base!$G$4+datos_base!$G$20)*parametros_manuales!C$14 -> 1177.2259 | F59: =(datos_base!$G$4+datos_base!$G$20)*parametros_manuales!D$14 -> 1250.8025 | G59: =(datos_base!$G$4+datos_base!$G$20)*parametros_manuales!E$14 -> 1250.8025 | H59: =(datos_base!$G$4+datos_base!$G$20)*parametros_manuales!F$14 -> 1177.2259 | I59: =(datos_base!$G$4+datos_base!$G$20)*parametros_manuales!G$14 -> 1103.6493 | J59: =(datos_base!$G$4+datos_base!$G$20)*parametros_manuales!H$14 -> 1177.2259 | K59: =(datos_base!$G$4+datos_base!$G$20)*parametros_manuales!I$14 -> 1177.2259 | ... O59: =(datos_base!$G$4+datos_base!$G$20)*parametros_manuales!M$14 -> 1618.6857 | P59: =SUM(D59:O59) -> 14715.324
A60: 2031 | B60: ABC 10 kg | C60: Terminado | D60: =(datos_base!$G$5+datos_base!$G$21)*parametros_manuales!B$15 -> 88.128503 | E60: =(datos_base!$G$5+datos_base!$G$21)*parametros_manuales!C$15 -> 70.502803 | F60: =(datos_base!$G$5+datos_base!$G$21)*parametros_manuales!D$15 -> 74.909228 | G60: =(datos_base!$G$5+datos_base!$G$21)*parametros_manuales!E$15 -> 74.909228 | H60: =(datos_base!$G$5+datos_base!$G$21)*parametros_manuales!F$15 -> 70.502803 | I60: =(datos_base!$G$5+datos_base!$G$21)*parametros_manuales!G$15 -> 66.096377 | J60: =(datos_base!$G$5+datos_base!$G$21)*parametros_manuales!H$15 -> 70.502803 | K60: =(datos_base!$G$5+datos_base!$G$21)*parametros_manuales!I$15 -> 70.502803 | ... O60: =(datos_base!$G$5+datos_base!$G$21)*parametros_manuales!M$15 -> 96.941354 | P60: =SUM(D60:O60) -> 881.28503
A61: 2031 | B61: Cilindros ABC 1 kg | C61: Cilindro | D61: =(datos_base!$G$9+datos_base!$G$23)*parametros_manuales!B$12 -> 8601.624 | E61: =(datos_base!$G$9+datos_base!$G$23)*parametros_manuales!C$12 -> 6451.218 | F61: =(datos_base!$G$9+datos_base!$G$23)*parametros_manuales!D$12 -> 5734.416 | G61: =(datos_base!$G$9+datos_base!$G$23)*parametros_manuales!E$12 -> 5376.015 | H61: =(datos_base!$G$9+datos_base!$G$23)*parametros_manuales!F$12 -> 5017.614 | I61: =(datos_base!$G$9+datos_base!$G$23)*parametros_manuales!G$12 -> 5017.614 | J61: =(datos_base!$G$9+datos_base!$G$23)*parametros_manuales!H$12 -> 5376.015 | K61: =(datos_base!$G$9+datos_base!$G$23)*parametros_manuales!I$12 -> 5376.015 | ... O61: =(datos_base!$G$9+datos_base!$G$23)*parametros_manuales!M$12 -> 8601.624 | P61: =SUM(D61:O61) -> 71680.2
A62: 2031 | B62: Cilindros ABC 2,5 kg | C62: Cilindro | D62: =(datos_base!$G$10+datos_base!$G$24)*parametros_manuales!B$13 -> 283.92 | E62: =(datos_base!$G$10+datos_base!$G$24)*parametros_manuales!C$13 -> 227.136 | F62: =(datos_base!$G$10+datos_base!$G$24)*parametros_manuales!D$13 -> 241.332 | G62: =(datos_base!$G$10+datos_base!$G$24)*parametros_manuales!E$13 -> 241.332 | H62: =(datos_base!$G$10+datos_base!$G$24)*parametros_manuales!F$13 -> 227.136 | I62: =(datos_base!$G$10+datos_base!$G$24)*parametros_manuales!G$13 -> 212.94 | J62: =(datos_base!$G$10+datos_base!$G$24)*parametros_manuales!H$13 -> 227.136 | K62: =(datos_base!$G$10+datos_base!$G$24)*parametros_manuales!I$13 -> 227.136 | ... O62: =(datos_base!$G$10+datos_base!$G$24)*parametros_manuales!M$13 -> 312.312 | P62: =SUM(D62:O62) -> 2839.2
A63: 2031 | B63: Cilindros ABC 5 kg | C63: Cilindro | D63: =(datos_base!$G$11+datos_base!$G$25)*parametros_manuales!B$14 -> 1402.936 | E63: =(datos_base!$G$11+datos_base!$G$25)*parametros_manuales!C$14 -> 1122.3488 | F63: =(datos_base!$G$11+datos_base!$G$25)*parametros_manuales!D$14 -> 1192.4956 | G63: =(datos_base!$G$11+datos_base!$G$25)*parametros_manuales!E$14 -> 1192.4956 | H63: =(datos_base!$G$11+datos_base!$G$25)*parametros_manuales!F$14 -> 1122.3488 | I63: =(datos_base!$G$11+datos_base!$G$25)*parametros_manuales!G$14 -> 1052.202 | J63: =(datos_base!$G$11+datos_base!$G$25)*parametros_manuales!H$14 -> 1122.3488 | K63: =(datos_base!$G$11+datos_base!$G$25)*parametros_manuales!I$14 -> 1122.3488 | ... O63: =(datos_base!$G$11+datos_base!$G$25)*parametros_manuales!M$14 -> 1543.2296 | P63: =SUM(D63:O63) -> 14029.36
A64: 2031 | B64: Cilindros ABC 10 kg | C64: Cilindro | D64: =(datos_base!$G$12+datos_base!$G$26)*parametros_manuales!B$15 -> 86.176 | E64: =(datos_base!$G$12+datos_base!$G$26)*parametros_manuales!C$15 -> 68.9408 | F64: =(datos_base!$G$12+datos_base!$G$26)*parametros_manuales!D$15 -> 73.2496 | G64: =(datos_base!$G$12+datos_base!$G$26)*parametros_manuales!E$15 -> 73.2496 | H64: =(datos_base!$G$12+datos_base!$G$26)*parametros_manuales!F$15 -> 68.9408 | I64: =(datos_base!$G$12+datos_base!$G$26)*parametros_manuales!G$15 -> 64.632 | J64: =(datos_base!$G$12+datos_base!$G$26)*parametros_manuales!H$15 -> 68.9408 | K64: =(datos_base!$G$12+datos_base!$G$26)*parametros_manuales!I$15 -> 68.9408 | ... O64: =(datos_base!$G$12+datos_base!$G$26)*parametros_manuales!M$15 -> 94.7936 | P64: =SUM(D64:O64) -> 861.76
B65: Total recipientes | D65: =SUM(D57:D64) -> 14136.142 | E65: =SUM(E57:E64) -> 10785.111 | F65: =SUM(F57:F64) -> 10095.111 | G65: =SUM(G57:G64) -> 9658.6087 | H65: =SUM(H57:H64) -> 9039.102 | I65: =SUM(I57:I64) -> 8856.0976 | J65: =SUM(J57:J64) -> 9475.6043 | K65: =SUM(K57:K64) -> 9475.6043 | ... P65: =SUM(P57:P64) -> 123901.33
A67: 2032 | B67: Producto | C67: Tipo | D67: Ene | E67: Feb | F67: Mar | G67: Abr | H67: May | I67: Jun | J67: Jul | K67: Ago | L67: Sep | M67: Oct | N67: Nov | O67: Dic | P67: Total anual
A68: 2032 | B68: ABC 1 kg | C68: Terminado | D68: =(datos_base!$H$2+datos_base!$H$18)*parametros_manuales!B$12 -> 2439.9064 | E68: =(datos_base!$H$2+datos_base!$H$18)*parametros_manuales!C$12 -> 1829.9298 | F68: =(datos_base!$H$2+datos_base!$H$18)*parametros_manuales!D$12 -> 1626.6043 | G68: =(datos_base!$H$2+datos_base!$H$18)*parametros_manuales!E$12 -> 1524.9415 | H68: =(datos_base!$H$2+datos_base!$H$18)*parametros_manuales!F$12 -> 1423.2787 | I68: =(datos_base!$H$2+datos_base!$H$18)*parametros_manuales!G$12 -> 1423.2787 | J68: =(datos_base!$H$2+datos_base!$H$18)*parametros_manuales!H$12 -> 1524.9415 | K68: =(datos_base!$H$2+datos_base!$H$18)*parametros_manuales!I$12 -> 1524.9415 | ... O68: =(datos_base!$H$2+datos_base!$H$18)*parametros_manuales!M$12 -> 2439.9064 | P68: =SUM(D68:O68) -> 20332.553
A69: 2032 | B69: ABC 2,5 kg | C69: Terminado | D69: =(datos_base!$H$3+datos_base!$H$19)*parametros_manuales!B$13 -> 412.07555 | E69: =(datos_base!$H$3+datos_base!$H$19)*parametros_manuales!C$13 -> 329.66044 | F69: =(datos_base!$H$3+datos_base!$H$19)*parametros_manuales!D$13 -> 350.26422 | G69: =(datos_base!$H$3+datos_base!$H$19)*parametros_manuales!E$13 -> 350.26422 | H69: =(datos_base!$H$3+datos_base!$H$19)*parametros_manuales!F$13 -> 329.66044 | I69: =(datos_base!$H$3+datos_base!$H$19)*parametros_manuales!G$13 -> 309.05666 | J69: =(datos_base!$H$3+datos_base!$H$19)*parametros_manuales!H$13 -> 329.66044 | K69: =(datos_base!$H$3+datos_base!$H$19)*parametros_manuales!I$13 -> 329.66044 | ... O69: =(datos_base!$H$3+datos_base!$H$19)*parametros_manuales!M$13 -> 453.28311 | P69: =SUM(D69:O69) -> 4120.7555
A70: 2032 | B70: ABC 5 kg | C70: Terminado | D70: =(datos_base!$H$4+datos_base!$H$20)*parametros_manuales!B$14 -> 1897.116 | E70: =(datos_base!$H$4+datos_base!$H$20)*parametros_manuales!C$14 -> 1517.6928 | F70: =(datos_base!$H$4+datos_base!$H$20)*parametros_manuales!D$14 -> 1612.5486 | G70: =(datos_base!$H$4+datos_base!$H$20)*parametros_manuales!E$14 -> 1612.5486 | H70: =(datos_base!$H$4+datos_base!$H$20)*parametros_manuales!F$14 -> 1517.6928 | I70: =(datos_base!$H$4+datos_base!$H$20)*parametros_manuales!G$14 -> 1422.837 | J70: =(datos_base!$H$4+datos_base!$H$20)*parametros_manuales!H$14 -> 1517.6928 | K70: =(datos_base!$H$4+datos_base!$H$20)*parametros_manuales!I$14 -> 1517.6928 | ... O70: =(datos_base!$H$4+datos_base!$H$20)*parametros_manuales!M$14 -> 2086.8276 | P70: =SUM(D70:O70) -> 18971.16
A71: 2032 | B71: ABC 10 kg | C71: Terminado | D71: =(datos_base!$H$5+datos_base!$H$21)*parametros_manuales!B$15 -> 113.34005 | E71: =(datos_base!$H$5+datos_base!$H$21)*parametros_manuales!C$15 -> 90.672044 | F71: =(datos_base!$H$5+datos_base!$H$21)*parametros_manuales!D$15 -> 96.339046 | G71: =(datos_base!$H$5+datos_base!$H$21)*parametros_manuales!E$15 -> 96.339046 | H71: =(datos_base!$H$5+datos_base!$H$21)*parametros_manuales!F$15 -> 90.672044 | I71: =(datos_base!$H$5+datos_base!$H$21)*parametros_manuales!G$15 -> 85.005041 | J71: =(datos_base!$H$5+datos_base!$H$21)*parametros_manuales!H$15 -> 90.672044 | K71: =(datos_base!$H$5+datos_base!$H$21)*parametros_manuales!I$15 -> 90.672044 | ... O71: =(datos_base!$H$5+datos_base!$H$21)*parametros_manuales!M$15 -> 124.67406 | P71: =SUM(D71:O71) -> 1133.4005
A72: 2032 | B72: Cilindros ABC 1 kg | C72: Cilindro | D72: =(datos_base!$H$9+datos_base!$H$23)*parametros_manuales!B$12 -> 12160.872 | E72: =(datos_base!$H$9+datos_base!$H$23)*parametros_manuales!C$12 -> 9120.654 | F72: =(datos_base!$H$9+datos_base!$H$23)*parametros_manuales!D$12 -> 8107.248 | G72: =(datos_base!$H$9+datos_base!$H$23)*parametros_manuales!E$12 -> 7600.545 | H72: =(datos_base!$H$9+datos_base!$H$23)*parametros_manuales!F$12 -> 7093.842 | I72: =(datos_base!$H$9+datos_base!$H$23)*parametros_manuales!G$12 -> 7093.842 | J72: =(datos_base!$H$9+datos_base!$H$23)*parametros_manuales!H$12 -> 7600.545 | K72: =(datos_base!$H$9+datos_base!$H$23)*parametros_manuales!I$12 -> 7600.545 | ... O72: =(datos_base!$H$9+datos_base!$H$23)*parametros_manuales!M$12 -> 12160.872 | P72: =SUM(D72:O72) -> 101340.6
A73: 2032 | B73: Cilindros ABC 2,5 kg | C73: Cilindro | D73: =(datos_base!$H$10+datos_base!$H$24)*parametros_manuales!B$13 -> 399.652 | E73: =(datos_base!$H$10+datos_base!$H$24)*parametros_manuales!C$13 -> 319.7216 | F73: =(datos_base!$H$10+datos_base!$H$24)*parametros_manuales!D$13 -> 339.7042 | G73: =(datos_base!$H$10+datos_base!$H$24)*parametros_manuales!E$13 -> 339.7042 | H73: =(datos_base!$H$10+datos_base!$H$24)*parametros_manuales!F$13 -> 319.7216 | I73: =(datos_base!$H$10+datos_base!$H$24)*parametros_manuales!G$13 -> 299.739 | J73: =(datos_base!$H$10+datos_base!$H$24)*parametros_manuales!H$13 -> 319.7216 | K73: =(datos_base!$H$10+datos_base!$H$24)*parametros_manuales!I$13 -> 319.7216 | ... O73: =(datos_base!$H$10+datos_base!$H$24)*parametros_manuales!M$13 -> 439.6172 | P73: =SUM(D73:O73) -> 3996.52
A74: 2032 | B74: Cilindros ABC 5 kg | C74: Cilindro | D74: =(datos_base!$H$11+datos_base!$H$25)*parametros_manuales!B$14 -> 1972.832 | E74: =(datos_base!$H$11+datos_base!$H$25)*parametros_manuales!C$14 -> 1578.2656 | F74: =(datos_base!$H$11+datos_base!$H$25)*parametros_manuales!D$14 -> 1676.9072 | G74: =(datos_base!$H$11+datos_base!$H$25)*parametros_manuales!E$14 -> 1676.9072 | H74: =(datos_base!$H$11+datos_base!$H$25)*parametros_manuales!F$14 -> 1578.2656 | I74: =(datos_base!$H$11+datos_base!$H$25)*parametros_manuales!G$14 -> 1479.624 | J74: =(datos_base!$H$11+datos_base!$H$25)*parametros_manuales!H$14 -> 1578.2656 | K74: =(datos_base!$H$11+datos_base!$H$25)*parametros_manuales!I$14 -> 1578.2656 | ... O74: =(datos_base!$H$11+datos_base!$H$25)*parametros_manuales!M$14 -> 2170.1152 | P74: =SUM(D74:O74) -> 19728.32
A75: 2032 | B75: Cilindros ABC 10 kg | C75: Cilindro | D75: =(datos_base!$H$12+datos_base!$H$26)*parametros_manuales!B$15 -> 120.64 | E75: =(datos_base!$H$12+datos_base!$H$26)*parametros_manuales!C$15 -> 96.512 | F75: =(datos_base!$H$12+datos_base!$H$26)*parametros_manuales!D$15 -> 102.544 | G75: =(datos_base!$H$12+datos_base!$H$26)*parametros_manuales!E$15 -> 102.544 | H75: =(datos_base!$H$12+datos_base!$H$26)*parametros_manuales!F$15 -> 96.512 | I75: =(datos_base!$H$12+datos_base!$H$26)*parametros_manuales!G$15 -> 90.48 | J75: =(datos_base!$H$12+datos_base!$H$26)*parametros_manuales!H$15 -> 96.512 | K75: =(datos_base!$H$12+datos_base!$H$26)*parametros_manuales!I$15 -> 96.512 | ... O75: =(datos_base!$H$12+datos_base!$H$26)*parametros_manuales!M$15 -> 132.704 | P75: =SUM(D75:O75) -> 1206.4
B76: Total recipientes | D76: =SUM(D68:D75) -> 19516.434 | E76: =SUM(E68:E75) -> 14883.108 | F76: =SUM(F68:F75) -> 13912.16 | G76: =SUM(G68:G75) -> 13303.794 | H76: =SUM(H68:H75) -> 12449.645 | I76: =SUM(I68:I75) -> 12203.862 | J76: =SUM(J68:J75) -> 13058.011 | K76: =SUM(K68:K75) -> 13058.011 | ... P76: =SUM(P68:P75) -> 170829.71
A78: 2033 | B78: Producto | C78: Tipo | D78: Ene | E78: Feb | F78: Mar | G78: Abr | H78: May | I78: Jun | J78: Jul | K78: Ago | L78: Sep | M78: Oct | N78: Nov | O78: Dic | P78: Total anual
A79: 2033 | B79: ABC 1 kg | C79: Terminado | D79: =(datos_base!$I$2+datos_base!$I$18)*parametros_manuales!B$12 -> 3015.8494 | E79: =(datos_base!$I$2+datos_base!$I$18)*parametros_manuales!C$12 -> 2261.8871 | F79: =(datos_base!$I$2+datos_base!$I$18)*parametros_manuales!D$12 -> 2010.5663 | G79: =(datos_base!$I$2+datos_base!$I$18)*parametros_manuales!E$12 -> 1884.9059 | H79: =(datos_base!$I$2+datos_base!$I$18)*parametros_manuales!F$12 -> 1759.2455 | I79: =(datos_base!$I$2+datos_base!$I$18)*parametros_manuales!G$12 -> 1759.2455 | J79: =(datos_base!$I$2+datos_base!$I$18)*parametros_manuales!H$12 -> 1884.9059 | K79: =(datos_base!$I$2+datos_base!$I$18)*parametros_manuales!I$12 -> 1884.9059 | ... O79: =(datos_base!$I$2+datos_base!$I$18)*parametros_manuales!M$12 -> 3015.8494 | P79: =SUM(D79:O79) -> 25132.078
A80: 2033 | B80: ABC 2,5 kg | C80: Terminado | D80: =(datos_base!$I$3+datos_base!$I$19)*parametros_manuales!B$13 -> 511.97866 | E80: =(datos_base!$I$3+datos_base!$I$19)*parametros_manuales!C$13 -> 409.58293 | F80: =(datos_base!$I$3+datos_base!$I$19)*parametros_manuales!D$13 -> 435.18186 | G80: =(datos_base!$I$3+datos_base!$I$19)*parametros_manuales!E$13 -> 435.18186 | H80: =(datos_base!$I$3+datos_base!$I$19)*parametros_manuales!F$13 -> 409.58293 | I80: =(datos_base!$I$3+datos_base!$I$19)*parametros_manuales!G$13 -> 383.98399 | J80: =(datos_base!$I$3+datos_base!$I$19)*parametros_manuales!H$13 -> 409.58293 | K80: =(datos_base!$I$3+datos_base!$I$19)*parametros_manuales!I$13 -> 409.58293 | ... O80: =(datos_base!$I$3+datos_base!$I$19)*parametros_manuales!M$13 -> 563.17652 | P80: =SUM(D80:O80) -> 5119.7866
A81: 2033 | B81: ABC 5 kg | C81: Terminado | D81: =(datos_base!$I$4+datos_base!$I$20)*parametros_manuales!B$14 -> 2344.7786 | E81: =(datos_base!$I$4+datos_base!$I$20)*parametros_manuales!C$14 -> 1875.8229 | F81: =(datos_base!$I$4+datos_base!$I$20)*parametros_manuales!D$14 -> 1993.0618 | G81: =(datos_base!$I$4+datos_base!$I$20)*parametros_manuales!E$14 -> 1993.0618 | H81: =(datos_base!$I$4+datos_base!$I$20)*parametros_manuales!F$14 -> 1875.8229 | I81: =(datos_base!$I$4+datos_base!$I$20)*parametros_manuales!G$14 -> 1758.584 | J81: =(datos_base!$I$4+datos_base!$I$20)*parametros_manuales!H$14 -> 1875.8229 | K81: =(datos_base!$I$4+datos_base!$I$20)*parametros_manuales!I$14 -> 1875.8229 | ... O81: =(datos_base!$I$4+datos_base!$I$20)*parametros_manuales!M$14 -> 2579.2565 | P81: =SUM(D81:O81) -> 23447.786
A82: 2033 | B82: ABC 10 kg | C82: Terminado | D82: =(datos_base!$I$5+datos_base!$I$21)*parametros_manuales!B$15 -> 140.20048 | E82: =(datos_base!$I$5+datos_base!$I$21)*parametros_manuales!C$15 -> 112.16038 | F82: =(datos_base!$I$5+datos_base!$I$21)*parametros_manuales!D$15 -> 119.17041 | G82: =(datos_base!$I$5+datos_base!$I$21)*parametros_manuales!E$15 -> 119.17041 | H82: =(datos_base!$I$5+datos_base!$I$21)*parametros_manuales!F$15 -> 112.16038 | I82: =(datos_base!$I$5+datos_base!$I$21)*parametros_manuales!G$15 -> 105.15036 | J82: =(datos_base!$I$5+datos_base!$I$21)*parametros_manuales!H$15 -> 112.16038 | K82: =(datos_base!$I$5+datos_base!$I$21)*parametros_manuales!I$15 -> 112.16038 | ... O82: =(datos_base!$I$5+datos_base!$I$21)*parametros_manuales!M$15 -> 154.22053 | P82: =SUM(D82:O82) -> 1402.0048
A83: 2033 | B83: Cilindros ABC 1 kg | C83: Cilindro | D83: =(datos_base!$I$9+datos_base!$I$23)*parametros_manuales!B$12 -> 15720.12 | E83: =(datos_base!$I$9+datos_base!$I$23)*parametros_manuales!C$12 -> 11790.09 | F83: =(datos_base!$I$9+datos_base!$I$23)*parametros_manuales!D$12 -> 10480.08 | G83: =(datos_base!$I$9+datos_base!$I$23)*parametros_manuales!E$12 -> 9825.075 | H83: =(datos_base!$I$9+datos_base!$I$23)*parametros_manuales!F$12 -> 9170.07 | I83: =(datos_base!$I$9+datos_base!$I$23)*parametros_manuales!G$12 -> 9170.07 | J83: =(datos_base!$I$9+datos_base!$I$23)*parametros_manuales!H$12 -> 9825.075 | K83: =(datos_base!$I$9+datos_base!$I$23)*parametros_manuales!I$12 -> 9825.075 | ... O83: =(datos_base!$I$9+datos_base!$I$23)*parametros_manuales!M$12 -> 15720.12 | P83: =SUM(D83:O83) -> 131001
A84: 2033 | B84: Cilindros ABC 2,5 kg | C84: Cilindro | D84: =(datos_base!$I$10+datos_base!$I$24)*parametros_manuales!B$13 -> 515.044 | E84: =(datos_base!$I$10+datos_base!$I$24)*parametros_manuales!C$13 -> 412.0352 | F84: =(datos_base!$I$10+datos_base!$I$24)*parametros_manuales!D$13 -> 437.7874 | G84: =(datos_base!$I$10+datos_base!$I$24)*parametros_manuales!E$13 -> 437.7874 | H84: =(datos_base!$I$10+datos_base!$I$24)*parametros_manuales!F$13 -> 412.0352 | I84: =(datos_base!$I$10+datos_base!$I$24)*parametros_manuales!G$13 -> 386.283 | J84: =(datos_base!$I$10+datos_base!$I$24)*parametros_manuales!H$13 -> 412.0352 | K84: =(datos_base!$I$10+datos_base!$I$24)*parametros_manuales!I$13 -> 412.0352 | ... O84: =(datos_base!$I$10+datos_base!$I$24)*parametros_manuales!M$13 -> 566.5484 | P84: =SUM(D84:O84) -> 5150.44
A85: 2033 | B85: Cilindros ABC 5 kg | C85: Cilindro | D85: =(datos_base!$I$11+datos_base!$I$25)*parametros_manuales!B$14 -> 2542.424 | E85: =(datos_base!$I$11+datos_base!$I$25)*parametros_manuales!C$14 -> 2033.9392 | F85: =(datos_base!$I$11+datos_base!$I$25)*parametros_manuales!D$14 -> 2161.0604 | G85: =(datos_base!$I$11+datos_base!$I$25)*parametros_manuales!E$14 -> 2161.0604 | H85: =(datos_base!$I$11+datos_base!$I$25)*parametros_manuales!F$14 -> 2033.9392 | I85: =(datos_base!$I$11+datos_base!$I$25)*parametros_manuales!G$14 -> 1906.818 | J85: =(datos_base!$I$11+datos_base!$I$25)*parametros_manuales!H$14 -> 2033.9392 | K85: =(datos_base!$I$11+datos_base!$I$25)*parametros_manuales!I$14 -> 2033.9392 | ... O85: =(datos_base!$I$11+datos_base!$I$25)*parametros_manuales!M$14 -> 2796.6664 | P85: =SUM(D85:O85) -> 25424.24
A86: 2033 | B86: Cilindros ABC 10 kg | C86: Cilindro | D86: =(datos_base!$I$12+datos_base!$I$26)*parametros_manuales!B$15 -> 155.556 | E86: =(datos_base!$I$12+datos_base!$I$26)*parametros_manuales!C$15 -> 124.4448 | F86: =(datos_base!$I$12+datos_base!$I$26)*parametros_manuales!D$15 -> 132.2226 | G86: =(datos_base!$I$12+datos_base!$I$26)*parametros_manuales!E$15 -> 132.2226 | H86: =(datos_base!$I$12+datos_base!$I$26)*parametros_manuales!F$15 -> 124.4448 | I86: =(datos_base!$I$12+datos_base!$I$26)*parametros_manuales!G$15 -> 116.667 | J86: =(datos_base!$I$12+datos_base!$I$26)*parametros_manuales!H$15 -> 124.4448 | K86: =(datos_base!$I$12+datos_base!$I$26)*parametros_manuales!I$15 -> 124.4448 | ... O86: =(datos_base!$I$12+datos_base!$I$26)*parametros_manuales!M$15 -> 171.1116 | P86: =SUM(D86:O86) -> 1555.56
B87: Total recipientes | D87: =SUM(D79:D86) -> 24945.951 | E87: =SUM(E79:E86) -> 19019.962 | F87: =SUM(F79:F86) -> 17769.131 | G87: =SUM(G79:G86) -> 16988.465 | H87: =SUM(H79:H86) -> 15897.301 | I87: =SUM(I79:I86) -> 15586.802 | J87: =SUM(J79:J86) -> 16677.966 | K87: =SUM(K79:K86) -> 16677.966 | ... P87: =SUM(P79:P86) -> 218232.9
A89: 2034 | B89: Producto | C89: Tipo | D89: Ene | E89: Feb | F89: Mar | G89: Abr | H89: May | I89: Jun | J89: Jul | K89: Ago | L89: Sep | M89: Oct | N89: Nov | O89: Dic | P89: Total anual
A90: 2034 | B90: ABC 1 kg | C90: Terminado | D90: =(datos_base!$J$2+datos_base!$J$18)*parametros_manuales!B$12 -> 3428.8003 | E90: =(datos_base!$J$2+datos_base!$J$18)*parametros_manuales!C$12 -> 2571.6003 | F90: =(datos_base!$J$2+datos_base!$J$18)*parametros_manuales!D$12 -> 2285.8669 | G90: =(datos_base!$J$2+datos_base!$J$18)*parametros_manuales!E$12 -> 2143.0002 | H90: =(datos_base!$J$2+datos_base!$J$18)*parametros_manuales!F$12 -> 2000.1335 | I90: =(datos_base!$J$2+datos_base!$J$18)*parametros_manuales!G$12 -> 2000.1335 | J90: =(datos_base!$J$2+datos_base!$J$18)*parametros_manuales!H$12 -> 2143.0002 | K90: =(datos_base!$J$2+datos_base!$J$18)*parametros_manuales!I$12 -> 2143.0002 | ... O90: =(datos_base!$J$2+datos_base!$J$18)*parametros_manuales!M$12 -> 3428.8003 | P90: =SUM(D90:O90) -> 28573.336
A91: 2034 | B91: ABC 2,5 kg | C91: Terminado | D91: =(datos_base!$J$3+datos_base!$J$19)*parametros_manuales!B$13 -> 620.93862 | E91: =(datos_base!$J$3+datos_base!$J$19)*parametros_manuales!C$13 -> 496.7509 | F91: =(datos_base!$J$3+datos_base!$J$19)*parametros_manuales!D$13 -> 527.79783 | G91: =(datos_base!$J$3+datos_base!$J$19)*parametros_manuales!E$13 -> 527.79783 | H91: =(datos_base!$J$3+datos_base!$J$19)*parametros_manuales!F$13 -> 496.7509 | I91: =(datos_base!$J$3+datos_base!$J$19)*parametros_manuales!G$13 -> 465.70397 | J91: =(datos_base!$J$3+datos_base!$J$19)*parametros_manuales!H$13 -> 496.7509 | K91: =(datos_base!$J$3+datos_base!$J$19)*parametros_manuales!I$13 -> 496.7509 | ... O91: =(datos_base!$J$3+datos_base!$J$19)*parametros_manuales!M$13 -> 683.03249 | P91: =SUM(D91:O91) -> 6209.3862
A92: 2034 | B92: ABC 5 kg | C92: Terminado | D92: =(datos_base!$J$4+datos_base!$J$20)*parametros_manuales!B$14 -> 2704.1005 | E92: =(datos_base!$J$4+datos_base!$J$20)*parametros_manuales!C$14 -> 2163.2804 | F92: =(datos_base!$J$4+datos_base!$J$20)*parametros_manuales!D$14 -> 2298.4854 | G92: =(datos_base!$J$4+datos_base!$J$20)*parametros_manuales!E$14 -> 2298.4854 | H92: =(datos_base!$J$4+datos_base!$J$20)*parametros_manuales!F$14 -> 2163.2804 | I92: =(datos_base!$J$4+datos_base!$J$20)*parametros_manuales!G$14 -> 2028.0753 | J92: =(datos_base!$J$4+datos_base!$J$20)*parametros_manuales!H$14 -> 2163.2804 | K92: =(datos_base!$J$4+datos_base!$J$20)*parametros_manuales!I$14 -> 2163.2804 | ... O92: =(datos_base!$J$4+datos_base!$J$20)*parametros_manuales!M$14 -> 2974.5105 | P92: =SUM(D92:O92) -> 27041.005
A93: 2034 | B93: ABC 10 kg | C93: Terminado | D93: =(datos_base!$J$5+datos_base!$J$21)*parametros_manuales!B$15 -> 161.72301 | E93: =(datos_base!$J$5+datos_base!$J$21)*parametros_manuales!C$15 -> 129.3784 | F93: =(datos_base!$J$5+datos_base!$J$21)*parametros_manuales!D$15 -> 137.46455 | G93: =(datos_base!$J$5+datos_base!$J$21)*parametros_manuales!E$15 -> 137.46455 | H93: =(datos_base!$J$5+datos_base!$J$21)*parametros_manuales!F$15 -> 129.3784 | I93: =(datos_base!$J$5+datos_base!$J$21)*parametros_manuales!G$15 -> 121.29225 | J93: =(datos_base!$J$5+datos_base!$J$21)*parametros_manuales!H$15 -> 129.3784 | K93: =(datos_base!$J$5+datos_base!$J$21)*parametros_manuales!I$15 -> 129.3784 | ... O93: =(datos_base!$J$5+datos_base!$J$21)*parametros_manuales!M$15 -> 177.89531 | P93: =SUM(D93:O93) -> 1617.2301
A94: 2034 | B94: Cilindros ABC 1 kg | C94: Cilindro | D94: =(datos_base!$J$9+datos_base!$J$23)*parametros_manuales!B$12 -> 17618.376 | E94: =(datos_base!$J$9+datos_base!$J$23)*parametros_manuales!C$12 -> 13213.782 | F94: =(datos_base!$J$9+datos_base!$J$23)*parametros_manuales!D$12 -> 11745.584 | G94: =(datos_base!$J$9+datos_base!$J$23)*parametros_manuales!E$12 -> 11011.485 | H94: =(datos_base!$J$9+datos_base!$J$23)*parametros_manuales!F$12 -> 10277.386 | I94: =(datos_base!$J$9+datos_base!$J$23)*parametros_manuales!G$12 -> 10277.386 | J94: =(datos_base!$J$9+datos_base!$J$23)*parametros_manuales!H$12 -> 11011.485 | K94: =(datos_base!$J$9+datos_base!$J$23)*parametros_manuales!I$12 -> 11011.485 | ... O94: =(datos_base!$J$9+datos_base!$J$23)*parametros_manuales!M$12 -> 17618.376 | P94: =SUM(D94:O94) -> 146819.8
A95: 2034 | B95: Cilindros ABC 2,5 kg | C95: Cilindro | D95: =(datos_base!$J$10+datos_base!$J$24)*parametros_manuales!B$13 -> 576.712 | E95: =(datos_base!$J$10+datos_base!$J$24)*parametros_manuales!C$13 -> 461.3696 | F95: =(datos_base!$J$10+datos_base!$J$24)*parametros_manuales!D$13 -> 490.2052 | G95: =(datos_base!$J$10+datos_base!$J$24)*parametros_manuales!E$13 -> 490.2052 | H95: =(datos_base!$J$10+datos_base!$J$24)*parametros_manuales!F$13 -> 461.3696 | I95: =(datos_base!$J$10+datos_base!$J$24)*parametros_manuales!G$13 -> 432.534 | J95: =(datos_base!$J$10+datos_base!$J$24)*parametros_manuales!H$13 -> 461.3696 | K95: =(datos_base!$J$10+datos_base!$J$24)*parametros_manuales!I$13 -> 461.3696 | ... O95: =(datos_base!$J$10+datos_base!$J$24)*parametros_manuales!M$13 -> 634.3832 | P95: =SUM(D95:O95) -> 5767.12
A96: 2034 | B96: Cilindros ABC 5 kg | C96: Cilindro | D96: =(datos_base!$J$11+datos_base!$J$25)*parametros_manuales!B$14 -> 2846.852 | E96: =(datos_base!$J$11+datos_base!$J$25)*parametros_manuales!C$14 -> 2277.4816 | F96: =(datos_base!$J$11+datos_base!$J$25)*parametros_manuales!D$14 -> 2419.8242 | G96: =(datos_base!$J$11+datos_base!$J$25)*parametros_manuales!E$14 -> 2419.8242 | H96: =(datos_base!$J$11+datos_base!$J$25)*parametros_manuales!F$14 -> 2277.4816 | I96: =(datos_base!$J$11+datos_base!$J$25)*parametros_manuales!G$14 -> 2135.139 | J96: =(datos_base!$J$11+datos_base!$J$25)*parametros_manuales!H$14 -> 2277.4816 | K96: =(datos_base!$J$11+datos_base!$J$25)*parametros_manuales!I$14 -> 2277.4816 | ... O96: =(datos_base!$J$11+datos_base!$J$25)*parametros_manuales!M$14 -> 3131.5372 | P96: =SUM(D96:O96) -> 28468.52
A97: 2034 | B97: Cilindros ABC 10 kg | C97: Cilindro | D97: =(datos_base!$J$12+datos_base!$J$26)*parametros_manuales!B$15 -> 174.144 | E97: =(datos_base!$J$12+datos_base!$J$26)*parametros_manuales!C$15 -> 139.3152 | F97: =(datos_base!$J$12+datos_base!$J$26)*parametros_manuales!D$15 -> 148.0224 | G97: =(datos_base!$J$12+datos_base!$J$26)*parametros_manuales!E$15 -> 148.0224 | H97: =(datos_base!$J$12+datos_base!$J$26)*parametros_manuales!F$15 -> 139.3152 | I97: =(datos_base!$J$12+datos_base!$J$26)*parametros_manuales!G$15 -> 130.608 | J97: =(datos_base!$J$12+datos_base!$J$26)*parametros_manuales!H$15 -> 139.3152 | K97: =(datos_base!$J$12+datos_base!$J$26)*parametros_manuales!I$15 -> 139.3152 | ... O97: =(datos_base!$J$12+datos_base!$J$26)*parametros_manuales!M$15 -> 191.5584 | P97: =SUM(D97:O97) -> 1741.44
B98: Total recipientes | D98: =SUM(D90:D97) -> 28131.646 | E98: =SUM(E90:E97) -> 21452.958 | F98: =SUM(F90:F97) -> 20053.25 | G98: =SUM(G90:G97) -> 19176.285 | H98: =SUM(H90:H97) -> 17945.096 | I98: =SUM(I90:I97) -> 17590.872 | J98: =SUM(J90:J97) -> 18822.061 | K98: =SUM(K90:K97) -> 18822.061 | ... P98: =SUM(P90:P97) -> 246237.84
A100: 2035 | B100: Producto | C100: Tipo | D100: Ene | E100: Feb | F100: Mar | G100: Abr | H100: May | I100: Jun | J100: Jul | K100: Ago | L100: Sep | M100: Oct | N100: Nov | O100: Dic | P100: Total anual
A101: 2035 | B101: ABC 1 kg | C101: Terminado | D101: =(datos_base!$K$2+datos_base!$K$18)*parametros_manuales!B$12 -> 3848.7167 | E101: =(datos_base!$K$2+datos_base!$K$18)*parametros_manuales!C$12 -> 2886.5375 | F101: =(datos_base!$K$2+datos_base!$K$18)*parametros_manuales!D$12 -> 2565.8111 | G101: =(datos_base!$K$2+datos_base!$K$18)*parametros_manuales!E$12 -> 2405.4479 | H101: =(datos_base!$K$2+datos_base!$K$18)*parametros_manuales!F$12 -> 2245.0847 | I101: =(datos_base!$K$2+datos_base!$K$18)*parametros_manuales!G$12 -> 2245.0847 | J101: =(datos_base!$K$2+datos_base!$K$18)*parametros_manuales!H$12 -> 2405.4479 | K101: =(datos_base!$K$2+datos_base!$K$18)*parametros_manuales!I$12 -> 2405.4479 | ... O101: =(datos_base!$K$2+datos_base!$K$18)*parametros_manuales!M$12 -> 3848.7167 | P101: =SUM(D101:O101) -> 32072.639
A102: 2035 | B102: ABC 2,5 kg | C102: Terminado | D102: =(datos_base!$K$3+datos_base!$K$19)*parametros_manuales!B$13 -> 743.96184 | E102: =(datos_base!$K$3+datos_base!$K$19)*parametros_manuales!C$13 -> 595.16948 | F102: =(datos_base!$K$3+datos_base!$K$19)*parametros_manuales!D$13 -> 632.36757 | G102: =(datos_base!$K$3+datos_base!$K$19)*parametros_manuales!E$13 -> 632.36757 | H102: =(datos_base!$K$3+datos_base!$K$19)*parametros_manuales!F$13 -> 595.16948 | I102: =(datos_base!$K$3+datos_base!$K$19)*parametros_manuales!G$13 -> 557.97138 | J102: =(datos_base!$K$3+datos_base!$K$19)*parametros_manuales!H$13 -> 595.16948 | K102: =(datos_base!$K$3+datos_base!$K$19)*parametros_manuales!I$13 -> 595.16948 | ... O102: =(datos_base!$K$3+datos_base!$K$19)*parametros_manuales!M$13 -> 818.35803 | P102: =SUM(D102:O102) -> 7439.6184
A103: 2035 | B103: ABC 5 kg | C103: Terminado | D103: =(datos_base!$K$4+datos_base!$K$20)*parametros_manuales!B$14 -> 3082.8939 | E103: =(datos_base!$K$4+datos_base!$K$20)*parametros_manuales!C$14 -> 2466.3151 | F103: =(datos_base!$K$4+datos_base!$K$20)*parametros_manuales!D$14 -> 2620.4598 | G103: =(datos_base!$K$4+datos_base!$K$20)*parametros_manuales!E$14 -> 2620.4598 | H103: =(datos_base!$K$4+datos_base!$K$20)*parametros_manuales!F$14 -> 2466.3151 | I103: =(datos_base!$K$4+datos_base!$K$20)*parametros_manuales!G$14 -> 2312.1704 | J103: =(datos_base!$K$4+datos_base!$K$20)*parametros_manuales!H$14 -> 2466.3151 | K103: =(datos_base!$K$4+datos_base!$K$20)*parametros_manuales!I$14 -> 2466.3151 | ... O103: =(datos_base!$K$4+datos_base!$K$20)*parametros_manuales!M$14 -> 3391.1833 | P103: =SUM(D103:O103) -> 30828.939
A104: 2035 | B104: ABC 10 kg | C104: Terminado | D104: =(datos_base!$K$5+datos_base!$K$21)*parametros_manuales!B$15 -> 184.68881 | E104: =(datos_base!$K$5+datos_base!$K$21)*parametros_manuales!C$15 -> 147.75105 | F104: =(datos_base!$K$5+datos_base!$K$21)*parametros_manuales!D$15 -> 156.98549 | G104: =(datos_base!$K$5+datos_base!$K$21)*parametros_manuales!E$15 -> 156.98549 | H104: =(datos_base!$K$5+datos_base!$K$21)*parametros_manuales!F$15 -> 147.75105 | I104: =(datos_base!$K$5+datos_base!$K$21)*parametros_manuales!G$15 -> 138.51661 | J104: =(datos_base!$K$5+datos_base!$K$21)*parametros_manuales!H$15 -> 147.75105 | K104: =(datos_base!$K$5+datos_base!$K$21)*parametros_manuales!I$15 -> 147.75105 | ... O104: =(datos_base!$K$5+datos_base!$K$21)*parametros_manuales!M$15 -> 203.15769 | P104: =SUM(D104:O104) -> 1846.8881
A105: 2035 | B105: Cilindros ABC 1 kg | C105: Cilindro | D105: =(datos_base!$K$9+datos_base!$K$23)*parametros_manuales!B$12 -> 20465.76 | E105: =(datos_base!$K$9+datos_base!$K$23)*parametros_manuales!C$12 -> 15349.32 | F105: =(datos_base!$K$9+datos_base!$K$23)*parametros_manuales!D$12 -> 13643.84 | G105: =(datos_base!$K$9+datos_base!$K$23)*parametros_manuales!E$12 -> 12791.1 | H105: =(datos_base!$K$9+datos_base!$K$23)*parametros_manuales!F$12 -> 11938.36 | I105: =(datos_base!$K$9+datos_base!$K$23)*parametros_manuales!G$12 -> 11938.36 | J105: =(datos_base!$K$9+datos_base!$K$23)*parametros_manuales!H$12 -> 12791.1 | K105: =(datos_base!$K$9+datos_base!$K$23)*parametros_manuales!I$12 -> 12791.1 | ... O105: =(datos_base!$K$9+datos_base!$K$23)*parametros_manuales!M$12 -> 20465.76 | P105: =SUM(D105:O105) -> 170548
A106: 2035 | B106: Cilindros ABC 2,5 kg | C106: Cilindro | D106: =(datos_base!$K$10+datos_base!$K$24)*parametros_manuales!B$13 -> 669.576 | E106: =(datos_base!$K$10+datos_base!$K$24)*parametros_manuales!C$13 -> 535.6608 | F106: =(datos_base!$K$10+datos_base!$K$24)*parametros_manuales!D$13 -> 569.1396 | G106: =(datos_base!$K$10+datos_base!$K$24)*parametros_manuales!E$13 -> 569.1396 | H106: =(datos_base!$K$10+datos_base!$K$24)*parametros_manuales!F$13 -> 535.6608 | I106: =(datos_base!$K$10+datos_base!$K$24)*parametros_manuales!G$13 -> 502.182 | J106: =(datos_base!$K$10+datos_base!$K$24)*parametros_manuales!H$13 -> 535.6608 | K106: =(datos_base!$K$10+datos_base!$K$24)*parametros_manuales!I$13 -> 535.6608 | ... O106: =(datos_base!$K$10+datos_base!$K$24)*parametros_manuales!M$13 -> 736.5336 | P106: =SUM(D106:O106) -> 6695.76
A107: 2035 | B107: Cilindros ABC 5 kg | C107: Cilindro | D107: =(datos_base!$K$11+datos_base!$K$25)*parametros_manuales!B$14 -> 3305.4 | E107: =(datos_base!$K$11+datos_base!$K$25)*parametros_manuales!C$14 -> 2644.32 | F107: =(datos_base!$K$11+datos_base!$K$25)*parametros_manuales!D$14 -> 2809.59 | G107: =(datos_base!$K$11+datos_base!$K$25)*parametros_manuales!E$14 -> 2809.59 | H107: =(datos_base!$K$11+datos_base!$K$25)*parametros_manuales!F$14 -> 2644.32 | I107: =(datos_base!$K$11+datos_base!$K$25)*parametros_manuales!G$14 -> 2479.05 | J107: =(datos_base!$K$11+datos_base!$K$25)*parametros_manuales!H$14 -> 2644.32 | K107: =(datos_base!$K$11+datos_base!$K$25)*parametros_manuales!I$14 -> 2644.32 | ... O107: =(datos_base!$K$11+datos_base!$K$25)*parametros_manuales!M$14 -> 3635.94 | P107: =SUM(D107:O107) -> 33054
A108: 2035 | B108: Cilindros ABC 10 kg | C108: Cilindro | D108: =(datos_base!$K$12+datos_base!$K$26)*parametros_manuales!B$15 -> 202.144 | E108: =(datos_base!$K$12+datos_base!$K$26)*parametros_manuales!C$15 -> 161.7152 | F108: =(datos_base!$K$12+datos_base!$K$26)*parametros_manuales!D$15 -> 171.8224 | G108: =(datos_base!$K$12+datos_base!$K$26)*parametros_manuales!E$15 -> 171.8224 | H108: =(datos_base!$K$12+datos_base!$K$26)*parametros_manuales!F$15 -> 161.7152 | I108: =(datos_base!$K$12+datos_base!$K$26)*parametros_manuales!G$15 -> 151.608 | J108: =(datos_base!$K$12+datos_base!$K$26)*parametros_manuales!H$15 -> 161.7152 | K108: =(datos_base!$K$12+datos_base!$K$26)*parametros_manuales!I$15 -> 161.7152 | ... O108: =(datos_base!$K$12+datos_base!$K$26)*parametros_manuales!M$15 -> 222.3584 | P108: =SUM(D108:O108) -> 2021.44
B109: Total recipientes | D109: =SUM(D101:D108) -> 32503.141 | E109: =SUM(E101:E108) -> 24786.789 | F109: =SUM(F101:F108) -> 23170.016 | G109: =SUM(G101:G108) -> 22156.913 | H109: =SUM(H101:H108) -> 20734.376 | I109: =SUM(I101:I108) -> 20324.943 | J109: =SUM(J101:J108) -> 21747.48 | K109: =SUM(K101:K108) -> 21747.48 | ... P109: =SUM(P101:P108) -> 284507.28

Sheet Demanda puesto sin sobrestock
A1: Año 2026 | B1: Ene | C1: Feb | D1: Mar | E1: Abr | F1: May | G1: Jun | H1: Jul | I1: Ago | J1: Sep | K1: Oct | L1: Nov | M1: Dic | N1: Total anual | O1: Mes pico (u/mes) | P1: Demanda pico (u/h) | Q1: Mes pico
A2: =parametros_manuales!$B$19 -> Recepción de materia prima | B2: =(parametros_manuales!$D$19*('Plan mensual'!D2+IF(parametros_manuales!$H$19="Todos",'Plan mensual'!D6,0))+parametros_manuales!$E$19*('Plan mensual'!D3+IF(parametros_manuales!$H$19="Todos",'Plan mensual'!D7,0))+parametros_manuales!$F$19*('Plan mensual'!D4+IF(parametros_manuales!$H$19="Todos",'Plan mensual'!D8,0))+parametros_manuales!$G$19*('Plan mensual'!D5+IF(parametros_manuales!$H$19="Todos",'Plan mensual'!D9,0)))*parametros_manuales!$I$19*parametros_manuales!$J$19 -> 769.81204 | C2: =(parametros_manuales!$D$19*('Plan mensual'!E2+IF(parametros_manuales!$H$19="Todos",'Plan mensual'!E6,0))+parametros_manuales!$E$19*('Plan mensual'!E3+IF(parametros_manuales!$H$19="Todos",'Plan mensual'!E7,0))+parametros_manuales!$F$19*('Plan mensual'!E4+IF(parametros_manuales!$H$19="Todos",'Plan mensual'!E8,0))+parametros_manuales!$G$19*('Plan mensual'!E5+IF(parametros_manuales!$H$19="Todos",'Plan mensual'!E9,0)))*parametros_manuales!$I$19*parametros_manuales!$J$19 -> 590.77721 | D2: =(parametros_manuales!$D$19*('Plan mensual'!F2+IF(parametros_manuales!$H$19="Todos",'Plan mensual'!F6,0))+parametros_manuales!$E$19*('Plan mensual'!F3+IF(parametros_manuales!$H$19="Todos",'Plan mensual'!F7,0))+parametros_manuales!$F$19*('Plan mensual'!F4+IF(parametros_manuales!$H$19="Todos",'Plan mensual'!F8,0))+parametros_manuales!$G$19*('Plan mensual'!F5+IF(parametros_manuales!$H$19="Todos",'Plan mensual'!F9,0)))*parametros_manuales!$I$19*parametros_manuales!$J$19 -> 562.40803 | E2: =(parametros_manuales!$D$19*('Plan mensual'!G2+IF(parametros_manuales!$H$19="Todos",'Plan mensual'!G6,0))+parametros_manuales!$E$19*('Plan mensual'!G3+IF(parametros_manuales!$H$19="Todos",'Plan mensual'!G7,0))+parametros_manuales!$F$19*('Plan mensual'!G4+IF(parametros_manuales!$H$19="Todos",'Plan mensual'!G8,0))+parametros_manuales!$G$19*('Plan mensual'!G5+IF(parametros_manuales!$H$19="Todos",'Plan mensual'!G9,0)))*parametros_manuales!$I$19*parametros_manuales!$J$19 -> 541.51435 | F2: =(parametros_manuales!$D$19*('Plan mensual'!H2+IF(parametros_manuales!$H$19="Todos",'Plan mensual'!H6,0))+parametros_manuales!$E$19*('Plan mensual'!H3+IF(parametros_manuales!$H$19="Todos",'Plan mensual'!H7,0))+parametros_manuales!$F$19*('Plan mensual'!H4+IF(parametros_manuales!$H$19="Todos",'Plan mensual'!H8,0))+parametros_manuales!$G$19*('Plan mensual'!H5+IF(parametros_manuales!$H$19="Todos",'Plan mensual'!H9,0)))*parametros_manuales!$I$19*parametros_manuales!$J$19 -> 507.20248 | G2: =(parametros_manuales!$D$19*('Plan mensual'!I2+IF(parametros_manuales!$H$19="Todos",'Plan mensual'!I6,0))+parametros_manuales!$E$19*('Plan mensual'!I3+IF(parametros_manuales!$H$19="Todos",'Plan mensual'!I7,0))+parametros_manuales!$F$19*('Plan mensual'!I4+IF(parametros_manuales!$H$19="Todos",'Plan mensual'!I8,0))+parametros_manuales!$G$19*('Plan mensual'!I5+IF(parametros_manuales!$H$19="Todos",'Plan mensual'!I9,0)))*parametros_manuales!$I$19*parametros_manuales!$J$19 -> 493.7843 | H2: =(parametros_manuales!$D$19*('Plan mensual'!J2+IF(parametros_manuales!$H$19="Todos",'Plan mensual'!J6,0))+parametros_manuales!$E$19*('Plan mensual'!J3+IF(parametros_manuales!$H$19="Todos",'Plan mensual'!J7,0))+parametros_manuales!$F$19*('Plan mensual'!J4+IF(parametros_manuales!$H$19="Todos",'Plan mensual'!J8,0))+parametros_manuales!$G$19*('Plan mensual'!J5+IF(parametros_manuales!$H$19="Todos",'Plan mensual'!J9,0)))*parametros_manuales!$I$19*parametros_manuales!$J$19 -> 528.09617 | I2: =(parametros_manuales!$D$19*('Plan mensual'!K2+IF(parametros_manuales!$H$19="Todos",'Plan mensual'!K6,0))+parametros_manuales!$E$19*('Plan mensual'!K3+IF(parametros_manuales!$H$19="Todos",'Plan mensual'!K7,0))+parametros_manuales!$F$19*('Plan mensual'!K4+IF(parametros_manuales!$H$19="Todos",'Plan mensual'!K8,0))+parametros_manuales!$G$19*('Plan mensual'!K5+IF(parametros_manuales!$H$19="Todos",'Plan mensual'!K9,0)))*parametros_manuales!$I$19*parametros_manuales!$J$19 -> 528.09617 | ... M2: =(parametros_manuales!$D$19*('Plan mensual'!O2+IF(parametros_manuales!$H$19="Todos",'Plan mensual'!O6,0))+parametros_manuales!$E$19*('Plan mensual'!O3+IF(parametros_manuales!$H$19="Todos",'Plan mensual'!O7,0))+parametros_manuales!$F$19*('Plan mensual'!O4+IF(parametros_manuales!$H$19="Todos",'Plan mensual'!O8,0))+parametros_manuales!$G$19*('Plan mensual'!O5+IF(parametros_manuales!$H$19="Todos",'Plan mensual'!O9,0)))*parametros_manuales!$I$19*parametros_manuales!$J$19 -> 796.64841 | N2: =SUM(B2:M2) -> 6862.3731 | O2: =MAX(B2:M2) -> 796.64841 | P2: =O2/(parametros_manuales!$B$7) -> 5.3109894 | Q2: =IF(O2=0,"-",INDEX($B$1:$M$1,MATCH(O2,B2:M2,0))) -> Dic
A3: =parametros_manuales!$B$20 -> Corte de chapa (guillotina) — 2,5 a 10 kg | B3: =(parametros_manuales!$D$20*('Plan mensual'!D2+IF(parametros_manuales!$H$20="Todos",'Plan mensual'!D6,0))+parametros_manuales!$E$20*('Plan mensual'!D3+IF(parametros_manuales!$H$20="Todos",'Plan mensual'!D7,0))+parametros_manuales!$F$20*('Plan mensual'!D4+IF(parametros_manuales!$H$20="Todos",'Plan mensual'!D8,0))+parametros_manuales!$G$20*('Plan mensual'!D5+IF(parametros_manuales!$H$20="Todos",'Plan mensual'!D9,0)))*parametros_manuales!$I$20*parametros_manuales!$J$20 -> 268.36366 | C3: =(parametros_manuales!$D$20*('Plan mensual'!E2+IF(parametros_manuales!$H$20="Todos",'Plan mensual'!E6,0))+parametros_manuales!$E$20*('Plan mensual'!E3+IF(parametros_manuales!$H$20="Todos",'Plan mensual'!E7,0))+parametros_manuales!$F$20*('Plan mensual'!E4+IF(parametros_manuales!$H$20="Todos",'Plan mensual'!E8,0))+parametros_manuales!$G$20*('Plan mensual'!E5+IF(parametros_manuales!$H$20="Todos",'Plan mensual'!E9,0)))*parametros_manuales!$I$20*parametros_manuales!$J$20 -> 214.69093 | D3: =(parametros_manuales!$D$20*('Plan mensual'!F2+IF(parametros_manuales!$H$20="Todos",'Plan mensual'!F6,0))+parametros_manuales!$E$20*('Plan mensual'!F3+IF(parametros_manuales!$H$20="Todos",'Plan mensual'!F7,0))+parametros_manuales!$F$20*('Plan mensual'!F4+IF(parametros_manuales!$H$20="Todos",'Plan mensual'!F8,0))+parametros_manuales!$G$20*('Plan mensual'!F5+IF(parametros_manuales!$H$20="Todos",'Plan mensual'!F9,0)))*parametros_manuales!$I$20*parametros_manuales!$J$20 -> 228.10911 | E3: =(parametros_manuales!$D$20*('Plan mensual'!G2+IF(parametros_manuales!$H$20="Todos",'Plan mensual'!G6,0))+parametros_manuales!$E$20*('Plan mensual'!G3+IF(parametros_manuales!$H$20="Todos",'Plan mensual'!G7,0))+parametros_manuales!$F$20*('Plan mensual'!G4+IF(parametros_manuales!$H$20="Todos",'Plan mensual'!G8,0))+parametros_manuales!$G$20*('Plan mensual'!G5+IF(parametros_manuales!$H$20="Todos",'Plan mensual'!G9,0)))*parametros_manuales!$I$20*parametros_manuales!$J$20 -> 228.10911 | F3: =(parametros_manuales!$D$20*('Plan mensual'!H2+IF(parametros_manuales!$H$20="Todos",'Plan mensual'!H6,0))+parametros_manuales!$E$20*('Plan mensual'!H3+IF(parametros_manuales!$H$20="Todos",'Plan mensual'!H7,0))+parametros_manuales!$F$20*('Plan mensual'!H4+IF(parametros_manuales!$H$20="Todos",'Plan mensual'!H8,0))+parametros_manuales!$G$20*('Plan mensual'!H5+IF(parametros_manuales!$H$20="Todos",'Plan mensual'!H9,0)))*parametros_manuales!$I$20*parametros_manuales!$J$20 -> 214.69093 | G3: =(parametros_manuales!$D$20*('Plan mensual'!I2+IF(parametros_manuales!$H$20="Todos",'Plan mensual'!I6,0))+parametros_manuales!$E$20*('Plan mensual'!I3+IF(parametros_manuales!$H$20="Todos",'Plan mensual'!I7,0))+parametros_manuales!$F$20*('Plan mensual'!I4+IF(parametros_manuales!$H$20="Todos",'Plan mensual'!I8,0))+parametros_manuales!$G$20*('Plan mensual'!I5+IF(parametros_manuales!$H$20="Todos",'Plan mensual'!I9,0)))*parametros_manuales!$I$20*parametros_manuales!$J$20 -> 201.27274 | H3: =(parametros_manuales!$D$20*('Plan mensual'!J2+IF(parametros_manuales!$H$20="Todos",'Plan mensual'!J6,0))+parametros_manuales!$E$20*('Plan mensual'!J3+IF(parametros_manuales!$H$20="Todos",'Plan mensual'!J7,0))+parametros_manuales!$F$20*('Plan mensual'!J4+IF(parametros_manuales!$H$20="Todos",'Plan mensual'!J8,0))+parametros_manuales!$G$20*('Plan mensual'!J5+IF(parametros_manuales!$H$20="Todos",'Plan mensual'!J9,0)))*parametros_manuales!$I$20*parametros_manuales!$J$20 -> 214.69093 | I3: =(parametros_manuales!$D$20*('Plan mensual'!K2+IF(parametros_manuales!$H$20="Todos",'Plan mensual'!K6,0))+parametros_manuales!$E$20*('Plan mensual'!K3+IF(parametros_manuales!$H$20="Todos",'Plan mensual'!K7,0))+parametros_manuales!$F$20*('Plan mensual'!K4+IF(parametros_manuales!$H$20="Todos",'Plan mensual'!K8,0))+parametros_manuales!$G$20*('Plan mensual'!K5+IF(parametros_manuales!$H$20="Todos",'Plan mensual'!K9,0)))*parametros_manuales!$I$20*parametros_manuales!$J$20 -> 214.69093 | ... M3: =(parametros_manuales!$D$20*('Plan mensual'!O2+IF(parametros_manuales!$H$20="Todos",'Plan mensual'!O6,0))+parametros_manuales!$E$20*('Plan mensual'!O3+IF(parametros_manuales!$H$20="Todos",'Plan mensual'!O7,0))+parametros_manuales!$F$20*('Plan mensual'!O4+IF(parametros_manuales!$H$20="Todos",'Plan mensual'!O8,0))+parametros_manuales!$G$20*('Plan mensual'!O5+IF(parametros_manuales!$H$20="Todos",'Plan mensual'!O9,0)))*parametros_manuales!$I$20*parametros_manuales!$J$20 -> 295.20002 | N3: =SUM(B3:M3) -> 2683.6366 | O3: =MAX(B3:M3) -> 295.20002 | P3: =O3/(parametros_manuales!$B$7) -> 1.9680001 | Q3: =IF(O3=0,"-",INDEX($B$1:$M$1,MATCH(O3,B3:M3,0))) -> Dic
A4: =parametros_manuales!$B$21 -> Corte de tubo — 1 kg | B4: =(parametros_manuales!$D$21*('Plan mensual'!D2+IF(parametros_manuales!$H$21="Todos",'Plan mensual'!D6,0))+parametros_manuales!$E$21*('Plan mensual'!D3+IF(parametros_manuales!$H$21="Todos",'Plan mensual'!D7,0))+parametros_manuales!$F$21*('Plan mensual'!D4+IF(parametros_manuales!$H$21="Todos",'Plan mensual'!D8,0))+parametros_manuales!$G$21*('Plan mensual'!D5+IF(parametros_manuales!$H$21="Todos",'Plan mensual'!D9,0)))*parametros_manuales!$I$21*parametros_manuales!$J$21 -> 501.44839 | C4: =(parametros_manuales!$D$21*('Plan mensual'!E2+IF(parametros_manuales!$H$21="Todos",'Plan mensual'!E6,0))+parametros_manuales!$E$21*('Plan mensual'!E3+IF(parametros_manuales!$H$21="Todos",'Plan mensual'!E7,0))+parametros_manuales!$F$21*('Plan mensual'!E4+IF(parametros_manuales!$H$21="Todos",'Plan mensual'!E8,0))+parametros_manuales!$G$21*('Plan mensual'!E5+IF(parametros_manuales!$H$21="Todos",'Plan mensual'!E9,0)))*parametros_manuales!$I$21*parametros_manuales!$J$21 -> 376.08629 | D4: =(parametros_manuales!$D$21*('Plan mensual'!F2+IF(parametros_manuales!$H$21="Todos",'Plan mensual'!F6,0))+parametros_manuales!$E$21*('Plan mensual'!F3+IF(parametros_manuales!$H$21="Todos",'Plan mensual'!F7,0))+parametros_manuales!$F$21*('Plan mensual'!F4+IF(parametros_manuales!$H$21="Todos",'Plan mensual'!F8,0))+parametros_manuales!$G$21*('Plan mensual'!F5+IF(parametros_manuales!$H$21="Todos",'Plan mensual'!F9,0)))*parametros_manuales!$I$21*parametros_manuales!$J$21 -> 334.29892 | E4: =(parametros_manuales!$D$21*('Plan mensual'!G2+IF(parametros_manuales!$H$21="Todos",'Plan mensual'!G6,0))+parametros_manuales!$E$21*('Plan mensual'!G3+IF(parametros_manuales!$H$21="Todos",'Plan mensual'!G7,0))+parametros_manuales!$F$21*('Plan mensual'!G4+IF(parametros_manuales!$H$21="Todos",'Plan mensual'!G8,0))+parametros_manuales!$G$21*('Plan mensual'!G5+IF(parametros_manuales!$H$21="Todos",'Plan mensual'!G9,0)))*parametros_manuales!$I$21*parametros_manuales!$J$21 -> 313.40524 | F4: =(parametros_manuales!$D$21*('Plan mensual'!H2+IF(parametros_manuales!$H$21="Todos",'Plan mensual'!H6,0))+parametros_manuales!$E$21*('Plan mensual'!H3+IF(parametros_manuales!$H$21="Todos",'Plan mensual'!H7,0))+parametros_manuales!$F$21*('Plan mensual'!H4+IF(parametros_manuales!$H$21="Todos",'Plan mensual'!H8,0))+parametros_manuales!$G$21*('Plan mensual'!H5+IF(parametros_manuales!$H$21="Todos",'Plan mensual'!H9,0)))*parametros_manuales!$I$21*parametros_manuales!$J$21 -> 292.51156 | G4: =(parametros_manuales!$D$21*('Plan mensual'!I2+IF(parametros_manuales!$H$21="Todos",'Plan mensual'!I6,0))+parametros_manuales!$E$21*('Plan mensual'!I3+IF(parametros_manuales!$H$21="Todos",'Plan mensual'!I7,0))+parametros_manuales!$F$21*('Plan mensual'!I4+IF(parametros_manuales!$H$21="Todos",'Plan mensual'!I8,0))+parametros_manuales!$G$21*('Plan mensual'!I5+IF(parametros_manuales!$H$21="Todos",'Plan mensual'!I9,0)))*parametros_manuales!$I$21*parametros_manuales!$J$21 -> 292.51156 | H4: =(parametros_manuales!$D$21*('Plan mensual'!J2+IF(parametros_manuales!$H$21="Todos",'Plan mensual'!J6,0))+parametros_manuales!$E$21*('Plan mensual'!J3+IF(parametros_manuales!$H$21="Todos",'Plan mensual'!J7,0))+parametros_manuales!$F$21*('Plan mensual'!J4+IF(parametros_manuales!$H$21="Todos",'Plan mensual'!J8,0))+parametros_manuales!$G$21*('Plan mensual'!J5+IF(parametros_manuales!$H$21="Todos",'Plan mensual'!J9,0)))*parametros_manuales!$I$21*parametros_manuales!$J$21 -> 313.40524 | I4: =(parametros_manuales!$D$21*('Plan mensual'!K2+IF(parametros_manuales!$H$21="Todos",'Plan mensual'!K6,0))+parametros_manuales!$E$21*('Plan mensual'!K3+IF(parametros_manuales!$H$21="Todos",'Plan mensual'!K7,0))+parametros_manuales!$F$21*('Plan mensual'!K4+IF(parametros_manuales!$H$21="Todos",'Plan mensual'!K8,0))+parametros_manuales!$G$21*('Plan mensual'!K5+IF(parametros_manuales!$H$21="Todos",'Plan mensual'!K9,0)))*parametros_manuales!$I$21*parametros_manuales!$J$21 -> 313.40524 | ... M4: =(parametros_manuales!$D$21*('Plan mensual'!O2+IF(parametros_manuales!$H$21="Todos",'Plan mensual'!O6,0))+parametros_manuales!$E$21*('Plan mensual'!O3+IF(parametros_manuales!$H$21="Todos",'Plan mensual'!O7,0))+parametros_manuales!$F$21*('Plan mensual'!O4+IF(parametros_manuales!$H$21="Todos",'Plan mensual'!O8,0))+parametros_manuales!$G$21*('Plan mensual'!O5+IF(parametros_manuales!$H$21="Todos",'Plan mensual'!O9,0)))*parametros_manuales!$I$21*parametros_manuales!$J$21 -> 501.44839 | N4: =SUM(B4:M4) -> 4178.7365 | O4: =MAX(B4:M4) -> 501.44839 | P4: =O4/(parametros_manuales!$B$7) -> 3.3429892 | Q4: =IF(O4=0,"-",INDEX($B$1:$M$1,MATCH(O4,B4:M4,0))) -> Ene
A5: =parametros_manuales!$B$22 -> Corte de disco y embutido (cúpula y fondo) | B5: =(parametros_manuales!$D$22*('Plan mensual'!D2+IF(parametros_manuales!$H$22="Todos",'Plan mensual'!D6,0))+parametros_manuales!$E$22*('Plan mensual'!D3+IF(parametros_manuales!$H$22="Todos",'Plan mensual'!D7,0))+parametros_manuales!$F$22*('Plan mensual'!D4+IF(parametros_manuales!$H$22="Todos",'Plan mensual'!D8,0))+parametros_manuales!$G$22*('Plan mensual'!D5+IF(parametros_manuales!$H$22="Todos",'Plan mensual'!D9,0)))*parametros_manuales!$I$22*parametros_manuales!$J$22 -> 1539.6241 | C5: =(parametros_manuales!$D$22*('Plan mensual'!E2+IF(parametros_manuales!$H$22="Todos",'Plan mensual'!E6,0))+parametros_manuales!$E$22*('Plan mensual'!E3+IF(parametros_manuales!$H$22="Todos",'Plan mensual'!E7,0))+parametros_manuales!$F$22*('Plan mensual'!E4+IF(parametros_manuales!$H$22="Todos",'Plan mensual'!E8,0))+parametros_manuales!$G$22*('Plan mensual'!E5+IF(parametros_manuales!$H$22="Todos",'Plan mensual'!E9,0)))*parametros_manuales!$I$22*parametros_manuales!$J$22 -> 1181.5544 | D5: =(parametros_manuales!$D$22*('Plan mensual'!F2+IF(parametros_manuales!$H$22="Todos",'Plan mensual'!F6,0))+parametros_manuales!$E$22*('Plan mensual'!F3+IF(parametros_manuales!$H$22="Todos",'Plan mensual'!F7,0))+parametros_manuales!$F$22*('Plan mensual'!F4+IF(parametros_manuales!$H$22="Todos",'Plan mensual'!F8,0))+parametros_manuales!$G$22*('Plan mensual'!F5+IF(parametros_manuales!$H$22="Todos",'Plan mensual'!F9,0)))*parametros_manuales!$I$22*parametros_manuales!$J$22 -> 1124.8161 | E5: =(parametros_manuales!$D$22*('Plan mensual'!G2+IF(parametros_manuales!$H$22="Todos",'Plan mensual'!G6,0))+parametros_manuales!$E$22*('Plan mensual'!G3+IF(parametros_manuales!$H$22="Todos",'Plan mensual'!G7,0))+parametros_manuales!$F$22*('Plan mensual'!G4+IF(parametros_manuales!$H$22="Todos",'Plan mensual'!G8,0))+parametros_manuales!$G$22*('Plan mensual'!G5+IF(parametros_manuales!$H$22="Todos",'Plan mensual'!G9,0)))*parametros_manuales!$I$22*parametros_manuales!$J$22 -> 1083.0287 | F5: =(parametros_manuales!$D$22*('Plan mensual'!H2+IF(parametros_manuales!$H$22="Todos",'Plan mensual'!H6,0))+parametros_manuales!$E$22*('Plan mensual'!H3+IF(parametros_manuales!$H$22="Todos",'Plan mensual'!H7,0))+parametros_manuales!$F$22*('Plan mensual'!H4+IF(parametros_manuales!$H$22="Todos",'Plan mensual'!H8,0))+parametros_manuales!$G$22*('Plan mensual'!H5+IF(parametros_manuales!$H$22="Todos",'Plan mensual'!H9,0)))*parametros_manuales!$I$22*parametros_manuales!$J$22 -> 1014.405 | G5: =(parametros_manuales!$D$22*('Plan mensual'!I2+IF(parametros_manuales!$H$22="Todos",'Plan mensual'!I6,0))+parametros_manuales!$E$22*('Plan mensual'!I3+IF(parametros_manuales!$H$22="Todos",'Plan mensual'!I7,0))+parametros_manuales!$F$22*('Plan mensual'!I4+IF(parametros_manuales!$H$22="Todos",'Plan mensual'!I8,0))+parametros_manuales!$G$22*('Plan mensual'!I5+IF(parametros_manuales!$H$22="Todos",'Plan mensual'!I9,0)))*parametros_manuales!$I$22*parametros_manuales!$J$22 -> 987.5686 | H5: =(parametros_manuales!$D$22*('Plan mensual'!J2+IF(parametros_manuales!$H$22="Todos",'Plan mensual'!J6,0))+parametros_manuales!$E$22*('Plan mensual'!J3+IF(parametros_manuales!$H$22="Todos",'Plan mensual'!J7,0))+parametros_manuales!$F$22*('Plan mensual'!J4+IF(parametros_manuales!$H$22="Todos",'Plan mensual'!J8,0))+parametros_manuales!$G$22*('Plan mensual'!J5+IF(parametros_manuales!$H$22="Todos",'Plan mensual'!J9,0)))*parametros_manuales!$I$22*parametros_manuales!$J$22 -> 1056.1923 | I5: =(parametros_manuales!$D$22*('Plan mensual'!K2+IF(parametros_manuales!$H$22="Todos",'Plan mensual'!K6,0))+parametros_manuales!$E$22*('Plan mensual'!K3+IF(parametros_manuales!$H$22="Todos",'Plan mensual'!K7,0))+parametros_manuales!$F$22*('Plan mensual'!K4+IF(parametros_manuales!$H$22="Todos",'Plan mensual'!K8,0))+parametros_manuales!$G$22*('Plan mensual'!K5+IF(parametros_manuales!$H$22="Todos",'Plan mensual'!K9,0)))*parametros_manuales!$I$22*parametros_manuales!$J$22 -> 1056.1923 | ... M5: =(parametros_manuales!$D$22*('Plan mensual'!O2+IF(parametros_manuales!$H$22="Todos",'Plan mensual'!O6,0))+parametros_manuales!$E$22*('Plan mensual'!O3+IF(parametros_manuales!$H$22="Todos",'Plan mensual'!O7,0))+parametros_manuales!$F$22*('Plan mensual'!O4+IF(parametros_manuales!$H$22="Todos",'Plan mensual'!O8,0))+parametros_manuales!$G$22*('Plan mensual'!O5+IF(parametros_manuales!$H$22="Todos",'Plan mensual'!O9,0)))*parametros_manuales!$I$22*parametros_manuales!$J$22 -> 1593.2968 | N5: =SUM(B5:M5) -> 13724.746 | O5: =MAX(B5:M5) -> 1593.2968 | P5: =O5/(parametros_manuales!$B$7) -> 10.621979 | Q5: =IF(O5=0,"-",INDEX($B$1:$M$1,MATCH(O5,B5:M5,0))) -> Dic
A6: =parametros_manuales!$B$23 -> Preparación de cuello | B6: =(parametros_manuales!$D$23*('Plan mensual'!D2+IF(parametros_manuales!$H$23="Todos",'Plan mensual'!D6,0))+parametros_manuales!$E$23*('Plan mensual'!D3+IF(parametros_manuales!$H$23="Todos",'Plan mensual'!D7,0))+parametros_manuales!$F$23*('Plan mensual'!D4+IF(parametros_manuales!$H$23="Todos",'Plan mensual'!D8,0))+parametros_manuales!$G$23*('Plan mensual'!D5+IF(parametros_manuales!$H$23="Todos",'Plan mensual'!D9,0)))*parametros_manuales!$I$23*parametros_manuales!$J$23 -> 769.81204 | C6: =(parametros_manuales!$D$23*('Plan mensual'!E2+IF(parametros_manuales!$H$23="Todos",'Plan mensual'!E6,0))+parametros_manuales!$E$23*('Plan mensual'!E3+IF(parametros_manuales!$H$23="Todos",'Plan mensual'!E7,0))+parametros_manuales!$F$23*('Plan mensual'!E4+IF(parametros_manuales!$H$23="Todos",'Plan mensual'!E8,0))+parametros_manuales!$G$23*('Plan mensual'!E5+IF(parametros_manuales!$H$23="Todos",'Plan mensual'!E9,0)))*parametros_manuales!$I$23*parametros_manuales!$J$23 -> 590.77721 | D6: =(parametros_manuales!$D$23*('Plan mensual'!F2+IF(parametros_manuales!$H$23="Todos",'Plan mensual'!F6,0))+parametros_manuales!$E$23*('Plan mensual'!F3+IF(parametros_manuales!$H$23="Todos",'Plan mensual'!F7,0))+parametros_manuales!$F$23*('Plan mensual'!F4+IF(parametros_manuales!$H$23="Todos",'Plan mensual'!F8,0))+parametros_manuales!$G$23*('Plan mensual'!F5+IF(parametros_manuales!$H$23="Todos",'Plan mensual'!F9,0)))*parametros_manuales!$I$23*parametros_manuales!$J$23 -> 562.40803 | E6: =(parametros_manuales!$D$23*('Plan mensual'!G2+IF(parametros_manuales!$H$23="Todos",'Plan mensual'!G6,0))+parametros_manuales!$E$23*('Plan mensual'!G3+IF(parametros_manuales!$H$23="Todos",'Plan mensual'!G7,0))+parametros_manuales!$F$23*('Plan mensual'!G4+IF(parametros_manuales!$H$23="Todos",'Plan mensual'!G8,0))+parametros_manuales!$G$23*('Plan mensual'!G5+IF(parametros_manuales!$H$23="Todos",'Plan mensual'!G9,0)))*parametros_manuales!$I$23*parametros_manuales!$J$23 -> 541.51435 | F6: =(parametros_manuales!$D$23*('Plan mensual'!H2+IF(parametros_manuales!$H$23="Todos",'Plan mensual'!H6,0))+parametros_manuales!$E$23*('Plan mensual'!H3+IF(parametros_manuales!$H$23="Todos",'Plan mensual'!H7,0))+parametros_manuales!$F$23*('Plan mensual'!H4+IF(parametros_manuales!$H$23="Todos",'Plan mensual'!H8,0))+parametros_manuales!$G$23*('Plan mensual'!H5+IF(parametros_manuales!$H$23="Todos",'Plan mensual'!H9,0)))*parametros_manuales!$I$23*parametros_manuales!$J$23 -> 507.20248 | G6: =(parametros_manuales!$D$23*('Plan mensual'!I2+IF(parametros_manuales!$H$23="Todos",'Plan mensual'!I6,0))+parametros_manuales!$E$23*('Plan mensual'!I3+IF(parametros_manuales!$H$23="Todos",'Plan mensual'!I7,0))+parametros_manuales!$F$23*('Plan mensual'!I4+IF(parametros_manuales!$H$23="Todos",'Plan mensual'!I8,0))+parametros_manuales!$G$23*('Plan mensual'!I5+IF(parametros_manuales!$H$23="Todos",'Plan mensual'!I9,0)))*parametros_manuales!$I$23*parametros_manuales!$J$23 -> 493.7843 | H6: =(parametros_manuales!$D$23*('Plan mensual'!J2+IF(parametros_manuales!$H$23="Todos",'Plan mensual'!J6,0))+parametros_manuales!$E$23*('Plan mensual'!J3+IF(parametros_manuales!$H$23="Todos",'Plan mensual'!J7,0))+parametros_manuales!$F$23*('Plan mensual'!J4+IF(parametros_manuales!$H$23="Todos",'Plan mensual'!J8,0))+parametros_manuales!$G$23*('Plan mensual'!J5+IF(parametros_manuales!$H$23="Todos",'Plan mensual'!J9,0)))*parametros_manuales!$I$23*parametros_manuales!$J$23 -> 528.09617 | I6: =(parametros_manuales!$D$23*('Plan mensual'!K2+IF(parametros_manuales!$H$23="Todos",'Plan mensual'!K6,0))+parametros_manuales!$E$23*('Plan mensual'!K3+IF(parametros_manuales!$H$23="Todos",'Plan mensual'!K7,0))+parametros_manuales!$F$23*('Plan mensual'!K4+IF(parametros_manuales!$H$23="Todos",'Plan mensual'!K8,0))+parametros_manuales!$G$23*('Plan mensual'!K5+IF(parametros_manuales!$H$23="Todos",'Plan mensual'!K9,0)))*parametros_manuales!$I$23*parametros_manuales!$J$23 -> 528.09617 | ... M6: =(parametros_manuales!$D$23*('Plan mensual'!O2+IF(parametros_manuales!$H$23="Todos",'Plan mensual'!O6,0))+parametros_manuales!$E$23*('Plan mensual'!O3+IF(parametros_manuales!$H$23="Todos",'Plan mensual'!O7,0))+parametros_manuales!$F$23*('Plan mensual'!O4+IF(parametros_manuales!$H$23="Todos",'Plan mensual'!O8,0))+parametros_manuales!$G$23*('Plan mensual'!O5+IF(parametros_manuales!$H$23="Todos",'Plan mensual'!O9,0)))*parametros_manuales!$I$23*parametros_manuales!$J$23 -> 796.64841 | N6: =SUM(B6:M6) -> 6862.3731 | O6: =MAX(B6:M6) -> 796.64841 | P6: =O6/(parametros_manuales!$B$7) -> 5.3109894 | Q6: =IF(O6=0,"-",INDEX($B$1:$M$1,MATCH(O6,B6:M6,0))) -> Dic
A7: =parametros_manuales!$B$24 -> Numerado de cúpula | B7: =(parametros_manuales!$D$24*('Plan mensual'!D2+IF(parametros_manuales!$H$24="Todos",'Plan mensual'!D6,0))+parametros_manuales!$E$24*('Plan mensual'!D3+IF(parametros_manuales!$H$24="Todos",'Plan mensual'!D7,0))+parametros_manuales!$F$24*('Plan mensual'!D4+IF(parametros_manuales!$H$24="Todos",'Plan mensual'!D8,0))+parametros_manuales!$G$24*('Plan mensual'!D5+IF(parametros_manuales!$H$24="Todos",'Plan mensual'!D9,0)))*parametros_manuales!$I$24*parametros_manuales!$J$24 -> 769.81204 | C7: =(parametros_manuales!$D$24*('Plan mensual'!E2+IF(parametros_manuales!$H$24="Todos",'Plan mensual'!E6,0))+parametros_manuales!$E$24*('Plan mensual'!E3+IF(parametros_manuales!$H$24="Todos",'Plan mensual'!E7,0))+parametros_manuales!$F$24*('Plan mensual'!E4+IF(parametros_manuales!$H$24="Todos",'Plan mensual'!E8,0))+parametros_manuales!$G$24*('Plan mensual'!E5+IF(parametros_manuales!$H$24="Todos",'Plan mensual'!E9,0)))*parametros_manuales!$I$24*parametros_manuales!$J$24 -> 590.77721 | D7: =(parametros_manuales!$D$24*('Plan mensual'!F2+IF(parametros_manuales!$H$24="Todos",'Plan mensual'!F6,0))+parametros_manuales!$E$24*('Plan mensual'!F3+IF(parametros_manuales!$H$24="Todos",'Plan mensual'!F7,0))+parametros_manuales!$F$24*('Plan mensual'!F4+IF(parametros_manuales!$H$24="Todos",'Plan mensual'!F8,0))+parametros_manuales!$G$24*('Plan mensual'!F5+IF(parametros_manuales!$H$24="Todos",'Plan mensual'!F9,0)))*parametros_manuales!$I$24*parametros_manuales!$J$24 -> 562.40803 | E7: =(parametros_manuales!$D$24*('Plan mensual'!G2+IF(parametros_manuales!$H$24="Todos",'Plan mensual'!G6,0))+parametros_manuales!$E$24*('Plan mensual'!G3+IF(parametros_manuales!$H$24="Todos",'Plan mensual'!G7,0))+parametros_manuales!$F$24*('Plan mensual'!G4+IF(parametros_manuales!$H$24="Todos",'Plan mensual'!G8,0))+parametros_manuales!$G$24*('Plan mensual'!G5+IF(parametros_manuales!$H$24="Todos",'Plan mensual'!G9,0)))*parametros_manuales!$I$24*parametros_manuales!$J$24 -> 541.51435 | F7: =(parametros_manuales!$D$24*('Plan mensual'!H2+IF(parametros_manuales!$H$24="Todos",'Plan mensual'!H6,0))+parametros_manuales!$E$24*('Plan mensual'!H3+IF(parametros_manuales!$H$24="Todos",'Plan mensual'!H7,0))+parametros_manuales!$F$24*('Plan mensual'!H4+IF(parametros_manuales!$H$24="Todos",'Plan mensual'!H8,0))+parametros_manuales!$G$24*('Plan mensual'!H5+IF(parametros_manuales!$H$24="Todos",'Plan mensual'!H9,0)))*parametros_manuales!$I$24*parametros_manuales!$J$24 -> 507.20248 | G7: =(parametros_manuales!$D$24*('Plan mensual'!I2+IF(parametros_manuales!$H$24="Todos",'Plan mensual'!I6,0))+parametros_manuales!$E$24*('Plan mensual'!I3+IF(parametros_manuales!$H$24="Todos",'Plan mensual'!I7,0))+parametros_manuales!$F$24*('Plan mensual'!I4+IF(parametros_manuales!$H$24="Todos",'Plan mensual'!I8,0))+parametros_manuales!$G$24*('Plan mensual'!I5+IF(parametros_manuales!$H$24="Todos",'Plan mensual'!I9,0)))*parametros_manuales!$I$24*parametros_manuales!$J$24 -> 493.7843 | H7: =(parametros_manuales!$D$24*('Plan mensual'!J2+IF(parametros_manuales!$H$24="Todos",'Plan mensual'!J6,0))+parametros_manuales!$E$24*('Plan mensual'!J3+IF(parametros_manuales!$H$24="Todos",'Plan mensual'!J7,0))+parametros_manuales!$F$24*('Plan mensual'!J4+IF(parametros_manuales!$H$24="Todos",'Plan mensual'!J8,0))+parametros_manuales!$G$24*('Plan mensual'!J5+IF(parametros_manuales!$H$24="Todos",'Plan mensual'!J9,0)))*parametros_manuales!$I$24*parametros_manuales!$J$24 -> 528.09617 | I7: =(parametros_manuales!$D$24*('Plan mensual'!K2+IF(parametros_manuales!$H$24="Todos",'Plan mensual'!K6,0))+parametros_manuales!$E$24*('Plan mensual'!K3+IF(parametros_manuales!$H$24="Todos",'Plan mensual'!K7,0))+parametros_manuales!$F$24*('Plan mensual'!K4+IF(parametros_manuales!$H$24="Todos",'Plan mensual'!K8,0))+parametros_manuales!$G$24*('Plan mensual'!K5+IF(parametros_manuales!$H$24="Todos",'Plan mensual'!K9,0)))*parametros_manuales!$I$24*parametros_manuales!$J$24 -> 528.09617 | ... M7: =(parametros_manuales!$D$24*('Plan mensual'!O2+IF(parametros_manuales!$H$24="Todos",'Plan mensual'!O6,0))+parametros_manuales!$E$24*('Plan mensual'!O3+IF(parametros_manuales!$H$24="Todos",'Plan mensual'!O7,0))+parametros_manuales!$F$24*('Plan mensual'!O4+IF(parametros_manuales!$H$24="Todos",'Plan mensual'!O8,0))+parametros_manuales!$G$24*('Plan mensual'!O5+IF(parametros_manuales!$H$24="Todos",'Plan mensual'!O9,0)))*parametros_manuales!$I$24*parametros_manuales!$J$24 -> 796.64841 | N7: =SUM(B7:M7) -> 6862.3731 | O7: =MAX(B7:M7) -> 796.64841 | P7: =O7/(parametros_manuales!$B$7) -> 5.3109894 | Q7: =IF(O7=0,"-",INDEX($B$1:$M$1,MATCH(O7,B7:M7,0))) -> Dic
A8: =parametros_manuales!$B$25 -> Soldadura del cuello a la cúpula | B8: =(parametros_manuales!$D$25*('Plan mensual'!D2+IF(parametros_manuales!$H$25="Todos",'Plan mensual'!D6,0))+parametros_manuales!$E$25*('Plan mensual'!D3+IF(parametros_manuales!$H$25="Todos",'Plan mensual'!D7,0))+parametros_manuales!$F$25*('Plan mensual'!D4+IF(parametros_manuales!$H$25="Todos",'Plan mensual'!D8,0))+parametros_manuales!$G$25*('Plan mensual'!D5+IF(parametros_manuales!$H$25="Todos",'Plan mensual'!D9,0)))*parametros_manuales!$I$25*parametros_manuales!$J$25 -> 769.81204 | C8: =(parametros_manuales!$D$25*('Plan mensual'!E2+IF(parametros_manuales!$H$25="Todos",'Plan mensual'!E6,0))+parametros_manuales!$E$25*('Plan mensual'!E3+IF(parametros_manuales!$H$25="Todos",'Plan mensual'!E7,0))+parametros_manuales!$F$25*('Plan mensual'!E4+IF(parametros_manuales!$H$25="Todos",'Plan mensual'!E8,0))+parametros_manuales!$G$25*('Plan mensual'!E5+IF(parametros_manuales!$H$25="Todos",'Plan mensual'!E9,0)))*parametros_manuales!$I$25*parametros_manuales!$J$25 -> 590.77721 | D8: =(parametros_manuales!$D$25*('Plan mensual'!F2+IF(parametros_manuales!$H$25="Todos",'Plan mensual'!F6,0))+parametros_manuales!$E$25*('Plan mensual'!F3+IF(parametros_manuales!$H$25="Todos",'Plan mensual'!F7,0))+parametros_manuales!$F$25*('Plan mensual'!F4+IF(parametros_manuales!$H$25="Todos",'Plan mensual'!F8,0))+parametros_manuales!$G$25*('Plan mensual'!F5+IF(parametros_manuales!$H$25="Todos",'Plan mensual'!F9,0)))*parametros_manuales!$I$25*parametros_manuales!$J$25 -> 562.40803 | E8: =(parametros_manuales!$D$25*('Plan mensual'!G2+IF(parametros_manuales!$H$25="Todos",'Plan mensual'!G6,0))+parametros_manuales!$E$25*('Plan mensual'!G3+IF(parametros_manuales!$H$25="Todos",'Plan mensual'!G7,0))+parametros_manuales!$F$25*('Plan mensual'!G4+IF(parametros_manuales!$H$25="Todos",'Plan mensual'!G8,0))+parametros_manuales!$G$25*('Plan mensual'!G5+IF(parametros_manuales!$H$25="Todos",'Plan mensual'!G9,0)))*parametros_manuales!$I$25*parametros_manuales!$J$25 -> 541.51435 | F8: =(parametros_manuales!$D$25*('Plan mensual'!H2+IF(parametros_manuales!$H$25="Todos",'Plan mensual'!H6,0))+parametros_manuales!$E$25*('Plan mensual'!H3+IF(parametros_manuales!$H$25="Todos",'Plan mensual'!H7,0))+parametros_manuales!$F$25*('Plan mensual'!H4+IF(parametros_manuales!$H$25="Todos",'Plan mensual'!H8,0))+parametros_manuales!$G$25*('Plan mensual'!H5+IF(parametros_manuales!$H$25="Todos",'Plan mensual'!H9,0)))*parametros_manuales!$I$25*parametros_manuales!$J$25 -> 507.20248 | G8: =(parametros_manuales!$D$25*('Plan mensual'!I2+IF(parametros_manuales!$H$25="Todos",'Plan mensual'!I6,0))+parametros_manuales!$E$25*('Plan mensual'!I3+IF(parametros_manuales!$H$25="Todos",'Plan mensual'!I7,0))+parametros_manuales!$F$25*('Plan mensual'!I4+IF(parametros_manuales!$H$25="Todos",'Plan mensual'!I8,0))+parametros_manuales!$G$25*('Plan mensual'!I5+IF(parametros_manuales!$H$25="Todos",'Plan mensual'!I9,0)))*parametros_manuales!$I$25*parametros_manuales!$J$25 -> 493.7843 | H8: =(parametros_manuales!$D$25*('Plan mensual'!J2+IF(parametros_manuales!$H$25="Todos",'Plan mensual'!J6,0))+parametros_manuales!$E$25*('Plan mensual'!J3+IF(parametros_manuales!$H$25="Todos",'Plan mensual'!J7,0))+parametros_manuales!$F$25*('Plan mensual'!J4+IF(parametros_manuales!$H$25="Todos",'Plan mensual'!J8,0))+parametros_manuales!$G$25*('Plan mensual'!J5+IF(parametros_manuales!$H$25="Todos",'Plan mensual'!J9,0)))*parametros_manuales!$I$25*parametros_manuales!$J$25 -> 528.09617 | I8: =(parametros_manuales!$D$25*('Plan mensual'!K2+IF(parametros_manuales!$H$25="Todos",'Plan mensual'!K6,0))+parametros_manuales!$E$25*('Plan mensual'!K3+IF(parametros_manuales!$H$25="Todos",'Plan mensual'!K7,0))+parametros_manuales!$F$25*('Plan mensual'!K4+IF(parametros_manuales!$H$25="Todos",'Plan mensual'!K8,0))+parametros_manuales!$G$25*('Plan mensual'!K5+IF(parametros_manuales!$H$25="Todos",'Plan mensual'!K9,0)))*parametros_manuales!$I$25*parametros_manuales!$J$25 -> 528.09617 | ... M8: =(parametros_manuales!$D$25*('Plan mensual'!O2+IF(parametros_manuales!$H$25="Todos",'Plan mensual'!O6,0))+parametros_manuales!$E$25*('Plan mensual'!O3+IF(parametros_manuales!$H$25="Todos",'Plan mensual'!O7,0))+parametros_manuales!$F$25*('Plan mensual'!O4+IF(parametros_manuales!$H$25="Todos",'Plan mensual'!O8,0))+parametros_manuales!$G$25*('Plan mensual'!O5+IF(parametros_manuales!$H$25="Todos",'Plan mensual'!O9,0)))*parametros_manuales!$I$25*parametros_manuales!$J$25 -> 796.64841 | N8: =SUM(B8:M8) -> 6862.3731 | O8: =MAX(B8:M8) -> 796.64841 | P8: =O8/(parametros_manuales!$B$7) -> 5.3109894 | Q8: =IF(O8=0,"-",INDEX($B$1:$M$1,MATCH(O8,B8:M8,0))) -> Dic
A9: =parametros_manuales!$B$26 -> Cilindrado | B9: =(parametros_manuales!$D$26*('Plan mensual'!D2+IF(parametros_manuales!$H$26="Todos",'Plan mensual'!D6,0))+parametros_manuales!$E$26*('Plan mensual'!D3+IF(parametros_manuales!$H$26="Todos",'Plan mensual'!D7,0))+parametros_manuales!$F$26*('Plan mensual'!D4+IF(parametros_manuales!$H$26="Todos",'Plan mensual'!D8,0))+parametros_manuales!$G$26*('Plan mensual'!D5+IF(parametros_manuales!$H$26="Todos",'Plan mensual'!D9,0)))*parametros_manuales!$I$26*parametros_manuales!$J$26 -> 268.36366 | C9: =(parametros_manuales!$D$26*('Plan mensual'!E2+IF(parametros_manuales!$H$26="Todos",'Plan mensual'!E6,0))+parametros_manuales!$E$26*('Plan mensual'!E3+IF(parametros_manuales!$H$26="Todos",'Plan mensual'!E7,0))+parametros_manuales!$F$26*('Plan mensual'!E4+IF(parametros_manuales!$H$26="Todos",'Plan mensual'!E8,0))+parametros_manuales!$G$26*('Plan mensual'!E5+IF(parametros_manuales!$H$26="Todos",'Plan mensual'!E9,0)))*parametros_manuales!$I$26*parametros_manuales!$J$26 -> 214.69093 | D9: =(parametros_manuales!$D$26*('Plan mensual'!F2+IF(parametros_manuales!$H$26="Todos",'Plan mensual'!F6,0))+parametros_manuales!$E$26*('Plan mensual'!F3+IF(parametros_manuales!$H$26="Todos",'Plan mensual'!F7,0))+parametros_manuales!$F$26*('Plan mensual'!F4+IF(parametros_manuales!$H$26="Todos",'Plan mensual'!F8,0))+parametros_manuales!$G$26*('Plan mensual'!F5+IF(parametros_manuales!$H$26="Todos",'Plan mensual'!F9,0)))*parametros_manuales!$I$26*parametros_manuales!$J$26 -> 228.10911 | E9: =(parametros_manuales!$D$26*('Plan mensual'!G2+IF(parametros_manuales!$H$26="Todos",'Plan mensual'!G6,0))+parametros_manuales!$E$26*('Plan mensual'!G3+IF(parametros_manuales!$H$26="Todos",'Plan mensual'!G7,0))+parametros_manuales!$F$26*('Plan mensual'!G4+IF(parametros_manuales!$H$26="Todos",'Plan mensual'!G8,0))+parametros_manuales!$G$26*('Plan mensual'!G5+IF(parametros_manuales!$H$26="Todos",'Plan mensual'!G9,0)))*parametros_manuales!$I$26*parametros_manuales!$J$26 -> 228.10911 | F9: =(parametros_manuales!$D$26*('Plan mensual'!H2+IF(parametros_manuales!$H$26="Todos",'Plan mensual'!H6,0))+parametros_manuales!$E$26*('Plan mensual'!H3+IF(parametros_manuales!$H$26="Todos",'Plan mensual'!H7,0))+parametros_manuales!$F$26*('Plan mensual'!H4+IF(parametros_manuales!$H$26="Todos",'Plan mensual'!H8,0))+parametros_manuales!$G$26*('Plan mensual'!H5+IF(parametros_manuales!$H$26="Todos",'Plan mensual'!H9,0)))*parametros_manuales!$I$26*parametros_manuales!$J$26 -> 214.69093 | G9: =(parametros_manuales!$D$26*('Plan mensual'!I2+IF(parametros_manuales!$H$26="Todos",'Plan mensual'!I6,0))+parametros_manuales!$E$26*('Plan mensual'!I3+IF(parametros_manuales!$H$26="Todos",'Plan mensual'!I7,0))+parametros_manuales!$F$26*('Plan mensual'!I4+IF(parametros_manuales!$H$26="Todos",'Plan mensual'!I8,0))+parametros_manuales!$G$26*('Plan mensual'!I5+IF(parametros_manuales!$H$26="Todos",'Plan mensual'!I9,0)))*parametros_manuales!$I$26*parametros_manuales!$J$26 -> 201.27274 | H9: =(parametros_manuales!$D$26*('Plan mensual'!J2+IF(parametros_manuales!$H$26="Todos",'Plan mensual'!J6,0))+parametros_manuales!$E$26*('Plan mensual'!J3+IF(parametros_manuales!$H$26="Todos",'Plan mensual'!J7,0))+parametros_manuales!$F$26*('Plan mensual'!J4+IF(parametros_manuales!$H$26="Todos",'Plan mensual'!J8,0))+parametros_manuales!$G$26*('Plan mensual'!J5+IF(parametros_manuales!$H$26="Todos",'Plan mensual'!J9,0)))*parametros_manuales!$I$26*parametros_manuales!$J$26 -> 214.69093 | I9: =(parametros_manuales!$D$26*('Plan mensual'!K2+IF(parametros_manuales!$H$26="Todos",'Plan mensual'!K6,0))+parametros_manuales!$E$26*('Plan mensual'!K3+IF(parametros_manuales!$H$26="Todos",'Plan mensual'!K7,0))+parametros_manuales!$F$26*('Plan mensual'!K4+IF(parametros_manuales!$H$26="Todos",'Plan mensual'!K8,0))+parametros_manuales!$G$26*('Plan mensual'!K5+IF(parametros_manuales!$H$26="Todos",'Plan mensual'!K9,0)))*parametros_manuales!$I$26*parametros_manuales!$J$26 -> 214.69093 | ... M9: =(parametros_manuales!$D$26*('Plan mensual'!O2+IF(parametros_manuales!$H$26="Todos",'Plan mensual'!O6,0))+parametros_manuales!$E$26*('Plan mensual'!O3+IF(parametros_manuales!$H$26="Todos",'Plan mensual'!O7,0))+parametros_manuales!$F$26*('Plan mensual'!O4+IF(parametros_manuales!$H$26="Todos",'Plan mensual'!O8,0))+parametros_manuales!$G$26*('Plan mensual'!O5+IF(parametros_manuales!$H$26="Todos",'Plan mensual'!O9,0)))*parametros_manuales!$I$26*parametros_manuales!$J$26 -> 295.20002 | N9: =SUM(B9:M9) -> 2683.6366 | O9: =MAX(B9:M9) -> 295.20002 | P9: =O9/(parametros_manuales!$B$7) -> 1.9680001 | Q9: =IF(O9=0,"-",INDEX($B$1:$M$1,MATCH(O9,B9:M9,0))) -> Dic
A10: =parametros_manuales!$B$27 -> Soldadura longitudinal | B10: =(parametros_manuales!$D$27*('Plan mensual'!D2+IF(parametros_manuales!$H$27="Todos",'Plan mensual'!D6,0))+parametros_manuales!$E$27*('Plan mensual'!D3+IF(parametros_manuales!$H$27="Todos",'Plan mensual'!D7,0))+parametros_manuales!$F$27*('Plan mensual'!D4+IF(parametros_manuales!$H$27="Todos",'Plan mensual'!D8,0))+parametros_manuales!$G$27*('Plan mensual'!D5+IF(parametros_manuales!$H$27="Todos",'Plan mensual'!D9,0)))*parametros_manuales!$I$27*parametros_manuales!$J$27 -> 268.36366 | C10: =(parametros_manuales!$D$27*('Plan mensual'!E2+IF(parametros_manuales!$H$27="Todos",'Plan mensual'!E6,0))+parametros_manuales!$E$27*('Plan mensual'!E3+IF(parametros_manuales!$H$27="Todos",'Plan mensual'!E7,0))+parametros_manuales!$F$27*('Plan mensual'!E4+IF(parametros_manuales!$H$27="Todos",'Plan mensual'!E8,0))+parametros_manuales!$G$27*('Plan mensual'!E5+IF(parametros_manuales!$H$27="Todos",'Plan mensual'!E9,0)))*parametros_manuales!$I$27*parametros_manuales!$J$27 -> 214.69093 | D10: =(parametros_manuales!$D$27*('Plan mensual'!F2+IF(parametros_manuales!$H$27="Todos",'Plan mensual'!F6,0))+parametros_manuales!$E$27*('Plan mensual'!F3+IF(parametros_manuales!$H$27="Todos",'Plan mensual'!F7,0))+parametros_manuales!$F$27*('Plan mensual'!F4+IF(parametros_manuales!$H$27="Todos",'Plan mensual'!F8,0))+parametros_manuales!$G$27*('Plan mensual'!F5+IF(parametros_manuales!$H$27="Todos",'Plan mensual'!F9,0)))*parametros_manuales!$I$27*parametros_manuales!$J$27 -> 228.10911 | E10: =(parametros_manuales!$D$27*('Plan mensual'!G2+IF(parametros_manuales!$H$27="Todos",'Plan mensual'!G6,0))+parametros_manuales!$E$27*('Plan mensual'!G3+IF(parametros_manuales!$H$27="Todos",'Plan mensual'!G7,0))+parametros_manuales!$F$27*('Plan mensual'!G4+IF(parametros_manuales!$H$27="Todos",'Plan mensual'!G8,0))+parametros_manuales!$G$27*('Plan mensual'!G5+IF(parametros_manuales!$H$27="Todos",'Plan mensual'!G9,0)))*parametros_manuales!$I$27*parametros_manuales!$J$27 -> 228.10911 | F10: =(parametros_manuales!$D$27*('Plan mensual'!H2+IF(parametros_manuales!$H$27="Todos",'Plan mensual'!H6,0))+parametros_manuales!$E$27*('Plan mensual'!H3+IF(parametros_manuales!$H$27="Todos",'Plan mensual'!H7,0))+parametros_manuales!$F$27*('Plan mensual'!H4+IF(parametros_manuales!$H$27="Todos",'Plan mensual'!H8,0))+parametros_manuales!$G$27*('Plan mensual'!H5+IF(parametros_manuales!$H$27="Todos",'Plan mensual'!H9,0)))*parametros_manuales!$I$27*parametros_manuales!$J$27 -> 214.69093 | G10: =(parametros_manuales!$D$27*('Plan mensual'!I2+IF(parametros_manuales!$H$27="Todos",'Plan mensual'!I6,0))+parametros_manuales!$E$27*('Plan mensual'!I3+IF(parametros_manuales!$H$27="Todos",'Plan mensual'!I7,0))+parametros_manuales!$F$27*('Plan mensual'!I4+IF(parametros_manuales!$H$27="Todos",'Plan mensual'!I8,0))+parametros_manuales!$G$27*('Plan mensual'!I5+IF(parametros_manuales!$H$27="Todos",'Plan mensual'!I9,0)))*parametros_manuales!$I$27*parametros_manuales!$J$27 -> 201.27274 | H10: =(parametros_manuales!$D$27*('Plan mensual'!J2+IF(parametros_manuales!$H$27="Todos",'Plan mensual'!J6,0))+parametros_manuales!$E$27*('Plan mensual'!J3+IF(parametros_manuales!$H$27="Todos",'Plan mensual'!J7,0))+parametros_manuales!$F$27*('Plan mensual'!J4+IF(parametros_manuales!$H$27="Todos",'Plan mensual'!J8,0))+parametros_manuales!$G$27*('Plan mensual'!J5+IF(parametros_manuales!$H$27="Todos",'Plan mensual'!J9,0)))*parametros_manuales!$I$27*parametros_manuales!$J$27 -> 214.69093 | I10: =(parametros_manuales!$D$27*('Plan mensual'!K2+IF(parametros_manuales!$H$27="Todos",'Plan mensual'!K6,0))+parametros_manuales!$E$27*('Plan mensual'!K3+IF(parametros_manuales!$H$27="Todos",'Plan mensual'!K7,0))+parametros_manuales!$F$27*('Plan mensual'!K4+IF(parametros_manuales!$H$27="Todos",'Plan mensual'!K8,0))+parametros_manuales!$G$27*('Plan mensual'!K5+IF(parametros_manuales!$H$27="Todos",'Plan mensual'!K9,0)))*parametros_manuales!$I$27*parametros_manuales!$J$27 -> 214.69093 | ... M10: =(parametros_manuales!$D$27*('Plan mensual'!O2+IF(parametros_manuales!$H$27="Todos",'Plan mensual'!O6,0))+parametros_manuales!$E$27*('Plan mensual'!O3+IF(parametros_manuales!$H$27="Todos",'Plan mensual'!O7,0))+parametros_manuales!$F$27*('Plan mensual'!O4+IF(parametros_manuales!$H$27="Todos",'Plan mensual'!O8,0))+parametros_manuales!$G$27*('Plan mensual'!O5+IF(parametros_manuales!$H$27="Todos",'Plan mensual'!O9,0)))*parametros_manuales!$I$27*parametros_manuales!$J$27 -> 295.20002 | N10: =SUM(B10:M10) -> 2683.6366 | O10: =MAX(B10:M10) -> 295.20002 | P10: =O10/(parametros_manuales!$B$7) -> 1.9680001 | Q10: =IF(O10=0,"-",INDEX($B$1:$M$1,MATCH(O10,B10:M10,0))) -> Dic
A11: =parametros_manuales!$B$28 -> Encastre de fondo | B11: =(parametros_manuales!$D$28*('Plan mensual'!D2+IF(parametros_manuales!$H$28="Todos",'Plan mensual'!D6,0))+parametros_manuales!$E$28*('Plan mensual'!D3+IF(parametros_manuales!$H$28="Todos",'Plan mensual'!D7,0))+parametros_manuales!$F$28*('Plan mensual'!D4+IF(parametros_manuales!$H$28="Todos",'Plan mensual'!D8,0))+parametros_manuales!$G$28*('Plan mensual'!D5+IF(parametros_manuales!$H$28="Todos",'Plan mensual'!D9,0)))*parametros_manuales!$I$28*parametros_manuales!$J$28 -> 769.81204 | C11: =(parametros_manuales!$D$28*('Plan mensual'!E2+IF(parametros_manuales!$H$28="Todos",'Plan mensual'!E6,0))+parametros_manuales!$E$28*('Plan mensual'!E3+IF(parametros_manuales!$H$28="Todos",'Plan mensual'!E7,0))+parametros_manuales!$F$28*('Plan mensual'!E4+IF(parametros_manuales!$H$28="Todos",'Plan mensual'!E8,0))+parametros_manuales!$G$28*('Plan mensual'!E5+IF(parametros_manuales!$H$28="Todos",'Plan mensual'!E9,0)))*parametros_manuales!$I$28*parametros_manuales!$J$28 -> 590.77721 | D11: =(parametros_manuales!$D$28*('Plan mensual'!F2+IF(parametros_manuales!$H$28="Todos",'Plan mensual'!F6,0))+parametros_manuales!$E$28*('Plan mensual'!F3+IF(parametros_manuales!$H$28="Todos",'Plan mensual'!F7,0))+parametros_manuales!$F$28*('Plan mensual'!F4+IF(parametros_manuales!$H$28="Todos",'Plan mensual'!F8,0))+parametros_manuales!$G$28*('Plan mensual'!F5+IF(parametros_manuales!$H$28="Todos",'Plan mensual'!F9,0)))*parametros_manuales!$I$28*parametros_manuales!$J$28 -> 562.40803 | E11: =(parametros_manuales!$D$28*('Plan mensual'!G2+IF(parametros_manuales!$H$28="Todos",'Plan mensual'!G6,0))+parametros_manuales!$E$28*('Plan mensual'!G3+IF(parametros_manuales!$H$28="Todos",'Plan mensual'!G7,0))+parametros_manuales!$F$28*('Plan mensual'!G4+IF(parametros_manuales!$H$28="Todos",'Plan mensual'!G8,0))+parametros_manuales!$G$28*('Plan mensual'!G5+IF(parametros_manuales!$H$28="Todos",'Plan mensual'!G9,0)))*parametros_manuales!$I$28*parametros_manuales!$J$28 -> 541.51435 | F11: =(parametros_manuales!$D$28*('Plan mensual'!H2+IF(parametros_manuales!$H$28="Todos",'Plan mensual'!H6,0))+parametros_manuales!$E$28*('Plan mensual'!H3+IF(parametros_manuales!$H$28="Todos",'Plan mensual'!H7,0))+parametros_manuales!$F$28*('Plan mensual'!H4+IF(parametros_manuales!$H$28="Todos",'Plan mensual'!H8,0))+parametros_manuales!$G$28*('Plan mensual'!H5+IF(parametros_manuales!$H$28="Todos",'Plan mensual'!H9,0)))*parametros_manuales!$I$28*parametros_manuales!$J$28 -> 507.20248 | G11: =(parametros_manuales!$D$28*('Plan mensual'!I2+IF(parametros_manuales!$H$28="Todos",'Plan mensual'!I6,0))+parametros_manuales!$E$28*('Plan mensual'!I3+IF(parametros_manuales!$H$28="Todos",'Plan mensual'!I7,0))+parametros_manuales!$F$28*('Plan mensual'!I4+IF(parametros_manuales!$H$28="Todos",'Plan mensual'!I8,0))+parametros_manuales!$G$28*('Plan mensual'!I5+IF(parametros_manuales!$H$28="Todos",'Plan mensual'!I9,0)))*parametros_manuales!$I$28*parametros_manuales!$J$28 -> 493.7843 | H11: =(parametros_manuales!$D$28*('Plan mensual'!J2+IF(parametros_manuales!$H$28="Todos",'Plan mensual'!J6,0))+parametros_manuales!$E$28*('Plan mensual'!J3+IF(parametros_manuales!$H$28="Todos",'Plan mensual'!J7,0))+parametros_manuales!$F$28*('Plan mensual'!J4+IF(parametros_manuales!$H$28="Todos",'Plan mensual'!J8,0))+parametros_manuales!$G$28*('Plan mensual'!J5+IF(parametros_manuales!$H$28="Todos",'Plan mensual'!J9,0)))*parametros_manuales!$I$28*parametros_manuales!$J$28 -> 528.09617 | I11: =(parametros_manuales!$D$28*('Plan mensual'!K2+IF(parametros_manuales!$H$28="Todos",'Plan mensual'!K6,0))+parametros_manuales!$E$28*('Plan mensual'!K3+IF(parametros_manuales!$H$28="Todos",'Plan mensual'!K7,0))+parametros_manuales!$F$28*('Plan mensual'!K4+IF(parametros_manuales!$H$28="Todos",'Plan mensual'!K8,0))+parametros_manuales!$G$28*('Plan mensual'!K5+IF(parametros_manuales!$H$28="Todos",'Plan mensual'!K9,0)))*parametros_manuales!$I$28*parametros_manuales!$J$28 -> 528.09617 | ... M11: =(parametros_manuales!$D$28*('Plan mensual'!O2+IF(parametros_manuales!$H$28="Todos",'Plan mensual'!O6,0))+parametros_manuales!$E$28*('Plan mensual'!O3+IF(parametros_manuales!$H$28="Todos",'Plan mensual'!O7,0))+parametros_manuales!$F$28*('Plan mensual'!O4+IF(parametros_manuales!$H$28="Todos",'Plan mensual'!O8,0))+parametros_manuales!$G$28*('Plan mensual'!O5+IF(parametros_manuales!$H$28="Todos",'Plan mensual'!O9,0)))*parametros_manuales!$I$28*parametros_manuales!$J$28 -> 796.64841 | N11: =SUM(B11:M11) -> 6862.3731 | O11: =MAX(B11:M11) -> 796.64841 | P11: =O11/(parametros_manuales!$B$7) -> 5.3109894 | Q11: =IF(O11=0,"-",INDEX($B$1:$M$1,MATCH(O11,B11:M11,0))) -> Dic
A12: =parametros_manuales!$B$29 -> Bordoneado | B12: =(parametros_manuales!$D$29*('Plan mensual'!D2+IF(parametros_manuales!$H$29="Todos",'Plan mensual'!D6,0))+parametros_manuales!$E$29*('Plan mensual'!D3+IF(parametros_manuales!$H$29="Todos",'Plan mensual'!D7,0))+parametros_manuales!$F$29*('Plan mensual'!D4+IF(parametros_manuales!$H$29="Todos",'Plan mensual'!D8,0))+parametros_manuales!$G$29*('Plan mensual'!D5+IF(parametros_manuales!$H$29="Todos",'Plan mensual'!D9,0)))*parametros_manuales!$I$29*parametros_manuales!$J$29 -> 769.81204 | C12: =(parametros_manuales!$D$29*('Plan mensual'!E2+IF(parametros_manuales!$H$29="Todos",'Plan mensual'!E6,0))+parametros_manuales!$E$29*('Plan mensual'!E3+IF(parametros_manuales!$H$29="Todos",'Plan mensual'!E7,0))+parametros_manuales!$F$29*('Plan mensual'!E4+IF(parametros_manuales!$H$29="Todos",'Plan mensual'!E8,0))+parametros_manuales!$G$29*('Plan mensual'!E5+IF(parametros_manuales!$H$29="Todos",'Plan mensual'!E9,0)))*parametros_manuales!$I$29*parametros_manuales!$J$29 -> 590.77721 | D12: =(parametros_manuales!$D$29*('Plan mensual'!F2+IF(parametros_manuales!$H$29="Todos",'Plan mensual'!F6,0))+parametros_manuales!$E$29*('Plan mensual'!F3+IF(parametros_manuales!$H$29="Todos",'Plan mensual'!F7,0))+parametros_manuales!$F$29*('Plan mensual'!F4+IF(parametros_manuales!$H$29="Todos",'Plan mensual'!F8,0))+parametros_manuales!$G$29*('Plan mensual'!F5+IF(parametros_manuales!$H$29="Todos",'Plan mensual'!F9,0)))*parametros_manuales!$I$29*parametros_manuales!$J$29 -> 562.40803 | E12: =(parametros_manuales!$D$29*('Plan mensual'!G2+IF(parametros_manuales!$H$29="Todos",'Plan mensual'!G6,0))+parametros_manuales!$E$29*('Plan mensual'!G3+IF(parametros_manuales!$H$29="Todos",'Plan mensual'!G7,0))+parametros_manuales!$F$29*('Plan mensual'!G4+IF(parametros_manuales!$H$29="Todos",'Plan mensual'!G8,0))+parametros_manuales!$G$29*('Plan mensual'!G5+IF(parametros_manuales!$H$29="Todos",'Plan mensual'!G9,0)))*parametros_manuales!$I$29*parametros_manuales!$J$29 -> 541.51435 | F12: =(parametros_manuales!$D$29*('Plan mensual'!H2+IF(parametros_manuales!$H$29="Todos",'Plan mensual'!H6,0))+parametros_manuales!$E$29*('Plan mensual'!H3+IF(parametros_manuales!$H$29="Todos",'Plan mensual'!H7,0))+parametros_manuales!$F$29*('Plan mensual'!H4+IF(parametros_manuales!$H$29="Todos",'Plan mensual'!H8,0))+parametros_manuales!$G$29*('Plan mensual'!H5+IF(parametros_manuales!$H$29="Todos",'Plan mensual'!H9,0)))*parametros_manuales!$I$29*parametros_manuales!$J$29 -> 507.20248 | G12: =(parametros_manuales!$D$29*('Plan mensual'!I2+IF(parametros_manuales!$H$29="Todos",'Plan mensual'!I6,0))+parametros_manuales!$E$29*('Plan mensual'!I3+IF(parametros_manuales!$H$29="Todos",'Plan mensual'!I7,0))+parametros_manuales!$F$29*('Plan mensual'!I4+IF(parametros_manuales!$H$29="Todos",'Plan mensual'!I8,0))+parametros_manuales!$G$29*('Plan mensual'!I5+IF(parametros_manuales!$H$29="Todos",'Plan mensual'!I9,0)))*parametros_manuales!$I$29*parametros_manuales!$J$29 -> 493.7843 | H12: =(parametros_manuales!$D$29*('Plan mensual'!J2+IF(parametros_manuales!$H$29="Todos",'Plan mensual'!J6,0))+parametros_manuales!$E$29*('Plan mensual'!J3+IF(parametros_manuales!$H$29="Todos",'Plan mensual'!J7,0))+parametros_manuales!$F$29*('Plan mensual'!J4+IF(parametros_manuales!$H$29="Todos",'Plan mensual'!J8,0))+parametros_manuales!$G$29*('Plan mensual'!J5+IF(parametros_manuales!$H$29="Todos",'Plan mensual'!J9,0)))*parametros_manuales!$I$29*parametros_manuales!$J$29 -> 528.09617 | I12: =(parametros_manuales!$D$29*('Plan mensual'!K2+IF(parametros_manuales!$H$29="Todos",'Plan mensual'!K6,0))+parametros_manuales!$E$29*('Plan mensual'!K3+IF(parametros_manuales!$H$29="Todos",'Plan mensual'!K7,0))+parametros_manuales!$F$29*('Plan mensual'!K4+IF(parametros_manuales!$H$29="Todos",'Plan mensual'!K8,0))+parametros_manuales!$G$29*('Plan mensual'!K5+IF(parametros_manuales!$H$29="Todos",'Plan mensual'!K9,0)))*parametros_manuales!$I$29*parametros_manuales!$J$29 -> 528.09617 | ... M12: =(parametros_manuales!$D$29*('Plan mensual'!O2+IF(parametros_manuales!$H$29="Todos",'Plan mensual'!O6,0))+parametros_manuales!$E$29*('Plan mensual'!O3+IF(parametros_manuales!$H$29="Todos",'Plan mensual'!O7,0))+parametros_manuales!$F$29*('Plan mensual'!O4+IF(parametros_manuales!$H$29="Todos",'Plan mensual'!O8,0))+parametros_manuales!$G$29*('Plan mensual'!O5+IF(parametros_manuales!$H$29="Todos",'Plan mensual'!O9,0)))*parametros_manuales!$I$29*parametros_manuales!$J$29 -> 796.64841 | N12: =SUM(B12:M12) -> 6862.3731 | O12: =MAX(B12:M12) -> 796.64841 | P12: =O12/(parametros_manuales!$B$7) -> 5.3109894 | Q12: =IF(O12=0,"-",INDEX($B$1:$M$1,MATCH(O12,B12:M12,0))) -> Dic
A13: =parametros_manuales!$B$30 -> Soldadura circunferencial de cúpula y fondo | B13: =(parametros_manuales!$D$30*('Plan mensual'!D2+IF(parametros_manuales!$H$30="Todos",'Plan mensual'!D6,0))+parametros_manuales!$E$30*('Plan mensual'!D3+IF(parametros_manuales!$H$30="Todos",'Plan mensual'!D7,0))+parametros_manuales!$F$30*('Plan mensual'!D4+IF(parametros_manuales!$H$30="Todos",'Plan mensual'!D8,0))+parametros_manuales!$G$30*('Plan mensual'!D5+IF(parametros_manuales!$H$30="Todos",'Plan mensual'!D9,0)))*parametros_manuales!$I$30*parametros_manuales!$J$30 -> 769.81204 | C13: =(parametros_manuales!$D$30*('Plan mensual'!E2+IF(parametros_manuales!$H$30="Todos",'Plan mensual'!E6,0))+parametros_manuales!$E$30*('Plan mensual'!E3+IF(parametros_manuales!$H$30="Todos",'Plan mensual'!E7,0))+parametros_manuales!$F$30*('Plan mensual'!E4+IF(parametros_manuales!$H$30="Todos",'Plan mensual'!E8,0))+parametros_manuales!$G$30*('Plan mensual'!E5+IF(parametros_manuales!$H$30="Todos",'Plan mensual'!E9,0)))*parametros_manuales!$I$30*parametros_manuales!$J$30 -> 590.77721 | D13: =(parametros_manuales!$D$30*('Plan mensual'!F2+IF(parametros_manuales!$H$30="Todos",'Plan mensual'!F6,0))+parametros_manuales!$E$30*('Plan mensual'!F3+IF(parametros_manuales!$H$30="Todos",'Plan mensual'!F7,0))+parametros_manuales!$F$30*('Plan mensual'!F4+IF(parametros_manuales!$H$30="Todos",'Plan mensual'!F8,0))+parametros_manuales!$G$30*('Plan mensual'!F5+IF(parametros_manuales!$H$30="Todos",'Plan mensual'!F9,0)))*parametros_manuales!$I$30*parametros_manuales!$J$30 -> 562.40803 | E13: =(parametros_manuales!$D$30*('Plan mensual'!G2+IF(parametros_manuales!$H$30="Todos",'Plan mensual'!G6,0))+parametros_manuales!$E$30*('Plan mensual'!G3+IF(parametros_manuales!$H$30="Todos",'Plan mensual'!G7,0))+parametros_manuales!$F$30*('Plan mensual'!G4+IF(parametros_manuales!$H$30="Todos",'Plan mensual'!G8,0))+parametros_manuales!$G$30*('Plan mensual'!G5+IF(parametros_manuales!$H$30="Todos",'Plan mensual'!G9,0)))*parametros_manuales!$I$30*parametros_manuales!$J$30 -> 541.51435 | F13: =(parametros_manuales!$D$30*('Plan mensual'!H2+IF(parametros_manuales!$H$30="Todos",'Plan mensual'!H6,0))+parametros_manuales!$E$30*('Plan mensual'!H3+IF(parametros_manuales!$H$30="Todos",'Plan mensual'!H7,0))+parametros_manuales!$F$30*('Plan mensual'!H4+IF(parametros_manuales!$H$30="Todos",'Plan mensual'!H8,0))+parametros_manuales!$G$30*('Plan mensual'!H5+IF(parametros_manuales!$H$30="Todos",'Plan mensual'!H9,0)))*parametros_manuales!$I$30*parametros_manuales!$J$30 -> 507.20248 | G13: =(parametros_manuales!$D$30*('Plan mensual'!I2+IF(parametros_manuales!$H$30="Todos",'Plan mensual'!I6,0))+parametros_manuales!$E$30*('Plan mensual'!I3+IF(parametros_manuales!$H$30="Todos",'Plan mensual'!I7,0))+parametros_manuales!$F$30*('Plan mensual'!I4+IF(parametros_manuales!$H$30="Todos",'Plan mensual'!I8,0))+parametros_manuales!$G$30*('Plan mensual'!I5+IF(parametros_manuales!$H$30="Todos",'Plan mensual'!I9,0)))*parametros_manuales!$I$30*parametros_manuales!$J$30 -> 493.7843 | H13: =(parametros_manuales!$D$30*('Plan mensual'!J2+IF(parametros_manuales!$H$30="Todos",'Plan mensual'!J6,0))+parametros_manuales!$E$30*('Plan mensual'!J3+IF(parametros_manuales!$H$30="Todos",'Plan mensual'!J7,0))+parametros_manuales!$F$30*('Plan mensual'!J4+IF(parametros_manuales!$H$30="Todos",'Plan mensual'!J8,0))+parametros_manuales!$G$30*('Plan mensual'!J5+IF(parametros_manuales!$H$30="Todos",'Plan mensual'!J9,0)))*parametros_manuales!$I$30*parametros_manuales!$J$30 -> 528.09617 | I13: =(parametros_manuales!$D$30*('Plan mensual'!K2+IF(parametros_manuales!$H$30="Todos",'Plan mensual'!K6,0))+parametros_manuales!$E$30*('Plan mensual'!K3+IF(parametros_manuales!$H$30="Todos",'Plan mensual'!K7,0))+parametros_manuales!$F$30*('Plan mensual'!K4+IF(parametros_manuales!$H$30="Todos",'Plan mensual'!K8,0))+parametros_manuales!$G$30*('Plan mensual'!K5+IF(parametros_manuales!$H$30="Todos",'Plan mensual'!K9,0)))*parametros_manuales!$I$30*parametros_manuales!$J$30 -> 528.09617 | ... M13: =(parametros_manuales!$D$30*('Plan mensual'!O2+IF(parametros_manuales!$H$30="Todos",'Plan mensual'!O6,0))+parametros_manuales!$E$30*('Plan mensual'!O3+IF(parametros_manuales!$H$30="Todos",'Plan mensual'!O7,0))+parametros_manuales!$F$30*('Plan mensual'!O4+IF(parametros_manuales!$H$30="Todos",'Plan mensual'!O8,0))+parametros_manuales!$G$30*('Plan mensual'!O5+IF(parametros_manuales!$H$30="Todos",'Plan mensual'!O9,0)))*parametros_manuales!$I$30*parametros_manuales!$J$30 -> 796.64841 | N13: =SUM(B13:M13) -> 6862.3731 | O13: =MAX(B13:M13) -> 796.64841 | P13: =O13/(parametros_manuales!$B$7) -> 5.3109894 | Q13: =IF(O13=0,"-",INDEX($B$1:$M$1,MATCH(O13,B13:M13,0))) -> Dic
A14: =parametros_manuales!$B$31 -> Control de calidad — Espesor | B14: =(parametros_manuales!$D$31*('Plan mensual'!D2+IF(parametros_manuales!$H$31="Todos",'Plan mensual'!D6,0))+parametros_manuales!$E$31*('Plan mensual'!D3+IF(parametros_manuales!$H$31="Todos",'Plan mensual'!D7,0))+parametros_manuales!$F$31*('Plan mensual'!D4+IF(parametros_manuales!$H$31="Todos",'Plan mensual'!D8,0))+parametros_manuales!$G$31*('Plan mensual'!D5+IF(parametros_manuales!$H$31="Todos",'Plan mensual'!D9,0)))*parametros_manuales!$I$31*parametros_manuales!$J$31 -> 15.396241 | C14: =(parametros_manuales!$D$31*('Plan mensual'!E2+IF(parametros_manuales!$H$31="Todos",'Plan mensual'!E6,0))+parametros_manuales!$E$31*('Plan mensual'!E3+IF(parametros_manuales!$H$31="Todos",'Plan mensual'!E7,0))+parametros_manuales!$F$31*('Plan mensual'!E4+IF(parametros_manuales!$H$31="Todos",'Plan mensual'!E8,0))+parametros_manuales!$G$31*('Plan mensual'!E5+IF(parametros_manuales!$H$31="Todos",'Plan mensual'!E9,0)))*parametros_manuales!$I$31*parametros_manuales!$J$31 -> 11.815544 | D14: =(parametros_manuales!$D$31*('Plan mensual'!F2+IF(parametros_manuales!$H$31="Todos",'Plan mensual'!F6,0))+parametros_manuales!$E$31*('Plan mensual'!F3+IF(parametros_manuales!$H$31="Todos",'Plan mensual'!F7,0))+parametros_manuales!$F$31*('Plan mensual'!F4+IF(parametros_manuales!$H$31="Todos",'Plan mensual'!F8,0))+parametros_manuales!$G$31*('Plan mensual'!F5+IF(parametros_manuales!$H$31="Todos",'Plan mensual'!F9,0)))*parametros_manuales!$I$31*parametros_manuales!$J$31 -> 11.248161 | E14: =(parametros_manuales!$D$31*('Plan mensual'!G2+IF(parametros_manuales!$H$31="Todos",'Plan mensual'!G6,0))+parametros_manuales!$E$31*('Plan mensual'!G3+IF(parametros_manuales!$H$31="Todos",'Plan mensual'!G7,0))+parametros_manuales!$F$31*('Plan mensual'!G4+IF(parametros_manuales!$H$31="Todos",'Plan mensual'!G8,0))+parametros_manuales!$G$31*('Plan mensual'!G5+IF(parametros_manuales!$H$31="Todos",'Plan mensual'!G9,0)))*parametros_manuales!$I$31*parametros_manuales!$J$31 -> 10.830287 | F14: =(parametros_manuales!$D$31*('Plan mensual'!H2+IF(parametros_manuales!$H$31="Todos",'Plan mensual'!H6,0))+parametros_manuales!$E$31*('Plan mensual'!H3+IF(parametros_manuales!$H$31="Todos",'Plan mensual'!H7,0))+parametros_manuales!$F$31*('Plan mensual'!H4+IF(parametros_manuales!$H$31="Todos",'Plan mensual'!H8,0))+parametros_manuales!$G$31*('Plan mensual'!H5+IF(parametros_manuales!$H$31="Todos",'Plan mensual'!H9,0)))*parametros_manuales!$I$31*parametros_manuales!$J$31 -> 10.14405 | G14: =(parametros_manuales!$D$31*('Plan mensual'!I2+IF(parametros_manuales!$H$31="Todos",'Plan mensual'!I6,0))+parametros_manuales!$E$31*('Plan mensual'!I3+IF(parametros_manuales!$H$31="Todos",'Plan mensual'!I7,0))+parametros_manuales!$F$31*('Plan mensual'!I4+IF(parametros_manuales!$H$31="Todos",'Plan mensual'!I8,0))+parametros_manuales!$G$31*('Plan mensual'!I5+IF(parametros_manuales!$H$31="Todos",'Plan mensual'!I9,0)))*parametros_manuales!$I$31*parametros_manuales!$J$31 -> 9.875686 | H14: =(parametros_manuales!$D$31*('Plan mensual'!J2+IF(parametros_manuales!$H$31="Todos",'Plan mensual'!J6,0))+parametros_manuales!$E$31*('Plan mensual'!J3+IF(parametros_manuales!$H$31="Todos",'Plan mensual'!J7,0))+parametros_manuales!$F$31*('Plan mensual'!J4+IF(parametros_manuales!$H$31="Todos",'Plan mensual'!J8,0))+parametros_manuales!$G$31*('Plan mensual'!J5+IF(parametros_manuales!$H$31="Todos",'Plan mensual'!J9,0)))*parametros_manuales!$I$31*parametros_manuales!$J$31 -> 10.561923 | I14: =(parametros_manuales!$D$31*('Plan mensual'!K2+IF(parametros_manuales!$H$31="Todos",'Plan mensual'!K6,0))+parametros_manuales!$E$31*('Plan mensual'!K3+IF(parametros_manuales!$H$31="Todos",'Plan mensual'!K7,0))+parametros_manuales!$F$31*('Plan mensual'!K4+IF(parametros_manuales!$H$31="Todos",'Plan mensual'!K8,0))+parametros_manuales!$G$31*('Plan mensual'!K5+IF(parametros_manuales!$H$31="Todos",'Plan mensual'!K9,0)))*parametros_manuales!$I$31*parametros_manuales!$J$31 -> 10.561923 | ... M14: =(parametros_manuales!$D$31*('Plan mensual'!O2+IF(parametros_manuales!$H$31="Todos",'Plan mensual'!O6,0))+parametros_manuales!$E$31*('Plan mensual'!O3+IF(parametros_manuales!$H$31="Todos",'Plan mensual'!O7,0))+parametros_manuales!$F$31*('Plan mensual'!O4+IF(parametros_manuales!$H$31="Todos",'Plan mensual'!O8,0))+parametros_manuales!$G$31*('Plan mensual'!O5+IF(parametros_manuales!$H$31="Todos",'Plan mensual'!O9,0)))*parametros_manuales!$I$31*parametros_manuales!$J$31 -> 15.932968 | N14: =SUM(B14:M14) -> 137.24746 | O14: =MAX(B14:M14) -> 15.932968 | P14: =O14/(parametros_manuales!$B$7) -> 0.10621979 | Q14: =IF(O14=0,"-",INDEX($B$1:$M$1,MATCH(O14,B14:M14,0))) -> Dic
A15: =parametros_manuales!$B$32 -> Prueba hidráulica | B15: =(parametros_manuales!$D$32*('Plan mensual'!D2+IF(parametros_manuales!$H$32="Todos",'Plan mensual'!D6,0))+parametros_manuales!$E$32*('Plan mensual'!D3+IF(parametros_manuales!$H$32="Todos",'Plan mensual'!D7,0))+parametros_manuales!$F$32*('Plan mensual'!D4+IF(parametros_manuales!$H$32="Todos",'Plan mensual'!D8,0))+parametros_manuales!$G$32*('Plan mensual'!D5+IF(parametros_manuales!$H$32="Todos",'Plan mensual'!D9,0)))*parametros_manuales!$I$32*parametros_manuales!$J$32 -> 769.81204 | C15: =(parametros_manuales!$D$32*('Plan mensual'!E2+IF(parametros_manuales!$H$32="Todos",'Plan mensual'!E6,0))+parametros_manuales!$E$32*('Plan mensual'!E3+IF(parametros_manuales!$H$32="Todos",'Plan mensual'!E7,0))+parametros_manuales!$F$32*('Plan mensual'!E4+IF(parametros_manuales!$H$32="Todos",'Plan mensual'!E8,0))+parametros_manuales!$G$32*('Plan mensual'!E5+IF(parametros_manuales!$H$32="Todos",'Plan mensual'!E9,0)))*parametros_manuales!$I$32*parametros_manuales!$J$32 -> 590.77721 | D15: =(parametros_manuales!$D$32*('Plan mensual'!F2+IF(parametros_manuales!$H$32="Todos",'Plan mensual'!F6,0))+parametros_manuales!$E$32*('Plan mensual'!F3+IF(parametros_manuales!$H$32="Todos",'Plan mensual'!F7,0))+parametros_manuales!$F$32*('Plan mensual'!F4+IF(parametros_manuales!$H$32="Todos",'Plan mensual'!F8,0))+parametros_manuales!$G$32*('Plan mensual'!F5+IF(parametros_manuales!$H$32="Todos",'Plan mensual'!F9,0)))*parametros_manuales!$I$32*parametros_manuales!$J$32 -> 562.40803 | E15: =(parametros_manuales!$D$32*('Plan mensual'!G2+IF(parametros_manuales!$H$32="Todos",'Plan mensual'!G6,0))+parametros_manuales!$E$32*('Plan mensual'!G3+IF(parametros_manuales!$H$32="Todos",'Plan mensual'!G7,0))+parametros_manuales!$F$32*('Plan mensual'!G4+IF(parametros_manuales!$H$32="Todos",'Plan mensual'!G8,0))+parametros_manuales!$G$32*('Plan mensual'!G5+IF(parametros_manuales!$H$32="Todos",'Plan mensual'!G9,0)))*parametros_manuales!$I$32*parametros_manuales!$J$32 -> 541.51435 | F15: =(parametros_manuales!$D$32*('Plan mensual'!H2+IF(parametros_manuales!$H$32="Todos",'Plan mensual'!H6,0))+parametros_manuales!$E$32*('Plan mensual'!H3+IF(parametros_manuales!$H$32="Todos",'Plan mensual'!H7,0))+parametros_manuales!$F$32*('Plan mensual'!H4+IF(parametros_manuales!$H$32="Todos",'Plan mensual'!H8,0))+parametros_manuales!$G$32*('Plan mensual'!H5+IF(parametros_manuales!$H$32="Todos",'Plan mensual'!H9,0)))*parametros_manuales!$I$32*parametros_manuales!$J$32 -> 507.20248 | G15: =(parametros_manuales!$D$32*('Plan mensual'!I2+IF(parametros_manuales!$H$32="Todos",'Plan mensual'!I6,0))+parametros_manuales!$E$32*('Plan mensual'!I3+IF(parametros_manuales!$H$32="Todos",'Plan mensual'!I7,0))+parametros_manuales!$F$32*('Plan mensual'!I4+IF(parametros_manuales!$H$32="Todos",'Plan mensual'!I8,0))+parametros_manuales!$G$32*('Plan mensual'!I5+IF(parametros_manuales!$H$32="Todos",'Plan mensual'!I9,0)))*parametros_manuales!$I$32*parametros_manuales!$J$32 -> 493.7843 | H15: =(parametros_manuales!$D$32*('Plan mensual'!J2+IF(parametros_manuales!$H$32="Todos",'Plan mensual'!J6,0))+parametros_manuales!$E$32*('Plan mensual'!J3+IF(parametros_manuales!$H$32="Todos",'Plan mensual'!J7,0))+parametros_manuales!$F$32*('Plan mensual'!J4+IF(parametros_manuales!$H$32="Todos",'Plan mensual'!J8,0))+parametros_manuales!$G$32*('Plan mensual'!J5+IF(parametros_manuales!$H$32="Todos",'Plan mensual'!J9,0)))*parametros_manuales!$I$32*parametros_manuales!$J$32 -> 528.09617 | I15: =(parametros_manuales!$D$32*('Plan mensual'!K2+IF(parametros_manuales!$H$32="Todos",'Plan mensual'!K6,0))+parametros_manuales!$E$32*('Plan mensual'!K3+IF(parametros_manuales!$H$32="Todos",'Plan mensual'!K7,0))+parametros_manuales!$F$32*('Plan mensual'!K4+IF(parametros_manuales!$H$32="Todos",'Plan mensual'!K8,0))+parametros_manuales!$G$32*('Plan mensual'!K5+IF(parametros_manuales!$H$32="Todos",'Plan mensual'!K9,0)))*parametros_manuales!$I$32*parametros_manuales!$J$32 -> 528.09617 | ... M15: =(parametros_manuales!$D$32*('Plan mensual'!O2+IF(parametros_manuales!$H$32="Todos",'Plan mensual'!O6,0))+parametros_manuales!$E$32*('Plan mensual'!O3+IF(parametros_manuales!$H$32="Todos",'Plan mensual'!O7,0))+parametros_manuales!$F$32*('Plan mensual'!O4+IF(parametros_manuales!$H$32="Todos",'Plan mensual'!O8,0))+parametros_manuales!$G$32*('Plan mensual'!O5+IF(parametros_manuales!$H$32="Todos",'Plan mensual'!O9,0)))*parametros_manuales!$I$32*parametros_manuales!$J$32 -> 796.64841 | N15: =SUM(B15:M15) -> 6862.3731 | O15: =MAX(B15:M15) -> 796.64841 | P15: =O15/(parametros_manuales!$B$7) -> 5.3109894 | Q15: =IF(O15=0,"-",INDEX($B$1:$M$1,MATCH(O15,B15:M15,0))) -> Dic
A16: =parametros_manuales!$B$33 -> Secado | B16: =(parametros_manuales!$D$33*('Plan mensual'!D2+IF(parametros_manuales!$H$33="Todos",'Plan mensual'!D6,0))+parametros_manuales!$E$33*('Plan mensual'!D3+IF(parametros_manuales!$H$33="Todos",'Plan mensual'!D7,0))+parametros_manuales!$F$33*('Plan mensual'!D4+IF(parametros_manuales!$H$33="Todos",'Plan mensual'!D8,0))+parametros_manuales!$G$33*('Plan mensual'!D5+IF(parametros_manuales!$H$33="Todos",'Plan mensual'!D9,0)))*parametros_manuales!$I$33*parametros_manuales!$J$33 -> 769.81204 | C16: =(parametros_manuales!$D$33*('Plan mensual'!E2+IF(parametros_manuales!$H$33="Todos",'Plan mensual'!E6,0))+parametros_manuales!$E$33*('Plan mensual'!E3+IF(parametros_manuales!$H$33="Todos",'Plan mensual'!E7,0))+parametros_manuales!$F$33*('Plan mensual'!E4+IF(parametros_manuales!$H$33="Todos",'Plan mensual'!E8,0))+parametros_manuales!$G$33*('Plan mensual'!E5+IF(parametros_manuales!$H$33="Todos",'Plan mensual'!E9,0)))*parametros_manuales!$I$33*parametros_manuales!$J$33 -> 590.77721 | D16: =(parametros_manuales!$D$33*('Plan mensual'!F2+IF(parametros_manuales!$H$33="Todos",'Plan mensual'!F6,0))+parametros_manuales!$E$33*('Plan mensual'!F3+IF(parametros_manuales!$H$33="Todos",'Plan mensual'!F7,0))+parametros_manuales!$F$33*('Plan mensual'!F4+IF(parametros_manuales!$H$33="Todos",'Plan mensual'!F8,0))+parametros_manuales!$G$33*('Plan mensual'!F5+IF(parametros_manuales!$H$33="Todos",'Plan mensual'!F9,0)))*parametros_manuales!$I$33*parametros_manuales!$J$33 -> 562.40803 | E16: =(parametros_manuales!$D$33*('Plan mensual'!G2+IF(parametros_manuales!$H$33="Todos",'Plan mensual'!G6,0))+parametros_manuales!$E$33*('Plan mensual'!G3+IF(parametros_manuales!$H$33="Todos",'Plan mensual'!G7,0))+parametros_manuales!$F$33*('Plan mensual'!G4+IF(parametros_manuales!$H$33="Todos",'Plan mensual'!G8,0))+parametros_manuales!$G$33*('Plan mensual'!G5+IF(parametros_manuales!$H$33="Todos",'Plan mensual'!G9,0)))*parametros_manuales!$I$33*parametros_manuales!$J$33 -> 541.51435 | F16: =(parametros_manuales!$D$33*('Plan mensual'!H2+IF(parametros_manuales!$H$33="Todos",'Plan mensual'!H6,0))+parametros_manuales!$E$33*('Plan mensual'!H3+IF(parametros_manuales!$H$33="Todos",'Plan mensual'!H7,0))+parametros_manuales!$F$33*('Plan mensual'!H4+IF(parametros_manuales!$H$33="Todos",'Plan mensual'!H8,0))+parametros_manuales!$G$33*('Plan mensual'!H5+IF(parametros_manuales!$H$33="Todos",'Plan mensual'!H9,0)))*parametros_manuales!$I$33*parametros_manuales!$J$33 -> 507.20248 | G16: =(parametros_manuales!$D$33*('Plan mensual'!I2+IF(parametros_manuales!$H$33="Todos",'Plan mensual'!I6,0))+parametros_manuales!$E$33*('Plan mensual'!I3+IF(parametros_manuales!$H$33="Todos",'Plan mensual'!I7,0))+parametros_manuales!$F$33*('Plan mensual'!I4+IF(parametros_manuales!$H$33="Todos",'Plan mensual'!I8,0))+parametros_manuales!$G$33*('Plan mensual'!I5+IF(parametros_manuales!$H$33="Todos",'Plan mensual'!I9,0)))*parametros_manuales!$I$33*parametros_manuales!$J$33 -> 493.7843 | H16: =(parametros_manuales!$D$33*('Plan mensual'!J2+IF(parametros_manuales!$H$33="Todos",'Plan mensual'!J6,0))+parametros_manuales!$E$33*('Plan mensual'!J3+IF(parametros_manuales!$H$33="Todos",'Plan mensual'!J7,0))+parametros_manuales!$F$33*('Plan mensual'!J4+IF(parametros_manuales!$H$33="Todos",'Plan mensual'!J8,0))+parametros_manuales!$G$33*('Plan mensual'!J5+IF(parametros_manuales!$H$33="Todos",'Plan mensual'!J9,0)))*parametros_manuales!$I$33*parametros_manuales!$J$33 -> 528.09617 | I16: =(parametros_manuales!$D$33*('Plan mensual'!K2+IF(parametros_manuales!$H$33="Todos",'Plan mensual'!K6,0))+parametros_manuales!$E$33*('Plan mensual'!K3+IF(parametros_manuales!$H$33="Todos",'Plan mensual'!K7,0))+parametros_manuales!$F$33*('Plan mensual'!K4+IF(parametros_manuales!$H$33="Todos",'Plan mensual'!K8,0))+parametros_manuales!$G$33*('Plan mensual'!K5+IF(parametros_manuales!$H$33="Todos",'Plan mensual'!K9,0)))*parametros_manuales!$I$33*parametros_manuales!$J$33 -> 528.09617 | ... M16: =(parametros_manuales!$D$33*('Plan mensual'!O2+IF(parametros_manuales!$H$33="Todos",'Plan mensual'!O6,0))+parametros_manuales!$E$33*('Plan mensual'!O3+IF(parametros_manuales!$H$33="Todos",'Plan mensual'!O7,0))+parametros_manuales!$F$33*('Plan mensual'!O4+IF(parametros_manuales!$H$33="Todos",'Plan mensual'!O8,0))+parametros_manuales!$G$33*('Plan mensual'!O5+IF(parametros_manuales!$H$33="Todos",'Plan mensual'!O9,0)))*parametros_manuales!$I$33*parametros_manuales!$J$33 -> 796.64841 | N16: =SUM(B16:M16) -> 6862.3731 | O16: =MAX(B16:M16) -> 796.64841 | P16: =O16/(parametros_manuales!$B$7) -> 5.3109894 | Q16: =IF(O16=0,"-",INDEX($B$1:$M$1,MATCH(O16,B16:M16,0))) -> Dic
A17: =parametros_manuales!$B$34 -> Granallado | B17: =(parametros_manuales!$D$34*('Plan mensual'!D2+IF(parametros_manuales!$H$34="Todos",'Plan mensual'!D6,0))+parametros_manuales!$E$34*('Plan mensual'!D3+IF(parametros_manuales!$H$34="Todos",'Plan mensual'!D7,0))+parametros_manuales!$F$34*('Plan mensual'!D4+IF(parametros_manuales!$H$34="Todos",'Plan mensual'!D8,0))+parametros_manuales!$G$34*('Plan mensual'!D5+IF(parametros_manuales!$H$34="Todos",'Plan mensual'!D9,0)))*parametros_manuales!$I$34*parametros_manuales!$J$34 -> 769.81204 | C17: =(parametros_manuales!$D$34*('Plan mensual'!E2+IF(parametros_manuales!$H$34="Todos",'Plan mensual'!E6,0))+parametros_manuales!$E$34*('Plan mensual'!E3+IF(parametros_manuales!$H$34="Todos",'Plan mensual'!E7,0))+parametros_manuales!$F$34*('Plan mensual'!E4+IF(parametros_manuales!$H$34="Todos",'Plan mensual'!E8,0))+parametros_manuales!$G$34*('Plan mensual'!E5+IF(parametros_manuales!$H$34="Todos",'Plan mensual'!E9,0)))*parametros_manuales!$I$34*parametros_manuales!$J$34 -> 590.77721 | D17: =(parametros_manuales!$D$34*('Plan mensual'!F2+IF(parametros_manuales!$H$34="Todos",'Plan mensual'!F6,0))+parametros_manuales!$E$34*('Plan mensual'!F3+IF(parametros_manuales!$H$34="Todos",'Plan mensual'!F7,0))+parametros_manuales!$F$34*('Plan mensual'!F4+IF(parametros_manuales!$H$34="Todos",'Plan mensual'!F8,0))+parametros_manuales!$G$34*('Plan mensual'!F5+IF(parametros_manuales!$H$34="Todos",'Plan mensual'!F9,0)))*parametros_manuales!$I$34*parametros_manuales!$J$34 -> 562.40803 | E17: =(parametros_manuales!$D$34*('Plan mensual'!G2+IF(parametros_manuales!$H$34="Todos",'Plan mensual'!G6,0))+parametros_manuales!$E$34*('Plan mensual'!G3+IF(parametros_manuales!$H$34="Todos",'Plan mensual'!G7,0))+parametros_manuales!$F$34*('Plan mensual'!G4+IF(parametros_manuales!$H$34="Todos",'Plan mensual'!G8,0))+parametros_manuales!$G$34*('Plan mensual'!G5+IF(parametros_manuales!$H$34="Todos",'Plan mensual'!G9,0)))*parametros_manuales!$I$34*parametros_manuales!$J$34 -> 541.51435 | F17: =(parametros_manuales!$D$34*('Plan mensual'!H2+IF(parametros_manuales!$H$34="Todos",'Plan mensual'!H6,0))+parametros_manuales!$E$34*('Plan mensual'!H3+IF(parametros_manuales!$H$34="Todos",'Plan mensual'!H7,0))+parametros_manuales!$F$34*('Plan mensual'!H4+IF(parametros_manuales!$H$34="Todos",'Plan mensual'!H8,0))+parametros_manuales!$G$34*('Plan mensual'!H5+IF(parametros_manuales!$H$34="Todos",'Plan mensual'!H9,0)))*parametros_manuales!$I$34*parametros_manuales!$J$34 -> 507.20248 | G17: =(parametros_manuales!$D$34*('Plan mensual'!I2+IF(parametros_manuales!$H$34="Todos",'Plan mensual'!I6,0))+parametros_manuales!$E$34*('Plan mensual'!I3+IF(parametros_manuales!$H$34="Todos",'Plan mensual'!I7,0))+parametros_manuales!$F$34*('Plan mensual'!I4+IF(parametros_manuales!$H$34="Todos",'Plan mensual'!I8,0))+parametros_manuales!$G$34*('Plan mensual'!I5+IF(parametros_manuales!$H$34="Todos",'Plan mensual'!I9,0)))*parametros_manuales!$I$34*parametros_manuales!$J$34 -> 493.7843 | H17: =(parametros_manuales!$D$34*('Plan mensual'!J2+IF(parametros_manuales!$H$34="Todos",'Plan mensual'!J6,0))+parametros_manuales!$E$34*('Plan mensual'!J3+IF(parametros_manuales!$H$34="Todos",'Plan mensual'!J7,0))+parametros_manuales!$F$34*('Plan mensual'!J4+IF(parametros_manuales!$H$34="Todos",'Plan mensual'!J8,0))+parametros_manuales!$G$34*('Plan mensual'!J5+IF(parametros_manuales!$H$34="Todos",'Plan mensual'!J9,0)))*parametros_manuales!$I$34*parametros_manuales!$J$34 -> 528.09617 | I17: =(parametros_manuales!$D$34*('Plan mensual'!K2+IF(parametros_manuales!$H$34="Todos",'Plan mensual'!K6,0))+parametros_manuales!$E$34*('Plan mensual'!K3+IF(parametros_manuales!$H$34="Todos",'Plan mensual'!K7,0))+parametros_manuales!$F$34*('Plan mensual'!K4+IF(parametros_manuales!$H$34="Todos",'Plan mensual'!K8,0))+parametros_manuales!$G$34*('Plan mensual'!K5+IF(parametros_manuales!$H$34="Todos",'Plan mensual'!K9,0)))*parametros_manuales!$I$34*parametros_manuales!$J$34 -> 528.09617 | ... M17: =(parametros_manuales!$D$34*('Plan mensual'!O2+IF(parametros_manuales!$H$34="Todos",'Plan mensual'!O6,0))+parametros_manuales!$E$34*('Plan mensual'!O3+IF(parametros_manuales!$H$34="Todos",'Plan mensual'!O7,0))+parametros_manuales!$F$34*('Plan mensual'!O4+IF(parametros_manuales!$H$34="Todos",'Plan mensual'!O8,0))+parametros_manuales!$G$34*('Plan mensual'!O5+IF(parametros_manuales!$H$34="Todos",'Plan mensual'!O9,0)))*parametros_manuales!$I$34*parametros_manuales!$J$34 -> 796.64841 | N17: =SUM(B17:M17) -> 6862.3731 | O17: =MAX(B17:M17) -> 796.64841 | P17: =O17/(parametros_manuales!$B$7) -> 5.3109894 | Q17: =IF(O17=0,"-",INDEX($B$1:$M$1,MATCH(O17,B17:M17,0))) -> Dic
A18: =parametros_manuales!$B$35 -> Detección de defectos | B18: =(parametros_manuales!$D$35*('Plan mensual'!D2+IF(parametros_manuales!$H$35="Todos",'Plan mensual'!D6,0))+parametros_manuales!$E$35*('Plan mensual'!D3+IF(parametros_manuales!$H$35="Todos",'Plan mensual'!D7,0))+parametros_manuales!$F$35*('Plan mensual'!D4+IF(parametros_manuales!$H$35="Todos",'Plan mensual'!D8,0))+parametros_manuales!$G$35*('Plan mensual'!D5+IF(parametros_manuales!$H$35="Todos",'Plan mensual'!D9,0)))*parametros_manuales!$I$35*parametros_manuales!$J$35 -> 769.81204 | C18: =(parametros_manuales!$D$35*('Plan mensual'!E2+IF(parametros_manuales!$H$35="Todos",'Plan mensual'!E6,0))+parametros_manuales!$E$35*('Plan mensual'!E3+IF(parametros_manuales!$H$35="Todos",'Plan mensual'!E7,0))+parametros_manuales!$F$35*('Plan mensual'!E4+IF(parametros_manuales!$H$35="Todos",'Plan mensual'!E8,0))+parametros_manuales!$G$35*('Plan mensual'!E5+IF(parametros_manuales!$H$35="Todos",'Plan mensual'!E9,0)))*parametros_manuales!$I$35*parametros_manuales!$J$35 -> 590.77721 | D18: =(parametros_manuales!$D$35*('Plan mensual'!F2+IF(parametros_manuales!$H$35="Todos",'Plan mensual'!F6,0))+parametros_manuales!$E$35*('Plan mensual'!F3+IF(parametros_manuales!$H$35="Todos",'Plan mensual'!F7,0))+parametros_manuales!$F$35*('Plan mensual'!F4+IF(parametros_manuales!$H$35="Todos",'Plan mensual'!F8,0))+parametros_manuales!$G$35*('Plan mensual'!F5+IF(parametros_manuales!$H$35="Todos",'Plan mensual'!F9,0)))*parametros_manuales!$I$35*parametros_manuales!$J$35 -> 562.40803 | E18: =(parametros_manuales!$D$35*('Plan mensual'!G2+IF(parametros_manuales!$H$35="Todos",'Plan mensual'!G6,0))+parametros_manuales!$E$35*('Plan mensual'!G3+IF(parametros_manuales!$H$35="Todos",'Plan mensual'!G7,0))+parametros_manuales!$F$35*('Plan mensual'!G4+IF(parametros_manuales!$H$35="Todos",'Plan mensual'!G8,0))+parametros_manuales!$G$35*('Plan mensual'!G5+IF(parametros_manuales!$H$35="Todos",'Plan mensual'!G9,0)))*parametros_manuales!$I$35*parametros_manuales!$J$35 -> 541.51435 | F18: =(parametros_manuales!$D$35*('Plan mensual'!H2+IF(parametros_manuales!$H$35="Todos",'Plan mensual'!H6,0))+parametros_manuales!$E$35*('Plan mensual'!H3+IF(parametros_manuales!$H$35="Todos",'Plan mensual'!H7,0))+parametros_manuales!$F$35*('Plan mensual'!H4+IF(parametros_manuales!$H$35="Todos",'Plan mensual'!H8,0))+parametros_manuales!$G$35*('Plan mensual'!H5+IF(parametros_manuales!$H$35="Todos",'Plan mensual'!H9,0)))*parametros_manuales!$I$35*parametros_manuales!$J$35 -> 507.20248 | G18: =(parametros_manuales!$D$35*('Plan mensual'!I2+IF(parametros_manuales!$H$35="Todos",'Plan mensual'!I6,0))+parametros_manuales!$E$35*('Plan mensual'!I3+IF(parametros_manuales!$H$35="Todos",'Plan mensual'!I7,0))+parametros_manuales!$F$35*('Plan mensual'!I4+IF(parametros_manuales!$H$35="Todos",'Plan mensual'!I8,0))+parametros_manuales!$G$35*('Plan mensual'!I5+IF(parametros_manuales!$H$35="Todos",'Plan mensual'!I9,0)))*parametros_manuales!$I$35*parametros_manuales!$J$35 -> 493.7843 | H18: =(parametros_manuales!$D$35*('Plan mensual'!J2+IF(parametros_manuales!$H$35="Todos",'Plan mensual'!J6,0))+parametros_manuales!$E$35*('Plan mensual'!J3+IF(parametros_manuales!$H$35="Todos",'Plan mensual'!J7,0))+parametros_manuales!$F$35*('Plan mensual'!J4+IF(parametros_manuales!$H$35="Todos",'Plan mensual'!J8,0))+parametros_manuales!$G$35*('Plan mensual'!J5+IF(parametros_manuales!$H$35="Todos",'Plan mensual'!J9,0)))*parametros_manuales!$I$35*parametros_manuales!$J$35 -> 528.09617 | I18: =(parametros_manuales!$D$35*('Plan mensual'!K2+IF(parametros_manuales!$H$35="Todos",'Plan mensual'!K6,0))+parametros_manuales!$E$35*('Plan mensual'!K3+IF(parametros_manuales!$H$35="Todos",'Plan mensual'!K7,0))+parametros_manuales!$F$35*('Plan mensual'!K4+IF(parametros_manuales!$H$35="Todos",'Plan mensual'!K8,0))+parametros_manuales!$G$35*('Plan mensual'!K5+IF(parametros_manuales!$H$35="Todos",'Plan mensual'!K9,0)))*parametros_manuales!$I$35*parametros_manuales!$J$35 -> 528.09617 | ... M18: =(parametros_manuales!$D$35*('Plan mensual'!O2+IF(parametros_manuales!$H$35="Todos",'Plan mensual'!O6,0))+parametros_manuales!$E$35*('Plan mensual'!O3+IF(parametros_manuales!$H$35="Todos",'Plan mensual'!O7,0))+parametros_manuales!$F$35*('Plan mensual'!O4+IF(parametros_manuales!$H$35="Todos",'Plan mensual'!O8,0))+parametros_manuales!$G$35*('Plan mensual'!O5+IF(parametros_manuales!$H$35="Todos",'Plan mensual'!O9,0)))*parametros_manuales!$I$35*parametros_manuales!$J$35 -> 796.64841 | N18: =SUM(B18:M18) -> 6862.3731 | O18: =MAX(B18:M18) -> 796.64841 | P18: =O18/(parametros_manuales!$B$7) -> 5.3109894 | Q18: =IF(O18=0,"-",INDEX($B$1:$M$1,MATCH(O18,B18:M18,0))) -> Dic
A19: =parametros_manuales!$B$36 -> Corrección de defectos | B19: =(parametros_manuales!$D$36*('Plan mensual'!D2+IF(parametros_manuales!$H$36="Todos",'Plan mensual'!D6,0))+parametros_manuales!$E$36*('Plan mensual'!D3+IF(parametros_manuales!$H$36="Todos",'Plan mensual'!D7,0))+parametros_manuales!$F$36*('Plan mensual'!D4+IF(parametros_manuales!$H$36="Todos",'Plan mensual'!D8,0))+parametros_manuales!$G$36*('Plan mensual'!D5+IF(parametros_manuales!$H$36="Todos",'Plan mensual'!D9,0)))*parametros_manuales!$I$36*parametros_manuales!$J$36 -> 38.490602 | C19: =(parametros_manuales!$D$36*('Plan mensual'!E2+IF(parametros_manuales!$H$36="Todos",'Plan mensual'!E6,0))+parametros_manuales!$E$36*('Plan mensual'!E3+IF(parametros_manuales!$H$36="Todos",'Plan mensual'!E7,0))+parametros_manuales!$F$36*('Plan mensual'!E4+IF(parametros_manuales!$H$36="Todos",'Plan mensual'!E8,0))+parametros_manuales!$G$36*('Plan mensual'!E5+IF(parametros_manuales!$H$36="Todos",'Plan mensual'!E9,0)))*parametros_manuales!$I$36*parametros_manuales!$J$36 -> 29.538861 | D19: =(parametros_manuales!$D$36*('Plan mensual'!F2+IF(parametros_manuales!$H$36="Todos",'Plan mensual'!F6,0))+parametros_manuales!$E$36*('Plan mensual'!F3+IF(parametros_manuales!$H$36="Todos",'Plan mensual'!F7,0))+parametros_manuales!$F$36*('Plan mensual'!F4+IF(parametros_manuales!$H$36="Todos",'Plan mensual'!F8,0))+parametros_manuales!$G$36*('Plan mensual'!F5+IF(parametros_manuales!$H$36="Todos",'Plan mensual'!F9,0)))*parametros_manuales!$I$36*parametros_manuales!$J$36 -> 28.120402 | E19: =(parametros_manuales!$D$36*('Plan mensual'!G2+IF(parametros_manuales!$H$36="Todos",'Plan mensual'!G6,0))+parametros_manuales!$E$36*('Plan mensual'!G3+IF(parametros_manuales!$H$36="Todos",'Plan mensual'!G7,0))+parametros_manuales!$F$36*('Plan mensual'!G4+IF(parametros_manuales!$H$36="Todos",'Plan mensual'!G8,0))+parametros_manuales!$G$36*('Plan mensual'!G5+IF(parametros_manuales!$H$36="Todos",'Plan mensual'!G9,0)))*parametros_manuales!$I$36*parametros_manuales!$J$36 -> 27.075717 | F19: =(parametros_manuales!$D$36*('Plan mensual'!H2+IF(parametros_manuales!$H$36="Todos",'Plan mensual'!H6,0))+parametros_manuales!$E$36*('Plan mensual'!H3+IF(parametros_manuales!$H$36="Todos",'Plan mensual'!H7,0))+parametros_manuales!$F$36*('Plan mensual'!H4+IF(parametros_manuales!$H$36="Todos",'Plan mensual'!H8,0))+parametros_manuales!$G$36*('Plan mensual'!H5+IF(parametros_manuales!$H$36="Todos",'Plan mensual'!H9,0)))*parametros_manuales!$I$36*parametros_manuales!$J$36 -> 25.360124 | G19: =(parametros_manuales!$D$36*('Plan mensual'!I2+IF(parametros_manuales!$H$36="Todos",'Plan mensual'!I6,0))+parametros_manuales!$E$36*('Plan mensual'!I3+IF(parametros_manuales!$H$36="Todos",'Plan mensual'!I7,0))+parametros_manuales!$F$36*('Plan mensual'!I4+IF(parametros_manuales!$H$36="Todos",'Plan mensual'!I8,0))+parametros_manuales!$G$36*('Plan mensual'!I5+IF(parametros_manuales!$H$36="Todos",'Plan mensual'!I9,0)))*parametros_manuales!$I$36*parametros_manuales!$J$36 -> 24.689215 | H19: =(parametros_manuales!$D$36*('Plan mensual'!J2+IF(parametros_manuales!$H$36="Todos",'Plan mensual'!J6,0))+parametros_manuales!$E$36*('Plan mensual'!J3+IF(parametros_manuales!$H$36="Todos",'Plan mensual'!J7,0))+parametros_manuales!$F$36*('Plan mensual'!J4+IF(parametros_manuales!$H$36="Todos",'Plan mensual'!J8,0))+parametros_manuales!$G$36*('Plan mensual'!J5+IF(parametros_manuales!$H$36="Todos",'Plan mensual'!J9,0)))*parametros_manuales!$I$36*parametros_manuales!$J$36 -> 26.404808 | I19: =(parametros_manuales!$D$36*('Plan mensual'!K2+IF(parametros_manuales!$H$36="Todos",'Plan mensual'!K6,0))+parametros_manuales!$E$36*('Plan mensual'!K3+IF(parametros_manuales!$H$36="Todos",'Plan mensual'!K7,0))+parametros_manuales!$F$36*('Plan mensual'!K4+IF(parametros_manuales!$H$36="Todos",'Plan mensual'!K8,0))+parametros_manuales!$G$36*('Plan mensual'!K5+IF(parametros_manuales!$H$36="Todos",'Plan mensual'!K9,0)))*parametros_manuales!$I$36*parametros_manuales!$J$36 -> 26.404808 | ... M19: =(parametros_manuales!$D$36*('Plan mensual'!O2+IF(parametros_manuales!$H$36="Todos",'Plan mensual'!O6,0))+parametros_manuales!$E$36*('Plan mensual'!O3+IF(parametros_manuales!$H$36="Todos",'Plan mensual'!O7,0))+parametros_manuales!$F$36*('Plan mensual'!O4+IF(parametros_manuales!$H$36="Todos",'Plan mensual'!O8,0))+parametros_manuales!$G$36*('Plan mensual'!O5+IF(parametros_manuales!$H$36="Todos",'Plan mensual'!O9,0)))*parametros_manuales!$I$36*parametros_manuales!$J$36 -> 39.83242 | N19: =SUM(B19:M19) -> 343.11866 | O19: =MAX(B19:M19) -> 39.83242 | P19: =O19/(parametros_manuales!$B$7) -> 0.26554947 | Q19: =IF(O19=0,"-",INDEX($B$1:$M$1,MATCH(O19,B19:M19,0))) -> Dic
A20: =parametros_manuales!$B$37 -> Pintura en polvo + horno | B20: =(parametros_manuales!$D$37*('Plan mensual'!D2+IF(parametros_manuales!$H$37="Todos",'Plan mensual'!D6,0))+parametros_manuales!$E$37*('Plan mensual'!D3+IF(parametros_manuales!$H$37="Todos",'Plan mensual'!D7,0))+parametros_manuales!$F$37*('Plan mensual'!D4+IF(parametros_manuales!$H$37="Todos",'Plan mensual'!D8,0))+parametros_manuales!$G$37*('Plan mensual'!D5+IF(parametros_manuales!$H$37="Todos",'Plan mensual'!D9,0)))*parametros_manuales!$I$37*parametros_manuales!$J$37 -> 769.81204 | C20: =(parametros_manuales!$D$37*('Plan mensual'!E2+IF(parametros_manuales!$H$37="Todos",'Plan mensual'!E6,0))+parametros_manuales!$E$37*('Plan mensual'!E3+IF(parametros_manuales!$H$37="Todos",'Plan mensual'!E7,0))+parametros_manuales!$F$37*('Plan mensual'!E4+IF(parametros_manuales!$H$37="Todos",'Plan mensual'!E8,0))+parametros_manuales!$G$37*('Plan mensual'!E5+IF(parametros_manuales!$H$37="Todos",'Plan mensual'!E9,0)))*parametros_manuales!$I$37*parametros_manuales!$J$37 -> 590.77721 | D20: =(parametros_manuales!$D$37*('Plan mensual'!F2+IF(parametros_manuales!$H$37="Todos",'Plan mensual'!F6,0))+parametros_manuales!$E$37*('Plan mensual'!F3+IF(parametros_manuales!$H$37="Todos",'Plan mensual'!F7,0))+parametros_manuales!$F$37*('Plan mensual'!F4+IF(parametros_manuales!$H$37="Todos",'Plan mensual'!F8,0))+parametros_manuales!$G$37*('Plan mensual'!F5+IF(parametros_manuales!$H$37="Todos",'Plan mensual'!F9,0)))*parametros_manuales!$I$37*parametros_manuales!$J$37 -> 562.40803 | E20: =(parametros_manuales!$D$37*('Plan mensual'!G2+IF(parametros_manuales!$H$37="Todos",'Plan mensual'!G6,0))+parametros_manuales!$E$37*('Plan mensual'!G3+IF(parametros_manuales!$H$37="Todos",'Plan mensual'!G7,0))+parametros_manuales!$F$37*('Plan mensual'!G4+IF(parametros_manuales!$H$37="Todos",'Plan mensual'!G8,0))+parametros_manuales!$G$37*('Plan mensual'!G5+IF(parametros_manuales!$H$37="Todos",'Plan mensual'!G9,0)))*parametros_manuales!$I$37*parametros_manuales!$J$37 -> 541.51435 | F20: =(parametros_manuales!$D$37*('Plan mensual'!H2+IF(parametros_manuales!$H$37="Todos",'Plan mensual'!H6,0))+parametros_manuales!$E$37*('Plan mensual'!H3+IF(parametros_manuales!$H$37="Todos",'Plan mensual'!H7,0))+parametros_manuales!$F$37*('Plan mensual'!H4+IF(parametros_manuales!$H$37="Todos",'Plan mensual'!H8,0))+parametros_manuales!$G$37*('Plan mensual'!H5+IF(parametros_manuales!$H$37="Todos",'Plan mensual'!H9,0)))*parametros_manuales!$I$37*parametros_manuales!$J$37 -> 507.20248 | G20: =(parametros_manuales!$D$37*('Plan mensual'!I2+IF(parametros_manuales!$H$37="Todos",'Plan mensual'!I6,0))+parametros_manuales!$E$37*('Plan mensual'!I3+IF(parametros_manuales!$H$37="Todos",'Plan mensual'!I7,0))+parametros_manuales!$F$37*('Plan mensual'!I4+IF(parametros_manuales!$H$37="Todos",'Plan mensual'!I8,0))+parametros_manuales!$G$37*('Plan mensual'!I5+IF(parametros_manuales!$H$37="Todos",'Plan mensual'!I9,0)))*parametros_manuales!$I$37*parametros_manuales!$J$37 -> 493.7843 | H20: =(parametros_manuales!$D$37*('Plan mensual'!J2+IF(parametros_manuales!$H$37="Todos",'Plan mensual'!J6,0))+parametros_manuales!$E$37*('Plan mensual'!J3+IF(parametros_manuales!$H$37="Todos",'Plan mensual'!J7,0))+parametros_manuales!$F$37*('Plan mensual'!J4+IF(parametros_manuales!$H$37="Todos",'Plan mensual'!J8,0))+parametros_manuales!$G$37*('Plan mensual'!J5+IF(parametros_manuales!$H$37="Todos",'Plan mensual'!J9,0)))*parametros_manuales!$I$37*parametros_manuales!$J$37 -> 528.09617 | I20: =(parametros_manuales!$D$37*('Plan mensual'!K2+IF(parametros_manuales!$H$37="Todos",'Plan mensual'!K6,0))+parametros_manuales!$E$37*('Plan mensual'!K3+IF(parametros_manuales!$H$37="Todos",'Plan mensual'!K7,0))+parametros_manuales!$F$37*('Plan mensual'!K4+IF(parametros_manuales!$H$37="Todos",'Plan mensual'!K8,0))+parametros_manuales!$G$37*('Plan mensual'!K5+IF(parametros_manuales!$H$37="Todos",'Plan mensual'!K9,0)))*parametros_manuales!$I$37*parametros_manuales!$J$37 -> 528.09617 | ... M20: =(parametros_manuales!$D$37*('Plan mensual'!O2+IF(parametros_manuales!$H$37="Todos",'Plan mensual'!O6,0))+parametros_manuales!$E$37*('Plan mensual'!O3+IF(parametros_manuales!$H$37="Todos",'Plan mensual'!O7,0))+parametros_manuales!$F$37*('Plan mensual'!O4+IF(parametros_manuales!$H$37="Todos",'Plan mensual'!O8,0))+parametros_manuales!$G$37*('Plan mensual'!O5+IF(parametros_manuales!$H$37="Todos",'Plan mensual'!O9,0)))*parametros_manuales!$I$37*parametros_manuales!$J$37 -> 796.64841 | N20: =SUM(B20:M20) -> 6862.3731 | O20: =MAX(B20:M20) -> 796.64841 | P20: =O20/(parametros_manuales!$B$7) -> 5.3109894 | Q20: =IF(O20=0,"-",INDEX($B$1:$M$1,MATCH(O20,B20:M20,0))) -> Dic
