Workbook

Sheet Links
A1: Links e IMPORTRANGE
A2: Pegar en B el link de cada Google Sheet. La primera vez, tocar la primera celda de cada bloque y «Permitir acceso». Todos los IMPORTRANGE del libro están en esta hoja; las demás la leen.
A3: Archivo | B3: Link | G3: Qué se importa | M3: Estado
A4: Proyecciones | B4: https://docs.google.com/spreadsheets/d/1xc4xDAwSYT3l-RulPYtcePxiCninrbQGzaBUsgO0YEs/edit?gid=1764491891#gid=1764491891 | G4: Indexado Dim Técnico B7:K10 y B19:K22 → datos_base | M4: =IF(ISERROR(B16),"Falta el link o «Permitir acceso»","OK") -> OK
A5: Dimensionamiento Recargas Planta Comercial | B5: PEGAR ACÁ EL LINK DEL GOOGLE SHEET | G5: sobrestock_sustitutos B86:K89: alta de sustitutos ABC (cilindros vacíos) → datos_base | M5: =IF(ISERROR(B37),"Falta el link o «Permitir acceso»","OK") -> OK
A6: Dimensionamiento Recargas Planta Industrial | B6: PEGAR ACÁ EL LINK DEL GOOGLE SHEET | G6: sobrestock_sustitutos B86:K89: alta de sustitutos ABC (terminados) → datos_base | M6: =IF(ISERROR(B30),"Falta el link o «Permitir acceso»","OK") -> OK
A7: MRP (FLAMA_MRP) | B7: PEGAR ACÁ EL LINK DEL GOOGLE SHEET | G7: ESTACIONALIDAD C6:N6 (E03) → parametros_carros filas 12 a 15 | M7: =IF(ISERROR(B12),"Falta el link o «Permitir acceso»","OK") -> OK
A10: MRP (FLAMA_MRP) · ESTACIONALIDAD!C6:N6: E03 rodantes (25 a 100 kg)
B11: Ene | C11: Feb | D11: Mar | E11: Abr | F11: May | G11: Jun | H11: Jul | I11: Ago | J11: Sep | K11: Oct | L11: Nov | M11: Dic
A12: E03 rodantes (25 a 100 kg) | B12: =IFERROR(__xludf.DUMMYFUNCTION("IMPORTRANGE(Links!$B$7,""ESTACIONALIDAD!C6:N6"")"),0.085) -> 0.085 | C12: =IFERROR(__xludf.DUMMYFUNCTION("""COMPUTED_VALUE"""),0.075) -> 0.075 | D12: =IFERROR(__xludf.DUMMYFUNCTION("""COMPUTED_VALUE"""),0.09) -> 0.09 | E12: =IFERROR(__xludf.DUMMYFUNCTION("""COMPUTED_VALUE"""),0.09) -> 0.09 | F12: =IFERROR(__xludf.DUMMYFUNCTION("""COMPUTED_VALUE"""),0.09) -> 0.09 | G12: =IFERROR(__xludf.DUMMYFUNCTION("""COMPUTED_VALUE"""),0.08) -> 0.08 | H12: =IFERROR(__xludf.DUMMYFUNCTION("""COMPUTED_VALUE"""),0.09) -> 0.09 | I12: =IFERROR(__xludf.DUMMYFUNCTION("""COMPUTED_VALUE"""),0.09) -> 0.09 | J12: =IFERROR(__xludf.DUMMYFUNCTION("""COMPUTED_VALUE"""),0.085) -> 0.085 | K12: =IFERROR(__xludf.DUMMYFUNCTION("""COMPUTED_VALUE"""),0.075) -> 0.075 | L12: =IFERROR(__xludf.DUMMYFUNCTION("""COMPUTED_VALUE"""),0.07) -> 0.07 | M12: =IFERROR(__xludf.DUMMYFUNCTION("""COMPUTED_VALUE"""),0.08) -> 0.08
A14: Proyecciones · Indexado Dim Técnico!B7:K10: carros terminados
B15: 2026 | C15: 2027 | D15: 2028 | E15: 2029 | F15: 2030 | G15: 2031 | H15: 2032 | I15: 2033 | J15: 2034 | K15: 2035
A16: Carro ABC 25 kg | B16: =IFERROR(__xludf.DUMMYFUNCTION("IMPORTRANGE(Links!$B$4,""Indexado Dim Técnico!B7:K10"")"),34.05179136) -> 34.051791 | C16: =IFERROR(__xludf.DUMMYFUNCTION("""COMPUTED_VALUE"""),58.46214745) -> 58.462147 | D16: =IFERROR(__xludf.DUMMYFUNCTION("""COMPUTED_VALUE"""),75.20853998) -> 75.20854 | E16: =IFERROR(__xludf.DUMMYFUNCTION("""COMPUTED_VALUE"""),100.5298529) -> 100.52985 | F16: =IFERROR(__xludf.DUMMYFUNCTION("""COMPUTED_VALUE"""),155.8760035) -> 155.876 | G16: =IFERROR(__xludf.DUMMYFUNCTION("""COMPUTED_VALUE"""),211.9344827) -> 211.93448 | H16: =IFERROR(__xludf.DUMMYFUNCTION("""COMPUTED_VALUE"""),272.6682332) -> 272.66823 | I16: =IFERROR(__xludf.DUMMYFUNCTION("""COMPUTED_VALUE"""),337.8486707) -> 337.84867 | J16: =IFERROR(__xludf.DUMMYFUNCTION("""COMPUTED_VALUE"""),393.6274156) -> 393.62742 | K16: =IFERROR(__xludf.DUMMYFUNCTION("""COMPUTED_VALUE"""),453.2705332) -> 453.27053
A17: Carro ABC 50 kg | B17: =IFERROR(__xludf.DUMMYFUNCTION("""COMPUTED_VALUE"""),74.913941) -> 74.913941 | C17: =IFERROR(__xludf.DUMMYFUNCTION("""COMPUTED_VALUE"""),128.6167244) -> 128.61672 | D17: =IFERROR(__xludf.DUMMYFUNCTION("""COMPUTED_VALUE"""),165.458788) -> 165.45879 | E17: =IFERROR(__xludf.DUMMYFUNCTION("""COMPUTED_VALUE"""),221.1656765) -> 221.16568 | F17: =IFERROR(__xludf.DUMMYFUNCTION("""COMPUTED_VALUE"""),342.9272077) -> 342.92721 | G17: =IFERROR(__xludf.DUMMYFUNCTION("""COMPUTED_VALUE"""),466.255862) -> 466.25586 | H17: =IFERROR(__xludf.DUMMYFUNCTION("""COMPUTED_VALUE"""),599.8701129) -> 599.87011 | I17: =IFERROR(__xludf.DUMMYFUNCTION("""COMPUTED_VALUE"""),743.2670756) -> 743.26708 | J17: =IFERROR(__xludf.DUMMYFUNCTION("""COMPUTED_VALUE"""),865.9803143) -> 865.98031 | K17: =IFERROR(__xludf.DUMMYFUNCTION("""COMPUTED_VALUE"""),997.1951731) -> 997.19517
A18: Carro ABC 70 kg | B18: =IFERROR(__xludf.DUMMYFUNCTION("""COMPUTED_VALUE"""),16.34485985) -> 16.34486 | C18: =IFERROR(__xludf.DUMMYFUNCTION("""COMPUTED_VALUE"""),28.06183078) -> 28.061831 | D18: =IFERROR(__xludf.DUMMYFUNCTION("""COMPUTED_VALUE"""),36.10009919) -> 36.100099 | E18: =IFERROR(__xludf.DUMMYFUNCTION("""COMPUTED_VALUE"""),48.25432941) -> 48.254329 | F18: =IFERROR(__xludf.DUMMYFUNCTION("""COMPUTED_VALUE"""),74.82048167) -> 74.820482 | G18: =IFERROR(__xludf.DUMMYFUNCTION("""COMPUTED_VALUE"""),101.7285517) -> 101.72855 | H18: =IFERROR(__xludf.DUMMYFUNCTION("""COMPUTED_VALUE"""),130.8807519) -> 130.88075 | I18: =IFERROR(__xludf.DUMMYFUNCTION("""COMPUTED_VALUE"""),162.1673619) -> 162.16736 | J18: =IFERROR(__xludf.DUMMYFUNCTION("""COMPUTED_VALUE"""),188.9411595) -> 188.94116 | K18: =IFERROR(__xludf.DUMMYFUNCTION("""COMPUTED_VALUE"""),217.569856) -> 217.56986
A19: Carro ABC 100 kg | B19: =IFERROR(__xludf.DUMMYFUNCTION("""COMPUTED_VALUE"""),10.89657324) -> 10.896573 | C19: =IFERROR(__xludf.DUMMYFUNCTION("""COMPUTED_VALUE"""),18.70788719) -> 18.707887 | D19: =IFERROR(__xludf.DUMMYFUNCTION("""COMPUTED_VALUE"""),24.06673279) -> 24.066733 | E19: =IFERROR(__xludf.DUMMYFUNCTION("""COMPUTED_VALUE"""),32.16955294) -> 32.169553 | F19: =IFERROR(__xludf.DUMMYFUNCTION("""COMPUTED_VALUE"""),49.88032112) -> 49.880321 | G19: =IFERROR(__xludf.DUMMYFUNCTION("""COMPUTED_VALUE"""),67.81903447) -> 67.819034 | H19: =IFERROR(__xludf.DUMMYFUNCTION("""COMPUTED_VALUE"""),87.25383461) -> 87.253835 | I19: =IFERROR(__xludf.DUMMYFUNCTION("""COMPUTED_VALUE"""),108.1115746) -> 108.11157 | J19: =IFERROR(__xludf.DUMMYFUNCTION("""COMPUTED_VALUE"""),125.960773) -> 125.96077 | K19: =IFERROR(__xludf.DUMMYFUNCTION("""COMPUTED_VALUE"""),145.0465706) -> 145.04657
A21: Proyecciones · Indexado Dim Técnico!B19:K22: cilindros vendidos vacíos
B22: 2026 | C22: 2027 | D22: 2028 | E22: 2029 | F22: 2030 | G22: 2031 | H22: 2032 | I22: 2033 | J22: 2034 | K22: 2035
A23: Carro ABC 25 kg | B23: =IFERROR(__xludf.DUMMYFUNCTION("IMPORTRANGE(Links!$B$4,""Indexado Dim Técnico!B19:K22"")"),0) -> 0 | C23: =IFERROR(__xludf.DUMMYFUNCTION("""COMPUTED_VALUE"""),0) -> 0 | D23: =IFERROR(__xludf.DUMMYFUNCTION("""COMPUTED_VALUE"""),14.4) -> 14.4 | E23: =IFERROR(__xludf.DUMMYFUNCTION("""COMPUTED_VALUE"""),50.2) -> 50.2 | F23: =IFERROR(__xludf.DUMMYFUNCTION("""COMPUTED_VALUE"""),93) -> 93 | G23: =IFERROR(__xludf.DUMMYFUNCTION("""COMPUTED_VALUE"""),135) -> 135 | H23: =IFERROR(__xludf.DUMMYFUNCTION("""COMPUTED_VALUE"""),191) -> 191 | I23: =IFERROR(__xludf.DUMMYFUNCTION("""COMPUTED_VALUE"""),247) -> 247 | J23: =IFERROR(__xludf.DUMMYFUNCTION("""COMPUTED_VALUE"""),277) -> 277 | K23: =IFERROR(__xludf.DUMMYFUNCTION("""COMPUTED_VALUE"""),322) -> 322
A24: Carro ABC 50 kg | B24: =IFERROR(__xludf.DUMMYFUNCTION("""COMPUTED_VALUE"""),0) -> 0 | C24: =IFERROR(__xludf.DUMMYFUNCTION("""COMPUTED_VALUE"""),0) -> 0 | D24: =IFERROR(__xludf.DUMMYFUNCTION("""COMPUTED_VALUE"""),31.8) -> 31.8 | E24: =IFERROR(__xludf.DUMMYFUNCTION("""COMPUTED_VALUE"""),110.8) -> 110.8 | F24: =IFERROR(__xludf.DUMMYFUNCTION("""COMPUTED_VALUE"""),205.2) -> 205.2 | G24: =IFERROR(__xludf.DUMMYFUNCTION("""COMPUTED_VALUE"""),297.6) -> 297.6 | H24: =IFERROR(__xludf.DUMMYFUNCTION("""COMPUTED_VALUE"""),420.8) -> 420.8 | I24: =IFERROR(__xludf.DUMMYFUNCTION("""COMPUTED_VALUE"""),544) -> 544 | J24: =IFERROR(__xludf.DUMMYFUNCTION("""COMPUTED_VALUE"""),609.6) -> 609.6 | K24: =IFERROR(__xludf.DUMMYFUNCTION("""COMPUTED_VALUE"""),708) -> 708
A25: Carro ABC 70 kg | B25: =IFERROR(__xludf.DUMMYFUNCTION("""COMPUTED_VALUE"""),0) -> 0 | C25: =IFERROR(__xludf.DUMMYFUNCTION("""COMPUTED_VALUE"""),0) -> 0 | D25: =IFERROR(__xludf.DUMMYFUNCTION("""COMPUTED_VALUE"""),7) -> 7 | E25: =IFERROR(__xludf.DUMMYFUNCTION("""COMPUTED_VALUE"""),24.4) -> 24.4 | F25: =IFERROR(__xludf.DUMMYFUNCTION("""COMPUTED_VALUE"""),45.2) -> 45.2 | G25: =IFERROR(__xludf.DUMMYFUNCTION("""COMPUTED_VALUE"""),65.4) -> 65.4 | H25: =IFERROR(__xludf.DUMMYFUNCTION("""COMPUTED_VALUE"""),92.2) -> 92.2 | I25: =IFERROR(__xludf.DUMMYFUNCTION("""COMPUTED_VALUE"""),119) -> 119 | J25: =IFERROR(__xludf.DUMMYFUNCTION("""COMPUTED_VALUE"""),133.4) -> 133.4 | K25: =IFERROR(__xludf.DUMMYFUNCTION("""COMPUTED_VALUE"""),155) -> 155
A26: Carro ABC 100 kg | B26: =IFERROR(__xludf.DUMMYFUNCTION("""COMPUTED_VALUE"""),0) -> 0 | C26: =IFERROR(__xludf.DUMMYFUNCTION("""COMPUTED_VALUE"""),0) -> 0 | D26: =IFERROR(__xludf.DUMMYFUNCTION("""COMPUTED_VALUE"""),4.6) -> 4.6 | E26: =IFERROR(__xludf.DUMMYFUNCTION("""COMPUTED_VALUE"""),16) -> 16 | F26: =IFERROR(__xludf.DUMMYFUNCTION("""COMPUTED_VALUE"""),29.6) -> 29.6 | G26: =IFERROR(__xludf.DUMMYFUNCTION("""COMPUTED_VALUE"""),42.8) -> 42.8 | H26: =IFERROR(__xludf.DUMMYFUNCTION("""COMPUTED_VALUE"""),60.4) -> 60.4 | I26: =IFERROR(__xludf.DUMMYFUNCTION("""COMPUTED_VALUE"""),78) -> 78 | J26: =IFERROR(__xludf.DUMMYFUNCTION("""COMPUTED_VALUE"""),87.6) -> 87.6 | K26: =IFERROR(__xludf.DUMMYFUNCTION("""COMPUTED_VALUE"""),102) -> 102
A28: Dimensionamiento Recargas Planta Industrial · sobrestock_sustitutos!B86:K89: alta de sustitutos ABC (terminado, planta industrial)
B29: 2026 | C29: 2027 | D29: 2028 | E29: 2029 | F29: 2030 | G29: 2031 | H29: 2032 | I29: 2033 | J29: 2034 | K29: 2035
A30: Carro ABC 25 kg | B30: =IFERROR(__xludf.DUMMYFUNCTION("IMPORTRANGE(Links!$B$6,""sobrestock_sustitutos!B86:K89"")"),1) -> 1 | C30: =IFERROR(__xludf.DUMMYFUNCTION("""COMPUTED_VALUE"""),0.08) -> 0.08 | D30: =IFERROR(__xludf.DUMMYFUNCTION("""COMPUTED_VALUE"""),0.08) -> 0.08 | E30: =IFERROR(__xludf.DUMMYFUNCTION("""COMPUTED_VALUE"""),1.08) -> 1.08 | F30: =IFERROR(__xludf.DUMMYFUNCTION("""COMPUTED_VALUE"""),1.16) -> 1.16 | G30: =IFERROR(__xludf.DUMMYFUNCTION("""COMPUTED_VALUE"""),1.24) -> 1.24 | H30: =IFERROR(__xludf.DUMMYFUNCTION("""COMPUTED_VALUE"""),0.32) -> 0.32 | I30: =IFERROR(__xludf.DUMMYFUNCTION("""COMPUTED_VALUE"""),1.32) -> 1.32 | J30: =IFERROR(__xludf.DUMMYFUNCTION("""COMPUTED_VALUE"""),0.4) -> 0.4 | K30: =IFERROR(__xludf.DUMMYFUNCTION("""COMPUTED_VALUE"""),0.4) -> 0.4
A31: Carro ABC 50 kg | B31: =IFERROR(__xludf.DUMMYFUNCTION("""COMPUTED_VALUE"""),1) -> 1 | C31: =IFERROR(__xludf.DUMMYFUNCTION("""COMPUTED_VALUE"""),0.08) -> 0.08 | D31: =IFERROR(__xludf.DUMMYFUNCTION("""COMPUTED_VALUE"""),2.08) -> 2.08 | E31: =IFERROR(__xludf.DUMMYFUNCTION("""COMPUTED_VALUE"""),1.24) -> 1.24 | F31: =IFERROR(__xludf.DUMMYFUNCTION("""COMPUTED_VALUE"""),2.32) -> 2.32 | G31: =IFERROR(__xludf.DUMMYFUNCTION("""COMPUTED_VALUE"""),2.48) -> 2.48 | H31: =IFERROR(__xludf.DUMMYFUNCTION("""COMPUTED_VALUE"""),0.64) -> 0.64 | I31: =IFERROR(__xludf.DUMMYFUNCTION("""COMPUTED_VALUE"""),1.64) -> 1.64 | J31: =IFERROR(__xludf.DUMMYFUNCTION("""COMPUTED_VALUE"""),1.72) -> 1.72 | K31: =IFERROR(__xludf.DUMMYFUNCTION("""COMPUTED_VALUE"""),1.8) -> 1.8
A32: Carro ABC 70 kg | B32: =IFERROR(__xludf.DUMMYFUNCTION("""COMPUTED_VALUE"""),1) -> 1 | C32: =IFERROR(__xludf.DUMMYFUNCTION("""COMPUTED_VALUE"""),0.08) -> 0.08 | D32: =IFERROR(__xludf.DUMMYFUNCTION("""COMPUTED_VALUE"""),0.08) -> 0.08 | E32: =IFERROR(__xludf.DUMMYFUNCTION("""COMPUTED_VALUE"""),0.08) -> 0.08 | F32: =IFERROR(__xludf.DUMMYFUNCTION("""COMPUTED_VALUE"""),1.08) -> 1.08 | G32: =IFERROR(__xludf.DUMMYFUNCTION("""COMPUTED_VALUE"""),0.16) -> 0.16 | H32: =IFERROR(__xludf.DUMMYFUNCTION("""COMPUTED_VALUE"""),0.16) -> 0.16 | I32: =IFERROR(__xludf.DUMMYFUNCTION("""COMPUTED_VALUE"""),0.16) -> 0.16 | J32: =IFERROR(__xludf.DUMMYFUNCTION("""COMPUTED_VALUE"""),1.16) -> 1.16 | K32: =IFERROR(__xludf.DUMMYFUNCTION("""COMPUTED_VALUE"""),0.24) -> 0.24
A33: Carro ABC 100 kg | B33: =IFERROR(__xludf.DUMMYFUNCTION("""COMPUTED_VALUE"""),1) -> 1 | C33: =IFERROR(__xludf.DUMMYFUNCTION("""COMPUTED_VALUE"""),0.08) -> 0.08 | D33: =IFERROR(__xludf.DUMMYFUNCTION("""COMPUTED_VALUE"""),0.08) -> 0.08 | E33: =IFERROR(__xludf.DUMMYFUNCTION("""COMPUTED_VALUE"""),0.08) -> 0.08 | F33: =IFERROR(__xludf.DUMMYFUNCTION("""COMPUTED_VALUE"""),0.08) -> 0.08 | G33: =IFERROR(__xludf.DUMMYFUNCTION("""COMPUTED_VALUE"""),1.08) -> 1.08 | H33: =IFERROR(__xludf.DUMMYFUNCTION("""COMPUTED_VALUE"""),0.16) -> 0.16 | I33: =IFERROR(__xludf.DUMMYFUNCTION("""COMPUTED_VALUE"""),0.16) -> 0.16 | J33: =IFERROR(__xludf.DUMMYFUNCTION("""COMPUTED_VALUE"""),0.16) -> 0.16 | K33: =IFERROR(__xludf.DUMMYFUNCTION("""COMPUTED_VALUE"""),0.16) -> 0.16
A35: Dimensionamiento Recargas Planta Comercial · sobrestock_sustitutos!B86:K89: alta de sustitutos ABC (cilindro vacío, planta comercial)
B36: 2026 | C36: 2027 | D36: 2028 | E36: 2029 | F36: 2030 | G36: 2031 | H36: 2032 | I36: 2033 | J36: 2034 | K36: 2035
A37: Carro ABC 25 kg | B37: =IFERROR(__xludf.DUMMYFUNCTION("IMPORTRANGE(Links!$B$5,""sobrestock_sustitutos!B86:K89"")"),1) -> 1 | C37: =IFERROR(__xludf.DUMMYFUNCTION("""COMPUTED_VALUE"""),0.08) -> 0.08 | D37: =IFERROR(__xludf.DUMMYFUNCTION("""COMPUTED_VALUE"""),1.08) -> 1.08 | E37: =IFERROR(__xludf.DUMMYFUNCTION("""COMPUTED_VALUE"""),2.16) -> 2.16 | F37: =IFERROR(__xludf.DUMMYFUNCTION("""COMPUTED_VALUE"""),1.32) -> 1.32 | G37: =IFERROR(__xludf.DUMMYFUNCTION("""COMPUTED_VALUE"""),1.4) -> 1.4 | H37: =IFERROR(__xludf.DUMMYFUNCTION("""COMPUTED_VALUE"""),1.48) -> 1.48 | I37: =IFERROR(__xludf.DUMMYFUNCTION("""COMPUTED_VALUE"""),1.56) -> 1.56 | J37: =IFERROR(__xludf.DUMMYFUNCTION("""COMPUTED_VALUE"""),0.64) -> 0.64 | K37: =IFERROR(__xludf.DUMMYFUNCTION("""COMPUTED_VALUE"""),1.64) -> 1.64
A38: Carro ABC 50 kg | B38: =IFERROR(__xludf.DUMMYFUNCTION("""COMPUTED_VALUE"""),1) -> 1 | C38: =IFERROR(__xludf.DUMMYFUNCTION("""COMPUTED_VALUE"""),1.08) -> 1.08 | D38: =IFERROR(__xludf.DUMMYFUNCTION("""COMPUTED_VALUE"""),2.16) -> 2.16 | E38: =IFERROR(__xludf.DUMMYFUNCTION("""COMPUTED_VALUE"""),3.32) -> 3.32 | F38: =IFERROR(__xludf.DUMMYFUNCTION("""COMPUTED_VALUE"""),3.56) -> 3.56 | G38: =IFERROR(__xludf.DUMMYFUNCTION("""COMPUTED_VALUE"""),3.8) -> 3.8 | H38: =IFERROR(__xludf.DUMMYFUNCTION("""COMPUTED_VALUE"""),3.04) -> 3.04 | I38: =IFERROR(__xludf.DUMMYFUNCTION("""COMPUTED_VALUE"""),3.2) -> 3.2 | J38: =IFERROR(__xludf.DUMMYFUNCTION("""COMPUTED_VALUE"""),2.36) -> 2.36 | K38: =IFERROR(__xludf.DUMMYFUNCTION("""COMPUTED_VALUE"""),2.44) -> 2.44
A39: Carro ABC 70 kg | B39: =IFERROR(__xludf.DUMMYFUNCTION("""COMPUTED_VALUE"""),1) -> 1 | C39: =IFERROR(__xludf.DUMMYFUNCTION("""COMPUTED_VALUE"""),0.08) -> 0.08 | D39: =IFERROR(__xludf.DUMMYFUNCTION("""COMPUTED_VALUE"""),0.08) -> 0.08 | E39: =IFERROR(__xludf.DUMMYFUNCTION("""COMPUTED_VALUE"""),1.08) -> 1.08 | F39: =IFERROR(__xludf.DUMMYFUNCTION("""COMPUTED_VALUE"""),1.16) -> 1.16 | G39: =IFERROR(__xludf.DUMMYFUNCTION("""COMPUTED_VALUE"""),0.24) -> 0.24 | H39: =IFERROR(__xludf.DUMMYFUNCTION("""COMPUTED_VALUE"""),1.24) -> 1.24 | I39: =IFERROR(__xludf.DUMMYFUNCTION("""COMPUTED_VALUE"""),0.32) -> 0.32 | J39: =IFERROR(__xludf.DUMMYFUNCTION("""COMPUTED_VALUE"""),0.32) -> 0.32 | K39: =IFERROR(__xludf.DUMMYFUNCTION("""COMPUTED_VALUE"""),1.32) -> 1.32
A40: Carro ABC 100 kg | B40: =IFERROR(__xludf.DUMMYFUNCTION("""COMPUTED_VALUE"""),1) -> 1 | C40: =IFERROR(__xludf.DUMMYFUNCTION("""COMPUTED_VALUE"""),0.08) -> 0.08 | D40: =IFERROR(__xludf.DUMMYFUNCTION("""COMPUTED_VALUE"""),0.08) -> 0.08 | E40: =IFERROR(__xludf.DUMMYFUNCTION("""COMPUTED_VALUE"""),0.08) -> 0.08 | F40: =IFERROR(__xludf.DUMMYFUNCTION("""COMPUTED_VALUE"""),1.08) -> 1.08 | G40: =IFERROR(__xludf.DUMMYFUNCTION("""COMPUTED_VALUE"""),0.16) -> 0.16 | H40: =IFERROR(__xludf.DUMMYFUNCTION("""COMPUTED_VALUE"""),1.16) -> 1.16 | I40: =IFERROR(__xludf.DUMMYFUNCTION("""COMPUTED_VALUE"""),0.24) -> 0.24 | J40: =IFERROR(__xludf.DUMMYFUNCTION("""COMPUTED_VALUE"""),0.24) -> 0.24 | K40: =IFERROR(__xludf.DUMMYFUNCTION("""COMPUTED_VALUE"""),0.24) -> 0.24

Sheet datos_base
A1: Carros terminados | B1: 2026 | C1: 2027 | D1: 2028 | E1: 2029 | F1: 2030 | G1: 2031 | H1: 2032 | I1: 2033 | J1: 2034 | K1: 2035
A2: Carro ABC 25 kg | B2: =Links!B16 -> 34.051791 | C2: =Links!C16 -> 58.462147 | D2: =Links!D16 -> 75.20854 | E2: =Links!E16 -> 100.52985 | F2: =Links!F16 -> 155.876 | G2: =Links!G16 -> 211.93448 | H2: =Links!H16 -> 272.66823 | I2: =Links!I16 -> 337.84867 | ... K2: =Links!K16 -> 453.27053
A3: Carro ABC 50 kg | B3: =Links!B17 -> 74.913941 | C3: =Links!C17 -> 128.61672 | D3: =Links!D17 -> 165.45879 | E3: =Links!E17 -> 221.16568 | F3: =Links!F17 -> 342.92721 | G3: =Links!G17 -> 466.25586 | H3: =Links!H17 -> 599.87011 | I3: =Links!I17 -> 743.26708 | ... K3: =Links!K17 -> 997.19517
A4: Carro ABC 70 kg | B4: =Links!B18 -> 16.34486 | C4: =Links!C18 -> 28.061831 | D4: =Links!D18 -> 36.100099 | E4: =Links!E18 -> 48.254329 | F4: =Links!F18 -> 74.820482 | G4: =Links!G18 -> 101.72855 | H4: =Links!H18 -> 130.88075 | I4: =Links!I18 -> 162.16736 | ... K4: =Links!K18 -> 217.56986
A5: Carro ABC 100 kg | B5: =Links!B19 -> 10.896573 | C5: =Links!C19 -> 18.707887 | D5: =Links!D19 -> 24.066733 | E5: =Links!E19 -> 32.169553 | F5: =Links!F19 -> 49.880321 | G5: =Links!G19 -> 67.819034 | H5: =Links!H19 -> 87.253835 | I5: =Links!I19 -> 108.11157 | ... K5: =Links!K19 -> 145.04657
A6: Total terminados | B6: =SUM(B2:B5) -> 136.20717 | C6: =SUM(C2:C5) -> 233.84859 | D6: =SUM(D2:D5) -> 300.83416 | E6: =SUM(E2:E5) -> 402.11941 | F6: =SUM(F2:F5) -> 623.50401 | G6: =SUM(G2:G5) -> 847.73793 | H6: =SUM(H2:H5) -> 1090.6729 | I6: =SUM(I2:I5) -> 1351.3947 | ... K6: =SUM(K2:K5) -> 1813.0821
A8: Cilindros vendidos vacíos | B8: 2026 | C8: 2027 | D8: 2028 | E8: 2029 | F8: 2030 | G8: 2031 | H8: 2032 | I8: 2033 | J8: 2034 | K8: 2035
A9: Cilindros ABC 25 kg | B9: =Links!B23 -> 0 | C9: =Links!C23 -> 0 | D9: =Links!D23 -> 14.4 | E9: =Links!E23 -> 50.2 | F9: =Links!F23 -> 93 | G9: =Links!G23 -> 135 | H9: =Links!H23 -> 191 | I9: =Links!I23 -> 247 | ... K9: =Links!K23 -> 322
A10: Cilindros ABC 50 kg | B10: =Links!B24 -> 0 | C10: =Links!C24 -> 0 | D10: =Links!D24 -> 31.8 | E10: =Links!E24 -> 110.8 | F10: =Links!F24 -> 205.2 | G10: =Links!G24 -> 297.6 | H10: =Links!H24 -> 420.8 | I10: =Links!I24 -> 544 | ... K10: =Links!K24 -> 708
A11: Cilindros ABC 70 kg | B11: =Links!B25 -> 0 | C11: =Links!C25 -> 0 | D11: =Links!D25 -> 7 | E11: =Links!E25 -> 24.4 | F11: =Links!F25 -> 45.2 | G11: =Links!G25 -> 65.4 | H11: =Links!H25 -> 92.2 | I11: =Links!I25 -> 119 | ... K11: =Links!K25 -> 155
A12: Cilindros ABC 100 kg | B12: =Links!B26 -> 0 | C12: =Links!C26 -> 0 | D12: =Links!D26 -> 4.6 | E12: =Links!E26 -> 16 | F12: =Links!F26 -> 29.6 | G12: =Links!G26 -> 42.8 | H12: =Links!H26 -> 60.4 | I12: =Links!I26 -> 78 | ... K12: =Links!K26 -> 102
A13: Total cilindros | B13: =SUM(B9:B12) -> 0 | C13: =SUM(C9:C12) -> 0 | D13: =SUM(D9:D12) -> 57.8 | E13: =SUM(E9:E12) -> 201.4 | F13: =SUM(F9:F12) -> 373 | G13: =SUM(G9:G12) -> 540.8 | H13: =SUM(H9:H12) -> 764.4 | I13: =SUM(I9:I12) -> 988 | ... K13: =SUM(K9:K12) -> 1287
A15: Total recipientes a fabricar (con sustitutos) | B15: =B6+B13+B39+B44 -> 144.20717 | C15: =C6+C13+C39+C44 -> 235.48859 | D15: =D6+D13+D39+D44 -> 364.35416 | E15: =E6+E13+E39+E44 -> 612.63941 | F15: =F6+F13+F39+F44 -> 1008.264 | G15: =G6+G13+G39+G44 -> 1399.0979 | H15: =H6+H13+H39+H44 -> 1863.2729 | I15: =I6+I13+I39+I44 -> 2347.9947 | ... K15: =K6+K13+K39+K44 -> 3108.3221
A17: Total por modelo (terminados + cilindros) | B17: 2026 | C17: 2027 | D17: 2028 | E17: 2029 | F17: 2030 | G17: 2031 | H17: 2032 | I17: 2033 | J17: 2034 | K17: 2035
A18: Recipientes de 25 kg | B18: =B2+B9 -> 34.051791 | C18: =C2+C9 -> 58.462147 | D18: =D2+D9 -> 89.60854 | E18: =E2+E9 -> 150.72985 | F18: =F2+F9 -> 248.876 | G18: =G2+G9 -> 346.93448 | H18: =H2+H9 -> 463.66823 | I18: =I2+I9 -> 584.84867 | ... K18: =K2+K9 -> 775.27053
A19: Recipientes de 50 kg | B19: =B3+B10 -> 74.913941 | C19: =C3+C10 -> 128.61672 | D19: =D3+D10 -> 197.25879 | E19: =E3+E10 -> 331.96568 | F19: =F3+F10 -> 548.12721 | G19: =G3+G10 -> 763.85586 | H19: =H3+H10 -> 1020.6701 | I19: =I3+I10 -> 1287.2671 | ... K19: =K3+K10 -> 1705.1952
A20: Recipientes de 70 kg | B20: =B4+B11 -> 16.34486 | C20: =C4+C11 -> 28.061831 | D20: =D4+D11 -> 43.100099 | E20: =E4+E11 -> 72.654329 | F20: =F4+F11 -> 120.02048 | G20: =G4+G11 -> 167.12855 | H20: =H4+H11 -> 223.08075 | I20: =I4+I11 -> 281.16736 | ... K20: =K4+K11 -> 372.56986
A21: Recipientes de 100 kg | B21: =B5+B12 -> 10.896573 | C21: =C5+C12 -> 18.707887 | D21: =D5+D12 -> 28.666733 | E21: =E5+E12 -> 48.169553 | F21: =F5+F12 -> 79.480321 | G21: =G5+G12 -> 110.61903 | H21: =H5+H12 -> 147.65383 | I21: =I5+I12 -> 186.11157 | ... K21: =K5+K12 -> 247.04657
A22: Total | B22: =SUM(B18:B21) -> 136.20717 | C22: =SUM(C18:C21) -> 233.84859 | D22: =SUM(D18:D21) -> 358.63416 | E22: =SUM(E18:E21) -> 603.51941 | F22: =SUM(F18:F21) -> 996.50401 | G22: =SUM(G18:G21) -> 1388.5379 | H22: =SUM(H18:H21) -> 1855.0729 | I22: =SUM(I18:I21) -> 2339.3947 | ... K22: =SUM(K18:K21) -> 3100.0821
A24: Fuente: Proyecciones, Indexado Dim Técnico (hoja Links): terminados filas 7 a 10 y cilindros filas 19 a 22.
A26: Datos de cada modelo (Word, Tabla 0) | B26: Ø (mm) | C26: Chapa (mm) | D26: Altura cuerpo (mm) | E26: Cuerpo vacío (kg) | F26: Lleno de agua (kg) | G26: Volumen interior (l) | H26: Carro vacío c/ruedas (kg) | I26: Carro terminado (kg) | J26: Manga mínima (m) | K26: Casquete
A27: Carro 25 kg | B27: 276.5 | C27: 3.2 | D27: 490 | E27: 10.6 | F27: 43 | G27: 35 | H27: 25 | I27: 53 | J27: 5 | K27: 10" (MP-15)
A28: Carro 50 kg | B28: 320 | C28: 3.2 | D28: 640 | E28: 16 | F28: 68 | G28: 60 | H28: 36 | I28: 90 | J28: 5 | K28: 12" (MP-16)
A29: Carro 70 kg | B29: 390 | C29: 4.75 | D29: 680 | E29: 30.7 | F29: 127 | G29: 93 | H29: 61 | I29: 136 | J29: 5 | K29: 15" (MP-17)
A30: Carro 100 kg | B30: 390 | C30: 4.75 | D30: 900 | E30: 40.7 | F30: 157 | G30: 118 | H30: 71 | I30: 179 | J30: 12 | K30: 15" (MP-17)
A32: Chapa LAC 1500 × 3000 mm: 3,2 mm (25 y 50 kg) y 4,75 mm (70 y 100 kg). Cupla M30 × 1,5 (25 y 50 kg) y 2½" BSP (70 y 100 kg). Prueba hidráulica a 4 MPa; presión de servicio 14 bar (N₂).
A34: Sustitutos ABC para las plantas de recargas | B34: 2026 | C34: 2027 | D34: 2028 | E34: 2029 | F34: 2030 | G34: 2031 | H34: 2032 | I34: 2033 | J34: 2034 | K34: 2035
A35: Carro ABC 25 kg — sustituto (terminado, planta industrial) | B35: =IFERROR(Links!B30,0) -> 1 | C35: =IFERROR(Links!C30,0) -> 0.08 | D35: =IFERROR(Links!D30,0) -> 0.08 | E35: =IFERROR(Links!E30,0) -> 1.08 | F35: =IFERROR(Links!F30,0) -> 1.16 | G35: =IFERROR(Links!G30,0) -> 1.24 | H35: =IFERROR(Links!H30,0) -> 0.32 | I35: =IFERROR(Links!I30,0) -> 1.32 | ... K35: =IFERROR(Links!K30,0) -> 0.4
A36: Carro ABC 50 kg — sustituto (terminado, planta industrial) | B36: =IFERROR(Links!B31,0) -> 1 | C36: =IFERROR(Links!C31,0) -> 0.08 | D36: =IFERROR(Links!D31,0) -> 2.08 | E36: =IFERROR(Links!E31,0) -> 1.24 | F36: =IFERROR(Links!F31,0) -> 2.32 | G36: =IFERROR(Links!G31,0) -> 2.48 | H36: =IFERROR(Links!H31,0) -> 0.64 | I36: =IFERROR(Links!I31,0) -> 1.64 | ... K36: =IFERROR(Links!K31,0) -> 1.8
A37: Carro ABC 70 kg — sustituto (terminado, planta industrial) | B37: =IFERROR(Links!B32,0) -> 1 | C37: =IFERROR(Links!C32,0) -> 0.08 | D37: =IFERROR(Links!D32,0) -> 0.08 | E37: =IFERROR(Links!E32,0) -> 0.08 | F37: =IFERROR(Links!F32,0) -> 1.08 | G37: =IFERROR(Links!G32,0) -> 0.16 | H37: =IFERROR(Links!H32,0) -> 0.16 | I37: =IFERROR(Links!I32,0) -> 0.16 | ... K37: =IFERROR(Links!K32,0) -> 0.24
A38: Carro ABC 100 kg — sustituto (terminado, planta industrial) | B38: =IFERROR(Links!B33,0) -> 1 | C38: =IFERROR(Links!C33,0) -> 0.08 | D38: =IFERROR(Links!D33,0) -> 0.08 | E38: =IFERROR(Links!E33,0) -> 0.08 | F38: =IFERROR(Links!F33,0) -> 0.08 | G38: =IFERROR(Links!G33,0) -> 1.08 | H38: =IFERROR(Links!H33,0) -> 0.16 | I38: =IFERROR(Links!I33,0) -> 0.16 | ... K38: =IFERROR(Links!K33,0) -> 0.16
A39: Total sustitutos terminados | B39: =SUM(B35:B38) -> 4 | C39: =SUM(C35:C38) -> 0.32 | D39: =SUM(D35:D38) -> 2.32 | E39: =SUM(E35:E38) -> 2.48 | F39: =SUM(F35:F38) -> 4.64 | G39: =SUM(G35:G38) -> 4.96 | H39: =SUM(H35:H38) -> 1.28 | I39: =SUM(I35:I38) -> 3.28 | ... K39: =SUM(K35:K38) -> 2.6
A40: Carro ABC 25 kg — sustituto (cilindro vacío, planta comercial) | B40: =IFERROR(Links!B37,0) -> 1 | C40: =IFERROR(Links!C37,0) -> 0.08 | D40: =IFERROR(Links!D37,0) -> 1.08 | E40: =IFERROR(Links!E37,0) -> 2.16 | F40: =IFERROR(Links!F37,0) -> 1.32 | G40: =IFERROR(Links!G37,0) -> 1.4 | H40: =IFERROR(Links!H37,0) -> 1.48 | I40: =IFERROR(Links!I37,0) -> 1.56 | ... K40: =IFERROR(Links!K37,0) -> 1.64
A41: Carro ABC 50 kg — sustituto (cilindro vacío, planta comercial) | B41: =IFERROR(Links!B38,0) -> 1 | C41: =IFERROR(Links!C38,0) -> 1.08 | D41: =IFERROR(Links!D38,0) -> 2.16 | E41: =IFERROR(Links!E38,0) -> 3.32 | F41: =IFERROR(Links!F38,0) -> 3.56 | G41: =IFERROR(Links!G38,0) -> 3.8 | H41: =IFERROR(Links!H38,0) -> 3.04 | I41: =IFERROR(Links!I38,0) -> 3.2 | ... K41: =IFERROR(Links!K38,0) -> 2.44
A42: Carro ABC 70 kg — sustituto (cilindro vacío, planta comercial) | B42: =IFERROR(Links!B39,0) -> 1 | C42: =IFERROR(Links!C39,0) -> 0.08 | D42: =IFERROR(Links!D39,0) -> 0.08 | E42: =IFERROR(Links!E39,0) -> 1.08 | F42: =IFERROR(Links!F39,0) -> 1.16 | G42: =IFERROR(Links!G39,0) -> 0.24 | H42: =IFERROR(Links!H39,0) -> 1.24 | I42: =IFERROR(Links!I39,0) -> 0.32 | ... K42: =IFERROR(Links!K39,0) -> 1.32
A43: Carro ABC 100 kg — sustituto (cilindro vacío, planta comercial) | B43: =IFERROR(Links!B40,0) -> 1 | C43: =IFERROR(Links!C40,0) -> 0.08 | D43: =IFERROR(Links!D40,0) -> 0.08 | E43: =IFERROR(Links!E40,0) -> 0.08 | F43: =IFERROR(Links!F40,0) -> 1.08 | G43: =IFERROR(Links!G40,0) -> 0.16 | H43: =IFERROR(Links!H40,0) -> 1.16 | I43: =IFERROR(Links!I40,0) -> 0.24 | ... K43: =IFERROR(Links!K40,0) -> 0.24
A44: Total sustitutos cilindros vacíos | B44: =SUM(B40:B43) -> 4 | C44: =SUM(C40:C43) -> 1.32 | D44: =SUM(D40:D43) -> 3.4 | E44: =SUM(E40:E43) -> 6.64 | F44: =SUM(F40:F43) -> 7.12 | G44: =SUM(G40:G43) -> 5.6 | H44: =SUM(H40:H43) -> 6.92 | I44: =SUM(I40:I43) -> 5.32 | ... K44: =SUM(K40:K43) -> 5.64
A45: Sustitutos: alta (paso 4) de cada Dimensionamiento de recargas · Word de recargas § 9

Sheet parametros_carros
A1: Parámetro | B1: Valor | C1: Nota
A2: Días hábiles por mes | B2: 20 | C2: Mismo valor que Manuales y que el Word (20 días por mes)
A3: Horas por día (1 turno) | B3: 8 | C3: Jornada de 8 h
A4: Refrigerio y pausas (min/turno) | B4: 30 | C4: Ajustado para que el turno productivo dé 410 min, como en el Word (ritmo pico = 410 min / 20 carros = 20,5 min por carro)
A5: Horas productivas por turno | B5: =B3-B4/60 -> 7.5 | C5: Horas/día − refrigerio y pausas (= 410 min)
A6: Turnos por día | B6: 1 | C6: Un solo turno (editable; los turnos por puesto se cargan en Resumen Capacidad)
A7: Horas productivas por mes | B7: =B2*B5*B6 -> 150 | C7: Días × horas productivas × turnos
A8: Umbral de aprovechamiento | B8: 0.9 | C8: Límite duro (análisis de riesgos) · Word de recargas § 8
A9: Año de inicio del 2° turno (antes: más máquinas) | B9: 2032 | C9: Todos los turnos entran ese año · Word de recargas § 8
A10: ESTACIONALIDAD (% de la demanda anual por mes; MRP, hoja Links)
A11: Modelo | B11: Ene | C11: Feb | D11: Mar | E11: Abr | F11: May | G11: Jun | H11: Jul | I11: Ago | J11: Sep | K11: Oct | L11: Nov | M11: Dic | N11: Total
A12: 25 kg | B12: =Links!B12 -> 0.085 | C12: =Links!C12 -> 0.075 | D12: =Links!D12 -> 0.09 | E12: =Links!E12 -> 0.09 | F12: =Links!F12 -> 0.09 | G12: =Links!G12 -> 0.08 | H12: =Links!H12 -> 0.09 | I12: =Links!I12 -> 0.09 | ... M12: =Links!M12 -> 0.08 | N12: =SUM(B12:M12) -> 1 | O12: MRP, ESTACIONALIDAD E03 rodantes (25 a 100 kg) (hoja Links)
A13: 50 kg | B13: =Links!B12 -> 0.085 | C13: =Links!C12 -> 0.075 | D13: =Links!D12 -> 0.09 | E13: =Links!E12 -> 0.09 | F13: =Links!F12 -> 0.09 | G13: =Links!G12 -> 0.08 | H13: =Links!H12 -> 0.09 | I13: =Links!I12 -> 0.09 | ... M13: =Links!M12 -> 0.08 | N13: =SUM(B13:M13) -> 1 | O13: MRP, ESTACIONALIDAD E03 rodantes (25 a 100 kg) (hoja Links)
A14: 70 kg | B14: =Links!B12 -> 0.085 | C14: =Links!C12 -> 0.075 | D14: =Links!D12 -> 0.09 | E14: =Links!E12 -> 0.09 | F14: =Links!F12 -> 0.09 | G14: =Links!G12 -> 0.08 | H14: =Links!H12 -> 0.09 | I14: =Links!I12 -> 0.09 | ... M14: =Links!M12 -> 0.08 | N14: =SUM(B14:M14) -> 1 | O14: MRP, ESTACIONALIDAD E03 rodantes (25 a 100 kg) (hoja Links)
A15: 100 kg | B15: =Links!B12 -> 0.085 | C15: =Links!C12 -> 0.075 | D15: =Links!D12 -> 0.09 | E15: =Links!E12 -> 0.09 | F15: =Links!F12 -> 0.09 | G15: =Links!G12 -> 0.08 | H15: =Links!H12 -> 0.09 | I15: =Links!I12 -> 0.09 | ... M15: =Links!M12 -> 0.08 | N15: =SUM(B15:M15) -> 1 | O15: MRP, ESTACIONALIDAD E03 rodantes (25 a 100 kg) (hoja Links)
A17: CAPACIDAD POR PUESTO (tiempos en minutos por recipiente, del Word)
A18: N° | B18: Puesto | C18: Máquina / equipo principal | D18: t 25 kg (min/u) | E18: t 50 kg (min/u) | F18: t 70 kg (min/u) | G18: t 100 kg (min/u) | H18: Alcance | I18: Tiempo ponderado (min/u) | J18: Disponibilidad | K18: Cap. real (u/h) | L18: Cap. real (u/mes) | M18: Control: min/día con el pico del Word | N18: Word: min/día pico | O18: SUPOSICIONES
A19: 1 | B19: Recepción de materia prima | C19: Autoelevador Heli CPCD50 K2 (compartido con manuales) + balanza de plataforma + medidor de espesores Melisam MR017 | D19: =(93+330+110+90+90)/400 -> 1.7825 | E19: =(93+330+110+90+90)/400 -> 1.7825 | F19: =(93+330+110+90+90)/400 -> 1.7825 | G19: =(93+330+110+90+90)/400 -> 1.7825 | H19: Todos | I19: =IF(H19="Todos",(D19*datos_base!$K$18+E19*datos_base!$K$19+F19*datos_base!$K$20+G19*datos_base!$K$21)/datos_base!$K$22,(D19*datos_base!$K$2+E19*datos_base!$K$3+F19*datos_base!$K$4+G19*datos_base!$K$5)/datos_base!$K$6) -> 1.7825 | J19: =H45 -> 0.95188889 | K19: =IF(I19>0,60/I19*J19,0) -> 32.041141 | L19: =K19*$B$7 -> 4806.1711 | M19: =5*D19+11*E19+3*F19+1*G19+F45 -> 57.3 | N19: 60 | O19: Tabla 4 del Word (min/mes en el pico de 400 carros): chapa 93 + casquetes 330 + polvo 110 + caño y barra 90 + otros insumos 90, repartidos por carro. La tabla suma 1.146 min/mes aunque el Word indica 1.199. Lo hace el operario de almacén
A20: 2 | B20: Corte de chapa (guillotina) | C20: Guillotinas Ermaksan CNC HGS 2600-6 (1.er corte) y QC12Y 6 × 2500 (2.º corte), compartidas con manuales + mesa elevadora de tijera 3 t + ventosas | D20: =10.6/9+3.5/9+0.2+0.8 -> 2.5666667 | E20: =8.8/6+5.5/6+0.2+0.8 -> 3.3833333 | F20: =14.5/4+5*2/23+12.1*(2/3)/4+0.2+0.8 -> 7.0764493 | G20: =14.5/4+5*2/23+12.1*(2/3)/4+0.2+0.8 -> 7.0764493 | H20: Todos | I20: =IF(H20="Todos",(D20*datos_base!$K$18+E20*datos_base!$K$19+F20*datos_base!$K$20+G20*datos_base!$K$21)/datos_base!$K$22,(D20*datos_base!$K$2+E20*datos_base!$K$3+F20*datos_base!$K$4+G20*datos_base!$K$5)/datos_base!$K$6) -> 3.9172475 | J20: =H46 -> 0.93777778 | K20: =IF(I20>0,60/I20*J20,0) -> 14.363827 | L20: =K20*$B$7 -> 2154.5741 | M20: =5*D20+11*E20+3*F20+1*G20+F46 -> 106.3558 | N20: 107 | O20: Hoja 25 kg: 10,6 min / 9 cuerpos + tiras de patas 3,5 min / 9. Hoja 50 kg: 8,8 min / 6 + tiras de 40 mm 5,5 min / 6. Hoja mixta 70+100: 14,5 min / 4 + tiras de placas (5 min cada 23 placas, 2 por cuerpo) + tiras de triángulos (12,1 min en 2 de cada 3 hojas mixtas). Todos: pata 0,2 min + piezas de accesorios a largo 0,8 min (4 cortes de 0,2). Las hojas de 4,75 mm las cortan dos personas
A21: 2.1 | B21: Marcado del cuerpo | C21: Marcadora por micropercusión DTMAQ MPE 150130 + mesa con topes + punzón DPS | D21: 1.5 | E21: 1.5 | F21: 1.8 | G21: 1.8 | H21: Todos | I21: =IF(H21="Todos",(D21*datos_base!$K$18+E21*datos_base!$K$19+F21*datos_base!$K$20+G21*datos_base!$K$21)/datos_base!$K$22,(D21*datos_base!$K$2+E21*datos_base!$K$3+F21*datos_base!$K$4+G21*datos_base!$K$5)/datos_base!$K$6) -> 1.5599613 | J21: =H47 -> 0.98777778 | K21: =IF(I21>0,60/I21*J21,0) -> 37.992396 | L21: =K21*$B$7 -> 5698.8594 | M21: =5*D21+11*E21+3*F21+1*G21+F47 -> 36.7 | N21: 37 | O21: Tabla de secuencia del puesto 2.1: 1,5 min por cuerpo de 25 y 50 kg y 1,8 min en 70 y 100 kg (entre dos). Lo hace el operario de corte
A22: 3 | B22: Cilindrado | C22: Roladora hidráulica CNC de 4 rodillos W12 8 × 1500 (Anhui Runbang), exclusiva de carros | D22: 2.6 | E22: 2.8 | F22: =4.5+12/11.5 -> 5.5434783 | G22: =5+12/11.5 -> 6.0434783 | H22: Todos | I22: =IF(H22="Todos",(D22*datos_base!$K$18+E22*datos_base!$K$19+F22*datos_base!$K$20+G22*datos_base!$K$21)/datos_base!$K$22,(D22*datos_base!$K$2+E22*datos_base!$K$3+F22*datos_base!$K$4+G22*datos_base!$K$5)/datos_base!$K$6) -> 3.3381707 | J22: =H48 -> 0.96 | K22: =IF(I22>0,60/I22*J22,0) -> 17.254959 | L22: =K22*$B$7 -> 2588.2439 | M22: =5*D22+11*E22+3*F22+1*G22+F48 -> 84.473913 | N22: 84 | O22: Ciclo por pieza: 2,6 / 2,8 / 4,5 / 5,0 min. En 70 y 100 kg se suma la tanda de tiras de refuerzo (12 min cada 23 placas = 11,5 cuerpos). No se comparte con manuales (rodillos grandes)
A23: 4 | B23: Punteo del cuerpo | C23: Virador de soldadura Serecon ZJ R-410 sobre base fija + MIG/MAG Pampa 300 | D23: 3 | E23: 3.3 | F23: =7.8+35/11.5+1 -> 11.843478 | G23: =8+35/11.5+1 -> 12.043478 | H23: Todos | I23: =IF(H23="Todos",(D23*datos_base!$K$18+E23*datos_base!$K$19+F23*datos_base!$K$20+G23*datos_base!$K$21)/datos_base!$K$22,(D23*datos_base!$K$2+E23*datos_base!$K$3+F23*datos_base!$K$4+G23*datos_base!$K$5)/datos_base!$K$6) -> 4.9485072 | J23: =H49 -> 0.98888889 | K23: =IF(I23>0,60/I23*J23,0) -> 11.990148 | L23: =K23*$B$7 -> 1798.5222 | M23: =5*D23+11*E23+3*F23+1*G23+F49 -> 103.87391 | N23: 104 | O23: 3,0 / 3,3 min; 70 y 100 kg con los dos refuerzos 7,8 / 8,0 min + corte de placas (35 min por tanda de 23 placas = 11,5 cuerpos) + 1 min de ayuda para sacar el cuerpo de la roladora
A24: 5 | B24: Soldadura longitudinal | C24: Soldadora longitudinal automática ZH-1300 (Dragon Welding) + fuente MIG-350IX + chiller SDL-1000 | D24: 3 | E24: 3.3 | F24: 3.9 | G24: 4.6 | H24: Todos | I24: =IF(H24="Todos",(D24*datos_base!$K$18+E24*datos_base!$K$19+F24*datos_base!$K$20+G24*datos_base!$K$21)/datos_base!$K$22,(D24*datos_base!$K$2+E24*datos_base!$K$3+F24*datos_base!$K$4+G24*datos_base!$K$5)/datos_base!$K$6) -> 3.4006816 | J24: =H50 -> 0.98222222 | K24: =IF(I24>0,60/I24*J24,0) -> 17.329859 | L24: =K24*$B$7 -> 2599.4789 | M24: =5*D24+11*E24+3*F24+1*G24+F50 -> 75.6 | N24: 76 | O24: Arco (490-900 mm a 500 mm/min en 3,2 mm y 350 mm/min en 4,75 mm) + 2 min de carga, mordazas, retiro e inspección. El mismo operario hace el punteo
A25: 6 | B25: Soldadura de cupla en la cúpula | C25: Posicionador VEVOR 30 kg sobre mesa Müller + soporte de torcha + MIG/MAG Pampa 300 | D25: 3.2 | E25: 3.2 | F25: 4 | G25: 4 | H25: Todos | I25: =IF(H25="Todos",(D25*datos_base!$K$18+E25*datos_base!$K$19+F25*datos_base!$K$20+G25*datos_base!$K$21)/datos_base!$K$22,(D25*datos_base!$K$2+E25*datos_base!$K$3+F25*datos_base!$K$4+G25*datos_base!$K$5)/datos_base!$K$6) -> 3.3598968 | J25: =H51 -> 0.98 | K25: =IF(I25>0,60/I25*J25,0) -> 17.500538 | L25: =K25*$B$7 -> 2625.0806 | M25: =5*D25+11*E25+3*F25+1*G25+F51 -> 76.2 | N25: 76 | O25: 3,2 min por cúpula con cupla M30 (25 y 50 kg) y 4,0 min con cupla 2½" (70 y 100 kg). El Word lo asigna al operario de punteo y soldadura longitudinal
A26: 7 | B26: Armado y soldadura circunferencial | C26: Virador de 1.000 kg (USA Tools) con soporte fijo de torcha X-Y-Z + MIG/MAG Pampa 300 | D26: 14.6 | E26: 15.2 | F26: 19.4 | G26: 19.4 | H26: Todos | I26: =IF(H26="Todos",(D26*datos_base!$K$18+E26*datos_base!$K$19+F26*datos_base!$K$20+G26*datos_base!$K$21)/datos_base!$K$22,(D26*datos_base!$K$2+E26*datos_base!$K$3+F26*datos_base!$K$4+G26*datos_base!$K$5)/datos_base!$K$6) -> 15.88941 | J26: =H52 -> 0.98 | K26: =IF(I26>0,60/I26*J26,0) -> 3.700578 | L26: =K26*$B$7 -> 555.0867 | M26: =5*D26+11*E26+3*F26+1*G26+F52 -> 326.8 | N26: 327 | O26: Encastre, punteo, soldadura automática (cilindro girando, torcha fija) e inspección de fondo y cúpula: 14,6 / 15,2 / 19,4 min. Puesto más cargado de la línea: operario propio
A27: 8 | B27: Soldadura de accesorios | C27: Virador de 1.000 kg + MIG/MAG Pampa 300 (soldadura manual) | D27: 15.7 | E27: 15.9 | F27: 17.6 | G27: 17.6 | H27: Todos | I27: =IF(H27="Todos",(D27*datos_base!$K$18+E27*datos_base!$K$19+F27*datos_base!$K$20+G27*datos_base!$K$21)/datos_base!$K$22,(D27*datos_base!$K$2+E27*datos_base!$K$3+F27*datos_base!$K$4+G27*datos_base!$K$5)/datos_base!$K$6) -> 16.189765 | J27: =H53 -> 0.98 | K27: =IF(I27>0,60/I27*J27,0) -> 3.6319244 | L27: =K27*$B$7 -> 544.78865 | M27: =5*D27+11*E27+3*F27+1*G27+F53 -> 332.8 | N27: 333 | O27: Marcar posiciones, puntear y soldar manija, flejes, pata, triángulos y caño del eje: 15,7 / 15,9 / 17,6 min por carro. Operario propio
A28: 8.1 | B28: Fabricación de accesorios | C28: Sensitiva Bosch GCO 220 + prensa hidráulica 20 t + dobladora de caños 12 t + taladro de banco | D28: 11 | E28: 11 | F28: 11 | G28: 11 | H28: Todos | I28: =IF(H28="Todos",(D28*datos_base!$K$18+E28*datos_base!$K$19+F28*datos_base!$K$20+G28*datos_base!$K$21)/datos_base!$K$22,(D28*datos_base!$K$2+E28*datos_base!$K$3+F28*datos_base!$K$4+G28*datos_base!$K$5)/datos_base!$K$6) -> 11 | J28: =H54 -> 0.96666667 | K28: =IF(I28>0,60/I28*J28,0) -> 5.2727273 | L28: =K28*$B$7 -> 790.90909 | M28: =5*D28+11*E28+3*F28+1*G28+F54 -> 235 | N28: 235 | O28: 11,0 min por juego (manija, caño del eje, eje, 2 triángulos, 2 flejes y pata). El Word lo asigna al operario de cilindrado
A29: 9 | B29: Prueba hidráulica | C29: Máquina de prueba Yukon M-000200 + 2 bandejas de prueba + tanque y bomba | D29: =7.9+4*0.12 -> 8.38 | E29: =8.7+4*0.12 -> 9.18 | F29: =8.7+4*0.12 -> 9.18 | G29: =8.7+4*0.12 -> 9.18 | H29: Todos | I29: =IF(H29="Todos",(D29*datos_base!$K$18+E29*datos_base!$K$19+F29*datos_base!$K$20+G29*datos_base!$K$21)/datos_base!$K$22,(D29*datos_base!$K$2+E29*datos_base!$K$3+F29*datos_base!$K$4+G29*datos_base!$K$5)/datos_base!$K$6) -> 8.9799355 | J29: =H55 -> 0.97777778 | K29: =IF(I29>0,60/I29*J29,0) -> 6.5330833 | L29: =K29*$B$7 -> 979.9625 | M29: =5*D29+11*E29+3*F29+1*G29+F55 -> 189.6 | N29: 190 | O29: Estanquidad al 100 %: 7,9 min (25 kg) y 8,7 min (resto, con la ayuda para dar vuelta el cilindro y el juego provisorio) + expansión 4 min en la muestra (≈12 % del lote semanal)
A30: 10 | B30: Secado | C30: Secadora eléctrica Melisam MR011 (1 boca) | D30: 8 | E30: 10 | F30: 12 | G30: 14 | H30: Todos | I30: =IF(H30="Todos",(D30*datos_base!$K$18+E30*datos_base!$K$19+F30*datos_base!$K$20+G30*datos_base!$K$21)/datos_base!$K$22,(D30*datos_base!$K$2+E30*datos_base!$K$3+F30*datos_base!$K$4+G30*datos_base!$K$5)/datos_base!$K$6) -> 10.058961 | J30: =H56 -> 1 | K30: =IF(I30>0,60/I30*J30,0) -> 5.9648306 | L30: =K30*$B$7 -> 894.72459 | M30: =5*D30+11*E30+3*F30+1*G30+F56 -> 200 | N30: 200 | O30: Tiempo de máquina por modelo. El operario (el de prueba hidráulica) solo ocupa 2 min por carro: el secado corre solo
A31: 11 | B31: Pulmón de despacho y carga a pintura | C31: Autoelevador Heli CPCD50 + tarimas de carga con topes (2 operarios) | D31: 1.45 | E31: 1.45 | F31: 2.2 | G31: 2.2 | H31: Todos | I31: =IF(H31="Todos",(D31*datos_base!$K$18+E31*datos_base!$K$19+F31*datos_base!$K$20+G31*datos_base!$K$21)/datos_base!$K$22,(D31*datos_base!$K$2+E31*datos_base!$K$3+F31*datos_base!$K$4+G31*datos_base!$K$5)/datos_base!$K$6) -> 1.5999032 | J31: =H57 -> 0.99111111 | K31: =IF(I31>0,60/I31*J31,0) -> 37.168915 | L31: =K31*$B$7 -> 5575.3372 | M31: =5*D31+11*E31+3*F31+1*G31+F57 -> 36 | N31: 36 | O31: Por cada uno de los 2 operarios (almacén y montaje): 5,8 min por tarima de 4 carros chicos y 4,4 min por tarima de 2 grandes
A32: 12 | B32: Recepción de pintados y cambio de juego | C32: Criques carrito 2 t + zorra de retorno (2 operarios). Pintura en polvo tercerizada | D32: =1.45+3/2 -> 2.95 | E32: =1.45+3/2 -> 2.95 | F32: =2.2+3.3/2 -> 3.85 | G32: =2.2+3.3/2 -> 3.85 | H32: Todos | I32: =IF(H32="Todos",(D32*datos_base!$K$18+E32*datos_base!$K$19+F32*datos_base!$K$20+G32*datos_base!$K$21)/datos_base!$K$22,(D32*datos_base!$K$2+E32*datos_base!$K$3+F32*datos_base!$K$4+G32*datos_base!$K$5)/datos_base!$K$6) -> 3.1298839 | J32: =H58 -> 0.99111111 | K32: =IF(I32>0,60/I32*J32,0) -> 18.99964 | L32: =K32*$B$7 -> 2849.946 | M32: =5*D32+11*E32+3*F32+1*G32+F58 -> 66.6 | N32: =(180+153)/5 -> 66.6 | O32: Por operario: descarga igual que la carga (1,45 / 2,2 min) + la mitad del cambio de juego provisorio (3,0 / 3,3 min por carro). La pintura es tercerizada (3 días hábiles ida y vuelta; USD 13,5 / 20,3 / 27,5 / 32 por carro)
A33: 13 B | B33: Carga de polvo y presurización | C33: Cargadora de polvo por vacío Yukon M-000121 + balanza 300 kg + batería de N₂ + llave dinamométrica | D33: 8.3 | E33: 11.3 | F33: 13.8 | G33: 17.3 | H33: Terminados | I33: =IF(H33="Todos",(D33*datos_base!$K$18+E33*datos_base!$K$19+F33*datos_base!$K$20+G33*datos_base!$K$21)/datos_base!$K$22,(D33*datos_base!$K$2+E33*datos_base!$K$3+F33*datos_base!$K$4+G33*datos_base!$K$5)/datos_base!$K$6) -> 11.33 | J33: =H59 -> 0.89333333 | K33: =IF(I33>0,60/I33*J33,0) -> 4.7308032 | L33: =K33*$B$7 -> 709.62048 | M33: =5*D33+11*E33+3*F33+1*G33+F59 -> 272.5 | N33: 273 | O33: Estación B: balanza, carga de polvo (≈5 s por kg), válvula, presurización a 14 bar y detector de fugas. Operario de carga
A34: 13 A-C / 15 | B34: Montaje, manga, precinto y etiquetado | C34: Puesto manual (estaciones A y C) + mesa de etiquetado | D34: =3.6+2.5 -> 6.1 | E34: =3.6+2.5 -> 6.1 | F34: =4.3+2.5 -> 6.8 | G34: =5.3+2.5 -> 7.8 | H34: Terminados | I34: =IF(H34="Todos",(D34*datos_base!$K$18+E34*datos_base!$K$19+F34*datos_base!$K$20+G34*datos_base!$K$21)/datos_base!$K$22,(D34*datos_base!$K$2+E34*datos_base!$K$3+F34*datos_base!$K$4+G34*datos_base!$K$5)/datos_base!$K$6) -> 6.32 | J34: =H60 -> 0.95333333 | K34: =IF(I34>0,60/I34*J34,0) -> 9.0506329 | L34: =K34*$B$7 -> 1357.5949 | M34: =5*D34+11*E34+3*F34+1*G34+F60 -> 146.8 | N34: 147 | O34: Estaciones A y C: 3,6 / 3,6 / 4,3 / 5,3 min + placa de características y traslado al depósito (puesto 15) 2,5 min. Operario de montaje
A35: 14-17 | B35: Calidad: pérdidas, inspección final, liberación y ensayos de lote | C35: Sala de pérdidas 5 × 5 m (21 °C) + recinto de descarga + Yukon M-000200 + balanza | D35: =1+8*3/100+3*0.25+1.5+0.3+4*0.25 -> 4.79 | E35: =1+8*3/100+3*0.25+1.5+0.3+4*0.25 -> 4.79 | F35: =1+8*3/100+3*0.25+1.5+0.3+4*0.25 -> 4.79 | G35: =1+8*3/100+3*0.25+1.5+0.3+4*0.25 -> 4.79 | H35: Terminados | I35: =IF(H35="Todos",(D35*datos_base!$K$18+E35*datos_base!$K$19+F35*datos_base!$K$20+G35*datos_base!$K$21)/datos_base!$K$22,(D35*datos_base!$K$2+E35*datos_base!$K$3+F35*datos_base!$K$4+G35*datos_base!$K$5)/datos_base!$K$6) -> 4.79 | J35: =H61 -> 0.62977778 | K35: =IF(I35>0,60/I35*J35,0) -> 7.8886569 | L35: =K35*$B$7 -> 1183.2985 | M35: =5*D35+11*E35+3*F35+1*G35+F61 -> 262.4 | N35: 262 | O35: Técnico de calidad, por carro: recepción de pintados 1 min + espesor 0,24; pérdidas 3 min × 25 % de muestra; inspección final 1,5; liberación 0,3; medidas 4 min × 25 %
A36: 16 | B36: Depósito de producto terminado y despacho | C36: Autoelevador + tarima de carga (2 operarios) | D36: 1.2 | E36: 1.2 | F36: 2 | G36: 2 | H36: Todos | I36: =IF(H36="Todos",(D36*datos_base!$K$18+E36*datos_base!$K$19+F36*datos_base!$K$20+G36*datos_base!$K$21)/datos_base!$K$22,(D36*datos_base!$K$2+E36*datos_base!$K$3+F36*datos_base!$K$4+G36*datos_base!$K$5)/datos_base!$K$6) -> 1.3598968 | J36: =H62 -> 0.97777778 | K36: =IF(I36>0,60/I36*J36,0) -> 43.140529 | L36: =K36*$B$7 -> 6471.0794 | M36: =5*D36+11*E36+3*F36+1*G36+F62 -> 37.2 | N36: =186/5 -> 37.2 | O36: Por cada uno de los 2 operarios: 1,2 min por carro chico y 2,0 min por carro grande
A38: Alcance: "Todos" = carros terminados + cilindros vendidos vacíos; "Terminados" = solo los que se cargan como matafuego (puestos 13 a 17, salvo el despacho).
A39: Tiempo ponderado = promedio de los 4 tiempos con la mezcla de modelos de 2035 (datos_base). Cap. real (u/h) = 60 / tiempo ponderado × disponibilidad. Cap. real (u/mes) = cap. real × horas productivas del mes.
A40: Control: carga en min/día con la mezcla del pico del Word (5 de 25 kg, 11 de 50 kg, 3 de 70 kg y 1 de 100 kg = 20 carros/día, más los tiempos fijos). Tiene que dar parecido a la columna del Word.
A41: Ocupación (Demanda por puesto y Resumen Capacidad) = (carga del mes pico + pérdida por cambios y tiempos fijos) / horas productivas del mes: es comparable con el '% del turno' del Word. En Resumen se divide por máquinas × turnos.
A42: Los puestos 11, 12 y 16 los hacen 2 operarios a la vez (almacén y montaje): el tiempo es el de cada uno. La guillotina y el autoelevador se comparten con la línea de manuales: su carga real es la suma de las dos planillas. Corte: tiempos del W-CAR (una sola guillotina); con G1 y G2 en serie falta que el grupo los separe por máquina.
A43: DISPONIBILIDAD (cambios de modelo y tiempos fijos por día)
A44: N° | B44: Puesto | C44: Cambio (min/cambio) | D44: N° cambios/día | E44: Otros tiempos fijos (min/día) | F44: Pérdida total (min/día) | G44: Pérdida (h/mes) | H44: Disponibilidad | I44: SUPOSICIONES
A45: =A19 -> 1 | B45: =B19 -> Recepción de materia prima | C45: 0 | D45: 0 | E45: =20+33/20 -> 21.65 | F45: =C45*D45+E45 -> 21.65 | G45: =F45*$B$2/60 -> 7.2166667 | H45: =MAX(0,1-G45/$B$7) -> 0.95188889 | I45: Carga diaria de los 2 carros de abastecimiento (20 min/día) + cuplas 33 min/mes
A46: =A20 -> 2 | B46: =B20 -> Corte de chapa (guillotina) | C46: 0.5 | D46: 6 | E46: =5+20 -> 25 | F46: =C46*D46+E46 -> 28 | G46: =F46*$B$2/60 -> 9.3333333 | H46: =MAX(0,1-G46/$B$7) -> 0.93777778 | I46: 6 cambios de tope por día (2 de patas + 4 de piezas) × 0,5 min; preparación 5 min + traer y devolver 2 paquetes 20 min
A47: =A21 -> 2.1 | B47: =B21 -> Marcado del cuerpo | C47: 0.5 | D47: 3 | E47: 4 | F47: =C47*D47+E47 -> 5.5 | G47: =F47*$B$2/60 -> 1.8333333 | H47: =MAX(0,1-G47/$B$7) -> 0.98777778 | I47: 3 cambios de modelo por día (mover el tope lateral) + 4 min de preparación (prueba de profundidad)
A48: =A22 -> 3 | B48: =B22 -> Cilindrado | C48: 4 | D48: 3 | E48: 6 | F48: =C48*D48+E48 -> 18 | G48: =F48*$B$2/60 -> 6 | H48: =MAX(0,1-G48/$B$7) -> 0.96 | I48: 3 cambios de programa por día × 4 min (programa, ajuste y primera pieza); traer y devolver carros 3 × 2 min
A49: =A23 -> 4 | B49: =B23 -> Punteo del cuerpo | C49: 0 | D49: 0 | E49: 5 | F49: =C49*D49+E49 -> 5 | G49: =F49*$B$2/60 -> 1.6666667 | H49: =MAX(0,1-G49/$B$7) -> 0.98888889 | I49: Preparación: gas, soldadora y extracción
A50: =A24 -> 5 | B50: =B24 -> Soldadura longitudinal | C50: 1 | D50: 3 | E50: 5 | F50: =C50*D50+E50 -> 8 | G50: =F50*$B$2/60 -> 2.6666667 | H50: =MAX(0,1-G50/$B$7) -> 0.98222222 | I50: 3 cambios de programa por día × 1 min; preparación 5 min
A51: =A25 -> 6 | B51: =B25 -> Soldadura de cupla en la cúpula | C51: 2 | D51: 2 | E51: 5 | F51: =C51*D51+E51 -> 9 | G51: =F51*$B$2/60 -> 3 | H51: =MAX(0,1-G51/$B$7) -> 0.98 | I51: 2 cambios de medida por día × 2 min (topes del adaptador y velocidad); preparación 5 min
A52: =A26 -> 7 | B52: =B26 -> Armado y soldadura circunferencial | C52: 2 | D52: 2 | E52: 5 | F52: =C52*D52+E52 -> 9 | G52: =F52*$B$2/60 -> 3 | H52: =MAX(0,1-G52/$B$7) -> 0.98 | I52: 2 cambios de medida por día × 2 min; preparación 5 min
A53: =A27 -> 8 | B53: =B27 -> Soldadura de accesorios | C53: 2 | D53: 2 | E53: 5 | F53: =C53*D53+E53 -> 9 | G53: =F53*$B$2/60 -> 3 | H53: =MAX(0,1-G53/$B$7) -> 0.98 | I53: 2 cambios de modelo por día × 2 min; preparación 5 min
A54: =A28 -> 8.1 | B54: =B28 -> Fabricación de accesorios | C54: 2 | D54: 3 | E54: =6+3 -> 9 | F54: =C54*D54+E54 -> 15 | G54: =F54*$B$2/60 -> 5 | H54: =MAX(0,1-G54/$B$7) -> 0.96666667 | I54: 3 cambios de modelo por día × 2 min; traslados 6 min + preparación 3 min
A55: =A29 -> 9 | B55: =B29 -> Prueba hidráulica | C55: 0 | D55: 0 | E55: 10 | F55: =C55*D55+E55 -> 10 | G55: =F55*$B$2/60 -> 3.3333333 | H55: =MAX(0,1-G55/$B$7) -> 0.97777778 | I55: Preparación: arranque, manómetro patrón, filtros y orden
A56: =A30 -> 10 | B56: =B30 -> Secado | C56: 0 | D56: 0 | E56: 0 | F56: =C56*D56+E56 -> 0 | G56: =F56*$B$2/60 -> 0 | H56: =MAX(0,1-G56/$B$7) -> 1 | I56: Sin cambios: el tiempo se programa por modelo
A57: =A31 -> 11 | B57: =B31 -> Pulmón de despacho y carga a pintura | C57: 0 | D57: 0 | E57: =2*10/5 -> 4 | F57: =C57*D57+E57 -> 4 | G57: =F57*$B$2/60 -> 1.3333333 | H57: =MAX(0,1-G57/$B$7) -> 0.99111111 | I57: 10 min por viaje, 2 viajes por semana en el pico
A58: =A32 -> 12 | B58: =B32 -> Recepción de pintados y cambio de juego | C58: 0 | D58: 0 | E58: =2*10/5 -> 4 | F58: =C58*D58+E58 -> 4 | G58: =F58*$B$2/60 -> 1.3333333 | H58: =MAX(0,1-G58/$B$7) -> 0.99111111 | I58: 10 min por viaje, 2 viajes por semana en el pico
A59: =A33 -> 13 B | B59: =B33 -> Carga de polvo y presurización | C59: 0 | D59: 0 | E59: =32+16 -> 48 | F59: =C59*D59+E59 -> 48 | G59: =F59*$B$2/60 -> 16 | H59: =MAX(0,1-G59/$B$7) -> 0.89333333 | I59: Recargas de la muestra 32 min/día + arranque, cierre y cambio de big bag 16 min/día
A60: =A34 -> 13 A-C / 15 | B60: =B34 -> Montaje, manga, precinto y etiquetado | C60: 0 | D60: 0 | E60: 21 | F60: =C60*D60+E60 -> 21 | G60: =F60*$B$2/60 -> 7 | H60: =MAX(0,1-G60/$B$7) -> 0.95333333 | I60: Recargas, orden y preparación
A61: =A35 -> 14-17 | B61: =B35 -> Calidad: pérdidas, inspección final, liberación y ensayos de lote | C61: 0 | D61: 0 | E61: =15*2/5+20/5+5+10*4/5+(115+243+27+273+60)/5 -> 166.6 | F61: =C61*D61+E61 -> 166.6 | G61: =F61*$B$2/60 -> 55.533333 | H61: =MAX(0,1-G61/$B$7) -> 0.62977778 | I61: Fijo por día: actas, sala, registro, certificados y ensayos de lote (manga, rodadura y funcionamiento ≈13,5 carros por semana, 718 min/semana). Dependen de la cantidad de lotes, no del volumen
A62: =A36 -> 16 | B62: =B36 -> Depósito de producto terminado y despacho | C62: 0 | D62: 0 | E62: =10*5/5 -> 10 | F62: =C62*D62+E62 -> 10 | G62: =F62*$B$2/60 -> 3.3333333 | H62: =MAX(0,1-G62/$B$7) -> 0.97777778 | I62: 10 min por viaje, 5 viajes por semana
A64: Celdas verdes = datos editables (tiempos, alcance, cambios y tiempos fijos). Disponibilidad = 1 − pérdida del mes / horas productivas del mes.

Sheet Plan mensual
A1: 2026 | B1: Producto | C1: Tipo | D1: Ene | E1: Feb | F1: Mar | G1: Abr | H1: May | I1: Jun | J1: Jul | K1: Ago | L1: Sep | M1: Oct | N1: Nov | O1: Dic | P1: Total anual
A2: 2026 | B2: Carro ABC 25 kg | C2: Terminado | D2: =(datos_base!$B$2+datos_base!$B$35)*parametros_carros!B$12 -> 2.9794023 | E2: =(datos_base!$B$2+datos_base!$B$35)*parametros_carros!C$12 -> 2.6288844 | F2: =(datos_base!$B$2+datos_base!$B$35)*parametros_carros!D$12 -> 3.1546612 | G2: =(datos_base!$B$2+datos_base!$B$35)*parametros_carros!E$12 -> 3.1546612 | H2: =(datos_base!$B$2+datos_base!$B$35)*parametros_carros!F$12 -> 3.1546612 | I2: =(datos_base!$B$2+datos_base!$B$35)*parametros_carros!G$12 -> 2.8041433 | J2: =(datos_base!$B$2+datos_base!$B$35)*parametros_carros!H$12 -> 3.1546612 | K2: =(datos_base!$B$2+datos_base!$B$35)*parametros_carros!I$12 -> 3.1546612 | ... O2: =(datos_base!$B$2+datos_base!$B$35)*parametros_carros!M$12 -> 2.8041433 | P2: =SUM(D2:O2) -> 35.051791
A3: 2026 | B3: Carro ABC 50 kg | C3: Terminado | D3: =(datos_base!$B$3+datos_base!$B$36)*parametros_carros!B$13 -> 6.452685 | E3: =(datos_base!$B$3+datos_base!$B$36)*parametros_carros!C$13 -> 5.6935456 | F3: =(datos_base!$B$3+datos_base!$B$36)*parametros_carros!D$13 -> 6.8322547 | G3: =(datos_base!$B$3+datos_base!$B$36)*parametros_carros!E$13 -> 6.8322547 | H3: =(datos_base!$B$3+datos_base!$B$36)*parametros_carros!F$13 -> 6.8322547 | I3: =(datos_base!$B$3+datos_base!$B$36)*parametros_carros!G$13 -> 6.0731153 | J3: =(datos_base!$B$3+datos_base!$B$36)*parametros_carros!H$13 -> 6.8322547 | K3: =(datos_base!$B$3+datos_base!$B$36)*parametros_carros!I$13 -> 6.8322547 | ... O3: =(datos_base!$B$3+datos_base!$B$36)*parametros_carros!M$13 -> 6.0731153 | P3: =SUM(D3:O3) -> 75.913941
A4: 2026 | B4: Carro ABC 70 kg | C4: Terminado | D4: =(datos_base!$B$4+datos_base!$B$37)*parametros_carros!B$14 -> 1.4743131 | E4: =(datos_base!$B$4+datos_base!$B$37)*parametros_carros!C$14 -> 1.3008645 | F4: =(datos_base!$B$4+datos_base!$B$37)*parametros_carros!D$14 -> 1.5610374 | G4: =(datos_base!$B$4+datos_base!$B$37)*parametros_carros!E$14 -> 1.5610374 | H4: =(datos_base!$B$4+datos_base!$B$37)*parametros_carros!F$14 -> 1.5610374 | I4: =(datos_base!$B$4+datos_base!$B$37)*parametros_carros!G$14 -> 1.3875888 | J4: =(datos_base!$B$4+datos_base!$B$37)*parametros_carros!H$14 -> 1.5610374 | K4: =(datos_base!$B$4+datos_base!$B$37)*parametros_carros!I$14 -> 1.5610374 | ... O4: =(datos_base!$B$4+datos_base!$B$37)*parametros_carros!M$14 -> 1.3875888 | P4: =SUM(D4:O4) -> 17.34486
A5: 2026 | B5: Carro ABC 100 kg | C5: Terminado | D5: =(datos_base!$B$5+datos_base!$B$38)*parametros_carros!B$15 -> 1.0112087 | E5: =(datos_base!$B$5+datos_base!$B$38)*parametros_carros!C$15 -> 0.89224299 | F5: =(datos_base!$B$5+datos_base!$B$38)*parametros_carros!D$15 -> 1.0706916 | G5: =(datos_base!$B$5+datos_base!$B$38)*parametros_carros!E$15 -> 1.0706916 | H5: =(datos_base!$B$5+datos_base!$B$38)*parametros_carros!F$15 -> 1.0706916 | I5: =(datos_base!$B$5+datos_base!$B$38)*parametros_carros!G$15 -> 0.95172586 | J5: =(datos_base!$B$5+datos_base!$B$38)*parametros_carros!H$15 -> 1.0706916 | K5: =(datos_base!$B$5+datos_base!$B$38)*parametros_carros!I$15 -> 1.0706916 | ... O5: =(datos_base!$B$5+datos_base!$B$38)*parametros_carros!M$15 -> 0.95172586 | P5: =SUM(D5:O5) -> 11.896573
A6: 2026 | B6: Cilindros ABC 25 kg | C6: Cilindro | D6: =(datos_base!$B$9+datos_base!$B$40)*parametros_carros!B$12 -> 0.085 | E6: =(datos_base!$B$9+datos_base!$B$40)*parametros_carros!C$12 -> 0.075 | F6: =(datos_base!$B$9+datos_base!$B$40)*parametros_carros!D$12 -> 0.09 | G6: =(datos_base!$B$9+datos_base!$B$40)*parametros_carros!E$12 -> 0.09 | H6: =(datos_base!$B$9+datos_base!$B$40)*parametros_carros!F$12 -> 0.09 | I6: =(datos_base!$B$9+datos_base!$B$40)*parametros_carros!G$12 -> 0.08 | J6: =(datos_base!$B$9+datos_base!$B$40)*parametros_carros!H$12 -> 0.09 | K6: =(datos_base!$B$9+datos_base!$B$40)*parametros_carros!I$12 -> 0.09 | ... O6: =(datos_base!$B$9+datos_base!$B$40)*parametros_carros!M$12 -> 0.08 | P6: =SUM(D6:O6) -> 1
A7: 2026 | B7: Cilindros ABC 50 kg | C7: Cilindro | D7: =(datos_base!$B$10+datos_base!$B$41)*parametros_carros!B$13 -> 0.085 | E7: =(datos_base!$B$10+datos_base!$B$41)*parametros_carros!C$13 -> 0.075 | F7: =(datos_base!$B$10+datos_base!$B$41)*parametros_carros!D$13 -> 0.09 | G7: =(datos_base!$B$10+datos_base!$B$41)*parametros_carros!E$13 -> 0.09 | H7: =(datos_base!$B$10+datos_base!$B$41)*parametros_carros!F$13 -> 0.09 | I7: =(datos_base!$B$10+datos_base!$B$41)*parametros_carros!G$13 -> 0.08 | J7: =(datos_base!$B$10+datos_base!$B$41)*parametros_carros!H$13 -> 0.09 | K7: =(datos_base!$B$10+datos_base!$B$41)*parametros_carros!I$13 -> 0.09 | ... O7: =(datos_base!$B$10+datos_base!$B$41)*parametros_carros!M$13 -> 0.08 | P7: =SUM(D7:O7) -> 1
A8: 2026 | B8: Cilindros ABC 70 kg | C8: Cilindro | D8: =(datos_base!$B$11+datos_base!$B$42)*parametros_carros!B$14 -> 0.085 | E8: =(datos_base!$B$11+datos_base!$B$42)*parametros_carros!C$14 -> 0.075 | F8: =(datos_base!$B$11+datos_base!$B$42)*parametros_carros!D$14 -> 0.09 | G8: =(datos_base!$B$11+datos_base!$B$42)*parametros_carros!E$14 -> 0.09 | H8: =(datos_base!$B$11+datos_base!$B$42)*parametros_carros!F$14 -> 0.09 | I8: =(datos_base!$B$11+datos_base!$B$42)*parametros_carros!G$14 -> 0.08 | J8: =(datos_base!$B$11+datos_base!$B$42)*parametros_carros!H$14 -> 0.09 | K8: =(datos_base!$B$11+datos_base!$B$42)*parametros_carros!I$14 -> 0.09 | ... O8: =(datos_base!$B$11+datos_base!$B$42)*parametros_carros!M$14 -> 0.08 | P8: =SUM(D8:O8) -> 1
A9: 2026 | B9: Cilindros ABC 100 kg | C9: Cilindro | D9: =(datos_base!$B$12+datos_base!$B$43)*parametros_carros!B$15 -> 0.085 | E9: =(datos_base!$B$12+datos_base!$B$43)*parametros_carros!C$15 -> 0.075 | F9: =(datos_base!$B$12+datos_base!$B$43)*parametros_carros!D$15 -> 0.09 | G9: =(datos_base!$B$12+datos_base!$B$43)*parametros_carros!E$15 -> 0.09 | H9: =(datos_base!$B$12+datos_base!$B$43)*parametros_carros!F$15 -> 0.09 | I9: =(datos_base!$B$12+datos_base!$B$43)*parametros_carros!G$15 -> 0.08 | J9: =(datos_base!$B$12+datos_base!$B$43)*parametros_carros!H$15 -> 0.09 | K9: =(datos_base!$B$12+datos_base!$B$43)*parametros_carros!I$15 -> 0.09 | ... O9: =(datos_base!$B$12+datos_base!$B$43)*parametros_carros!M$15 -> 0.08 | P9: =SUM(D9:O9) -> 1
B10: Total recipientes | D10: =SUM(D2:D9) -> 12.257609 | E10: =SUM(E2:E9) -> 10.815537 | F10: =SUM(F2:F9) -> 12.978645 | G10: =SUM(G2:G9) -> 12.978645 | H10: =SUM(H2:H9) -> 12.978645 | I10: =SUM(I2:I9) -> 11.536573 | J10: =SUM(J2:J9) -> 12.978645 | K10: =SUM(K2:K9) -> 12.978645 | ... P10: =SUM(P2:P9) -> 144.20717
A12: 2027 | B12: Producto | C12: Tipo | D12: Ene | E12: Feb | F12: Mar | G12: Abr | H12: May | I12: Jun | J12: Jul | K12: Ago | L12: Sep | M12: Oct | N12: Nov | O12: Dic | P12: Total anual
A13: 2027 | B13: Carro ABC 25 kg | C13: Terminado | D13: =(datos_base!$C$2+datos_base!$C$35)*parametros_carros!B$12 -> 4.9760825 | E13: =(datos_base!$C$2+datos_base!$C$35)*parametros_carros!C$12 -> 4.3906611 | F13: =(datos_base!$C$2+datos_base!$C$35)*parametros_carros!D$12 -> 5.2687933 | G13: =(datos_base!$C$2+datos_base!$C$35)*parametros_carros!E$12 -> 5.2687933 | H13: =(datos_base!$C$2+datos_base!$C$35)*parametros_carros!F$12 -> 5.2687933 | I13: =(datos_base!$C$2+datos_base!$C$35)*parametros_carros!G$12 -> 4.6833718 | J13: =(datos_base!$C$2+datos_base!$C$35)*parametros_carros!H$12 -> 5.2687933 | K13: =(datos_base!$C$2+datos_base!$C$35)*parametros_carros!I$12 -> 5.2687933 | ... O13: =(datos_base!$C$2+datos_base!$C$35)*parametros_carros!M$12 -> 4.6833718 | P13: =SUM(D13:O13) -> 58.542147
A14: 2027 | B14: Carro ABC 50 kg | C14: Terminado | D14: =(datos_base!$C$3+datos_base!$C$36)*parametros_carros!B$13 -> 10.939222 | E14: =(datos_base!$C$3+datos_base!$C$36)*parametros_carros!C$13 -> 9.6522543 | F14: =(datos_base!$C$3+datos_base!$C$36)*parametros_carros!D$13 -> 11.582705 | G14: =(datos_base!$C$3+datos_base!$C$36)*parametros_carros!E$13 -> 11.582705 | H14: =(datos_base!$C$3+datos_base!$C$36)*parametros_carros!F$13 -> 11.582705 | I14: =(datos_base!$C$3+datos_base!$C$36)*parametros_carros!G$13 -> 10.295738 | J14: =(datos_base!$C$3+datos_base!$C$36)*parametros_carros!H$13 -> 11.582705 | K14: =(datos_base!$C$3+datos_base!$C$36)*parametros_carros!I$13 -> 11.582705 | ... O14: =(datos_base!$C$3+datos_base!$C$36)*parametros_carros!M$13 -> 10.295738 | P14: =SUM(D14:O14) -> 128.69672
A15: 2027 | B15: Carro ABC 70 kg | C15: Terminado | D15: =(datos_base!$C$4+datos_base!$C$37)*parametros_carros!B$14 -> 2.3920556 | E15: =(datos_base!$C$4+datos_base!$C$37)*parametros_carros!C$14 -> 2.1106373 | F15: =(datos_base!$C$4+datos_base!$C$37)*parametros_carros!D$14 -> 2.5327648 | G15: =(datos_base!$C$4+datos_base!$C$37)*parametros_carros!E$14 -> 2.5327648 | H15: =(datos_base!$C$4+datos_base!$C$37)*parametros_carros!F$14 -> 2.5327648 | I15: =(datos_base!$C$4+datos_base!$C$37)*parametros_carros!G$14 -> 2.2513465 | J15: =(datos_base!$C$4+datos_base!$C$37)*parametros_carros!H$14 -> 2.5327648 | K15: =(datos_base!$C$4+datos_base!$C$37)*parametros_carros!I$14 -> 2.5327648 | ... O15: =(datos_base!$C$4+datos_base!$C$37)*parametros_carros!M$14 -> 2.2513465 | P15: =SUM(D15:O15) -> 28.141831
A16: 2027 | B16: Carro ABC 100 kg | C16: Terminado | D16: =(datos_base!$C$5+datos_base!$C$38)*parametros_carros!B$15 -> 1.5969704 | E16: =(datos_base!$C$5+datos_base!$C$38)*parametros_carros!C$15 -> 1.4090915 | F16: =(datos_base!$C$5+datos_base!$C$38)*parametros_carros!D$15 -> 1.6909098 | G16: =(datos_base!$C$5+datos_base!$C$38)*parametros_carros!E$15 -> 1.6909098 | H16: =(datos_base!$C$5+datos_base!$C$38)*parametros_carros!F$15 -> 1.6909098 | I16: =(datos_base!$C$5+datos_base!$C$38)*parametros_carros!G$15 -> 1.503031 | J16: =(datos_base!$C$5+datos_base!$C$38)*parametros_carros!H$15 -> 1.6909098 | K16: =(datos_base!$C$5+datos_base!$C$38)*parametros_carros!I$15 -> 1.6909098 | ... O16: =(datos_base!$C$5+datos_base!$C$38)*parametros_carros!M$15 -> 1.503031 | P16: =SUM(D16:O16) -> 18.787887
A17: 2027 | B17: Cilindros ABC 25 kg | C17: Cilindro | D17: =(datos_base!$C$9+datos_base!$C$40)*parametros_carros!B$12 -> 0.0068 | E17: =(datos_base!$C$9+datos_base!$C$40)*parametros_carros!C$12 -> 0.006 | F17: =(datos_base!$C$9+datos_base!$C$40)*parametros_carros!D$12 -> 0.0072 | G17: =(datos_base!$C$9+datos_base!$C$40)*parametros_carros!E$12 -> 0.0072 | H17: =(datos_base!$C$9+datos_base!$C$40)*parametros_carros!F$12 -> 0.0072 | I17: =(datos_base!$C$9+datos_base!$C$40)*parametros_carros!G$12 -> 0.0064 | J17: =(datos_base!$C$9+datos_base!$C$40)*parametros_carros!H$12 -> 0.0072 | K17: =(datos_base!$C$9+datos_base!$C$40)*parametros_carros!I$12 -> 0.0072 | ... O17: =(datos_base!$C$9+datos_base!$C$40)*parametros_carros!M$12 -> 0.0064 | P17: =SUM(D17:O17) -> 0.08
A18: 2027 | B18: Cilindros ABC 50 kg | C18: Cilindro | D18: =(datos_base!$C$10+datos_base!$C$41)*parametros_carros!B$13 -> 0.0918 | E18: =(datos_base!$C$10+datos_base!$C$41)*parametros_carros!C$13 -> 0.081 | F18: =(datos_base!$C$10+datos_base!$C$41)*parametros_carros!D$13 -> 0.0972 | G18: =(datos_base!$C$10+datos_base!$C$41)*parametros_carros!E$13 -> 0.0972 | H18: =(datos_base!$C$10+datos_base!$C$41)*parametros_carros!F$13 -> 0.0972 | I18: =(datos_base!$C$10+datos_base!$C$41)*parametros_carros!G$13 -> 0.0864 | J18: =(datos_base!$C$10+datos_base!$C$41)*parametros_carros!H$13 -> 0.0972 | K18: =(datos_base!$C$10+datos_base!$C$41)*parametros_carros!I$13 -> 0.0972 | ... O18: =(datos_base!$C$10+datos_base!$C$41)*parametros_carros!M$13 -> 0.0864 | P18: =SUM(D18:O18) -> 1.08
A19: 2027 | B19: Cilindros ABC 70 kg | C19: Cilindro | D19: =(datos_base!$C$11+datos_base!$C$42)*parametros_carros!B$14 -> 0.0068 | E19: =(datos_base!$C$11+datos_base!$C$42)*parametros_carros!C$14 -> 0.006 | F19: =(datos_base!$C$11+datos_base!$C$42)*parametros_carros!D$14 -> 0.0072 | G19: =(datos_base!$C$11+datos_base!$C$42)*parametros_carros!E$14 -> 0.0072 | H19: =(datos_base!$C$11+datos_base!$C$42)*parametros_carros!F$14 -> 0.0072 | I19: =(datos_base!$C$11+datos_base!$C$42)*parametros_carros!G$14 -> 0.0064 | J19: =(datos_base!$C$11+datos_base!$C$42)*parametros_carros!H$14 -> 0.0072 | K19: =(datos_base!$C$11+datos_base!$C$42)*parametros_carros!I$14 -> 0.0072 | ... O19: =(datos_base!$C$11+datos_base!$C$42)*parametros_carros!M$14 -> 0.0064 | P19: =SUM(D19:O19) -> 0.08
A20: 2027 | B20: Cilindros ABC 100 kg | C20: Cilindro | D20: =(datos_base!$C$12+datos_base!$C$43)*parametros_carros!B$15 -> 0.0068 | E20: =(datos_base!$C$12+datos_base!$C$43)*parametros_carros!C$15 -> 0.006 | F20: =(datos_base!$C$12+datos_base!$C$43)*parametros_carros!D$15 -> 0.0072 | G20: =(datos_base!$C$12+datos_base!$C$43)*parametros_carros!E$15 -> 0.0072 | H20: =(datos_base!$C$12+datos_base!$C$43)*parametros_carros!F$15 -> 0.0072 | I20: =(datos_base!$C$12+datos_base!$C$43)*parametros_carros!G$15 -> 0.0064 | J20: =(datos_base!$C$12+datos_base!$C$43)*parametros_carros!H$15 -> 0.0072 | K20: =(datos_base!$C$12+datos_base!$C$43)*parametros_carros!I$15 -> 0.0072 | ... O20: =(datos_base!$C$12+datos_base!$C$43)*parametros_carros!M$15 -> 0.0064 | P20: =SUM(D20:O20) -> 0.08
B21: Total recipientes | D21: =SUM(D13:D20) -> 20.01653 | E21: =SUM(E13:E20) -> 17.661644 | F21: =SUM(F13:F20) -> 21.193973 | G21: =SUM(G13:G20) -> 21.193973 | H21: =SUM(H13:H20) -> 21.193973 | I21: =SUM(I13:I20) -> 18.839087 | J21: =SUM(J13:J20) -> 21.193973 | K21: =SUM(K13:K20) -> 21.193973 | ... P21: =SUM(P13:P20) -> 235.48859
A23: 2028 | B23: Producto | C23: Tipo | D23: Ene | E23: Feb | F23: Mar | G23: Abr | H23: May | I23: Jun | J23: Jul | K23: Ago | L23: Sep | M23: Oct | N23: Nov | O23: Dic | P23: Total anual
A24: 2028 | B24: Carro ABC 25 kg | C24: Terminado | D24: =(datos_base!$D$2+datos_base!$D$35)*parametros_carros!B$12 -> 6.3995259 | E24: =(datos_base!$D$2+datos_base!$D$35)*parametros_carros!C$12 -> 5.6466405 | F24: =(datos_base!$D$2+datos_base!$D$35)*parametros_carros!D$12 -> 6.7759686 | G24: =(datos_base!$D$2+datos_base!$D$35)*parametros_carros!E$12 -> 6.7759686 | H24: =(datos_base!$D$2+datos_base!$D$35)*parametros_carros!F$12 -> 6.7759686 | I24: =(datos_base!$D$2+datos_base!$D$35)*parametros_carros!G$12 -> 6.0230832 | J24: =(datos_base!$D$2+datos_base!$D$35)*parametros_carros!H$12 -> 6.7759686 | K24: =(datos_base!$D$2+datos_base!$D$35)*parametros_carros!I$12 -> 6.7759686 | ... O24: =(datos_base!$D$2+datos_base!$D$35)*parametros_carros!M$12 -> 6.0230832 | P24: =SUM(D24:O24) -> 75.28854
A25: 2028 | B25: Carro ABC 50 kg | C25: Terminado | D25: =(datos_base!$D$3+datos_base!$D$36)*parametros_carros!B$13 -> 14.240797 | E25: =(datos_base!$D$3+datos_base!$D$36)*parametros_carros!C$13 -> 12.565409 | F25: =(datos_base!$D$3+datos_base!$D$36)*parametros_carros!D$13 -> 15.078491 | G25: =(datos_base!$D$3+datos_base!$D$36)*parametros_carros!E$13 -> 15.078491 | H25: =(datos_base!$D$3+datos_base!$D$36)*parametros_carros!F$13 -> 15.078491 | I25: =(datos_base!$D$3+datos_base!$D$36)*parametros_carros!G$13 -> 13.403103 | J25: =(datos_base!$D$3+datos_base!$D$36)*parametros_carros!H$13 -> 15.078491 | K25: =(datos_base!$D$3+datos_base!$D$36)*parametros_carros!I$13 -> 15.078491 | ... O25: =(datos_base!$D$3+datos_base!$D$36)*parametros_carros!M$13 -> 13.403103 | P25: =SUM(D25:O25) -> 167.53879
A26: 2028 | B26: Carro ABC 70 kg | C26: Terminado | D26: =(datos_base!$D$4+datos_base!$D$37)*parametros_carros!B$14 -> 3.0753084 | E26: =(datos_base!$D$4+datos_base!$D$37)*parametros_carros!C$14 -> 2.7135074 | F26: =(datos_base!$D$4+datos_base!$D$37)*parametros_carros!D$14 -> 3.2562089 | G26: =(datos_base!$D$4+datos_base!$D$37)*parametros_carros!E$14 -> 3.2562089 | H26: =(datos_base!$D$4+datos_base!$D$37)*parametros_carros!F$14 -> 3.2562089 | I26: =(datos_base!$D$4+datos_base!$D$37)*parametros_carros!G$14 -> 2.8944079 | J26: =(datos_base!$D$4+datos_base!$D$37)*parametros_carros!H$14 -> 3.2562089 | K26: =(datos_base!$D$4+datos_base!$D$37)*parametros_carros!I$14 -> 3.2562089 | ... O26: =(datos_base!$D$4+datos_base!$D$37)*parametros_carros!M$14 -> 2.8944079 | P26: =SUM(D26:O26) -> 36.180099
A27: 2028 | B27: Carro ABC 100 kg | C27: Terminado | D27: =(datos_base!$D$5+datos_base!$D$38)*parametros_carros!B$15 -> 2.0524723 | E27: =(datos_base!$D$5+datos_base!$D$38)*parametros_carros!C$15 -> 1.811005 | F27: =(datos_base!$D$5+datos_base!$D$38)*parametros_carros!D$15 -> 2.173206 | G27: =(datos_base!$D$5+datos_base!$D$38)*parametros_carros!E$15 -> 2.173206 | H27: =(datos_base!$D$5+datos_base!$D$38)*parametros_carros!F$15 -> 2.173206 | I27: =(datos_base!$D$5+datos_base!$D$38)*parametros_carros!G$15 -> 1.9317386 | J27: =(datos_base!$D$5+datos_base!$D$38)*parametros_carros!H$15 -> 2.173206 | K27: =(datos_base!$D$5+datos_base!$D$38)*parametros_carros!I$15 -> 2.173206 | ... O27: =(datos_base!$D$5+datos_base!$D$38)*parametros_carros!M$15 -> 1.9317386 | P27: =SUM(D27:O27) -> 24.146733
A28: 2028 | B28: Cilindros ABC 25 kg | C28: Cilindro | D28: =(datos_base!$D$9+datos_base!$D$40)*parametros_carros!B$12 -> 1.3158 | E28: =(datos_base!$D$9+datos_base!$D$40)*parametros_carros!C$12 -> 1.161 | F28: =(datos_base!$D$9+datos_base!$D$40)*parametros_carros!D$12 -> 1.3932 | G28: =(datos_base!$D$9+datos_base!$D$40)*parametros_carros!E$12 -> 1.3932 | H28: =(datos_base!$D$9+datos_base!$D$40)*parametros_carros!F$12 -> 1.3932 | I28: =(datos_base!$D$9+datos_base!$D$40)*parametros_carros!G$12 -> 1.2384 | J28: =(datos_base!$D$9+datos_base!$D$40)*parametros_carros!H$12 -> 1.3932 | K28: =(datos_base!$D$9+datos_base!$D$40)*parametros_carros!I$12 -> 1.3932 | ... O28: =(datos_base!$D$9+datos_base!$D$40)*parametros_carros!M$12 -> 1.2384 | P28: =SUM(D28:O28) -> 15.48
A29: 2028 | B29: Cilindros ABC 50 kg | C29: Cilindro | D29: =(datos_base!$D$10+datos_base!$D$41)*parametros_carros!B$13 -> 2.8866 | E29: =(datos_base!$D$10+datos_base!$D$41)*parametros_carros!C$13 -> 2.547 | F29: =(datos_base!$D$10+datos_base!$D$41)*parametros_carros!D$13 -> 3.0564 | G29: =(datos_base!$D$10+datos_base!$D$41)*parametros_carros!E$13 -> 3.0564 | H29: =(datos_base!$D$10+datos_base!$D$41)*parametros_carros!F$13 -> 3.0564 | I29: =(datos_base!$D$10+datos_base!$D$41)*parametros_carros!G$13 -> 2.7168 | J29: =(datos_base!$D$10+datos_base!$D$41)*parametros_carros!H$13 -> 3.0564 | K29: =(datos_base!$D$10+datos_base!$D$41)*parametros_carros!I$13 -> 3.0564 | ... O29: =(datos_base!$D$10+datos_base!$D$41)*parametros_carros!M$13 -> 2.7168 | P29: =SUM(D29:O29) -> 33.96
A30: 2028 | B30: Cilindros ABC 70 kg | C30: Cilindro | D30: =(datos_base!$D$11+datos_base!$D$42)*parametros_carros!B$14 -> 0.6018 | E30: =(datos_base!$D$11+datos_base!$D$42)*parametros_carros!C$14 -> 0.531 | F30: =(datos_base!$D$11+datos_base!$D$42)*parametros_carros!D$14 -> 0.6372 | G30: =(datos_base!$D$11+datos_base!$D$42)*parametros_carros!E$14 -> 0.6372 | H30: =(datos_base!$D$11+datos_base!$D$42)*parametros_carros!F$14 -> 0.6372 | I30: =(datos_base!$D$11+datos_base!$D$42)*parametros_carros!G$14 -> 0.5664 | J30: =(datos_base!$D$11+datos_base!$D$42)*parametros_carros!H$14 -> 0.6372 | K30: =(datos_base!$D$11+datos_base!$D$42)*parametros_carros!I$14 -> 0.6372 | ... O30: =(datos_base!$D$11+datos_base!$D$42)*parametros_carros!M$14 -> 0.5664 | P30: =SUM(D30:O30) -> 7.08
A31: 2028 | B31: Cilindros ABC 100 kg | C31: Cilindro | D31: =(datos_base!$D$12+datos_base!$D$43)*parametros_carros!B$15 -> 0.3978 | E31: =(datos_base!$D$12+datos_base!$D$43)*parametros_carros!C$15 -> 0.351 | F31: =(datos_base!$D$12+datos_base!$D$43)*parametros_carros!D$15 -> 0.4212 | G31: =(datos_base!$D$12+datos_base!$D$43)*parametros_carros!E$15 -> 0.4212 | H31: =(datos_base!$D$12+datos_base!$D$43)*parametros_carros!F$15 -> 0.4212 | I31: =(datos_base!$D$12+datos_base!$D$43)*parametros_carros!G$15 -> 0.3744 | J31: =(datos_base!$D$12+datos_base!$D$43)*parametros_carros!H$15 -> 0.4212 | K31: =(datos_base!$D$12+datos_base!$D$43)*parametros_carros!I$15 -> 0.4212 | ... O31: =(datos_base!$D$12+datos_base!$D$43)*parametros_carros!M$15 -> 0.3744 | P31: =SUM(D31:O31) -> 4.68
B32: Total recipientes | D32: =SUM(D24:D31) -> 30.970104 | E32: =SUM(E24:E31) -> 27.326562 | F32: =SUM(F24:F31) -> 32.791874 | G32: =SUM(G24:G31) -> 32.791874 | H32: =SUM(H24:H31) -> 32.791874 | I32: =SUM(I24:I31) -> 29.148333 | J32: =SUM(J24:J31) -> 32.791874 | K32: =SUM(K24:K31) -> 32.791874 | ... P32: =SUM(P24:P31) -> 364.35416
A34: 2029 | B34: Producto | C34: Tipo | D34: Ene | E34: Feb | F34: Mar | G34: Abr | H34: May | I34: Jun | J34: Jul | K34: Ago | L34: Sep | M34: Oct | N34: Nov | O34: Dic | P34: Total anual
A35: 2029 | B35: Carro ABC 25 kg | C35: Terminado | D35: =(datos_base!$E$2+datos_base!$E$35)*parametros_carros!B$12 -> 8.6368375 | E35: =(datos_base!$E$2+datos_base!$E$35)*parametros_carros!C$12 -> 7.620739 | F35: =(datos_base!$E$2+datos_base!$E$35)*parametros_carros!D$12 -> 9.1448868 | G35: =(datos_base!$E$2+datos_base!$E$35)*parametros_carros!E$12 -> 9.1448868 | H35: =(datos_base!$E$2+datos_base!$E$35)*parametros_carros!F$12 -> 9.1448868 | I35: =(datos_base!$E$2+datos_base!$E$35)*parametros_carros!G$12 -> 8.1287882 | J35: =(datos_base!$E$2+datos_base!$E$35)*parametros_carros!H$12 -> 9.1448868 | K35: =(datos_base!$E$2+datos_base!$E$35)*parametros_carros!I$12 -> 9.1448868 | ... O35: =(datos_base!$E$2+datos_base!$E$35)*parametros_carros!M$12 -> 8.1287882 | P35: =SUM(D35:O35) -> 101.60985
A36: 2029 | B36: Carro ABC 50 kg | C36: Terminado | D36: =(datos_base!$E$3+datos_base!$E$36)*parametros_carros!B$13 -> 18.904483 | E36: =(datos_base!$E$3+datos_base!$E$36)*parametros_carros!C$13 -> 16.680426 | F36: =(datos_base!$E$3+datos_base!$E$36)*parametros_carros!D$13 -> 20.016511 | G36: =(datos_base!$E$3+datos_base!$E$36)*parametros_carros!E$13 -> 20.016511 | H36: =(datos_base!$E$3+datos_base!$E$36)*parametros_carros!F$13 -> 20.016511 | I36: =(datos_base!$E$3+datos_base!$E$36)*parametros_carros!G$13 -> 17.792454 | J36: =(datos_base!$E$3+datos_base!$E$36)*parametros_carros!H$13 -> 20.016511 | K36: =(datos_base!$E$3+datos_base!$E$36)*parametros_carros!I$13 -> 20.016511 | ... O36: =(datos_base!$E$3+datos_base!$E$36)*parametros_carros!M$13 -> 17.792454 | P36: =SUM(D36:O36) -> 222.40568
A37: 2029 | B37: Carro ABC 70 kg | C37: Terminado | D37: =(datos_base!$E$4+datos_base!$E$37)*parametros_carros!B$14 -> 4.108418 | E37: =(datos_base!$E$4+datos_base!$E$37)*parametros_carros!C$14 -> 3.6250747 | F37: =(datos_base!$E$4+datos_base!$E$37)*parametros_carros!D$14 -> 4.3500896 | G37: =(datos_base!$E$4+datos_base!$E$37)*parametros_carros!E$14 -> 4.3500896 | H37: =(datos_base!$E$4+datos_base!$E$37)*parametros_carros!F$14 -> 4.3500896 | I37: =(datos_base!$E$4+datos_base!$E$37)*parametros_carros!G$14 -> 3.8667464 | J37: =(datos_base!$E$4+datos_base!$E$37)*parametros_carros!H$14 -> 4.3500896 | K37: =(datos_base!$E$4+datos_base!$E$37)*parametros_carros!I$14 -> 4.3500896 | ... O37: =(datos_base!$E$4+datos_base!$E$37)*parametros_carros!M$14 -> 3.8667464 | P37: =SUM(D37:O37) -> 48.334329
A38: 2029 | B38: Carro ABC 100 kg | C38: Terminado | D38: =(datos_base!$E$5+datos_base!$E$38)*parametros_carros!B$15 -> 2.741212 | E38: =(datos_base!$E$5+datos_base!$E$38)*parametros_carros!C$15 -> 2.4187165 | F38: =(datos_base!$E$5+datos_base!$E$38)*parametros_carros!D$15 -> 2.9024598 | G38: =(datos_base!$E$5+datos_base!$E$38)*parametros_carros!E$15 -> 2.9024598 | H38: =(datos_base!$E$5+datos_base!$E$38)*parametros_carros!F$15 -> 2.9024598 | I38: =(datos_base!$E$5+datos_base!$E$38)*parametros_carros!G$15 -> 2.5799642 | J38: =(datos_base!$E$5+datos_base!$E$38)*parametros_carros!H$15 -> 2.9024598 | K38: =(datos_base!$E$5+datos_base!$E$38)*parametros_carros!I$15 -> 2.9024598 | ... O38: =(datos_base!$E$5+datos_base!$E$38)*parametros_carros!M$15 -> 2.5799642 | P38: =SUM(D38:O38) -> 32.249553
A39: 2029 | B39: Cilindros ABC 25 kg | C39: Cilindro | D39: =(datos_base!$E$9+datos_base!$E$40)*parametros_carros!B$12 -> 4.4506 | E39: =(datos_base!$E$9+datos_base!$E$40)*parametros_carros!C$12 -> 3.927 | F39: =(datos_base!$E$9+datos_base!$E$40)*parametros_carros!D$12 -> 4.7124 | G39: =(datos_base!$E$9+datos_base!$E$40)*parametros_carros!E$12 -> 4.7124 | H39: =(datos_base!$E$9+datos_base!$E$40)*parametros_carros!F$12 -> 4.7124 | I39: =(datos_base!$E$9+datos_base!$E$40)*parametros_carros!G$12 -> 4.1888 | J39: =(datos_base!$E$9+datos_base!$E$40)*parametros_carros!H$12 -> 4.7124 | K39: =(datos_base!$E$9+datos_base!$E$40)*parametros_carros!I$12 -> 4.7124 | ... O39: =(datos_base!$E$9+datos_base!$E$40)*parametros_carros!M$12 -> 4.1888 | P39: =SUM(D39:O39) -> 52.36
A40: 2029 | B40: Cilindros ABC 50 kg | C40: Cilindro | D40: =(datos_base!$E$10+datos_base!$E$41)*parametros_carros!B$13 -> 9.7002 | E40: =(datos_base!$E$10+datos_base!$E$41)*parametros_carros!C$13 -> 8.559 | F40: =(datos_base!$E$10+datos_base!$E$41)*parametros_carros!D$13 -> 10.2708 | G40: =(datos_base!$E$10+datos_base!$E$41)*parametros_carros!E$13 -> 10.2708 | H40: =(datos_base!$E$10+datos_base!$E$41)*parametros_carros!F$13 -> 10.2708 | I40: =(datos_base!$E$10+datos_base!$E$41)*parametros_carros!G$13 -> 9.1296 | J40: =(datos_base!$E$10+datos_base!$E$41)*parametros_carros!H$13 -> 10.2708 | K40: =(datos_base!$E$10+datos_base!$E$41)*parametros_carros!I$13 -> 10.2708 | ... O40: =(datos_base!$E$10+datos_base!$E$41)*parametros_carros!M$13 -> 9.1296 | P40: =SUM(D40:O40) -> 114.12
A41: 2029 | B41: Cilindros ABC 70 kg | C41: Cilindro | D41: =(datos_base!$E$11+datos_base!$E$42)*parametros_carros!B$14 -> 2.1658 | E41: =(datos_base!$E$11+datos_base!$E$42)*parametros_carros!C$14 -> 1.911 | F41: =(datos_base!$E$11+datos_base!$E$42)*parametros_carros!D$14 -> 2.2932 | G41: =(datos_base!$E$11+datos_base!$E$42)*parametros_carros!E$14 -> 2.2932 | H41: =(datos_base!$E$11+datos_base!$E$42)*parametros_carros!F$14 -> 2.2932 | I41: =(datos_base!$E$11+datos_base!$E$42)*parametros_carros!G$14 -> 2.0384 | J41: =(datos_base!$E$11+datos_base!$E$42)*parametros_carros!H$14 -> 2.2932 | K41: =(datos_base!$E$11+datos_base!$E$42)*parametros_carros!I$14 -> 2.2932 | ... O41: =(datos_base!$E$11+datos_base!$E$42)*parametros_carros!M$14 -> 2.0384 | P41: =SUM(D41:O41) -> 25.48
A42: 2029 | B42: Cilindros ABC 100 kg | C42: Cilindro | D42: =(datos_base!$E$12+datos_base!$E$43)*parametros_carros!B$15 -> 1.3668 | E42: =(datos_base!$E$12+datos_base!$E$43)*parametros_carros!C$15 -> 1.206 | F42: =(datos_base!$E$12+datos_base!$E$43)*parametros_carros!D$15 -> 1.4472 | G42: =(datos_base!$E$12+datos_base!$E$43)*parametros_carros!E$15 -> 1.4472 | H42: =(datos_base!$E$12+datos_base!$E$43)*parametros_carros!F$15 -> 1.4472 | I42: =(datos_base!$E$12+datos_base!$E$43)*parametros_carros!G$15 -> 1.2864 | J42: =(datos_base!$E$12+datos_base!$E$43)*parametros_carros!H$15 -> 1.4472 | K42: =(datos_base!$E$12+datos_base!$E$43)*parametros_carros!I$15 -> 1.4472 | ... O42: =(datos_base!$E$12+datos_base!$E$43)*parametros_carros!M$15 -> 1.2864 | P42: =SUM(D42:O42) -> 16.08
B43: Total recipientes | D43: =SUM(D35:D42) -> 52.07435 | E43: =SUM(E35:E42) -> 45.947956 | F43: =SUM(F35:F42) -> 55.137547 | G43: =SUM(G35:G42) -> 55.137547 | H43: =SUM(H35:H42) -> 55.137547 | I43: =SUM(I35:I42) -> 49.011153 | J43: =SUM(J35:J42) -> 55.137547 | K43: =SUM(K35:K42) -> 55.137547 | ... P43: =SUM(P35:P42) -> 612.63941
A45: 2030 | B45: Producto | C45: Tipo | D45: Ene | E45: Feb | F45: Mar | G45: Abr | H45: May | I45: Jun | J45: Jul | K45: Ago | L45: Sep | M45: Oct | N45: Nov | O45: Dic | P45: Total anual
A46: 2030 | B46: Carro ABC 25 kg | C46: Terminado | D46: =(datos_base!$F$2+datos_base!$F$35)*parametros_carros!B$12 -> 13.34806 | E46: =(datos_base!$F$2+datos_base!$F$35)*parametros_carros!C$12 -> 11.7777 | F46: =(datos_base!$F$2+datos_base!$F$35)*parametros_carros!D$12 -> 14.13324 | G46: =(datos_base!$F$2+datos_base!$F$35)*parametros_carros!E$12 -> 14.13324 | H46: =(datos_base!$F$2+datos_base!$F$35)*parametros_carros!F$12 -> 14.13324 | I46: =(datos_base!$F$2+datos_base!$F$35)*parametros_carros!G$12 -> 12.56288 | J46: =(datos_base!$F$2+datos_base!$F$35)*parametros_carros!H$12 -> 14.13324 | K46: =(datos_base!$F$2+datos_base!$F$35)*parametros_carros!I$12 -> 14.13324 | ... O46: =(datos_base!$F$2+datos_base!$F$35)*parametros_carros!M$12 -> 12.56288 | P46: =SUM(D46:O46) -> 157.036
A47: 2030 | B47: Carro ABC 50 kg | C47: Terminado | D47: =(datos_base!$F$3+datos_base!$F$36)*parametros_carros!B$13 -> 29.346013 | E47: =(datos_base!$F$3+datos_base!$F$36)*parametros_carros!C$13 -> 25.893541 | F47: =(datos_base!$F$3+datos_base!$F$36)*parametros_carros!D$13 -> 31.072249 | G47: =(datos_base!$F$3+datos_base!$F$36)*parametros_carros!E$13 -> 31.072249 | H47: =(datos_base!$F$3+datos_base!$F$36)*parametros_carros!F$13 -> 31.072249 | I47: =(datos_base!$F$3+datos_base!$F$36)*parametros_carros!G$13 -> 27.619777 | J47: =(datos_base!$F$3+datos_base!$F$36)*parametros_carros!H$13 -> 31.072249 | K47: =(datos_base!$F$3+datos_base!$F$36)*parametros_carros!I$13 -> 31.072249 | ... O47: =(datos_base!$F$3+datos_base!$F$36)*parametros_carros!M$13 -> 27.619777 | P47: =SUM(D47:O47) -> 345.24721
A48: 2030 | B48: Carro ABC 70 kg | C48: Terminado | D48: =(datos_base!$F$4+datos_base!$F$37)*parametros_carros!B$14 -> 6.4515409 | E48: =(datos_base!$F$4+datos_base!$F$37)*parametros_carros!C$14 -> 5.6925361 | F48: =(datos_base!$F$4+datos_base!$F$37)*parametros_carros!D$14 -> 6.8310434 | G48: =(datos_base!$F$4+datos_base!$F$37)*parametros_carros!E$14 -> 6.8310434 | H48: =(datos_base!$F$4+datos_base!$F$37)*parametros_carros!F$14 -> 6.8310434 | I48: =(datos_base!$F$4+datos_base!$F$37)*parametros_carros!G$14 -> 6.0720385 | J48: =(datos_base!$F$4+datos_base!$F$37)*parametros_carros!H$14 -> 6.8310434 | K48: =(datos_base!$F$4+datos_base!$F$37)*parametros_carros!I$14 -> 6.8310434 | ... O48: =(datos_base!$F$4+datos_base!$F$37)*parametros_carros!M$14 -> 6.0720385 | P48: =SUM(D48:O48) -> 75.900482
A49: 2030 | B49: Carro ABC 100 kg | C49: Terminado | D49: =(datos_base!$F$5+datos_base!$F$38)*parametros_carros!B$15 -> 4.2466273 | E49: =(datos_base!$F$5+datos_base!$F$38)*parametros_carros!C$15 -> 3.7470241 | F49: =(datos_base!$F$5+datos_base!$F$38)*parametros_carros!D$15 -> 4.4964289 | G49: =(datos_base!$F$5+datos_base!$F$38)*parametros_carros!E$15 -> 4.4964289 | H49: =(datos_base!$F$5+datos_base!$F$38)*parametros_carros!F$15 -> 4.4964289 | I49: =(datos_base!$F$5+datos_base!$F$38)*parametros_carros!G$15 -> 3.9968257 | J49: =(datos_base!$F$5+datos_base!$F$38)*parametros_carros!H$15 -> 4.4964289 | K49: =(datos_base!$F$5+datos_base!$F$38)*parametros_carros!I$15 -> 4.4964289 | ... O49: =(datos_base!$F$5+datos_base!$F$38)*parametros_carros!M$15 -> 3.9968257 | P49: =SUM(D49:O49) -> 49.960321
A50: 2030 | B50: Cilindros ABC 25 kg | C50: Cilindro | D50: =(datos_base!$F$9+datos_base!$F$40)*parametros_carros!B$12 -> 8.0172 | E50: =(datos_base!$F$9+datos_base!$F$40)*parametros_carros!C$12 -> 7.074 | F50: =(datos_base!$F$9+datos_base!$F$40)*parametros_carros!D$12 -> 8.4888 | G50: =(datos_base!$F$9+datos_base!$F$40)*parametros_carros!E$12 -> 8.4888 | H50: =(datos_base!$F$9+datos_base!$F$40)*parametros_carros!F$12 -> 8.4888 | I50: =(datos_base!$F$9+datos_base!$F$40)*parametros_carros!G$12 -> 7.5456 | J50: =(datos_base!$F$9+datos_base!$F$40)*parametros_carros!H$12 -> 8.4888 | K50: =(datos_base!$F$9+datos_base!$F$40)*parametros_carros!I$12 -> 8.4888 | ... O50: =(datos_base!$F$9+datos_base!$F$40)*parametros_carros!M$12 -> 7.5456 | P50: =SUM(D50:O50) -> 94.32
A51: 2030 | B51: Cilindros ABC 50 kg | C51: Cilindro | D51: =(datos_base!$F$10+datos_base!$F$41)*parametros_carros!B$13 -> 17.7446 | E51: =(datos_base!$F$10+datos_base!$F$41)*parametros_carros!C$13 -> 15.657 | F51: =(datos_base!$F$10+datos_base!$F$41)*parametros_carros!D$13 -> 18.7884 | G51: =(datos_base!$F$10+datos_base!$F$41)*parametros_carros!E$13 -> 18.7884 | H51: =(datos_base!$F$10+datos_base!$F$41)*parametros_carros!F$13 -> 18.7884 | I51: =(datos_base!$F$10+datos_base!$F$41)*parametros_carros!G$13 -> 16.7008 | J51: =(datos_base!$F$10+datos_base!$F$41)*parametros_carros!H$13 -> 18.7884 | K51: =(datos_base!$F$10+datos_base!$F$41)*parametros_carros!I$13 -> 18.7884 | ... O51: =(datos_base!$F$10+datos_base!$F$41)*parametros_carros!M$13 -> 16.7008 | P51: =SUM(D51:O51) -> 208.76
A52: 2030 | B52: Cilindros ABC 70 kg | C52: Cilindro | D52: =(datos_base!$F$11+datos_base!$F$42)*parametros_carros!B$14 -> 3.9406 | E52: =(datos_base!$F$11+datos_base!$F$42)*parametros_carros!C$14 -> 3.477 | F52: =(datos_base!$F$11+datos_base!$F$42)*parametros_carros!D$14 -> 4.1724 | G52: =(datos_base!$F$11+datos_base!$F$42)*parametros_carros!E$14 -> 4.1724 | H52: =(datos_base!$F$11+datos_base!$F$42)*parametros_carros!F$14 -> 4.1724 | I52: =(datos_base!$F$11+datos_base!$F$42)*parametros_carros!G$14 -> 3.7088 | J52: =(datos_base!$F$11+datos_base!$F$42)*parametros_carros!H$14 -> 4.1724 | K52: =(datos_base!$F$11+datos_base!$F$42)*parametros_carros!I$14 -> 4.1724 | ... O52: =(datos_base!$F$11+datos_base!$F$42)*parametros_carros!M$14 -> 3.7088 | P52: =SUM(D52:O52) -> 46.36
A53: 2030 | B53: Cilindros ABC 100 kg | C53: Cilindro | D53: =(datos_base!$F$12+datos_base!$F$43)*parametros_carros!B$15 -> 2.6078 | E53: =(datos_base!$F$12+datos_base!$F$43)*parametros_carros!C$15 -> 2.301 | F53: =(datos_base!$F$12+datos_base!$F$43)*parametros_carros!D$15 -> 2.7612 | G53: =(datos_base!$F$12+datos_base!$F$43)*parametros_carros!E$15 -> 2.7612 | H53: =(datos_base!$F$12+datos_base!$F$43)*parametros_carros!F$15 -> 2.7612 | I53: =(datos_base!$F$12+datos_base!$F$43)*parametros_carros!G$15 -> 2.4544 | J53: =(datos_base!$F$12+datos_base!$F$43)*parametros_carros!H$15 -> 2.7612 | K53: =(datos_base!$F$12+datos_base!$F$43)*parametros_carros!I$15 -> 2.7612 | ... O53: =(datos_base!$F$12+datos_base!$F$43)*parametros_carros!M$15 -> 2.4544 | P53: =SUM(D53:O53) -> 30.68
B54: Total recipientes | D54: =SUM(D46:D53) -> 85.702441 | E54: =SUM(E46:E53) -> 75.619801 | F54: =SUM(F46:F53) -> 90.743761 | G54: =SUM(G46:G53) -> 90.743761 | H54: =SUM(H46:H53) -> 90.743761 | I54: =SUM(I46:I53) -> 80.661121 | J54: =SUM(J46:J53) -> 90.743761 | K54: =SUM(K46:K53) -> 90.743761 | ... P54: =SUM(P46:P53) -> 1008.264
A56: 2031 | B56: Producto | C56: Tipo | D56: Ene | E56: Feb | F56: Mar | G56: Abr | H56: May | I56: Jun | J56: Jul | K56: Ago | L56: Sep | M56: Oct | N56: Nov | O56: Dic | P56: Total anual
A57: 2031 | B57: Carro ABC 25 kg | C57: Terminado | D57: =(datos_base!$G$2+datos_base!$G$35)*parametros_carros!B$12 -> 18.119831 | E57: =(datos_base!$G$2+datos_base!$G$35)*parametros_carros!C$12 -> 15.988086 | F57: =(datos_base!$G$2+datos_base!$G$35)*parametros_carros!D$12 -> 19.185703 | G57: =(datos_base!$G$2+datos_base!$G$35)*parametros_carros!E$12 -> 19.185703 | H57: =(datos_base!$G$2+datos_base!$G$35)*parametros_carros!F$12 -> 19.185703 | I57: =(datos_base!$G$2+datos_base!$G$35)*parametros_carros!G$12 -> 17.053959 | J57: =(datos_base!$G$2+datos_base!$G$35)*parametros_carros!H$12 -> 19.185703 | K57: =(datos_base!$G$2+datos_base!$G$35)*parametros_carros!I$12 -> 19.185703 | ... O57: =(datos_base!$G$2+datos_base!$G$35)*parametros_carros!M$12 -> 17.053959 | P57: =SUM(D57:O57) -> 213.17448
A58: 2031 | B58: Carro ABC 50 kg | C58: Terminado | D58: =(datos_base!$G$3+datos_base!$G$36)*parametros_carros!B$13 -> 39.842548 | E58: =(datos_base!$G$3+datos_base!$G$36)*parametros_carros!C$13 -> 35.15519 | F58: =(datos_base!$G$3+datos_base!$G$36)*parametros_carros!D$13 -> 42.186228 | G58: =(datos_base!$G$3+datos_base!$G$36)*parametros_carros!E$13 -> 42.186228 | H58: =(datos_base!$G$3+datos_base!$G$36)*parametros_carros!F$13 -> 42.186228 | I58: =(datos_base!$G$3+datos_base!$G$36)*parametros_carros!G$13 -> 37.498869 | J58: =(datos_base!$G$3+datos_base!$G$36)*parametros_carros!H$13 -> 42.186228 | K58: =(datos_base!$G$3+datos_base!$G$36)*parametros_carros!I$13 -> 42.186228 | ... O58: =(datos_base!$G$3+datos_base!$G$36)*parametros_carros!M$13 -> 37.498869 | P58: =SUM(D58:O58) -> 468.73586
A59: 2031 | B59: Carro ABC 70 kg | C59: Terminado | D59: =(datos_base!$G$4+datos_base!$G$37)*parametros_carros!B$14 -> 8.6605269 | E59: =(datos_base!$G$4+datos_base!$G$37)*parametros_carros!C$14 -> 7.6416414 | F59: =(datos_base!$G$4+datos_base!$G$37)*parametros_carros!D$14 -> 9.1699697 | G59: =(datos_base!$G$4+datos_base!$G$37)*parametros_carros!E$14 -> 9.1699697 | H59: =(datos_base!$G$4+datos_base!$G$37)*parametros_carros!F$14 -> 9.1699697 | I59: =(datos_base!$G$4+datos_base!$G$37)*parametros_carros!G$14 -> 8.1510841 | J59: =(datos_base!$G$4+datos_base!$G$37)*parametros_carros!H$14 -> 9.1699697 | K59: =(datos_base!$G$4+datos_base!$G$37)*parametros_carros!I$14 -> 9.1699697 | ... O59: =(datos_base!$G$4+datos_base!$G$37)*parametros_carros!M$14 -> 8.1510841 | P59: =SUM(D59:O59) -> 101.88855
A60: 2031 | B60: Carro ABC 100 kg | C60: Terminado | D60: =(datos_base!$G$5+datos_base!$G$38)*parametros_carros!B$15 -> 5.8564179 | E60: =(datos_base!$G$5+datos_base!$G$38)*parametros_carros!C$15 -> 5.1674276 | F60: =(datos_base!$G$5+datos_base!$G$38)*parametros_carros!D$15 -> 6.2009131 | G60: =(datos_base!$G$5+datos_base!$G$38)*parametros_carros!E$15 -> 6.2009131 | H60: =(datos_base!$G$5+datos_base!$G$38)*parametros_carros!F$15 -> 6.2009131 | I60: =(datos_base!$G$5+datos_base!$G$38)*parametros_carros!G$15 -> 5.5119228 | J60: =(datos_base!$G$5+datos_base!$G$38)*parametros_carros!H$15 -> 6.2009131 | K60: =(datos_base!$G$5+datos_base!$G$38)*parametros_carros!I$15 -> 6.2009131 | ... O60: =(datos_base!$G$5+datos_base!$G$38)*parametros_carros!M$15 -> 5.5119228 | P60: =SUM(D60:O60) -> 68.899034
A61: 2031 | B61: Cilindros ABC 25 kg | C61: Cilindro | D61: =(datos_base!$G$9+datos_base!$G$40)*parametros_carros!B$12 -> 11.594 | E61: =(datos_base!$G$9+datos_base!$G$40)*parametros_carros!C$12 -> 10.23 | F61: =(datos_base!$G$9+datos_base!$G$40)*parametros_carros!D$12 -> 12.276 | G61: =(datos_base!$G$9+datos_base!$G$40)*parametros_carros!E$12 -> 12.276 | H61: =(datos_base!$G$9+datos_base!$G$40)*parametros_carros!F$12 -> 12.276 | I61: =(datos_base!$G$9+datos_base!$G$40)*parametros_carros!G$12 -> 10.912 | J61: =(datos_base!$G$9+datos_base!$G$40)*parametros_carros!H$12 -> 12.276 | K61: =(datos_base!$G$9+datos_base!$G$40)*parametros_carros!I$12 -> 12.276 | ... O61: =(datos_base!$G$9+datos_base!$G$40)*parametros_carros!M$12 -> 10.912 | P61: =SUM(D61:O61) -> 136.4
A62: 2031 | B62: Cilindros ABC 50 kg | C62: Cilindro | D62: =(datos_base!$G$10+datos_base!$G$41)*parametros_carros!B$13 -> 25.619 | E62: =(datos_base!$G$10+datos_base!$G$41)*parametros_carros!C$13 -> 22.605 | F62: =(datos_base!$G$10+datos_base!$G$41)*parametros_carros!D$13 -> 27.126 | G62: =(datos_base!$G$10+datos_base!$G$41)*parametros_carros!E$13 -> 27.126 | H62: =(datos_base!$G$10+datos_base!$G$41)*parametros_carros!F$13 -> 27.126 | I62: =(datos_base!$G$10+datos_base!$G$41)*parametros_carros!G$13 -> 24.112 | J62: =(datos_base!$G$10+datos_base!$G$41)*parametros_carros!H$13 -> 27.126 | K62: =(datos_base!$G$10+datos_base!$G$41)*parametros_carros!I$13 -> 27.126 | ... O62: =(datos_base!$G$10+datos_base!$G$41)*parametros_carros!M$13 -> 24.112 | P62: =SUM(D62:O62) -> 301.4
A63: 2031 | B63: Cilindros ABC 70 kg | C63: Cilindro | D63: =(datos_base!$G$11+datos_base!$G$42)*parametros_carros!B$14 -> 5.5794 | E63: =(datos_base!$G$11+datos_base!$G$42)*parametros_carros!C$14 -> 4.923 | F63: =(datos_base!$G$11+datos_base!$G$42)*parametros_carros!D$14 -> 5.9076 | G63: =(datos_base!$G$11+datos_base!$G$42)*parametros_carros!E$14 -> 5.9076 | H63: =(datos_base!$G$11+datos_base!$G$42)*parametros_carros!F$14 -> 5.9076 | I63: =(datos_base!$G$11+datos_base!$G$42)*parametros_carros!G$14 -> 5.2512 | J63: =(datos_base!$G$11+datos_base!$G$42)*parametros_carros!H$14 -> 5.9076 | K63: =(datos_base!$G$11+datos_base!$G$42)*parametros_carros!I$14 -> 5.9076 | ... O63: =(datos_base!$G$11+datos_base!$G$42)*parametros_carros!M$14 -> 5.2512 | P63: =SUM(D63:O63) -> 65.64
A64: 2031 | B64: Cilindros ABC 100 kg | C64: Cilindro | D64: =(datos_base!$G$12+datos_base!$G$43)*parametros_carros!B$15 -> 3.6516 | E64: =(datos_base!$G$12+datos_base!$G$43)*parametros_carros!C$15 -> 3.222 | F64: =(datos_base!$G$12+datos_base!$G$43)*parametros_carros!D$15 -> 3.8664 | G64: =(datos_base!$G$12+datos_base!$G$43)*parametros_carros!E$15 -> 3.8664 | H64: =(datos_base!$G$12+datos_base!$G$43)*parametros_carros!F$15 -> 3.8664 | I64: =(datos_base!$G$12+datos_base!$G$43)*parametros_carros!G$15 -> 3.4368 | J64: =(datos_base!$G$12+datos_base!$G$43)*parametros_carros!H$15 -> 3.8664 | K64: =(datos_base!$G$12+datos_base!$G$43)*parametros_carros!I$15 -> 3.8664 | ... O64: =(datos_base!$G$12+datos_base!$G$43)*parametros_carros!M$15 -> 3.4368 | P64: =SUM(D64:O64) -> 42.96
B65: Total recipientes | D65: =SUM(D57:D64) -> 118.92332 | E65: =SUM(E57:E64) -> 104.93234 | F65: =SUM(F57:F64) -> 125.91881 | G65: =SUM(G57:G64) -> 125.91881 | H65: =SUM(H57:H64) -> 125.91881 | I65: =SUM(I57:I64) -> 111.92783 | J65: =SUM(J57:J64) -> 125.91881 | K65: =SUM(K57:K64) -> 125.91881 | ... P65: =SUM(P57:P64) -> 1399.0979
A67: 2032 | B67: Producto | C67: Tipo | D67: Ene | E67: Feb | F67: Mar | G67: Abr | H67: May | I67: Jun | J67: Jul | K67: Ago | L67: Sep | M67: Oct | N67: Nov | O67: Dic | P67: Total anual
A68: 2032 | B68: Carro ABC 25 kg | C68: Terminado | D68: =(datos_base!$H$2+datos_base!$H$35)*parametros_carros!B$12 -> 23.204 | E68: =(datos_base!$H$2+datos_base!$H$35)*parametros_carros!C$12 -> 20.474117 | F68: =(datos_base!$H$2+datos_base!$H$35)*parametros_carros!D$12 -> 24.568941 | G68: =(datos_base!$H$2+datos_base!$H$35)*parametros_carros!E$12 -> 24.568941 | H68: =(datos_base!$H$2+datos_base!$H$35)*parametros_carros!F$12 -> 24.568941 | I68: =(datos_base!$H$2+datos_base!$H$35)*parametros_carros!G$12 -> 21.839059 | J68: =(datos_base!$H$2+datos_base!$H$35)*parametros_carros!H$12 -> 24.568941 | K68: =(datos_base!$H$2+datos_base!$H$35)*parametros_carros!I$12 -> 24.568941 | ... O68: =(datos_base!$H$2+datos_base!$H$35)*parametros_carros!M$12 -> 21.839059 | P68: =SUM(D68:O68) -> 272.98823
A69: 2032 | B69: Carro ABC 50 kg | C69: Terminado | D69: =(datos_base!$H$3+datos_base!$H$36)*parametros_carros!B$13 -> 51.04336 | E69: =(datos_base!$H$3+datos_base!$H$36)*parametros_carros!C$13 -> 45.038258 | F69: =(datos_base!$H$3+datos_base!$H$36)*parametros_carros!D$13 -> 54.04591 | G69: =(datos_base!$H$3+datos_base!$H$36)*parametros_carros!E$13 -> 54.04591 | H69: =(datos_base!$H$3+datos_base!$H$36)*parametros_carros!F$13 -> 54.04591 | I69: =(datos_base!$H$3+datos_base!$H$36)*parametros_carros!G$13 -> 48.040809 | J69: =(datos_base!$H$3+datos_base!$H$36)*parametros_carros!H$13 -> 54.04591 | K69: =(datos_base!$H$3+datos_base!$H$36)*parametros_carros!I$13 -> 54.04591 | ... O69: =(datos_base!$H$3+datos_base!$H$36)*parametros_carros!M$13 -> 48.040809 | P69: =SUM(D69:O69) -> 600.51011
A70: 2032 | B70: Carro ABC 70 kg | C70: Terminado | D70: =(datos_base!$H$4+datos_base!$H$37)*parametros_carros!B$14 -> 11.138464 | E70: =(datos_base!$H$4+datos_base!$H$37)*parametros_carros!C$14 -> 9.8280564 | F70: =(datos_base!$H$4+datos_base!$H$37)*parametros_carros!D$14 -> 11.793668 | G70: =(datos_base!$H$4+datos_base!$H$37)*parametros_carros!E$14 -> 11.793668 | H70: =(datos_base!$H$4+datos_base!$H$37)*parametros_carros!F$14 -> 11.793668 | I70: =(datos_base!$H$4+datos_base!$H$37)*parametros_carros!G$14 -> 10.48326 | J70: =(datos_base!$H$4+datos_base!$H$37)*parametros_carros!H$14 -> 11.793668 | K70: =(datos_base!$H$4+datos_base!$H$37)*parametros_carros!I$14 -> 11.793668 | ... O70: =(datos_base!$H$4+datos_base!$H$37)*parametros_carros!M$14 -> 10.48326 | P70: =SUM(D70:O70) -> 131.04075
A71: 2032 | B71: Carro ABC 100 kg | C71: Terminado | D71: =(datos_base!$H$5+datos_base!$H$38)*parametros_carros!B$15 -> 7.4301759 | E71: =(datos_base!$H$5+datos_base!$H$38)*parametros_carros!C$15 -> 6.5560376 | F71: =(datos_base!$H$5+datos_base!$H$38)*parametros_carros!D$15 -> 7.8672451 | G71: =(datos_base!$H$5+datos_base!$H$38)*parametros_carros!E$15 -> 7.8672451 | H71: =(datos_base!$H$5+datos_base!$H$38)*parametros_carros!F$15 -> 7.8672451 | I71: =(datos_base!$H$5+datos_base!$H$38)*parametros_carros!G$15 -> 6.9931068 | J71: =(datos_base!$H$5+datos_base!$H$38)*parametros_carros!H$15 -> 7.8672451 | K71: =(datos_base!$H$5+datos_base!$H$38)*parametros_carros!I$15 -> 7.8672451 | ... O71: =(datos_base!$H$5+datos_base!$H$38)*parametros_carros!M$15 -> 6.9931068 | P71: =SUM(D71:O71) -> 87.413835
A72: 2032 | B72: Cilindros ABC 25 kg | C72: Cilindro | D72: =(datos_base!$H$9+datos_base!$H$40)*parametros_carros!B$12 -> 16.3608 | E72: =(datos_base!$H$9+datos_base!$H$40)*parametros_carros!C$12 -> 14.436 | F72: =(datos_base!$H$9+datos_base!$H$40)*parametros_carros!D$12 -> 17.3232 | G72: =(datos_base!$H$9+datos_base!$H$40)*parametros_carros!E$12 -> 17.3232 | H72: =(datos_base!$H$9+datos_base!$H$40)*parametros_carros!F$12 -> 17.3232 | I72: =(datos_base!$H$9+datos_base!$H$40)*parametros_carros!G$12 -> 15.3984 | J72: =(datos_base!$H$9+datos_base!$H$40)*parametros_carros!H$12 -> 17.3232 | K72: =(datos_base!$H$9+datos_base!$H$40)*parametros_carros!I$12 -> 17.3232 | ... O72: =(datos_base!$H$9+datos_base!$H$40)*parametros_carros!M$12 -> 15.3984 | P72: =SUM(D72:O72) -> 192.48
A73: 2032 | B73: Cilindros ABC 50 kg | C73: Cilindro | D73: =(datos_base!$H$10+datos_base!$H$41)*parametros_carros!B$13 -> 36.0264 | E73: =(datos_base!$H$10+datos_base!$H$41)*parametros_carros!C$13 -> 31.788 | F73: =(datos_base!$H$10+datos_base!$H$41)*parametros_carros!D$13 -> 38.1456 | G73: =(datos_base!$H$10+datos_base!$H$41)*parametros_carros!E$13 -> 38.1456 | H73: =(datos_base!$H$10+datos_base!$H$41)*parametros_carros!F$13 -> 38.1456 | I73: =(datos_base!$H$10+datos_base!$H$41)*parametros_carros!G$13 -> 33.9072 | J73: =(datos_base!$H$10+datos_base!$H$41)*parametros_carros!H$13 -> 38.1456 | K73: =(datos_base!$H$10+datos_base!$H$41)*parametros_carros!I$13 -> 38.1456 | ... O73: =(datos_base!$H$10+datos_base!$H$41)*parametros_carros!M$13 -> 33.9072 | P73: =SUM(D73:O73) -> 423.84
A74: 2032 | B74: Cilindros ABC 70 kg | C74: Cilindro | D74: =(datos_base!$H$11+datos_base!$H$42)*parametros_carros!B$14 -> 7.9424 | E74: =(datos_base!$H$11+datos_base!$H$42)*parametros_carros!C$14 -> 7.008 | F74: =(datos_base!$H$11+datos_base!$H$42)*parametros_carros!D$14 -> 8.4096 | G74: =(datos_base!$H$11+datos_base!$H$42)*parametros_carros!E$14 -> 8.4096 | H74: =(datos_base!$H$11+datos_base!$H$42)*parametros_carros!F$14 -> 8.4096 | I74: =(datos_base!$H$11+datos_base!$H$42)*parametros_carros!G$14 -> 7.4752 | J74: =(datos_base!$H$11+datos_base!$H$42)*parametros_carros!H$14 -> 8.4096 | K74: =(datos_base!$H$11+datos_base!$H$42)*parametros_carros!I$14 -> 8.4096 | ... O74: =(datos_base!$H$11+datos_base!$H$42)*parametros_carros!M$14 -> 7.4752 | P74: =SUM(D74:O74) -> 93.44
A75: 2032 | B75: Cilindros ABC 100 kg | C75: Cilindro | D75: =(datos_base!$H$12+datos_base!$H$43)*parametros_carros!B$15 -> 5.2326 | E75: =(datos_base!$H$12+datos_base!$H$43)*parametros_carros!C$15 -> 4.617 | F75: =(datos_base!$H$12+datos_base!$H$43)*parametros_carros!D$15 -> 5.5404 | G75: =(datos_base!$H$12+datos_base!$H$43)*parametros_carros!E$15 -> 5.5404 | H75: =(datos_base!$H$12+datos_base!$H$43)*parametros_carros!F$15 -> 5.5404 | I75: =(datos_base!$H$12+datos_base!$H$43)*parametros_carros!G$15 -> 4.9248 | J75: =(datos_base!$H$12+datos_base!$H$43)*parametros_carros!H$15 -> 5.5404 | K75: =(datos_base!$H$12+datos_base!$H$43)*parametros_carros!I$15 -> 5.5404 | ... O75: =(datos_base!$H$12+datos_base!$H$43)*parametros_carros!M$15 -> 4.9248 | P75: =SUM(D75:O75) -> 61.56
B76: Total recipientes | D76: =SUM(D68:D75) -> 158.3782 | E76: =SUM(E68:E75) -> 139.74547 | F76: =SUM(F68:F75) -> 167.69456 | G76: =SUM(G68:G75) -> 167.69456 | H76: =SUM(H68:H75) -> 167.69456 | I76: =SUM(I68:I75) -> 149.06183 | J76: =SUM(J68:J75) -> 167.69456 | K76: =SUM(K68:K75) -> 167.69456 | ... P76: =SUM(P68:P75) -> 1863.2729
A78: 2033 | B78: Producto | C78: Tipo | D78: Ene | E78: Feb | F78: Mar | G78: Abr | H78: May | I78: Jun | J78: Jul | K78: Ago | L78: Sep | M78: Oct | N78: Nov | O78: Dic | P78: Total anual
A79: 2033 | B79: Carro ABC 25 kg | C79: Terminado | D79: =(datos_base!$I$2+datos_base!$I$35)*parametros_carros!B$12 -> 28.829337 | E79: =(datos_base!$I$2+datos_base!$I$35)*parametros_carros!C$12 -> 25.43765 | F79: =(datos_base!$I$2+datos_base!$I$35)*parametros_carros!D$12 -> 30.52518 | G79: =(datos_base!$I$2+datos_base!$I$35)*parametros_carros!E$12 -> 30.52518 | H79: =(datos_base!$I$2+datos_base!$I$35)*parametros_carros!F$12 -> 30.52518 | I79: =(datos_base!$I$2+datos_base!$I$35)*parametros_carros!G$12 -> 27.133494 | J79: =(datos_base!$I$2+datos_base!$I$35)*parametros_carros!H$12 -> 30.52518 | K79: =(datos_base!$I$2+datos_base!$I$35)*parametros_carros!I$12 -> 30.52518 | ... O79: =(datos_base!$I$2+datos_base!$I$35)*parametros_carros!M$12 -> 27.133494 | P79: =SUM(D79:O79) -> 339.16867
A80: 2033 | B80: Carro ABC 50 kg | C80: Terminado | D80: =(datos_base!$I$3+datos_base!$I$36)*parametros_carros!B$13 -> 63.317101 | E80: =(datos_base!$I$3+datos_base!$I$36)*parametros_carros!C$13 -> 55.868031 | F80: =(datos_base!$I$3+datos_base!$I$36)*parametros_carros!D$13 -> 67.041637 | G80: =(datos_base!$I$3+datos_base!$I$36)*parametros_carros!E$13 -> 67.041637 | H80: =(datos_base!$I$3+datos_base!$I$36)*parametros_carros!F$13 -> 67.041637 | I80: =(datos_base!$I$3+datos_base!$I$36)*parametros_carros!G$13 -> 59.592566 | J80: =(datos_base!$I$3+datos_base!$I$36)*parametros_carros!H$13 -> 67.041637 | K80: =(datos_base!$I$3+datos_base!$I$36)*parametros_carros!I$13 -> 67.041637 | ... O80: =(datos_base!$I$3+datos_base!$I$36)*parametros_carros!M$13 -> 59.592566 | P80: =SUM(D80:O80) -> 744.90708
A81: 2033 | B81: Carro ABC 70 kg | C81: Terminado | D81: =(datos_base!$I$4+datos_base!$I$37)*parametros_carros!B$14 -> 13.797826 | E81: =(datos_base!$I$4+datos_base!$I$37)*parametros_carros!C$14 -> 12.174552 | F81: =(datos_base!$I$4+datos_base!$I$37)*parametros_carros!D$14 -> 14.609463 | G81: =(datos_base!$I$4+datos_base!$I$37)*parametros_carros!E$14 -> 14.609463 | H81: =(datos_base!$I$4+datos_base!$I$37)*parametros_carros!F$14 -> 14.609463 | I81: =(datos_base!$I$4+datos_base!$I$37)*parametros_carros!G$14 -> 12.986189 | J81: =(datos_base!$I$4+datos_base!$I$37)*parametros_carros!H$14 -> 14.609463 | K81: =(datos_base!$I$4+datos_base!$I$37)*parametros_carros!I$14 -> 14.609463 | ... O81: =(datos_base!$I$4+datos_base!$I$37)*parametros_carros!M$14 -> 12.986189 | P81: =SUM(D81:O81) -> 162.32736
A82: 2033 | B82: Carro ABC 100 kg | C82: Terminado | D82: =(datos_base!$I$5+datos_base!$I$38)*parametros_carros!B$15 -> 9.2030838 | E82: =(datos_base!$I$5+datos_base!$I$38)*parametros_carros!C$15 -> 8.1203681 | F82: =(datos_base!$I$5+datos_base!$I$38)*parametros_carros!D$15 -> 9.7444417 | G82: =(datos_base!$I$5+datos_base!$I$38)*parametros_carros!E$15 -> 9.7444417 | H82: =(datos_base!$I$5+datos_base!$I$38)*parametros_carros!F$15 -> 9.7444417 | I82: =(datos_base!$I$5+datos_base!$I$38)*parametros_carros!G$15 -> 8.661726 | J82: =(datos_base!$I$5+datos_base!$I$38)*parametros_carros!H$15 -> 9.7444417 | K82: =(datos_base!$I$5+datos_base!$I$38)*parametros_carros!I$15 -> 9.7444417 | ... O82: =(datos_base!$I$5+datos_base!$I$38)*parametros_carros!M$15 -> 8.661726 | P82: =SUM(D82:O82) -> 108.27157
A83: 2033 | B83: Cilindros ABC 25 kg | C83: Cilindro | D83: =(datos_base!$I$9+datos_base!$I$40)*parametros_carros!B$12 -> 21.1276 | E83: =(datos_base!$I$9+datos_base!$I$40)*parametros_carros!C$12 -> 18.642 | F83: =(datos_base!$I$9+datos_base!$I$40)*parametros_carros!D$12 -> 22.3704 | G83: =(datos_base!$I$9+datos_base!$I$40)*parametros_carros!E$12 -> 22.3704 | H83: =(datos_base!$I$9+datos_base!$I$40)*parametros_carros!F$12 -> 22.3704 | I83: =(datos_base!$I$9+datos_base!$I$40)*parametros_carros!G$12 -> 19.8848 | J83: =(datos_base!$I$9+datos_base!$I$40)*parametros_carros!H$12 -> 22.3704 | K83: =(datos_base!$I$9+datos_base!$I$40)*parametros_carros!I$12 -> 22.3704 | ... O83: =(datos_base!$I$9+datos_base!$I$40)*parametros_carros!M$12 -> 19.8848 | P83: =SUM(D83:O83) -> 248.56
A84: 2033 | B84: Cilindros ABC 50 kg | C84: Cilindro | D84: =(datos_base!$I$10+datos_base!$I$41)*parametros_carros!B$13 -> 46.512 | E84: =(datos_base!$I$10+datos_base!$I$41)*parametros_carros!C$13 -> 41.04 | F84: =(datos_base!$I$10+datos_base!$I$41)*parametros_carros!D$13 -> 49.248 | G84: =(datos_base!$I$10+datos_base!$I$41)*parametros_carros!E$13 -> 49.248 | H84: =(datos_base!$I$10+datos_base!$I$41)*parametros_carros!F$13 -> 49.248 | I84: =(datos_base!$I$10+datos_base!$I$41)*parametros_carros!G$13 -> 43.776 | J84: =(datos_base!$I$10+datos_base!$I$41)*parametros_carros!H$13 -> 49.248 | K84: =(datos_base!$I$10+datos_base!$I$41)*parametros_carros!I$13 -> 49.248 | ... O84: =(datos_base!$I$10+datos_base!$I$41)*parametros_carros!M$13 -> 43.776 | P84: =SUM(D84:O84) -> 547.2
A85: 2033 | B85: Cilindros ABC 70 kg | C85: Cilindro | D85: =(datos_base!$I$11+datos_base!$I$42)*parametros_carros!B$14 -> 10.1422 | E85: =(datos_base!$I$11+datos_base!$I$42)*parametros_carros!C$14 -> 8.949 | F85: =(datos_base!$I$11+datos_base!$I$42)*parametros_carros!D$14 -> 10.7388 | G85: =(datos_base!$I$11+datos_base!$I$42)*parametros_carros!E$14 -> 10.7388 | H85: =(datos_base!$I$11+datos_base!$I$42)*parametros_carros!F$14 -> 10.7388 | I85: =(datos_base!$I$11+datos_base!$I$42)*parametros_carros!G$14 -> 9.5456 | J85: =(datos_base!$I$11+datos_base!$I$42)*parametros_carros!H$14 -> 10.7388 | K85: =(datos_base!$I$11+datos_base!$I$42)*parametros_carros!I$14 -> 10.7388 | ... O85: =(datos_base!$I$11+datos_base!$I$42)*parametros_carros!M$14 -> 9.5456 | P85: =SUM(D85:O85) -> 119.32
A86: 2033 | B86: Cilindros ABC 100 kg | C86: Cilindro | D86: =(datos_base!$I$12+datos_base!$I$43)*parametros_carros!B$15 -> 6.6504 | E86: =(datos_base!$I$12+datos_base!$I$43)*parametros_carros!C$15 -> 5.868 | F86: =(datos_base!$I$12+datos_base!$I$43)*parametros_carros!D$15 -> 7.0416 | G86: =(datos_base!$I$12+datos_base!$I$43)*parametros_carros!E$15 -> 7.0416 | H86: =(datos_base!$I$12+datos_base!$I$43)*parametros_carros!F$15 -> 7.0416 | I86: =(datos_base!$I$12+datos_base!$I$43)*parametros_carros!G$15 -> 6.2592 | J86: =(datos_base!$I$12+datos_base!$I$43)*parametros_carros!H$15 -> 7.0416 | K86: =(datos_base!$I$12+datos_base!$I$43)*parametros_carros!I$15 -> 7.0416 | ... O86: =(datos_base!$I$12+datos_base!$I$43)*parametros_carros!M$15 -> 6.2592 | P86: =SUM(D86:O86) -> 78.24
B87: Total recipientes | D87: =SUM(D79:D86) -> 199.57955 | E87: =SUM(E79:E86) -> 176.0996 | F87: =SUM(F79:F86) -> 211.31952 | G87: =SUM(G79:G86) -> 211.31952 | H87: =SUM(H79:H86) -> 211.31952 | I87: =SUM(I79:I86) -> 187.83957 | J87: =SUM(J79:J86) -> 211.31952 | K87: =SUM(K79:K86) -> 211.31952 | ... P87: =SUM(P79:P86) -> 2347.9947
A89: 2034 | B89: Producto | C89: Tipo | D89: Ene | E89: Feb | F89: Mar | G89: Abr | H89: May | I89: Jun | J89: Jul | K89: Ago | L89: Sep | M89: Oct | N89: Nov | O89: Dic | P89: Total anual
A90: 2034 | B90: Carro ABC 25 kg | C90: Terminado | D90: =(datos_base!$J$2+datos_base!$J$35)*parametros_carros!B$12 -> 33.49233 | E90: =(datos_base!$J$2+datos_base!$J$35)*parametros_carros!C$12 -> 29.552056 | F90: =(datos_base!$J$2+datos_base!$J$35)*parametros_carros!D$12 -> 35.462467 | G90: =(datos_base!$J$2+datos_base!$J$35)*parametros_carros!E$12 -> 35.462467 | H90: =(datos_base!$J$2+datos_base!$J$35)*parametros_carros!F$12 -> 35.462467 | I90: =(datos_base!$J$2+datos_base!$J$35)*parametros_carros!G$12 -> 31.522193 | J90: =(datos_base!$J$2+datos_base!$J$35)*parametros_carros!H$12 -> 35.462467 | K90: =(datos_base!$J$2+datos_base!$J$35)*parametros_carros!I$12 -> 35.462467 | ... O90: =(datos_base!$J$2+datos_base!$J$35)*parametros_carros!M$12 -> 31.522193 | P90: =SUM(D90:O90) -> 394.02742
A91: 2034 | B91: Carro ABC 50 kg | C91: Terminado | D91: =(datos_base!$J$3+datos_base!$J$36)*parametros_carros!B$13 -> 73.754527 | E91: =(datos_base!$J$3+datos_base!$J$36)*parametros_carros!C$13 -> 65.077524 | F91: =(datos_base!$J$3+datos_base!$J$36)*parametros_carros!D$13 -> 78.093028 | G91: =(datos_base!$J$3+datos_base!$J$36)*parametros_carros!E$13 -> 78.093028 | H91: =(datos_base!$J$3+datos_base!$J$36)*parametros_carros!F$13 -> 78.093028 | I91: =(datos_base!$J$3+datos_base!$J$36)*parametros_carros!G$13 -> 69.416025 | J91: =(datos_base!$J$3+datos_base!$J$36)*parametros_carros!H$13 -> 78.093028 | K91: =(datos_base!$J$3+datos_base!$J$36)*parametros_carros!I$13 -> 78.093028 | ... O91: =(datos_base!$J$3+datos_base!$J$36)*parametros_carros!M$13 -> 69.416025 | P91: =SUM(D91:O91) -> 867.70031
A92: 2034 | B92: Carro ABC 70 kg | C92: Terminado | D92: =(datos_base!$J$4+datos_base!$J$37)*parametros_carros!B$14 -> 16.158599 | E92: =(datos_base!$J$4+datos_base!$J$37)*parametros_carros!C$14 -> 14.257587 | F92: =(datos_base!$J$4+datos_base!$J$37)*parametros_carros!D$14 -> 17.109104 | G92: =(datos_base!$J$4+datos_base!$J$37)*parametros_carros!E$14 -> 17.109104 | H92: =(datos_base!$J$4+datos_base!$J$37)*parametros_carros!F$14 -> 17.109104 | I92: =(datos_base!$J$4+datos_base!$J$37)*parametros_carros!G$14 -> 15.208093 | J92: =(datos_base!$J$4+datos_base!$J$37)*parametros_carros!H$14 -> 17.109104 | K92: =(datos_base!$J$4+datos_base!$J$37)*parametros_carros!I$14 -> 17.109104 | ... O92: =(datos_base!$J$4+datos_base!$J$37)*parametros_carros!M$14 -> 15.208093 | P92: =SUM(D92:O92) -> 190.10116
A93: 2034 | B93: Carro ABC 100 kg | C93: Terminado | D93: =(datos_base!$J$5+datos_base!$J$38)*parametros_carros!B$15 -> 10.720266 | E93: =(datos_base!$J$5+datos_base!$J$38)*parametros_carros!C$15 -> 9.459058 | F93: =(datos_base!$J$5+datos_base!$J$38)*parametros_carros!D$15 -> 11.35087 | G93: =(datos_base!$J$5+datos_base!$J$38)*parametros_carros!E$15 -> 11.35087 | H93: =(datos_base!$J$5+datos_base!$J$38)*parametros_carros!F$15 -> 11.35087 | I93: =(datos_base!$J$5+datos_base!$J$38)*parametros_carros!G$15 -> 10.089662 | J93: =(datos_base!$J$5+datos_base!$J$38)*parametros_carros!H$15 -> 11.35087 | K93: =(datos_base!$J$5+datos_base!$J$38)*parametros_carros!I$15 -> 11.35087 | ... O93: =(datos_base!$J$5+datos_base!$J$38)*parametros_carros!M$15 -> 10.089662 | P93: =SUM(D93:O93) -> 126.12077
A94: 2034 | B94: Cilindros ABC 25 kg | C94: Cilindro | D94: =(datos_base!$J$9+datos_base!$J$40)*parametros_carros!B$12 -> 23.5994 | E94: =(datos_base!$J$9+datos_base!$J$40)*parametros_carros!C$12 -> 20.823 | F94: =(datos_base!$J$9+datos_base!$J$40)*parametros_carros!D$12 -> 24.9876 | G94: =(datos_base!$J$9+datos_base!$J$40)*parametros_carros!E$12 -> 24.9876 | H94: =(datos_base!$J$9+datos_base!$J$40)*parametros_carros!F$12 -> 24.9876 | I94: =(datos_base!$J$9+datos_base!$J$40)*parametros_carros!G$12 -> 22.2112 | J94: =(datos_base!$J$9+datos_base!$J$40)*parametros_carros!H$12 -> 24.9876 | K94: =(datos_base!$J$9+datos_base!$J$40)*parametros_carros!I$12 -> 24.9876 | ... O94: =(datos_base!$J$9+datos_base!$J$40)*parametros_carros!M$12 -> 22.2112 | P94: =SUM(D94:O94) -> 277.64
A95: 2034 | B95: Cilindros ABC 50 kg | C95: Cilindro | D95: =(datos_base!$J$10+datos_base!$J$41)*parametros_carros!B$13 -> 52.0166 | E95: =(datos_base!$J$10+datos_base!$J$41)*parametros_carros!C$13 -> 45.897 | F95: =(datos_base!$J$10+datos_base!$J$41)*parametros_carros!D$13 -> 55.0764 | G95: =(datos_base!$J$10+datos_base!$J$41)*parametros_carros!E$13 -> 55.0764 | H95: =(datos_base!$J$10+datos_base!$J$41)*parametros_carros!F$13 -> 55.0764 | I95: =(datos_base!$J$10+datos_base!$J$41)*parametros_carros!G$13 -> 48.9568 | J95: =(datos_base!$J$10+datos_base!$J$41)*parametros_carros!H$13 -> 55.0764 | K95: =(datos_base!$J$10+datos_base!$J$41)*parametros_carros!I$13 -> 55.0764 | ... O95: =(datos_base!$J$10+datos_base!$J$41)*parametros_carros!M$13 -> 48.9568 | P95: =SUM(D95:O95) -> 611.96
A96: 2034 | B96: Cilindros ABC 70 kg | C96: Cilindro | D96: =(datos_base!$J$11+datos_base!$J$42)*parametros_carros!B$14 -> 11.3662 | E96: =(datos_base!$J$11+datos_base!$J$42)*parametros_carros!C$14 -> 10.029 | F96: =(datos_base!$J$11+datos_base!$J$42)*parametros_carros!D$14 -> 12.0348 | G96: =(datos_base!$J$11+datos_base!$J$42)*parametros_carros!E$14 -> 12.0348 | H96: =(datos_base!$J$11+datos_base!$J$42)*parametros_carros!F$14 -> 12.0348 | I96: =(datos_base!$J$11+datos_base!$J$42)*parametros_carros!G$14 -> 10.6976 | J96: =(datos_base!$J$11+datos_base!$J$42)*parametros_carros!H$14 -> 12.0348 | K96: =(datos_base!$J$11+datos_base!$J$42)*parametros_carros!I$14 -> 12.0348 | ... O96: =(datos_base!$J$11+datos_base!$J$42)*parametros_carros!M$14 -> 10.6976 | P96: =SUM(D96:O96) -> 133.72
A97: 2034 | B97: Cilindros ABC 100 kg | C97: Cilindro | D97: =(datos_base!$J$12+datos_base!$J$43)*parametros_carros!B$15 -> 7.4664 | E97: =(datos_base!$J$12+datos_base!$J$43)*parametros_carros!C$15 -> 6.588 | F97: =(datos_base!$J$12+datos_base!$J$43)*parametros_carros!D$15 -> 7.9056 | G97: =(datos_base!$J$12+datos_base!$J$43)*parametros_carros!E$15 -> 7.9056 | H97: =(datos_base!$J$12+datos_base!$J$43)*parametros_carros!F$15 -> 7.9056 | I97: =(datos_base!$J$12+datos_base!$J$43)*parametros_carros!G$15 -> 7.0272 | J97: =(datos_base!$J$12+datos_base!$J$43)*parametros_carros!H$15 -> 7.9056 | K97: =(datos_base!$J$12+datos_base!$J$43)*parametros_carros!I$15 -> 7.9056 | ... O97: =(datos_base!$J$12+datos_base!$J$43)*parametros_carros!M$15 -> 7.0272 | P97: =SUM(D97:O97) -> 87.84
B98: Total recipientes | D98: =SUM(D90:D97) -> 228.57432 | E98: =SUM(E90:E97) -> 201.68322 | F98: =SUM(F90:F97) -> 242.01987 | G98: =SUM(G90:G97) -> 242.01987 | H98: =SUM(H90:H97) -> 242.01987 | I98: =SUM(I90:I97) -> 215.12877 | J98: =SUM(J90:J97) -> 242.01987 | K98: =SUM(K90:K97) -> 242.01987 | ... P98: =SUM(P90:P97) -> 2689.1097
A100: 2035 | B100: Producto | C100: Tipo | D100: Ene | E100: Feb | F100: Mar | G100: Abr | H100: May | I100: Jun | J100: Jul | K100: Ago | L100: Sep | M100: Oct | N100: Nov | O100: Dic | P100: Total anual
A101: 2035 | B101: Carro ABC 25 kg | C101: Terminado | D101: =(datos_base!$K$2+datos_base!$K$35)*parametros_carros!B$12 -> 38.561995 | E101: =(datos_base!$K$2+datos_base!$K$35)*parametros_carros!C$12 -> 34.02529 | F101: =(datos_base!$K$2+datos_base!$K$35)*parametros_carros!D$12 -> 40.830348 | G101: =(datos_base!$K$2+datos_base!$K$35)*parametros_carros!E$12 -> 40.830348 | H101: =(datos_base!$K$2+datos_base!$K$35)*parametros_carros!F$12 -> 40.830348 | I101: =(datos_base!$K$2+datos_base!$K$35)*parametros_carros!G$12 -> 36.293643 | J101: =(datos_base!$K$2+datos_base!$K$35)*parametros_carros!H$12 -> 40.830348 | K101: =(datos_base!$K$2+datos_base!$K$35)*parametros_carros!I$12 -> 40.830348 | ... O101: =(datos_base!$K$2+datos_base!$K$35)*parametros_carros!M$12 -> 36.293643 | P101: =SUM(D101:O101) -> 453.67053
A102: 2035 | B102: Carro ABC 50 kg | C102: Terminado | D102: =(datos_base!$K$3+datos_base!$K$36)*parametros_carros!B$13 -> 84.91459 | E102: =(datos_base!$K$3+datos_base!$K$36)*parametros_carros!C$13 -> 74.924638 | F102: =(datos_base!$K$3+datos_base!$K$36)*parametros_carros!D$13 -> 89.909566 | G102: =(datos_base!$K$3+datos_base!$K$36)*parametros_carros!E$13 -> 89.909566 | H102: =(datos_base!$K$3+datos_base!$K$36)*parametros_carros!F$13 -> 89.909566 | I102: =(datos_base!$K$3+datos_base!$K$36)*parametros_carros!G$13 -> 79.919614 | J102: =(datos_base!$K$3+datos_base!$K$36)*parametros_carros!H$13 -> 89.909566 | K102: =(datos_base!$K$3+datos_base!$K$36)*parametros_carros!I$13 -> 89.909566 | ... O102: =(datos_base!$K$3+datos_base!$K$36)*parametros_carros!M$13 -> 79.919614 | P102: =SUM(D102:O102) -> 998.99517
A103: 2035 | B103: Carro ABC 70 kg | C103: Terminado | D103: =(datos_base!$K$4+datos_base!$K$37)*parametros_carros!B$14 -> 18.513838 | E103: =(datos_base!$K$4+datos_base!$K$37)*parametros_carros!C$14 -> 16.335739 | F103: =(datos_base!$K$4+datos_base!$K$37)*parametros_carros!D$14 -> 19.602887 | G103: =(datos_base!$K$4+datos_base!$K$37)*parametros_carros!E$14 -> 19.602887 | H103: =(datos_base!$K$4+datos_base!$K$37)*parametros_carros!F$14 -> 19.602887 | I103: =(datos_base!$K$4+datos_base!$K$37)*parametros_carros!G$14 -> 17.424788 | J103: =(datos_base!$K$4+datos_base!$K$37)*parametros_carros!H$14 -> 19.602887 | K103: =(datos_base!$K$4+datos_base!$K$37)*parametros_carros!I$14 -> 19.602887 | ... O103: =(datos_base!$K$4+datos_base!$K$37)*parametros_carros!M$14 -> 17.424788 | P103: =SUM(D103:O103) -> 217.80986
A104: 2035 | B104: Carro ABC 100 kg | C104: Terminado | D104: =(datos_base!$K$5+datos_base!$K$38)*parametros_carros!B$15 -> 12.342559 | E104: =(datos_base!$K$5+datos_base!$K$38)*parametros_carros!C$15 -> 10.890493 | F104: =(datos_base!$K$5+datos_base!$K$38)*parametros_carros!D$15 -> 13.068591 | G104: =(datos_base!$K$5+datos_base!$K$38)*parametros_carros!E$15 -> 13.068591 | H104: =(datos_base!$K$5+datos_base!$K$38)*parametros_carros!F$15 -> 13.068591 | I104: =(datos_base!$K$5+datos_base!$K$38)*parametros_carros!G$15 -> 11.616526 | J104: =(datos_base!$K$5+datos_base!$K$38)*parametros_carros!H$15 -> 13.068591 | K104: =(datos_base!$K$5+datos_base!$K$38)*parametros_carros!I$15 -> 13.068591 | ... O104: =(datos_base!$K$5+datos_base!$K$38)*parametros_carros!M$15 -> 11.616526 | P104: =SUM(D104:O104) -> 145.20657
A105: 2035 | B105: Cilindros ABC 25 kg | C105: Cilindro | D105: =(datos_base!$K$9+datos_base!$K$40)*parametros_carros!B$12 -> 27.5094 | E105: =(datos_base!$K$9+datos_base!$K$40)*parametros_carros!C$12 -> 24.273 | F105: =(datos_base!$K$9+datos_base!$K$40)*parametros_carros!D$12 -> 29.1276 | G105: =(datos_base!$K$9+datos_base!$K$40)*parametros_carros!E$12 -> 29.1276 | H105: =(datos_base!$K$9+datos_base!$K$40)*parametros_carros!F$12 -> 29.1276 | I105: =(datos_base!$K$9+datos_base!$K$40)*parametros_carros!G$12 -> 25.8912 | J105: =(datos_base!$K$9+datos_base!$K$40)*parametros_carros!H$12 -> 29.1276 | K105: =(datos_base!$K$9+datos_base!$K$40)*parametros_carros!I$12 -> 29.1276 | ... O105: =(datos_base!$K$9+datos_base!$K$40)*parametros_carros!M$12 -> 25.8912 | P105: =SUM(D105:O105) -> 323.64
A106: 2035 | B106: Cilindros ABC 50 kg | C106: Cilindro | D106: =(datos_base!$K$10+datos_base!$K$41)*parametros_carros!B$13 -> 60.3874 | E106: =(datos_base!$K$10+datos_base!$K$41)*parametros_carros!C$13 -> 53.283 | F106: =(datos_base!$K$10+datos_base!$K$41)*parametros_carros!D$13 -> 63.9396 | G106: =(datos_base!$K$10+datos_base!$K$41)*parametros_carros!E$13 -> 63.9396 | H106: =(datos_base!$K$10+datos_base!$K$41)*parametros_carros!F$13 -> 63.9396 | I106: =(datos_base!$K$10+datos_base!$K$41)*parametros_carros!G$13 -> 56.8352 | J106: =(datos_base!$K$10+datos_base!$K$41)*parametros_carros!H$13 -> 63.9396 | K106: =(datos_base!$K$10+datos_base!$K$41)*parametros_carros!I$13 -> 63.9396 | ... O106: =(datos_base!$K$10+datos_base!$K$41)*parametros_carros!M$13 -> 56.8352 | P106: =SUM(D106:O106) -> 710.44
A107: 2035 | B107: Cilindros ABC 70 kg | C107: Cilindro | D107: =(datos_base!$K$11+datos_base!$K$42)*parametros_carros!B$14 -> 13.2872 | E107: =(datos_base!$K$11+datos_base!$K$42)*parametros_carros!C$14 -> 11.724 | F107: =(datos_base!$K$11+datos_base!$K$42)*parametros_carros!D$14 -> 14.0688 | G107: =(datos_base!$K$11+datos_base!$K$42)*parametros_carros!E$14 -> 14.0688 | H107: =(datos_base!$K$11+datos_base!$K$42)*parametros_carros!F$14 -> 14.0688 | I107: =(datos_base!$K$11+datos_base!$K$42)*parametros_carros!G$14 -> 12.5056 | J107: =(datos_base!$K$11+datos_base!$K$42)*parametros_carros!H$14 -> 14.0688 | K107: =(datos_base!$K$11+datos_base!$K$42)*parametros_carros!I$14 -> 14.0688 | ... O107: =(datos_base!$K$11+datos_base!$K$42)*parametros_carros!M$14 -> 12.5056 | P107: =SUM(D107:O107) -> 156.32
A108: 2035 | B108: Cilindros ABC 100 kg | C108: Cilindro | D108: =(datos_base!$K$12+datos_base!$K$43)*parametros_carros!B$15 -> 8.6904 | E108: =(datos_base!$K$12+datos_base!$K$43)*parametros_carros!C$15 -> 7.668 | F108: =(datos_base!$K$12+datos_base!$K$43)*parametros_carros!D$15 -> 9.2016 | G108: =(datos_base!$K$12+datos_base!$K$43)*parametros_carros!E$15 -> 9.2016 | H108: =(datos_base!$K$12+datos_base!$K$43)*parametros_carros!F$15 -> 9.2016 | I108: =(datos_base!$K$12+datos_base!$K$43)*parametros_carros!G$15 -> 8.1792 | J108: =(datos_base!$K$12+datos_base!$K$43)*parametros_carros!H$15 -> 9.2016 | K108: =(datos_base!$K$12+datos_base!$K$43)*parametros_carros!I$15 -> 9.2016 | ... O108: =(datos_base!$K$12+datos_base!$K$43)*parametros_carros!M$15 -> 8.1792 | P108: =SUM(D108:O108) -> 102.24
B109: Total recipientes | D109: =SUM(D101:D108) -> 264.20738 | E109: =SUM(E101:E108) -> 233.12416 | F109: =SUM(F101:F108) -> 279.74899 | G109: =SUM(G101:G108) -> 279.74899 | H109: =SUM(H101:H108) -> 279.74899 | I109: =SUM(I101:I108) -> 248.66577 | J109: =SUM(J101:J108) -> 279.74899 | K109: =SUM(K101:K108) -> 279.74899 | ... P109: =SUM(P101:P108) -> 3108.3221

Sheet Demanda por puesto
A1: Año 2026 — carga (h/mes) | B1: Ene | C1: Feb | D1: Mar | E1: Abr | F1: May | G1: Jun | H1: Jul | I1: Ago | J1: Sep | K1: Oct | L1: Nov | M1: Dic | N1: Total anual (h) | O1: Mes pico (h/mes) | P1: Ocupación pico (1 puesto, 1 turno, con fijos) | Q1: Mes pico
A2: =parametros_carros!$B$19 -> Recepción de materia prima | B2: =(parametros_carros!$D$19*('Plan mensual'!D2+IF(parametros_carros!$H$19="Todos",'Plan mensual'!D6,0))+parametros_carros!$E$19*('Plan mensual'!D3+IF(parametros_carros!$H$19="Todos",'Plan mensual'!D7,0))+parametros_carros!$F$19*('Plan mensual'!D4+IF(parametros_carros!$H$19="Todos",'Plan mensual'!D8,0))+parametros_carros!$G$19*('Plan mensual'!D5+IF(parametros_carros!$H$19="Todos",'Plan mensual'!D9,0)))/60 -> 0.36415314 | C2: =(parametros_carros!$D$19*('Plan mensual'!E2+IF(parametros_carros!$H$19="Todos",'Plan mensual'!E6,0))+parametros_carros!$E$19*('Plan mensual'!E3+IF(parametros_carros!$H$19="Todos",'Plan mensual'!E7,0))+parametros_carros!$F$19*('Plan mensual'!E4+IF(parametros_carros!$H$19="Todos",'Plan mensual'!E8,0))+parametros_carros!$G$19*('Plan mensual'!E5+IF(parametros_carros!$H$19="Todos",'Plan mensual'!E9,0)))/60 -> 0.32131159 | D2: =(parametros_carros!$D$19*('Plan mensual'!F2+IF(parametros_carros!$H$19="Todos",'Plan mensual'!F6,0))+parametros_carros!$E$19*('Plan mensual'!F3+IF(parametros_carros!$H$19="Todos",'Plan mensual'!F7,0))+parametros_carros!$F$19*('Plan mensual'!F4+IF(parametros_carros!$H$19="Todos",'Plan mensual'!F8,0))+parametros_carros!$G$19*('Plan mensual'!F5+IF(parametros_carros!$H$19="Todos",'Plan mensual'!F9,0)))/60 -> 0.38557391 | E2: =(parametros_carros!$D$19*('Plan mensual'!G2+IF(parametros_carros!$H$19="Todos",'Plan mensual'!G6,0))+parametros_carros!$E$19*('Plan mensual'!G3+IF(parametros_carros!$H$19="Todos",'Plan mensual'!G7,0))+parametros_carros!$F$19*('Plan mensual'!G4+IF(parametros_carros!$H$19="Todos",'Plan mensual'!G8,0))+parametros_carros!$G$19*('Plan mensual'!G5+IF(parametros_carros!$H$19="Todos",'Plan mensual'!G9,0)))/60 -> 0.38557391 | F2: =(parametros_carros!$D$19*('Plan mensual'!H2+IF(parametros_carros!$H$19="Todos",'Plan mensual'!H6,0))+parametros_carros!$E$19*('Plan mensual'!H3+IF(parametros_carros!$H$19="Todos",'Plan mensual'!H7,0))+parametros_carros!$F$19*('Plan mensual'!H4+IF(parametros_carros!$H$19="Todos",'Plan mensual'!H8,0))+parametros_carros!$G$19*('Plan mensual'!H5+IF(parametros_carros!$H$19="Todos",'Plan mensual'!H9,0)))/60 -> 0.38557391 | G2: =(parametros_carros!$D$19*('Plan mensual'!I2+IF(parametros_carros!$H$19="Todos",'Plan mensual'!I6,0))+parametros_carros!$E$19*('Plan mensual'!I3+IF(parametros_carros!$H$19="Todos",'Plan mensual'!I7,0))+parametros_carros!$F$19*('Plan mensual'!I4+IF(parametros_carros!$H$19="Todos",'Plan mensual'!I8,0))+parametros_carros!$G$19*('Plan mensual'!I5+IF(parametros_carros!$H$19="Todos",'Plan mensual'!I9,0)))/60 -> 0.34273236 | H2: =(parametros_carros!$D$19*('Plan mensual'!J2+IF(parametros_carros!$H$19="Todos",'Plan mensual'!J6,0))+parametros_carros!$E$19*('Plan mensual'!J3+IF(parametros_carros!$H$19="Todos",'Plan mensual'!J7,0))+parametros_carros!$F$19*('Plan mensual'!J4+IF(parametros_carros!$H$19="Todos",'Plan mensual'!J8,0))+parametros_carros!$G$19*('Plan mensual'!J5+IF(parametros_carros!$H$19="Todos",'Plan mensual'!J9,0)))/60 -> 0.38557391 | I2: =(parametros_carros!$D$19*('Plan mensual'!K2+IF(parametros_carros!$H$19="Todos",'Plan mensual'!K6,0))+parametros_carros!$E$19*('Plan mensual'!K3+IF(parametros_carros!$H$19="Todos",'Plan mensual'!K7,0))+parametros_carros!$F$19*('Plan mensual'!K4+IF(parametros_carros!$H$19="Todos",'Plan mensual'!K8,0))+parametros_carros!$G$19*('Plan mensual'!K5+IF(parametros_carros!$H$19="Todos",'Plan mensual'!K9,0)))/60 -> 0.38557391 | ... M2: =(parametros_carros!$D$19*('Plan mensual'!O2+IF(parametros_carros!$H$19="Todos",'Plan mensual'!O6,0))+parametros_carros!$E$19*('Plan mensual'!O3+IF(parametros_carros!$H$19="Todos",'Plan mensual'!O7,0))+parametros_carros!$F$19*('Plan mensual'!O4+IF(parametros_carros!$H$19="Todos",'Plan mensual'!O8,0))+parametros_carros!$G$19*('Plan mensual'!O5+IF(parametros_carros!$H$19="Todos",'Plan mensual'!O9,0)))/60 -> 0.34273236 | N2: =SUM(B2:M2) -> 4.2841545 | O2: =MAX(B2:M2) -> 0.38557391 | P2: =IF(parametros_carros!$B$7=0,0,(O2+parametros_carros!$G$45)/parametros_carros!$B$7) -> 0.050681604 | Q2: =IF(O2=0,"-",INDEX($B$1:$M$1,MATCH(O2,B2:M2,0))) -> Mar
A3: =parametros_carros!$B$20 -> Corte de chapa (guillotina) | B3: =(parametros_carros!$D$20*('Plan mensual'!D2+IF(parametros_carros!$H$20="Todos",'Plan mensual'!D6,0))+parametros_carros!$E$20*('Plan mensual'!D3+IF(parametros_carros!$H$20="Todos",'Plan mensual'!D7,0))+parametros_carros!$F$20*('Plan mensual'!D4+IF(parametros_carros!$H$20="Todos",'Plan mensual'!D8,0))+parametros_carros!$G$20*('Plan mensual'!D5+IF(parametros_carros!$H$20="Todos",'Plan mensual'!D9,0)))/60 -> 0.81293553 | C3: =(parametros_carros!$D$20*('Plan mensual'!E2+IF(parametros_carros!$H$20="Todos",'Plan mensual'!E6,0))+parametros_carros!$E$20*('Plan mensual'!E3+IF(parametros_carros!$H$20="Todos",'Plan mensual'!E7,0))+parametros_carros!$F$20*('Plan mensual'!E4+IF(parametros_carros!$H$20="Todos",'Plan mensual'!E8,0))+parametros_carros!$G$20*('Plan mensual'!E5+IF(parametros_carros!$H$20="Todos",'Plan mensual'!E9,0)))/60 -> 0.71729606 | D3: =(parametros_carros!$D$20*('Plan mensual'!F2+IF(parametros_carros!$H$20="Todos",'Plan mensual'!F6,0))+parametros_carros!$E$20*('Plan mensual'!F3+IF(parametros_carros!$H$20="Todos",'Plan mensual'!F7,0))+parametros_carros!$F$20*('Plan mensual'!F4+IF(parametros_carros!$H$20="Todos",'Plan mensual'!F8,0))+parametros_carros!$G$20*('Plan mensual'!F5+IF(parametros_carros!$H$20="Todos",'Plan mensual'!F9,0)))/60 -> 0.86075527 | E3: =(parametros_carros!$D$20*('Plan mensual'!G2+IF(parametros_carros!$H$20="Todos",'Plan mensual'!G6,0))+parametros_carros!$E$20*('Plan mensual'!G3+IF(parametros_carros!$H$20="Todos",'Plan mensual'!G7,0))+parametros_carros!$F$20*('Plan mensual'!G4+IF(parametros_carros!$H$20="Todos",'Plan mensual'!G8,0))+parametros_carros!$G$20*('Plan mensual'!G5+IF(parametros_carros!$H$20="Todos",'Plan mensual'!G9,0)))/60 -> 0.86075527 | F3: =(parametros_carros!$D$20*('Plan mensual'!H2+IF(parametros_carros!$H$20="Todos",'Plan mensual'!H6,0))+parametros_carros!$E$20*('Plan mensual'!H3+IF(parametros_carros!$H$20="Todos",'Plan mensual'!H7,0))+parametros_carros!$F$20*('Plan mensual'!H4+IF(parametros_carros!$H$20="Todos",'Plan mensual'!H8,0))+parametros_carros!$G$20*('Plan mensual'!H5+IF(parametros_carros!$H$20="Todos",'Plan mensual'!H9,0)))/60 -> 0.86075527 | G3: =(parametros_carros!$D$20*('Plan mensual'!I2+IF(parametros_carros!$H$20="Todos",'Plan mensual'!I6,0))+parametros_carros!$E$20*('Plan mensual'!I3+IF(parametros_carros!$H$20="Todos",'Plan mensual'!I7,0))+parametros_carros!$F$20*('Plan mensual'!I4+IF(parametros_carros!$H$20="Todos",'Plan mensual'!I8,0))+parametros_carros!$G$20*('Plan mensual'!I5+IF(parametros_carros!$H$20="Todos",'Plan mensual'!I9,0)))/60 -> 0.7651158 | H3: =(parametros_carros!$D$20*('Plan mensual'!J2+IF(parametros_carros!$H$20="Todos",'Plan mensual'!J6,0))+parametros_carros!$E$20*('Plan mensual'!J3+IF(parametros_carros!$H$20="Todos",'Plan mensual'!J7,0))+parametros_carros!$F$20*('Plan mensual'!J4+IF(parametros_carros!$H$20="Todos",'Plan mensual'!J8,0))+parametros_carros!$G$20*('Plan mensual'!J5+IF(parametros_carros!$H$20="Todos",'Plan mensual'!J9,0)))/60 -> 0.86075527 | I3: =(parametros_carros!$D$20*('Plan mensual'!K2+IF(parametros_carros!$H$20="Todos",'Plan mensual'!K6,0))+parametros_carros!$E$20*('Plan mensual'!K3+IF(parametros_carros!$H$20="Todos",'Plan mensual'!K7,0))+parametros_carros!$F$20*('Plan mensual'!K4+IF(parametros_carros!$H$20="Todos",'Plan mensual'!K8,0))+parametros_carros!$G$20*('Plan mensual'!K5+IF(parametros_carros!$H$20="Todos",'Plan mensual'!K9,0)))/60 -> 0.86075527 | ... M3: =(parametros_carros!$D$20*('Plan mensual'!O2+IF(parametros_carros!$H$20="Todos",'Plan mensual'!O6,0))+parametros_carros!$E$20*('Plan mensual'!O3+IF(parametros_carros!$H$20="Todos",'Plan mensual'!O7,0))+parametros_carros!$F$20*('Plan mensual'!O4+IF(parametros_carros!$H$20="Todos",'Plan mensual'!O8,0))+parametros_carros!$G$20*('Plan mensual'!O5+IF(parametros_carros!$H$20="Todos",'Plan mensual'!O9,0)))/60 -> 0.7651158 | N3: =SUM(B3:M3) -> 9.5639475 | O3: =MAX(B3:M3) -> 0.86075527 | P3: =IF(parametros_carros!$B$7=0,0,(O3+parametros_carros!$G$46)/parametros_carros!$B$7) -> 0.067960591 | Q3: =IF(O3=0,"-",INDEX($B$1:$M$1,MATCH(O3,B3:M3,0))) -> Mar
A4: =parametros_carros!$B$21 -> Marcado del cuerpo | B4: =(parametros_carros!$D$21*('Plan mensual'!D2+IF(parametros_carros!$H$21="Todos",'Plan mensual'!D6,0))+parametros_carros!$E$21*('Plan mensual'!D3+IF(parametros_carros!$H$21="Todos",'Plan mensual'!D7,0))+parametros_carros!$F$21*('Plan mensual'!D4+IF(parametros_carros!$H$21="Todos",'Plan mensual'!D8,0))+parametros_carros!$G$21*('Plan mensual'!D5+IF(parametros_carros!$H$21="Todos",'Plan mensual'!D9,0)))/60 -> 0.31971784 | C4: =(parametros_carros!$D$21*('Plan mensual'!E2+IF(parametros_carros!$H$21="Todos",'Plan mensual'!E6,0))+parametros_carros!$E$21*('Plan mensual'!E3+IF(parametros_carros!$H$21="Todos",'Plan mensual'!E7,0))+parametros_carros!$F$21*('Plan mensual'!E4+IF(parametros_carros!$H$21="Todos",'Plan mensual'!E8,0))+parametros_carros!$G$21*('Plan mensual'!E5+IF(parametros_carros!$H$21="Todos",'Plan mensual'!E9,0)))/60 -> 0.28210397 | D4: =(parametros_carros!$D$21*('Plan mensual'!F2+IF(parametros_carros!$H$21="Todos",'Plan mensual'!F6,0))+parametros_carros!$E$21*('Plan mensual'!F3+IF(parametros_carros!$H$21="Todos",'Plan mensual'!F7,0))+parametros_carros!$F$21*('Plan mensual'!F4+IF(parametros_carros!$H$21="Todos",'Plan mensual'!F8,0))+parametros_carros!$G$21*('Plan mensual'!F5+IF(parametros_carros!$H$21="Todos",'Plan mensual'!F9,0)))/60 -> 0.33852477 | E4: =(parametros_carros!$D$21*('Plan mensual'!G2+IF(parametros_carros!$H$21="Todos",'Plan mensual'!G6,0))+parametros_carros!$E$21*('Plan mensual'!G3+IF(parametros_carros!$H$21="Todos",'Plan mensual'!G7,0))+parametros_carros!$F$21*('Plan mensual'!G4+IF(parametros_carros!$H$21="Todos",'Plan mensual'!G8,0))+parametros_carros!$G$21*('Plan mensual'!G5+IF(parametros_carros!$H$21="Todos",'Plan mensual'!G9,0)))/60 -> 0.33852477 | F4: =(parametros_carros!$D$21*('Plan mensual'!H2+IF(parametros_carros!$H$21="Todos",'Plan mensual'!H6,0))+parametros_carros!$E$21*('Plan mensual'!H3+IF(parametros_carros!$H$21="Todos",'Plan mensual'!H7,0))+parametros_carros!$F$21*('Plan mensual'!H4+IF(parametros_carros!$H$21="Todos",'Plan mensual'!H8,0))+parametros_carros!$G$21*('Plan mensual'!H5+IF(parametros_carros!$H$21="Todos",'Plan mensual'!H9,0)))/60 -> 0.33852477 | G4: =(parametros_carros!$D$21*('Plan mensual'!I2+IF(parametros_carros!$H$21="Todos",'Plan mensual'!I6,0))+parametros_carros!$E$21*('Plan mensual'!I3+IF(parametros_carros!$H$21="Todos",'Plan mensual'!I7,0))+parametros_carros!$F$21*('Plan mensual'!I4+IF(parametros_carros!$H$21="Todos",'Plan mensual'!I8,0))+parametros_carros!$G$21*('Plan mensual'!I5+IF(parametros_carros!$H$21="Todos",'Plan mensual'!I9,0)))/60 -> 0.3009109 | H4: =(parametros_carros!$D$21*('Plan mensual'!J2+IF(parametros_carros!$H$21="Todos",'Plan mensual'!J6,0))+parametros_carros!$E$21*('Plan mensual'!J3+IF(parametros_carros!$H$21="Todos",'Plan mensual'!J7,0))+parametros_carros!$F$21*('Plan mensual'!J4+IF(parametros_carros!$H$21="Todos",'Plan mensual'!J8,0))+parametros_carros!$G$21*('Plan mensual'!J5+IF(parametros_carros!$H$21="Todos",'Plan mensual'!J9,0)))/60 -> 0.33852477 | I4: =(parametros_carros!$D$21*('Plan mensual'!K2+IF(parametros_carros!$H$21="Todos",'Plan mensual'!K6,0))+parametros_carros!$E$21*('Plan mensual'!K3+IF(parametros_carros!$H$21="Todos",'Plan mensual'!K7,0))+parametros_carros!$F$21*('Plan mensual'!K4+IF(parametros_carros!$H$21="Todos",'Plan mensual'!K8,0))+parametros_carros!$G$21*('Plan mensual'!K5+IF(parametros_carros!$H$21="Todos",'Plan mensual'!K9,0)))/60 -> 0.33852477 | ... M4: =(parametros_carros!$D$21*('Plan mensual'!O2+IF(parametros_carros!$H$21="Todos",'Plan mensual'!O6,0))+parametros_carros!$E$21*('Plan mensual'!O3+IF(parametros_carros!$H$21="Todos",'Plan mensual'!O7,0))+parametros_carros!$F$21*('Plan mensual'!O4+IF(parametros_carros!$H$21="Todos",'Plan mensual'!O8,0))+parametros_carros!$G$21*('Plan mensual'!O5+IF(parametros_carros!$H$21="Todos",'Plan mensual'!O9,0)))/60 -> 0.3009109 | N4: =SUM(B4:M4) -> 3.7613863 | O4: =MAX(B4:M4) -> 0.33852477 | P4: =IF(parametros_carros!$B$7=0,0,(O4+parametros_carros!$G$47)/parametros_carros!$B$7) -> 0.014479054 | Q4: =IF(O4=0,"-",INDEX($B$1:$M$1,MATCH(O4,B4:M4,0))) -> Mar
A5: =parametros_carros!$B$22 -> Cilindrado | B5: =(parametros_carros!$D$22*('Plan mensual'!D2+IF(parametros_carros!$H$22="Todos",'Plan mensual'!D6,0))+parametros_carros!$E$22*('Plan mensual'!D3+IF(parametros_carros!$H$22="Todos",'Plan mensual'!D7,0))+parametros_carros!$F$22*('Plan mensual'!D4+IF(parametros_carros!$H$22="Todos",'Plan mensual'!D8,0))+parametros_carros!$G$22*('Plan mensual'!D5+IF(parametros_carros!$H$22="Todos",'Plan mensual'!D9,0)))/60 -> 0.69236493 | C5: =(parametros_carros!$D$22*('Plan mensual'!E2+IF(parametros_carros!$H$22="Todos",'Plan mensual'!E6,0))+parametros_carros!$E$22*('Plan mensual'!E3+IF(parametros_carros!$H$22="Todos",'Plan mensual'!E7,0))+parametros_carros!$F$22*('Plan mensual'!E4+IF(parametros_carros!$H$22="Todos",'Plan mensual'!E8,0))+parametros_carros!$G$22*('Plan mensual'!E5+IF(parametros_carros!$H$22="Todos",'Plan mensual'!E9,0)))/60 -> 0.61091023 | D5: =(parametros_carros!$D$22*('Plan mensual'!F2+IF(parametros_carros!$H$22="Todos",'Plan mensual'!F6,0))+parametros_carros!$E$22*('Plan mensual'!F3+IF(parametros_carros!$H$22="Todos",'Plan mensual'!F7,0))+parametros_carros!$F$22*('Plan mensual'!F4+IF(parametros_carros!$H$22="Todos",'Plan mensual'!F8,0))+parametros_carros!$G$22*('Plan mensual'!F5+IF(parametros_carros!$H$22="Todos",'Plan mensual'!F9,0)))/60 -> 0.73309228 | E5: =(parametros_carros!$D$22*('Plan mensual'!G2+IF(parametros_carros!$H$22="Todos",'Plan mensual'!G6,0))+parametros_carros!$E$22*('Plan mensual'!G3+IF(parametros_carros!$H$22="Todos",'Plan mensual'!G7,0))+parametros_carros!$F$22*('Plan mensual'!G4+IF(parametros_carros!$H$22="Todos",'Plan mensual'!G8,0))+parametros_carros!$G$22*('Plan mensual'!G5+IF(parametros_carros!$H$22="Todos",'Plan mensual'!G9,0)))/60 -> 0.73309228 | F5: =(parametros_carros!$D$22*('Plan mensual'!H2+IF(parametros_carros!$H$22="Todos",'Plan mensual'!H6,0))+parametros_carros!$E$22*('Plan mensual'!H3+IF(parametros_carros!$H$22="Todos",'Plan mensual'!H7,0))+parametros_carros!$F$22*('Plan mensual'!H4+IF(parametros_carros!$H$22="Todos",'Plan mensual'!H8,0))+parametros_carros!$G$22*('Plan mensual'!H5+IF(parametros_carros!$H$22="Todos",'Plan mensual'!H9,0)))/60 -> 0.73309228 | G5: =(parametros_carros!$D$22*('Plan mensual'!I2+IF(parametros_carros!$H$22="Todos",'Plan mensual'!I6,0))+parametros_carros!$E$22*('Plan mensual'!I3+IF(parametros_carros!$H$22="Todos",'Plan mensual'!I7,0))+parametros_carros!$F$22*('Plan mensual'!I4+IF(parametros_carros!$H$22="Todos",'Plan mensual'!I8,0))+parametros_carros!$G$22*('Plan mensual'!I5+IF(parametros_carros!$H$22="Todos",'Plan mensual'!I9,0)))/60 -> 0.65163758 | H5: =(parametros_carros!$D$22*('Plan mensual'!J2+IF(parametros_carros!$H$22="Todos",'Plan mensual'!J6,0))+parametros_carros!$E$22*('Plan mensual'!J3+IF(parametros_carros!$H$22="Todos",'Plan mensual'!J7,0))+parametros_carros!$F$22*('Plan mensual'!J4+IF(parametros_carros!$H$22="Todos",'Plan mensual'!J8,0))+parametros_carros!$G$22*('Plan mensual'!J5+IF(parametros_carros!$H$22="Todos",'Plan mensual'!J9,0)))/60 -> 0.73309228 | I5: =(parametros_carros!$D$22*('Plan mensual'!K2+IF(parametros_carros!$H$22="Todos",'Plan mensual'!K6,0))+parametros_carros!$E$22*('Plan mensual'!K3+IF(parametros_carros!$H$22="Todos",'Plan mensual'!K7,0))+parametros_carros!$F$22*('Plan mensual'!K4+IF(parametros_carros!$H$22="Todos",'Plan mensual'!K8,0))+parametros_carros!$G$22*('Plan mensual'!K5+IF(parametros_carros!$H$22="Todos",'Plan mensual'!K9,0)))/60 -> 0.73309228 | ... M5: =(parametros_carros!$D$22*('Plan mensual'!O2+IF(parametros_carros!$H$22="Todos",'Plan mensual'!O6,0))+parametros_carros!$E$22*('Plan mensual'!O3+IF(parametros_carros!$H$22="Todos",'Plan mensual'!O7,0))+parametros_carros!$F$22*('Plan mensual'!O4+IF(parametros_carros!$H$22="Todos",'Plan mensual'!O8,0))+parametros_carros!$G$22*('Plan mensual'!O5+IF(parametros_carros!$H$22="Todos",'Plan mensual'!O9,0)))/60 -> 0.65163758 | N5: =SUM(B5:M5) -> 8.1454697 | O5: =MAX(B5:M5) -> 0.73309228 | P5: =IF(parametros_carros!$B$7=0,0,(O5+parametros_carros!$G$48)/parametros_carros!$B$7) -> 0.044887282 | Q5: =IF(O5=0,"-",INDEX($B$1:$M$1,MATCH(O5,B5:M5,0))) -> Mar
A6: =parametros_carros!$B$23 -> Punteo del cuerpo | B6: =(parametros_carros!$D$23*('Plan mensual'!D2+IF(parametros_carros!$H$23="Todos",'Plan mensual'!D6,0))+parametros_carros!$E$23*('Plan mensual'!D3+IF(parametros_carros!$H$23="Todos",'Plan mensual'!D7,0))+parametros_carros!$F$23*('Plan mensual'!D4+IF(parametros_carros!$H$23="Todos",'Plan mensual'!D8,0))+parametros_carros!$G$23*('Plan mensual'!D5+IF(parametros_carros!$H$23="Todos",'Plan mensual'!D9,0)))/60 -> 1.0406237 | C6: =(parametros_carros!$D$23*('Plan mensual'!E2+IF(parametros_carros!$H$23="Todos",'Plan mensual'!E6,0))+parametros_carros!$E$23*('Plan mensual'!E3+IF(parametros_carros!$H$23="Todos",'Plan mensual'!E7,0))+parametros_carros!$F$23*('Plan mensual'!E4+IF(parametros_carros!$H$23="Todos",'Plan mensual'!E8,0))+parametros_carros!$G$23*('Plan mensual'!E5+IF(parametros_carros!$H$23="Todos",'Plan mensual'!E9,0)))/60 -> 0.91819741 | D6: =(parametros_carros!$D$23*('Plan mensual'!F2+IF(parametros_carros!$H$23="Todos",'Plan mensual'!F6,0))+parametros_carros!$E$23*('Plan mensual'!F3+IF(parametros_carros!$H$23="Todos",'Plan mensual'!F7,0))+parametros_carros!$F$23*('Plan mensual'!F4+IF(parametros_carros!$H$23="Todos",'Plan mensual'!F8,0))+parametros_carros!$G$23*('Plan mensual'!F5+IF(parametros_carros!$H$23="Todos",'Plan mensual'!F9,0)))/60 -> 1.1018369 | E6: =(parametros_carros!$D$23*('Plan mensual'!G2+IF(parametros_carros!$H$23="Todos",'Plan mensual'!G6,0))+parametros_carros!$E$23*('Plan mensual'!G3+IF(parametros_carros!$H$23="Todos",'Plan mensual'!G7,0))+parametros_carros!$F$23*('Plan mensual'!G4+IF(parametros_carros!$H$23="Todos",'Plan mensual'!G8,0))+parametros_carros!$G$23*('Plan mensual'!G5+IF(parametros_carros!$H$23="Todos",'Plan mensual'!G9,0)))/60 -> 1.1018369 | F6: =(parametros_carros!$D$23*('Plan mensual'!H2+IF(parametros_carros!$H$23="Todos",'Plan mensual'!H6,0))+parametros_carros!$E$23*('Plan mensual'!H3+IF(parametros_carros!$H$23="Todos",'Plan mensual'!H7,0))+parametros_carros!$F$23*('Plan mensual'!H4+IF(parametros_carros!$H$23="Todos",'Plan mensual'!H8,0))+parametros_carros!$G$23*('Plan mensual'!H5+IF(parametros_carros!$H$23="Todos",'Plan mensual'!H9,0)))/60 -> 1.1018369 | G6: =(parametros_carros!$D$23*('Plan mensual'!I2+IF(parametros_carros!$H$23="Todos",'Plan mensual'!I6,0))+parametros_carros!$E$23*('Plan mensual'!I3+IF(parametros_carros!$H$23="Todos",'Plan mensual'!I7,0))+parametros_carros!$F$23*('Plan mensual'!I4+IF(parametros_carros!$H$23="Todos",'Plan mensual'!I8,0))+parametros_carros!$G$23*('Plan mensual'!I5+IF(parametros_carros!$H$23="Todos",'Plan mensual'!I9,0)))/60 -> 0.97941057 | H6: =(parametros_carros!$D$23*('Plan mensual'!J2+IF(parametros_carros!$H$23="Todos",'Plan mensual'!J6,0))+parametros_carros!$E$23*('Plan mensual'!J3+IF(parametros_carros!$H$23="Todos",'Plan mensual'!J7,0))+parametros_carros!$F$23*('Plan mensual'!J4+IF(parametros_carros!$H$23="Todos",'Plan mensual'!J8,0))+parametros_carros!$G$23*('Plan mensual'!J5+IF(parametros_carros!$H$23="Todos",'Plan mensual'!J9,0)))/60 -> 1.1018369 | I6: =(parametros_carros!$D$23*('Plan mensual'!K2+IF(parametros_carros!$H$23="Todos",'Plan mensual'!K6,0))+parametros_carros!$E$23*('Plan mensual'!K3+IF(parametros_carros!$H$23="Todos",'Plan mensual'!K7,0))+parametros_carros!$F$23*('Plan mensual'!K4+IF(parametros_carros!$H$23="Todos",'Plan mensual'!K8,0))+parametros_carros!$G$23*('Plan mensual'!K5+IF(parametros_carros!$H$23="Todos",'Plan mensual'!K9,0)))/60 -> 1.1018369 | ... M6: =(parametros_carros!$D$23*('Plan mensual'!O2+IF(parametros_carros!$H$23="Todos",'Plan mensual'!O6,0))+parametros_carros!$E$23*('Plan mensual'!O3+IF(parametros_carros!$H$23="Todos",'Plan mensual'!O7,0))+parametros_carros!$F$23*('Plan mensual'!O4+IF(parametros_carros!$H$23="Todos",'Plan mensual'!O8,0))+parametros_carros!$G$23*('Plan mensual'!O5+IF(parametros_carros!$H$23="Todos",'Plan mensual'!O9,0)))/60 -> 0.97941057 | N6: =SUM(B6:M6) -> 12.242632 | O6: =MAX(B6:M6) -> 1.1018369 | P6: =IF(parametros_carros!$B$7=0,0,(O6+parametros_carros!$G$49)/parametros_carros!$B$7) -> 0.01845669 | Q6: =IF(O6=0,"-",INDEX($B$1:$M$1,MATCH(O6,B6:M6,0))) -> Mar
A7: =parametros_carros!$B$24 -> Soldadura longitudinal | B7: =(parametros_carros!$D$24*('Plan mensual'!D2+IF(parametros_carros!$H$24="Todos",'Plan mensual'!D6,0))+parametros_carros!$E$24*('Plan mensual'!D3+IF(parametros_carros!$H$24="Todos",'Plan mensual'!D7,0))+parametros_carros!$F$24*('Plan mensual'!D4+IF(parametros_carros!$H$24="Todos",'Plan mensual'!D8,0))+parametros_carros!$G$24*('Plan mensual'!D5+IF(parametros_carros!$H$24="Todos",'Plan mensual'!D9,0)))/60 -> 0.69819081 | C7: =(parametros_carros!$D$24*('Plan mensual'!E2+IF(parametros_carros!$H$24="Todos",'Plan mensual'!E6,0))+parametros_carros!$E$24*('Plan mensual'!E3+IF(parametros_carros!$H$24="Todos",'Plan mensual'!E7,0))+parametros_carros!$F$24*('Plan mensual'!E4+IF(parametros_carros!$H$24="Todos",'Plan mensual'!E8,0))+parametros_carros!$G$24*('Plan mensual'!E5+IF(parametros_carros!$H$24="Todos",'Plan mensual'!E9,0)))/60 -> 0.61605071 | D7: =(parametros_carros!$D$24*('Plan mensual'!F2+IF(parametros_carros!$H$24="Todos",'Plan mensual'!F6,0))+parametros_carros!$E$24*('Plan mensual'!F3+IF(parametros_carros!$H$24="Todos",'Plan mensual'!F7,0))+parametros_carros!$F$24*('Plan mensual'!F4+IF(parametros_carros!$H$24="Todos",'Plan mensual'!F8,0))+parametros_carros!$G$24*('Plan mensual'!F5+IF(parametros_carros!$H$24="Todos",'Plan mensual'!F9,0)))/60 -> 0.73926085 | E7: =(parametros_carros!$D$24*('Plan mensual'!G2+IF(parametros_carros!$H$24="Todos",'Plan mensual'!G6,0))+parametros_carros!$E$24*('Plan mensual'!G3+IF(parametros_carros!$H$24="Todos",'Plan mensual'!G7,0))+parametros_carros!$F$24*('Plan mensual'!G4+IF(parametros_carros!$H$24="Todos",'Plan mensual'!G8,0))+parametros_carros!$G$24*('Plan mensual'!G5+IF(parametros_carros!$H$24="Todos",'Plan mensual'!G9,0)))/60 -> 0.73926085 | F7: =(parametros_carros!$D$24*('Plan mensual'!H2+IF(parametros_carros!$H$24="Todos",'Plan mensual'!H6,0))+parametros_carros!$E$24*('Plan mensual'!H3+IF(parametros_carros!$H$24="Todos",'Plan mensual'!H7,0))+parametros_carros!$F$24*('Plan mensual'!H4+IF(parametros_carros!$H$24="Todos",'Plan mensual'!H8,0))+parametros_carros!$G$24*('Plan mensual'!H5+IF(parametros_carros!$H$24="Todos",'Plan mensual'!H9,0)))/60 -> 0.73926085 | G7: =(parametros_carros!$D$24*('Plan mensual'!I2+IF(parametros_carros!$H$24="Todos",'Plan mensual'!I6,0))+parametros_carros!$E$24*('Plan mensual'!I3+IF(parametros_carros!$H$24="Todos",'Plan mensual'!I7,0))+parametros_carros!$F$24*('Plan mensual'!I4+IF(parametros_carros!$H$24="Todos",'Plan mensual'!I8,0))+parametros_carros!$G$24*('Plan mensual'!I5+IF(parametros_carros!$H$24="Todos",'Plan mensual'!I9,0)))/60 -> 0.65712076 | H7: =(parametros_carros!$D$24*('Plan mensual'!J2+IF(parametros_carros!$H$24="Todos",'Plan mensual'!J6,0))+parametros_carros!$E$24*('Plan mensual'!J3+IF(parametros_carros!$H$24="Todos",'Plan mensual'!J7,0))+parametros_carros!$F$24*('Plan mensual'!J4+IF(parametros_carros!$H$24="Todos",'Plan mensual'!J8,0))+parametros_carros!$G$24*('Plan mensual'!J5+IF(parametros_carros!$H$24="Todos",'Plan mensual'!J9,0)))/60 -> 0.73926085 | I7: =(parametros_carros!$D$24*('Plan mensual'!K2+IF(parametros_carros!$H$24="Todos",'Plan mensual'!K6,0))+parametros_carros!$E$24*('Plan mensual'!K3+IF(parametros_carros!$H$24="Todos",'Plan mensual'!K7,0))+parametros_carros!$F$24*('Plan mensual'!K4+IF(parametros_carros!$H$24="Todos",'Plan mensual'!K8,0))+parametros_carros!$G$24*('Plan mensual'!K5+IF(parametros_carros!$H$24="Todos",'Plan mensual'!K9,0)))/60 -> 0.73926085 | ... M7: =(parametros_carros!$D$24*('Plan mensual'!O2+IF(parametros_carros!$H$24="Todos",'Plan mensual'!O6,0))+parametros_carros!$E$24*('Plan mensual'!O3+IF(parametros_carros!$H$24="Todos",'Plan mensual'!O7,0))+parametros_carros!$F$24*('Plan mensual'!O4+IF(parametros_carros!$H$24="Todos",'Plan mensual'!O8,0))+parametros_carros!$G$24*('Plan mensual'!O5+IF(parametros_carros!$H$24="Todos",'Plan mensual'!O9,0)))/60 -> 0.65712076 | N7: =SUM(B7:M7) -> 8.2140095 | O7: =MAX(B7:M7) -> 0.73926085 | P7: =IF(parametros_carros!$B$7=0,0,(O7+parametros_carros!$G$50)/parametros_carros!$B$7) -> 0.022706183 | Q7: =IF(O7=0,"-",INDEX($B$1:$M$1,MATCH(O7,B7:M7,0))) -> Mar
A8: =parametros_carros!$B$25 -> Soldadura de cupla en la cúpula | B8: =(parametros_carros!$D$25*('Plan mensual'!D2+IF(parametros_carros!$H$25="Todos",'Plan mensual'!D6,0))+parametros_carros!$E$25*('Plan mensual'!D3+IF(parametros_carros!$H$25="Todos",'Plan mensual'!D7,0))+parametros_carros!$F$25*('Plan mensual'!D4+IF(parametros_carros!$H$25="Todos",'Plan mensual'!D8,0))+parametros_carros!$G$25*('Plan mensual'!D5+IF(parametros_carros!$H$25="Todos",'Plan mensual'!D9,0)))/60 -> 0.68914611 | C8: =(parametros_carros!$D$25*('Plan mensual'!E2+IF(parametros_carros!$H$25="Todos",'Plan mensual'!E6,0))+parametros_carros!$E$25*('Plan mensual'!E3+IF(parametros_carros!$H$25="Todos",'Plan mensual'!E7,0))+parametros_carros!$F$25*('Plan mensual'!E4+IF(parametros_carros!$H$25="Todos",'Plan mensual'!E8,0))+parametros_carros!$G$25*('Plan mensual'!E5+IF(parametros_carros!$H$25="Todos",'Plan mensual'!E9,0)))/60 -> 0.60807009 | D8: =(parametros_carros!$D$25*('Plan mensual'!F2+IF(parametros_carros!$H$25="Todos",'Plan mensual'!F6,0))+parametros_carros!$E$25*('Plan mensual'!F3+IF(parametros_carros!$H$25="Todos",'Plan mensual'!F7,0))+parametros_carros!$F$25*('Plan mensual'!F4+IF(parametros_carros!$H$25="Todos",'Plan mensual'!F8,0))+parametros_carros!$G$25*('Plan mensual'!F5+IF(parametros_carros!$H$25="Todos",'Plan mensual'!F9,0)))/60 -> 0.72968411 | E8: =(parametros_carros!$D$25*('Plan mensual'!G2+IF(parametros_carros!$H$25="Todos",'Plan mensual'!G6,0))+parametros_carros!$E$25*('Plan mensual'!G3+IF(parametros_carros!$H$25="Todos",'Plan mensual'!G7,0))+parametros_carros!$F$25*('Plan mensual'!G4+IF(parametros_carros!$H$25="Todos",'Plan mensual'!G8,0))+parametros_carros!$G$25*('Plan mensual'!G5+IF(parametros_carros!$H$25="Todos",'Plan mensual'!G9,0)))/60 -> 0.72968411 | F8: =(parametros_carros!$D$25*('Plan mensual'!H2+IF(parametros_carros!$H$25="Todos",'Plan mensual'!H6,0))+parametros_carros!$E$25*('Plan mensual'!H3+IF(parametros_carros!$H$25="Todos",'Plan mensual'!H7,0))+parametros_carros!$F$25*('Plan mensual'!H4+IF(parametros_carros!$H$25="Todos",'Plan mensual'!H8,0))+parametros_carros!$G$25*('Plan mensual'!H5+IF(parametros_carros!$H$25="Todos",'Plan mensual'!H9,0)))/60 -> 0.72968411 | G8: =(parametros_carros!$D$25*('Plan mensual'!I2+IF(parametros_carros!$H$25="Todos",'Plan mensual'!I6,0))+parametros_carros!$E$25*('Plan mensual'!I3+IF(parametros_carros!$H$25="Todos",'Plan mensual'!I7,0))+parametros_carros!$F$25*('Plan mensual'!I4+IF(parametros_carros!$H$25="Todos",'Plan mensual'!I8,0))+parametros_carros!$G$25*('Plan mensual'!I5+IF(parametros_carros!$H$25="Todos",'Plan mensual'!I9,0)))/60 -> 0.6486081 | H8: =(parametros_carros!$D$25*('Plan mensual'!J2+IF(parametros_carros!$H$25="Todos",'Plan mensual'!J6,0))+parametros_carros!$E$25*('Plan mensual'!J3+IF(parametros_carros!$H$25="Todos",'Plan mensual'!J7,0))+parametros_carros!$F$25*('Plan mensual'!J4+IF(parametros_carros!$H$25="Todos",'Plan mensual'!J8,0))+parametros_carros!$G$25*('Plan mensual'!J5+IF(parametros_carros!$H$25="Todos",'Plan mensual'!J9,0)))/60 -> 0.72968411 | I8: =(parametros_carros!$D$25*('Plan mensual'!K2+IF(parametros_carros!$H$25="Todos",'Plan mensual'!K6,0))+parametros_carros!$E$25*('Plan mensual'!K3+IF(parametros_carros!$H$25="Todos",'Plan mensual'!K7,0))+parametros_carros!$F$25*('Plan mensual'!K4+IF(parametros_carros!$H$25="Todos",'Plan mensual'!K8,0))+parametros_carros!$G$25*('Plan mensual'!K5+IF(parametros_carros!$H$25="Todos",'Plan mensual'!K9,0)))/60 -> 0.72968411 | ... M8: =(parametros_carros!$D$25*('Plan mensual'!O2+IF(parametros_carros!$H$25="Todos",'Plan mensual'!O6,0))+parametros_carros!$E$25*('Plan mensual'!O3+IF(parametros_carros!$H$25="Todos",'Plan mensual'!O7,0))+parametros_carros!$F$25*('Plan mensual'!O4+IF(parametros_carros!$H$25="Todos",'Plan mensual'!O8,0))+parametros_carros!$G$25*('Plan mensual'!O5+IF(parametros_carros!$H$25="Todos",'Plan mensual'!O9,0)))/60 -> 0.6486081 | N8: =SUM(B8:M8) -> 8.1076013 | O8: =MAX(B8:M8) -> 0.72968411 | P8: =IF(parametros_carros!$B$7=0,0,(O8+parametros_carros!$G$51)/parametros_carros!$B$7) -> 0.024864561 | Q8: =IF(O8=0,"-",INDEX($B$1:$M$1,MATCH(O8,B8:M8,0))) -> Mar
A9: =parametros_carros!$B$26 -> Armado y soldadura circunferencial | B9: =(parametros_carros!$D$26*('Plan mensual'!D2+IF(parametros_carros!$H$26="Todos",'Plan mensual'!D6,0))+parametros_carros!$E$26*('Plan mensual'!D3+IF(parametros_carros!$H$26="Todos",'Plan mensual'!D7,0))+parametros_carros!$F$26*('Plan mensual'!D4+IF(parametros_carros!$H$26="Todos",'Plan mensual'!D8,0))+parametros_carros!$G$26*('Plan mensual'!D5+IF(parametros_carros!$H$26="Todos",'Plan mensual'!D9,0)))/60 -> 3.2605035 | C9: =(parametros_carros!$D$26*('Plan mensual'!E2+IF(parametros_carros!$H$26="Todos",'Plan mensual'!E6,0))+parametros_carros!$E$26*('Plan mensual'!E3+IF(parametros_carros!$H$26="Todos",'Plan mensual'!E7,0))+parametros_carros!$F$26*('Plan mensual'!E4+IF(parametros_carros!$H$26="Todos",'Plan mensual'!E8,0))+parametros_carros!$G$26*('Plan mensual'!E5+IF(parametros_carros!$H$26="Todos",'Plan mensual'!E9,0)))/60 -> 2.8769148 | D9: =(parametros_carros!$D$26*('Plan mensual'!F2+IF(parametros_carros!$H$26="Todos",'Plan mensual'!F6,0))+parametros_carros!$E$26*('Plan mensual'!F3+IF(parametros_carros!$H$26="Todos",'Plan mensual'!F7,0))+parametros_carros!$F$26*('Plan mensual'!F4+IF(parametros_carros!$H$26="Todos",'Plan mensual'!F8,0))+parametros_carros!$G$26*('Plan mensual'!F5+IF(parametros_carros!$H$26="Todos",'Plan mensual'!F9,0)))/60 -> 3.4522978 | E9: =(parametros_carros!$D$26*('Plan mensual'!G2+IF(parametros_carros!$H$26="Todos",'Plan mensual'!G6,0))+parametros_carros!$E$26*('Plan mensual'!G3+IF(parametros_carros!$H$26="Todos",'Plan mensual'!G7,0))+parametros_carros!$F$26*('Plan mensual'!G4+IF(parametros_carros!$H$26="Todos",'Plan mensual'!G8,0))+parametros_carros!$G$26*('Plan mensual'!G5+IF(parametros_carros!$H$26="Todos",'Plan mensual'!G9,0)))/60 -> 3.4522978 | F9: =(parametros_carros!$D$26*('Plan mensual'!H2+IF(parametros_carros!$H$26="Todos",'Plan mensual'!H6,0))+parametros_carros!$E$26*('Plan mensual'!H3+IF(parametros_carros!$H$26="Todos",'Plan mensual'!H7,0))+parametros_carros!$F$26*('Plan mensual'!H4+IF(parametros_carros!$H$26="Todos",'Plan mensual'!H8,0))+parametros_carros!$G$26*('Plan mensual'!H5+IF(parametros_carros!$H$26="Todos",'Plan mensual'!H9,0)))/60 -> 3.4522978 | G9: =(parametros_carros!$D$26*('Plan mensual'!I2+IF(parametros_carros!$H$26="Todos",'Plan mensual'!I6,0))+parametros_carros!$E$26*('Plan mensual'!I3+IF(parametros_carros!$H$26="Todos",'Plan mensual'!I7,0))+parametros_carros!$F$26*('Plan mensual'!I4+IF(parametros_carros!$H$26="Todos",'Plan mensual'!I8,0))+parametros_carros!$G$26*('Plan mensual'!I5+IF(parametros_carros!$H$26="Todos",'Plan mensual'!I9,0)))/60 -> 3.0687091 | H9: =(parametros_carros!$D$26*('Plan mensual'!J2+IF(parametros_carros!$H$26="Todos",'Plan mensual'!J6,0))+parametros_carros!$E$26*('Plan mensual'!J3+IF(parametros_carros!$H$26="Todos",'Plan mensual'!J7,0))+parametros_carros!$F$26*('Plan mensual'!J4+IF(parametros_carros!$H$26="Todos",'Plan mensual'!J8,0))+parametros_carros!$G$26*('Plan mensual'!J5+IF(parametros_carros!$H$26="Todos",'Plan mensual'!J9,0)))/60 -> 3.4522978 | I9: =(parametros_carros!$D$26*('Plan mensual'!K2+IF(parametros_carros!$H$26="Todos",'Plan mensual'!K6,0))+parametros_carros!$E$26*('Plan mensual'!K3+IF(parametros_carros!$H$26="Todos",'Plan mensual'!K7,0))+parametros_carros!$F$26*('Plan mensual'!K4+IF(parametros_carros!$H$26="Todos",'Plan mensual'!K8,0))+parametros_carros!$G$26*('Plan mensual'!K5+IF(parametros_carros!$H$26="Todos",'Plan mensual'!K9,0)))/60 -> 3.4522978 | ... M9: =(parametros_carros!$D$26*('Plan mensual'!O2+IF(parametros_carros!$H$26="Todos",'Plan mensual'!O6,0))+parametros_carros!$E$26*('Plan mensual'!O3+IF(parametros_carros!$H$26="Todos",'Plan mensual'!O7,0))+parametros_carros!$F$26*('Plan mensual'!O4+IF(parametros_carros!$H$26="Todos",'Plan mensual'!O8,0))+parametros_carros!$G$26*('Plan mensual'!O5+IF(parametros_carros!$H$26="Todos",'Plan mensual'!O9,0)))/60 -> 3.0687091 | N9: =SUM(B9:M9) -> 38.358864 | O9: =MAX(B9:M9) -> 3.4522978 | P9: =IF(parametros_carros!$B$7=0,0,(O9+parametros_carros!$G$52)/parametros_carros!$B$7) -> 0.043015319 | Q9: =IF(O9=0,"-",INDEX($B$1:$M$1,MATCH(O9,B9:M9,0))) -> Mar
A10: =parametros_carros!$B$27 -> Soldadura de accesorios | B10: =(parametros_carros!$D$27*('Plan mensual'!D2+IF(parametros_carros!$H$27="Todos",'Plan mensual'!D6,0))+parametros_carros!$E$27*('Plan mensual'!D3+IF(parametros_carros!$H$27="Todos",'Plan mensual'!D7,0))+parametros_carros!$F$27*('Plan mensual'!D4+IF(parametros_carros!$H$27="Todos",'Plan mensual'!D8,0))+parametros_carros!$G$27*('Plan mensual'!D5+IF(parametros_carros!$H$27="Todos",'Plan mensual'!D9,0)))/60 -> 3.3132915 | C10: =(parametros_carros!$D$27*('Plan mensual'!E2+IF(parametros_carros!$H$27="Todos",'Plan mensual'!E6,0))+parametros_carros!$E$27*('Plan mensual'!E3+IF(parametros_carros!$H$27="Todos",'Plan mensual'!E7,0))+parametros_carros!$F$27*('Plan mensual'!E4+IF(parametros_carros!$H$27="Todos",'Plan mensual'!E8,0))+parametros_carros!$G$27*('Plan mensual'!E5+IF(parametros_carros!$H$27="Todos",'Plan mensual'!E9,0)))/60 -> 2.9234925 | D10: =(parametros_carros!$D$27*('Plan mensual'!F2+IF(parametros_carros!$H$27="Todos",'Plan mensual'!F6,0))+parametros_carros!$E$27*('Plan mensual'!F3+IF(parametros_carros!$H$27="Todos",'Plan mensual'!F7,0))+parametros_carros!$F$27*('Plan mensual'!F4+IF(parametros_carros!$H$27="Todos",'Plan mensual'!F8,0))+parametros_carros!$G$27*('Plan mensual'!F5+IF(parametros_carros!$H$27="Todos",'Plan mensual'!F9,0)))/60 -> 3.508191 | E10: =(parametros_carros!$D$27*('Plan mensual'!G2+IF(parametros_carros!$H$27="Todos",'Plan mensual'!G6,0))+parametros_carros!$E$27*('Plan mensual'!G3+IF(parametros_carros!$H$27="Todos",'Plan mensual'!G7,0))+parametros_carros!$F$27*('Plan mensual'!G4+IF(parametros_carros!$H$27="Todos",'Plan mensual'!G8,0))+parametros_carros!$G$27*('Plan mensual'!G5+IF(parametros_carros!$H$27="Todos",'Plan mensual'!G9,0)))/60 -> 3.508191 | F10: =(parametros_carros!$D$27*('Plan mensual'!H2+IF(parametros_carros!$H$27="Todos",'Plan mensual'!H6,0))+parametros_carros!$E$27*('Plan mensual'!H3+IF(parametros_carros!$H$27="Todos",'Plan mensual'!H7,0))+parametros_carros!$F$27*('Plan mensual'!H4+IF(parametros_carros!$H$27="Todos",'Plan mensual'!H8,0))+parametros_carros!$G$27*('Plan mensual'!H5+IF(parametros_carros!$H$27="Todos",'Plan mensual'!H9,0)))/60 -> 3.508191 | G10: =(parametros_carros!$D$27*('Plan mensual'!I2+IF(parametros_carros!$H$27="Todos",'Plan mensual'!I6,0))+parametros_carros!$E$27*('Plan mensual'!I3+IF(parametros_carros!$H$27="Todos",'Plan mensual'!I7,0))+parametros_carros!$F$27*('Plan mensual'!I4+IF(parametros_carros!$H$27="Todos",'Plan mensual'!I8,0))+parametros_carros!$G$27*('Plan mensual'!I5+IF(parametros_carros!$H$27="Todos",'Plan mensual'!I9,0)))/60 -> 3.118392 | H10: =(parametros_carros!$D$27*('Plan mensual'!J2+IF(parametros_carros!$H$27="Todos",'Plan mensual'!J6,0))+parametros_carros!$E$27*('Plan mensual'!J3+IF(parametros_carros!$H$27="Todos",'Plan mensual'!J7,0))+parametros_carros!$F$27*('Plan mensual'!J4+IF(parametros_carros!$H$27="Todos",'Plan mensual'!J8,0))+parametros_carros!$G$27*('Plan mensual'!J5+IF(parametros_carros!$H$27="Todos",'Plan mensual'!J9,0)))/60 -> 3.508191 | I10: =(parametros_carros!$D$27*('Plan mensual'!K2+IF(parametros_carros!$H$27="Todos",'Plan mensual'!K6,0))+parametros_carros!$E$27*('Plan mensual'!K3+IF(parametros_carros!$H$27="Todos",'Plan mensual'!K7,0))+parametros_carros!$F$27*('Plan mensual'!K4+IF(parametros_carros!$H$27="Todos",'Plan mensual'!K8,0))+parametros_carros!$G$27*('Plan mensual'!K5+IF(parametros_carros!$H$27="Todos",'Plan mensual'!K9,0)))/60 -> 3.508191 | ... M10: =(parametros_carros!$D$27*('Plan mensual'!O2+IF(parametros_carros!$H$27="Todos",'Plan mensual'!O6,0))+parametros_carros!$E$27*('Plan mensual'!O3+IF(parametros_carros!$H$27="Todos",'Plan mensual'!O7,0))+parametros_carros!$F$27*('Plan mensual'!O4+IF(parametros_carros!$H$27="Todos",'Plan mensual'!O8,0))+parametros_carros!$G$27*('Plan mensual'!O5+IF(parametros_carros!$H$27="Todos",'Plan mensual'!O9,0)))/60 -> 3.118392 | N10: =SUM(B10:M10) -> 38.9799 | O10: =MAX(B10:M10) -> 3.508191 | P10: =IF(parametros_carros!$B$7=0,0,(O10+parametros_carros!$G$53)/parametros_carros!$B$7) -> 0.04338794 | Q10: =IF(O10=0,"-",INDEX($B$1:$M$1,MATCH(O10,B10:M10,0))) -> Mar
A11: =parametros_carros!$B$28 -> Fabricación de accesorios | B11: =(parametros_carros!$D$28*('Plan mensual'!D2+IF(parametros_carros!$H$28="Todos",'Plan mensual'!D6,0))+parametros_carros!$E$28*('Plan mensual'!D3+IF(parametros_carros!$H$28="Todos",'Plan mensual'!D7,0))+parametros_carros!$F$28*('Plan mensual'!D4+IF(parametros_carros!$H$28="Todos",'Plan mensual'!D8,0))+parametros_carros!$G$28*('Plan mensual'!D5+IF(parametros_carros!$H$28="Todos",'Plan mensual'!D9,0)))/60 -> 2.2472283 | C11: =(parametros_carros!$D$28*('Plan mensual'!E2+IF(parametros_carros!$H$28="Todos",'Plan mensual'!E6,0))+parametros_carros!$E$28*('Plan mensual'!E3+IF(parametros_carros!$H$28="Todos",'Plan mensual'!E7,0))+parametros_carros!$F$28*('Plan mensual'!E4+IF(parametros_carros!$H$28="Todos",'Plan mensual'!E8,0))+parametros_carros!$G$28*('Plan mensual'!E5+IF(parametros_carros!$H$28="Todos",'Plan mensual'!E9,0)))/60 -> 1.9828485 | D11: =(parametros_carros!$D$28*('Plan mensual'!F2+IF(parametros_carros!$H$28="Todos",'Plan mensual'!F6,0))+parametros_carros!$E$28*('Plan mensual'!F3+IF(parametros_carros!$H$28="Todos",'Plan mensual'!F7,0))+parametros_carros!$F$28*('Plan mensual'!F4+IF(parametros_carros!$H$28="Todos",'Plan mensual'!F8,0))+parametros_carros!$G$28*('Plan mensual'!F5+IF(parametros_carros!$H$28="Todos",'Plan mensual'!F9,0)))/60 -> 2.3794182 | E11: =(parametros_carros!$D$28*('Plan mensual'!G2+IF(parametros_carros!$H$28="Todos",'Plan mensual'!G6,0))+parametros_carros!$E$28*('Plan mensual'!G3+IF(parametros_carros!$H$28="Todos",'Plan mensual'!G7,0))+parametros_carros!$F$28*('Plan mensual'!G4+IF(parametros_carros!$H$28="Todos",'Plan mensual'!G8,0))+parametros_carros!$G$28*('Plan mensual'!G5+IF(parametros_carros!$H$28="Todos",'Plan mensual'!G9,0)))/60 -> 2.3794182 | F11: =(parametros_carros!$D$28*('Plan mensual'!H2+IF(parametros_carros!$H$28="Todos",'Plan mensual'!H6,0))+parametros_carros!$E$28*('Plan mensual'!H3+IF(parametros_carros!$H$28="Todos",'Plan mensual'!H7,0))+parametros_carros!$F$28*('Plan mensual'!H4+IF(parametros_carros!$H$28="Todos",'Plan mensual'!H8,0))+parametros_carros!$G$28*('Plan mensual'!H5+IF(parametros_carros!$H$28="Todos",'Plan mensual'!H9,0)))/60 -> 2.3794182 | G11: =(parametros_carros!$D$28*('Plan mensual'!I2+IF(parametros_carros!$H$28="Todos",'Plan mensual'!I6,0))+parametros_carros!$E$28*('Plan mensual'!I3+IF(parametros_carros!$H$28="Todos",'Plan mensual'!I7,0))+parametros_carros!$F$28*('Plan mensual'!I4+IF(parametros_carros!$H$28="Todos",'Plan mensual'!I8,0))+parametros_carros!$G$28*('Plan mensual'!I5+IF(parametros_carros!$H$28="Todos",'Plan mensual'!I9,0)))/60 -> 2.1150384 | H11: =(parametros_carros!$D$28*('Plan mensual'!J2+IF(parametros_carros!$H$28="Todos",'Plan mensual'!J6,0))+parametros_carros!$E$28*('Plan mensual'!J3+IF(parametros_carros!$H$28="Todos",'Plan mensual'!J7,0))+parametros_carros!$F$28*('Plan mensual'!J4+IF(parametros_carros!$H$28="Todos",'Plan mensual'!J8,0))+parametros_carros!$G$28*('Plan mensual'!J5+IF(parametros_carros!$H$28="Todos",'Plan mensual'!J9,0)))/60 -> 2.3794182 | I11: =(parametros_carros!$D$28*('Plan mensual'!K2+IF(parametros_carros!$H$28="Todos",'Plan mensual'!K6,0))+parametros_carros!$E$28*('Plan mensual'!K3+IF(parametros_carros!$H$28="Todos",'Plan mensual'!K7,0))+parametros_carros!$F$28*('Plan mensual'!K4+IF(parametros_carros!$H$28="Todos",'Plan mensual'!K8,0))+parametros_carros!$G$28*('Plan mensual'!K5+IF(parametros_carros!$H$28="Todos",'Plan mensual'!K9,0)))/60 -> 2.3794182 | ... M11: =(parametros_carros!$D$28*('Plan mensual'!O2+IF(parametros_carros!$H$28="Todos",'Plan mensual'!O6,0))+parametros_carros!$E$28*('Plan mensual'!O3+IF(parametros_carros!$H$28="Todos",'Plan mensual'!O7,0))+parametros_carros!$F$28*('Plan mensual'!O4+IF(parametros_carros!$H$28="Todos",'Plan mensual'!O8,0))+parametros_carros!$G$28*('Plan mensual'!O5+IF(parametros_carros!$H$28="Todos",'Plan mensual'!O9,0)))/60 -> 2.1150384 | N11: =SUM(B11:M11) -> 26.43798 | O11: =MAX(B11:M11) -> 2.3794182 | P11: =IF(parametros_carros!$B$7=0,0,(O11+parametros_carros!$G$54)/parametros_carros!$B$7) -> 0.049196122 | Q11: =IF(O11=0,"-",INDEX($B$1:$M$1,MATCH(O11,B11:M11,0))) -> Mar
A12: =parametros_carros!$B$29 -> Prueba hidráulica | B12: =(parametros_carros!$D$29*('Plan mensual'!D2+IF(parametros_carros!$H$29="Todos",'Plan mensual'!D6,0))+parametros_carros!$E$29*('Plan mensual'!D3+IF(parametros_carros!$H$29="Todos",'Plan mensual'!D7,0))+parametros_carros!$F$29*('Plan mensual'!D4+IF(parametros_carros!$H$29="Todos",'Plan mensual'!D8,0))+parametros_carros!$G$29*('Plan mensual'!D5+IF(parametros_carros!$H$29="Todos",'Plan mensual'!D9,0)))/60 -> 1.8345555 | C12: =(parametros_carros!$D$29*('Plan mensual'!E2+IF(parametros_carros!$H$29="Todos",'Plan mensual'!E6,0))+parametros_carros!$E$29*('Plan mensual'!E3+IF(parametros_carros!$H$29="Todos",'Plan mensual'!E7,0))+parametros_carros!$F$29*('Plan mensual'!E4+IF(parametros_carros!$H$29="Todos",'Plan mensual'!E8,0))+parametros_carros!$G$29*('Plan mensual'!E5+IF(parametros_carros!$H$29="Todos",'Plan mensual'!E9,0)))/60 -> 1.6187254 | D12: =(parametros_carros!$D$29*('Plan mensual'!F2+IF(parametros_carros!$H$29="Todos",'Plan mensual'!F6,0))+parametros_carros!$E$29*('Plan mensual'!F3+IF(parametros_carros!$H$29="Todos",'Plan mensual'!F7,0))+parametros_carros!$F$29*('Plan mensual'!F4+IF(parametros_carros!$H$29="Todos",'Plan mensual'!F8,0))+parametros_carros!$G$29*('Plan mensual'!F5+IF(parametros_carros!$H$29="Todos",'Plan mensual'!F9,0)))/60 -> 1.9424705 | E12: =(parametros_carros!$D$29*('Plan mensual'!G2+IF(parametros_carros!$H$29="Todos",'Plan mensual'!G6,0))+parametros_carros!$E$29*('Plan mensual'!G3+IF(parametros_carros!$H$29="Todos",'Plan mensual'!G7,0))+parametros_carros!$F$29*('Plan mensual'!G4+IF(parametros_carros!$H$29="Todos",'Plan mensual'!G8,0))+parametros_carros!$G$29*('Plan mensual'!G5+IF(parametros_carros!$H$29="Todos",'Plan mensual'!G9,0)))/60 -> 1.9424705 | F12: =(parametros_carros!$D$29*('Plan mensual'!H2+IF(parametros_carros!$H$29="Todos",'Plan mensual'!H6,0))+parametros_carros!$E$29*('Plan mensual'!H3+IF(parametros_carros!$H$29="Todos",'Plan mensual'!H7,0))+parametros_carros!$F$29*('Plan mensual'!H4+IF(parametros_carros!$H$29="Todos",'Plan mensual'!H8,0))+parametros_carros!$G$29*('Plan mensual'!H5+IF(parametros_carros!$H$29="Todos",'Plan mensual'!H9,0)))/60 -> 1.9424705 | G12: =(parametros_carros!$D$29*('Plan mensual'!I2+IF(parametros_carros!$H$29="Todos",'Plan mensual'!I6,0))+parametros_carros!$E$29*('Plan mensual'!I3+IF(parametros_carros!$H$29="Todos",'Plan mensual'!I7,0))+parametros_carros!$F$29*('Plan mensual'!I4+IF(parametros_carros!$H$29="Todos",'Plan mensual'!I8,0))+parametros_carros!$G$29*('Plan mensual'!I5+IF(parametros_carros!$H$29="Todos",'Plan mensual'!I9,0)))/60 -> 1.7266405 | H12: =(parametros_carros!$D$29*('Plan mensual'!J2+IF(parametros_carros!$H$29="Todos",'Plan mensual'!J6,0))+parametros_carros!$E$29*('Plan mensual'!J3+IF(parametros_carros!$H$29="Todos",'Plan mensual'!J7,0))+parametros_carros!$F$29*('Plan mensual'!J4+IF(parametros_carros!$H$29="Todos",'Plan mensual'!J8,0))+parametros_carros!$G$29*('Plan mensual'!J5+IF(parametros_carros!$H$29="Todos",'Plan mensual'!J9,0)))/60 -> 1.9424705 | I12: =(parametros_carros!$D$29*('Plan mensual'!K2+IF(parametros_carros!$H$29="Todos",'Plan mensual'!K6,0))+parametros_carros!$E$29*('Plan mensual'!K3+IF(parametros_carros!$H$29="Todos",'Plan mensual'!K7,0))+parametros_carros!$F$29*('Plan mensual'!K4+IF(parametros_carros!$H$29="Todos",'Plan mensual'!K8,0))+parametros_carros!$G$29*('Plan mensual'!K5+IF(parametros_carros!$H$29="Todos",'Plan mensual'!K9,0)))/60 -> 1.9424705 | ... M12: =(parametros_carros!$D$29*('Plan mensual'!O2+IF(parametros_carros!$H$29="Todos",'Plan mensual'!O6,0))+parametros_carros!$E$29*('Plan mensual'!O3+IF(parametros_carros!$H$29="Todos",'Plan mensual'!O7,0))+parametros_carros!$F$29*('Plan mensual'!O4+IF(parametros_carros!$H$29="Todos",'Plan mensual'!O8,0))+parametros_carros!$G$29*('Plan mensual'!O5+IF(parametros_carros!$H$29="Todos",'Plan mensual'!O9,0)))/60 -> 1.7266405 | N12: =SUM(B12:M12) -> 21.583006 | O12: =MAX(B12:M12) -> 1.9424705 | P12: =IF(parametros_carros!$B$7=0,0,(O12+parametros_carros!$G$55)/parametros_carros!$B$7) -> 0.035172026 | Q12: =IF(O12=0,"-",INDEX($B$1:$M$1,MATCH(O12,B12:M12,0))) -> Mar
A13: =parametros_carros!$B$30 -> Secado | B13: =(parametros_carros!$D$30*('Plan mensual'!D2+IF(parametros_carros!$H$30="Todos",'Plan mensual'!D6,0))+parametros_carros!$E$30*('Plan mensual'!D3+IF(parametros_carros!$H$30="Todos",'Plan mensual'!D7,0))+parametros_carros!$F$30*('Plan mensual'!D4+IF(parametros_carros!$H$30="Todos",'Plan mensual'!D8,0))+parametros_carros!$G$30*('Plan mensual'!D5+IF(parametros_carros!$H$30="Todos",'Plan mensual'!D9,0)))/60 -> 2.0658458 | C13: =(parametros_carros!$D$30*('Plan mensual'!E2+IF(parametros_carros!$H$30="Todos",'Plan mensual'!E6,0))+parametros_carros!$E$30*('Plan mensual'!E3+IF(parametros_carros!$H$30="Todos",'Plan mensual'!E7,0))+parametros_carros!$F$30*('Plan mensual'!E4+IF(parametros_carros!$H$30="Todos",'Plan mensual'!E8,0))+parametros_carros!$G$30*('Plan mensual'!E5+IF(parametros_carros!$H$30="Todos",'Plan mensual'!E9,0)))/60 -> 1.8228051 | D13: =(parametros_carros!$D$30*('Plan mensual'!F2+IF(parametros_carros!$H$30="Todos",'Plan mensual'!F6,0))+parametros_carros!$E$30*('Plan mensual'!F3+IF(parametros_carros!$H$30="Todos",'Plan mensual'!F7,0))+parametros_carros!$F$30*('Plan mensual'!F4+IF(parametros_carros!$H$30="Todos",'Plan mensual'!F8,0))+parametros_carros!$G$30*('Plan mensual'!F5+IF(parametros_carros!$H$30="Todos",'Plan mensual'!F9,0)))/60 -> 2.1873661 | E13: =(parametros_carros!$D$30*('Plan mensual'!G2+IF(parametros_carros!$H$30="Todos",'Plan mensual'!G6,0))+parametros_carros!$E$30*('Plan mensual'!G3+IF(parametros_carros!$H$30="Todos",'Plan mensual'!G7,0))+parametros_carros!$F$30*('Plan mensual'!G4+IF(parametros_carros!$H$30="Todos",'Plan mensual'!G8,0))+parametros_carros!$G$30*('Plan mensual'!G5+IF(parametros_carros!$H$30="Todos",'Plan mensual'!G9,0)))/60 -> 2.1873661 | F13: =(parametros_carros!$D$30*('Plan mensual'!H2+IF(parametros_carros!$H$30="Todos",'Plan mensual'!H6,0))+parametros_carros!$E$30*('Plan mensual'!H3+IF(parametros_carros!$H$30="Todos",'Plan mensual'!H7,0))+parametros_carros!$F$30*('Plan mensual'!H4+IF(parametros_carros!$H$30="Todos",'Plan mensual'!H8,0))+parametros_carros!$G$30*('Plan mensual'!H5+IF(parametros_carros!$H$30="Todos",'Plan mensual'!H9,0)))/60 -> 2.1873661 | G13: =(parametros_carros!$D$30*('Plan mensual'!I2+IF(parametros_carros!$H$30="Todos",'Plan mensual'!I6,0))+parametros_carros!$E$30*('Plan mensual'!I3+IF(parametros_carros!$H$30="Todos",'Plan mensual'!I7,0))+parametros_carros!$F$30*('Plan mensual'!I4+IF(parametros_carros!$H$30="Todos",'Plan mensual'!I8,0))+parametros_carros!$G$30*('Plan mensual'!I5+IF(parametros_carros!$H$30="Todos",'Plan mensual'!I9,0)))/60 -> 1.9443254 | H13: =(parametros_carros!$D$30*('Plan mensual'!J2+IF(parametros_carros!$H$30="Todos",'Plan mensual'!J6,0))+parametros_carros!$E$30*('Plan mensual'!J3+IF(parametros_carros!$H$30="Todos",'Plan mensual'!J7,0))+parametros_carros!$F$30*('Plan mensual'!J4+IF(parametros_carros!$H$30="Todos",'Plan mensual'!J8,0))+parametros_carros!$G$30*('Plan mensual'!J5+IF(parametros_carros!$H$30="Todos",'Plan mensual'!J9,0)))/60 -> 2.1873661 | I13: =(parametros_carros!$D$30*('Plan mensual'!K2+IF(parametros_carros!$H$30="Todos",'Plan mensual'!K6,0))+parametros_carros!$E$30*('Plan mensual'!K3+IF(parametros_carros!$H$30="Todos",'Plan mensual'!K7,0))+parametros_carros!$F$30*('Plan mensual'!K4+IF(parametros_carros!$H$30="Todos",'Plan mensual'!K8,0))+parametros_carros!$G$30*('Plan mensual'!K5+IF(parametros_carros!$H$30="Todos",'Plan mensual'!K9,0)))/60 -> 2.1873661 | ... M13: =(parametros_carros!$D$30*('Plan mensual'!O2+IF(parametros_carros!$H$30="Todos",'Plan mensual'!O6,0))+parametros_carros!$E$30*('Plan mensual'!O3+IF(parametros_carros!$H$30="Todos",'Plan mensual'!O7,0))+parametros_carros!$F$30*('Plan mensual'!O4+IF(parametros_carros!$H$30="Todos",'Plan mensual'!O8,0))+parametros_carros!$G$30*('Plan mensual'!O5+IF(parametros_carros!$H$30="Todos",'Plan mensual'!O9,0)))/60 -> 1.9443254 | N13: =SUM(B13:M13) -> 24.304068 | O13: =MAX(B13:M13) -> 2.1873661 | P13: =IF(parametros_carros!$B$7=0,0,(O13+parametros_carros!$G$56)/parametros_carros!$B$7) -> 0.014582441 | Q13: =IF(O13=0,"-",INDEX($B$1:$M$1,MATCH(O13,B13:M13,0))) -> Mar
A14: =parametros_carros!$B$31 -> Pulmón de despacho y carga a pintura | B14: =(parametros_carros!$D$31*('Plan mensual'!D2+IF(parametros_carros!$H$31="Todos",'Plan mensual'!D6,0))+parametros_carros!$E$31*('Plan mensual'!D3+IF(parametros_carros!$H$31="Todos",'Plan mensual'!D7,0))+parametros_carros!$F$31*('Plan mensual'!D4+IF(parametros_carros!$H$31="Todos",'Plan mensual'!D8,0))+parametros_carros!$G$31*('Plan mensual'!D5+IF(parametros_carros!$H$31="Todos",'Plan mensual'!D9,0)))/60 -> 0.32941958 | C14: =(parametros_carros!$D$31*('Plan mensual'!E2+IF(parametros_carros!$H$31="Todos",'Plan mensual'!E6,0))+parametros_carros!$E$31*('Plan mensual'!E3+IF(parametros_carros!$H$31="Todos",'Plan mensual'!E7,0))+parametros_carros!$F$31*('Plan mensual'!E4+IF(parametros_carros!$H$31="Todos",'Plan mensual'!E8,0))+parametros_carros!$G$31*('Plan mensual'!E5+IF(parametros_carros!$H$31="Todos",'Plan mensual'!E9,0)))/60 -> 0.29066433 | D14: =(parametros_carros!$D$31*('Plan mensual'!F2+IF(parametros_carros!$H$31="Todos",'Plan mensual'!F6,0))+parametros_carros!$E$31*('Plan mensual'!F3+IF(parametros_carros!$H$31="Todos",'Plan mensual'!F7,0))+parametros_carros!$F$31*('Plan mensual'!F4+IF(parametros_carros!$H$31="Todos",'Plan mensual'!F8,0))+parametros_carros!$G$31*('Plan mensual'!F5+IF(parametros_carros!$H$31="Todos",'Plan mensual'!F9,0)))/60 -> 0.3487972 | E14: =(parametros_carros!$D$31*('Plan mensual'!G2+IF(parametros_carros!$H$31="Todos",'Plan mensual'!G6,0))+parametros_carros!$E$31*('Plan mensual'!G3+IF(parametros_carros!$H$31="Todos",'Plan mensual'!G7,0))+parametros_carros!$F$31*('Plan mensual'!G4+IF(parametros_carros!$H$31="Todos",'Plan mensual'!G8,0))+parametros_carros!$G$31*('Plan mensual'!G5+IF(parametros_carros!$H$31="Todos",'Plan mensual'!G9,0)))/60 -> 0.3487972 | F14: =(parametros_carros!$D$31*('Plan mensual'!H2+IF(parametros_carros!$H$31="Todos",'Plan mensual'!H6,0))+parametros_carros!$E$31*('Plan mensual'!H3+IF(parametros_carros!$H$31="Todos",'Plan mensual'!H7,0))+parametros_carros!$F$31*('Plan mensual'!H4+IF(parametros_carros!$H$31="Todos",'Plan mensual'!H8,0))+parametros_carros!$G$31*('Plan mensual'!H5+IF(parametros_carros!$H$31="Todos",'Plan mensual'!H9,0)))/60 -> 0.3487972 | G14: =(parametros_carros!$D$31*('Plan mensual'!I2+IF(parametros_carros!$H$31="Todos",'Plan mensual'!I6,0))+parametros_carros!$E$31*('Plan mensual'!I3+IF(parametros_carros!$H$31="Todos",'Plan mensual'!I7,0))+parametros_carros!$F$31*('Plan mensual'!I4+IF(parametros_carros!$H$31="Todos",'Plan mensual'!I8,0))+parametros_carros!$G$31*('Plan mensual'!I5+IF(parametros_carros!$H$31="Todos",'Plan mensual'!I9,0)))/60 -> 0.31004195 | H14: =(parametros_carros!$D$31*('Plan mensual'!J2+IF(parametros_carros!$H$31="Todos",'Plan mensual'!J6,0))+parametros_carros!$E$31*('Plan mensual'!J3+IF(parametros_carros!$H$31="Todos",'Plan mensual'!J7,0))+parametros_carros!$F$31*('Plan mensual'!J4+IF(parametros_carros!$H$31="Todos",'Plan mensual'!J8,0))+parametros_carros!$G$31*('Plan mensual'!J5+IF(parametros_carros!$H$31="Todos",'Plan mensual'!J9,0)))/60 -> 0.3487972 | I14: =(parametros_carros!$D$31*('Plan mensual'!K2+IF(parametros_carros!$H$31="Todos",'Plan mensual'!K6,0))+parametros_carros!$E$31*('Plan mensual'!K3+IF(parametros_carros!$H$31="Todos",'Plan mensual'!K7,0))+parametros_carros!$F$31*('Plan mensual'!K4+IF(parametros_carros!$H$31="Todos",'Plan mensual'!K8,0))+parametros_carros!$G$31*('Plan mensual'!K5+IF(parametros_carros!$H$31="Todos",'Plan mensual'!K9,0)))/60 -> 0.3487972 | ... M14: =(parametros_carros!$D$31*('Plan mensual'!O2+IF(parametros_carros!$H$31="Todos",'Plan mensual'!O6,0))+parametros_carros!$E$31*('Plan mensual'!O3+IF(parametros_carros!$H$31="Todos",'Plan mensual'!O7,0))+parametros_carros!$F$31*('Plan mensual'!O4+IF(parametros_carros!$H$31="Todos",'Plan mensual'!O8,0))+parametros_carros!$G$31*('Plan mensual'!O5+IF(parametros_carros!$H$31="Todos",'Plan mensual'!O9,0)))/60 -> 0.31004195 | N14: =SUM(B14:M14) -> 3.8755244 | O14: =MAX(B14:M14) -> 0.3487972 | P14: =IF(parametros_carros!$B$7=0,0,(O14+parametros_carros!$G$57)/parametros_carros!$B$7) -> 0.011214204 | Q14: =IF(O14=0,"-",INDEX($B$1:$M$1,MATCH(O14,B14:M14,0))) -> Mar
A15: =parametros_carros!$B$32 -> Recepción de pintados y cambio de juego | B15: =(parametros_carros!$D$32*('Plan mensual'!D2+IF(parametros_carros!$H$32="Todos",'Plan mensual'!D6,0))+parametros_carros!$E$32*('Plan mensual'!D3+IF(parametros_carros!$H$32="Todos",'Plan mensual'!D7,0))+parametros_carros!$F$32*('Plan mensual'!D4+IF(parametros_carros!$H$32="Todos",'Plan mensual'!D8,0))+parametros_carros!$G$32*('Plan mensual'!D5+IF(parametros_carros!$H$32="Todos",'Plan mensual'!D9,0)))/60 -> 0.64249861 | C15: =(parametros_carros!$D$32*('Plan mensual'!E2+IF(parametros_carros!$H$32="Todos",'Plan mensual'!E6,0))+parametros_carros!$E$32*('Plan mensual'!E3+IF(parametros_carros!$H$32="Todos",'Plan mensual'!E7,0))+parametros_carros!$F$32*('Plan mensual'!E4+IF(parametros_carros!$H$32="Todos",'Plan mensual'!E8,0))+parametros_carros!$G$32*('Plan mensual'!E5+IF(parametros_carros!$H$32="Todos",'Plan mensual'!E9,0)))/60 -> 0.56691053 | D15: =(parametros_carros!$D$32*('Plan mensual'!F2+IF(parametros_carros!$H$32="Todos",'Plan mensual'!F6,0))+parametros_carros!$E$32*('Plan mensual'!F3+IF(parametros_carros!$H$32="Todos",'Plan mensual'!F7,0))+parametros_carros!$F$32*('Plan mensual'!F4+IF(parametros_carros!$H$32="Todos",'Plan mensual'!F8,0))+parametros_carros!$G$32*('Plan mensual'!F5+IF(parametros_carros!$H$32="Todos",'Plan mensual'!F9,0)))/60 -> 0.68029264 | E15: =(parametros_carros!$D$32*('Plan mensual'!G2+IF(parametros_carros!$H$32="Todos",'Plan mensual'!G6,0))+parametros_carros!$E$32*('Plan mensual'!G3+IF(parametros_carros!$H$32="Todos",'Plan mensual'!G7,0))+parametros_carros!$F$32*('Plan mensual'!G4+IF(parametros_carros!$H$32="Todos",'Plan mensual'!G8,0))+parametros_carros!$G$32*('Plan mensual'!G5+IF(parametros_carros!$H$32="Todos",'Plan mensual'!G9,0)))/60 -> 0.68029264 | F15: =(parametros_carros!$D$32*('Plan mensual'!H2+IF(parametros_carros!$H$32="Todos",'Plan mensual'!H6,0))+parametros_carros!$E$32*('Plan mensual'!H3+IF(parametros_carros!$H$32="Todos",'Plan mensual'!H7,0))+parametros_carros!$F$32*('Plan mensual'!H4+IF(parametros_carros!$H$32="Todos",'Plan mensual'!H8,0))+parametros_carros!$G$32*('Plan mensual'!H5+IF(parametros_carros!$H$32="Todos",'Plan mensual'!H9,0)))/60 -> 0.68029264 | G15: =(parametros_carros!$D$32*('Plan mensual'!I2+IF(parametros_carros!$H$32="Todos",'Plan mensual'!I6,0))+parametros_carros!$E$32*('Plan mensual'!I3+IF(parametros_carros!$H$32="Todos",'Plan mensual'!I7,0))+parametros_carros!$F$32*('Plan mensual'!I4+IF(parametros_carros!$H$32="Todos",'Plan mensual'!I8,0))+parametros_carros!$G$32*('Plan mensual'!I5+IF(parametros_carros!$H$32="Todos",'Plan mensual'!I9,0)))/60 -> 0.60470457 | H15: =(parametros_carros!$D$32*('Plan mensual'!J2+IF(parametros_carros!$H$32="Todos",'Plan mensual'!J6,0))+parametros_carros!$E$32*('Plan mensual'!J3+IF(parametros_carros!$H$32="Todos",'Plan mensual'!J7,0))+parametros_carros!$F$32*('Plan mensual'!J4+IF(parametros_carros!$H$32="Todos",'Plan mensual'!J8,0))+parametros_carros!$G$32*('Plan mensual'!J5+IF(parametros_carros!$H$32="Todos",'Plan mensual'!J9,0)))/60 -> 0.68029264 | I15: =(parametros_carros!$D$32*('Plan mensual'!K2+IF(parametros_carros!$H$32="Todos",'Plan mensual'!K6,0))+parametros_carros!$E$32*('Plan mensual'!K3+IF(parametros_carros!$H$32="Todos",'Plan mensual'!K7,0))+parametros_carros!$F$32*('Plan mensual'!K4+IF(parametros_carros!$H$32="Todos",'Plan mensual'!K8,0))+parametros_carros!$G$32*('Plan mensual'!K5+IF(parametros_carros!$H$32="Todos",'Plan mensual'!K9,0)))/60 -> 0.68029264 | ... M15: =(parametros_carros!$D$32*('Plan mensual'!O2+IF(parametros_carros!$H$32="Todos",'Plan mensual'!O6,0))+parametros_carros!$E$32*('Plan mensual'!O3+IF(parametros_carros!$H$32="Todos",'Plan mensual'!O7,0))+parametros_carros!$F$32*('Plan mensual'!O4+IF(parametros_carros!$H$32="Todos",'Plan mensual'!O8,0))+parametros_carros!$G$32*('Plan mensual'!O5+IF(parametros_carros!$H$32="Todos",'Plan mensual'!O9,0)))/60 -> 0.60470457 | N15: =SUM(B15:M15) -> 7.5588071 | O15: =MAX(B15:M15) -> 0.68029264 | P15: =IF(parametros_carros!$B$7=0,0,(O15+parametros_carros!$G$58)/parametros_carros!$B$7) -> 0.013424173 | Q15: =IF(O15=0,"-",INDEX($B$1:$M$1,MATCH(O15,B15:M15,0))) -> Mar
A16: =parametros_carros!$B$33 -> Carga de polvo y presurización | B16: =(parametros_carros!$D$33*('Plan mensual'!D2+IF(parametros_carros!$H$33="Todos",'Plan mensual'!D6,0))+parametros_carros!$E$33*('Plan mensual'!D3+IF(parametros_carros!$H$33="Todos",'Plan mensual'!D7,0))+parametros_carros!$F$33*('Plan mensual'!D4+IF(parametros_carros!$H$33="Todos",'Plan mensual'!D8,0))+parametros_carros!$G$33*('Plan mensual'!D5+IF(parametros_carros!$H$33="Todos",'Plan mensual'!D9,0)))/60 -> 2.2580635 | C16: =(parametros_carros!$D$33*('Plan mensual'!E2+IF(parametros_carros!$H$33="Todos",'Plan mensual'!E6,0))+parametros_carros!$E$33*('Plan mensual'!E3+IF(parametros_carros!$H$33="Todos",'Plan mensual'!E7,0))+parametros_carros!$F$33*('Plan mensual'!E4+IF(parametros_carros!$H$33="Todos",'Plan mensual'!E8,0))+parametros_carros!$G$33*('Plan mensual'!E5+IF(parametros_carros!$H$33="Todos",'Plan mensual'!E9,0)))/60 -> 1.992409 | D16: =(parametros_carros!$D$33*('Plan mensual'!F2+IF(parametros_carros!$H$33="Todos",'Plan mensual'!F6,0))+parametros_carros!$E$33*('Plan mensual'!F3+IF(parametros_carros!$H$33="Todos",'Plan mensual'!F7,0))+parametros_carros!$F$33*('Plan mensual'!F4+IF(parametros_carros!$H$33="Todos",'Plan mensual'!F8,0))+parametros_carros!$G$33*('Plan mensual'!F5+IF(parametros_carros!$H$33="Todos",'Plan mensual'!F9,0)))/60 -> 2.3908908 | E16: =(parametros_carros!$D$33*('Plan mensual'!G2+IF(parametros_carros!$H$33="Todos",'Plan mensual'!G6,0))+parametros_carros!$E$33*('Plan mensual'!G3+IF(parametros_carros!$H$33="Todos",'Plan mensual'!G7,0))+parametros_carros!$F$33*('Plan mensual'!G4+IF(parametros_carros!$H$33="Todos",'Plan mensual'!G8,0))+parametros_carros!$G$33*('Plan mensual'!G5+IF(parametros_carros!$H$33="Todos",'Plan mensual'!G9,0)))/60 -> 2.3908908 | F16: =(parametros_carros!$D$33*('Plan mensual'!H2+IF(parametros_carros!$H$33="Todos",'Plan mensual'!H6,0))+parametros_carros!$E$33*('Plan mensual'!H3+IF(parametros_carros!$H$33="Todos",'Plan mensual'!H7,0))+parametros_carros!$F$33*('Plan mensual'!H4+IF(parametros_carros!$H$33="Todos",'Plan mensual'!H8,0))+parametros_carros!$G$33*('Plan mensual'!H5+IF(parametros_carros!$H$33="Todos",'Plan mensual'!H9,0)))/60 -> 2.3908908 | G16: =(parametros_carros!$D$33*('Plan mensual'!I2+IF(parametros_carros!$H$33="Todos",'Plan mensual'!I6,0))+parametros_carros!$E$33*('Plan mensual'!I3+IF(parametros_carros!$H$33="Todos",'Plan mensual'!I7,0))+parametros_carros!$F$33*('Plan mensual'!I4+IF(parametros_carros!$H$33="Todos",'Plan mensual'!I8,0))+parametros_carros!$G$33*('Plan mensual'!I5+IF(parametros_carros!$H$33="Todos",'Plan mensual'!I9,0)))/60 -> 2.1252362 | H16: =(parametros_carros!$D$33*('Plan mensual'!J2+IF(parametros_carros!$H$33="Todos",'Plan mensual'!J6,0))+parametros_carros!$E$33*('Plan mensual'!J3+IF(parametros_carros!$H$33="Todos",'Plan mensual'!J7,0))+parametros_carros!$F$33*('Plan mensual'!J4+IF(parametros_carros!$H$33="Todos",'Plan mensual'!J8,0))+parametros_carros!$G$33*('Plan mensual'!J5+IF(parametros_carros!$H$33="Todos",'Plan mensual'!J9,0)))/60 -> 2.3908908 | I16: =(parametros_carros!$D$33*('Plan mensual'!K2+IF(parametros_carros!$H$33="Todos",'Plan mensual'!K6,0))+parametros_carros!$E$33*('Plan mensual'!K3+IF(parametros_carros!$H$33="Todos",'Plan mensual'!K7,0))+parametros_carros!$F$33*('Plan mensual'!K4+IF(parametros_carros!$H$33="Todos",'Plan mensual'!K8,0))+parametros_carros!$G$33*('Plan mensual'!K5+IF(parametros_carros!$H$33="Todos",'Plan mensual'!K9,0)))/60 -> 2.3908908 | ... M16: =(parametros_carros!$D$33*('Plan mensual'!O2+IF(parametros_carros!$H$33="Todos",'Plan mensual'!O6,0))+parametros_carros!$E$33*('Plan mensual'!O3+IF(parametros_carros!$H$33="Todos",'Plan mensual'!O7,0))+parametros_carros!$F$33*('Plan mensual'!O4+IF(parametros_carros!$H$33="Todos",'Plan mensual'!O8,0))+parametros_carros!$G$33*('Plan mensual'!O5+IF(parametros_carros!$H$33="Todos",'Plan mensual'!O9,0)))/60 -> 2.1252362 | N16: =SUM(B16:M16) -> 26.565453 | O16: =MAX(B16:M16) -> 2.3908908 | P16: =IF(parametros_carros!$B$7=0,0,(O16+parametros_carros!$G$59)/parametros_carros!$B$7) -> 0.12260594 | Q16: =IF(O16=0,"-",INDEX($B$1:$M$1,MATCH(O16,B16:M16,0))) -> Mar
A17: =parametros_carros!$B$34 -> Montaje, manga, precinto y etiquetado | B17: =(parametros_carros!$D$34*('Plan mensual'!D2+IF(parametros_carros!$H$34="Todos",'Plan mensual'!D6,0))+parametros_carros!$E$34*('Plan mensual'!D3+IF(parametros_carros!$H$34="Todos",'Plan mensual'!D7,0))+parametros_carros!$F$34*('Plan mensual'!D4+IF(parametros_carros!$H$34="Todos",'Plan mensual'!D8,0))+parametros_carros!$G$34*('Plan mensual'!D5+IF(parametros_carros!$H$34="Todos",'Plan mensual'!D9,0)))/60 -> 1.2574748 | C17: =(parametros_carros!$D$34*('Plan mensual'!E2+IF(parametros_carros!$H$34="Todos",'Plan mensual'!E6,0))+parametros_carros!$E$34*('Plan mensual'!E3+IF(parametros_carros!$H$34="Todos",'Plan mensual'!E7,0))+parametros_carros!$F$34*('Plan mensual'!E4+IF(parametros_carros!$H$34="Todos",'Plan mensual'!E8,0))+parametros_carros!$G$34*('Plan mensual'!E5+IF(parametros_carros!$H$34="Todos",'Plan mensual'!E9,0)))/60 -> 1.1095366 | D17: =(parametros_carros!$D$34*('Plan mensual'!F2+IF(parametros_carros!$H$34="Todos",'Plan mensual'!F6,0))+parametros_carros!$E$34*('Plan mensual'!F3+IF(parametros_carros!$H$34="Todos",'Plan mensual'!F7,0))+parametros_carros!$F$34*('Plan mensual'!F4+IF(parametros_carros!$H$34="Todos",'Plan mensual'!F8,0))+parametros_carros!$G$34*('Plan mensual'!F5+IF(parametros_carros!$H$34="Todos",'Plan mensual'!F9,0)))/60 -> 1.3314439 | E17: =(parametros_carros!$D$34*('Plan mensual'!G2+IF(parametros_carros!$H$34="Todos",'Plan mensual'!G6,0))+parametros_carros!$E$34*('Plan mensual'!G3+IF(parametros_carros!$H$34="Todos",'Plan mensual'!G7,0))+parametros_carros!$F$34*('Plan mensual'!G4+IF(parametros_carros!$H$34="Todos",'Plan mensual'!G8,0))+parametros_carros!$G$34*('Plan mensual'!G5+IF(parametros_carros!$H$34="Todos",'Plan mensual'!G9,0)))/60 -> 1.3314439 | F17: =(parametros_carros!$D$34*('Plan mensual'!H2+IF(parametros_carros!$H$34="Todos",'Plan mensual'!H6,0))+parametros_carros!$E$34*('Plan mensual'!H3+IF(parametros_carros!$H$34="Todos",'Plan mensual'!H7,0))+parametros_carros!$F$34*('Plan mensual'!H4+IF(parametros_carros!$H$34="Todos",'Plan mensual'!H8,0))+parametros_carros!$G$34*('Plan mensual'!H5+IF(parametros_carros!$H$34="Todos",'Plan mensual'!H9,0)))/60 -> 1.3314439 | G17: =(parametros_carros!$D$34*('Plan mensual'!I2+IF(parametros_carros!$H$34="Todos",'Plan mensual'!I6,0))+parametros_carros!$E$34*('Plan mensual'!I3+IF(parametros_carros!$H$34="Todos",'Plan mensual'!I7,0))+parametros_carros!$F$34*('Plan mensual'!I4+IF(parametros_carros!$H$34="Todos",'Plan mensual'!I8,0))+parametros_carros!$G$34*('Plan mensual'!I5+IF(parametros_carros!$H$34="Todos",'Plan mensual'!I9,0)))/60 -> 1.1835057 | H17: =(parametros_carros!$D$34*('Plan mensual'!J2+IF(parametros_carros!$H$34="Todos",'Plan mensual'!J6,0))+parametros_carros!$E$34*('Plan mensual'!J3+IF(parametros_carros!$H$34="Todos",'Plan mensual'!J7,0))+parametros_carros!$F$34*('Plan mensual'!J4+IF(parametros_carros!$H$34="Todos",'Plan mensual'!J8,0))+parametros_carros!$G$34*('Plan mensual'!J5+IF(parametros_carros!$H$34="Todos",'Plan mensual'!J9,0)))/60 -> 1.3314439 | I17: =(parametros_carros!$D$34*('Plan mensual'!K2+IF(parametros_carros!$H$34="Todos",'Plan mensual'!K6,0))+parametros_carros!$E$34*('Plan mensual'!K3+IF(parametros_carros!$H$34="Todos",'Plan mensual'!K7,0))+parametros_carros!$F$34*('Plan mensual'!K4+IF(parametros_carros!$H$34="Todos",'Plan mensual'!K8,0))+parametros_carros!$G$34*('Plan mensual'!K5+IF(parametros_carros!$H$34="Todos",'Plan mensual'!K9,0)))/60 -> 1.3314439 | ... M17: =(parametros_carros!$D$34*('Plan mensual'!O2+IF(parametros_carros!$H$34="Todos",'Plan mensual'!O6,0))+parametros_carros!$E$34*('Plan mensual'!O3+IF(parametros_carros!$H$34="Todos",'Plan mensual'!O7,0))+parametros_carros!$F$34*('Plan mensual'!O4+IF(parametros_carros!$H$34="Todos",'Plan mensual'!O8,0))+parametros_carros!$G$34*('Plan mensual'!O5+IF(parametros_carros!$H$34="Todos",'Plan mensual'!O9,0)))/60 -> 1.1835057 | N17: =SUM(B17:M17) -> 14.793821 | O17: =MAX(B17:M17) -> 1.3314439 | P17: =IF(parametros_carros!$B$7=0,0,(O17+parametros_carros!$G$60)/parametros_carros!$B$7) -> 0.05554296 | Q17: =IF(O17=0,"-",INDEX($B$1:$M$1,MATCH(O17,B17:M17,0))) -> Mar
A18: =parametros_carros!$B$35 -> Calidad: pérdidas, inspección final, liberación y ensayos de lote | B18: =(parametros_carros!$D$35*('Plan mensual'!D2+IF(parametros_carros!$H$35="Todos",'Plan mensual'!D6,0))+parametros_carros!$E$35*('Plan mensual'!D3+IF(parametros_carros!$H$35="Todos",'Plan mensual'!D7,0))+parametros_carros!$F$35*('Plan mensual'!D4+IF(parametros_carros!$H$35="Todos",'Plan mensual'!D8,0))+parametros_carros!$G$35*('Plan mensual'!D5+IF(parametros_carros!$H$35="Todos",'Plan mensual'!D9,0)))/60 -> 0.95142246 | C18: =(parametros_carros!$D$35*('Plan mensual'!E2+IF(parametros_carros!$H$35="Todos",'Plan mensual'!E6,0))+parametros_carros!$E$35*('Plan mensual'!E3+IF(parametros_carros!$H$35="Todos",'Plan mensual'!E7,0))+parametros_carros!$F$35*('Plan mensual'!E4+IF(parametros_carros!$H$35="Todos",'Plan mensual'!E8,0))+parametros_carros!$G$35*('Plan mensual'!E5+IF(parametros_carros!$H$35="Todos",'Plan mensual'!E9,0)))/60 -> 0.8394904 | D18: =(parametros_carros!$D$35*('Plan mensual'!F2+IF(parametros_carros!$H$35="Todos",'Plan mensual'!F6,0))+parametros_carros!$E$35*('Plan mensual'!F3+IF(parametros_carros!$H$35="Todos",'Plan mensual'!F7,0))+parametros_carros!$F$35*('Plan mensual'!F4+IF(parametros_carros!$H$35="Todos",'Plan mensual'!F8,0))+parametros_carros!$G$35*('Plan mensual'!F5+IF(parametros_carros!$H$35="Todos",'Plan mensual'!F9,0)))/60 -> 1.0073885 | E18: =(parametros_carros!$D$35*('Plan mensual'!G2+IF(parametros_carros!$H$35="Todos",'Plan mensual'!G6,0))+parametros_carros!$E$35*('Plan mensual'!G3+IF(parametros_carros!$H$35="Todos",'Plan mensual'!G7,0))+parametros_carros!$F$35*('Plan mensual'!G4+IF(parametros_carros!$H$35="Todos",'Plan mensual'!G8,0))+parametros_carros!$G$35*('Plan mensual'!G5+IF(parametros_carros!$H$35="Todos",'Plan mensual'!G9,0)))/60 -> 1.0073885 | F18: =(parametros_carros!$D$35*('Plan mensual'!H2+IF(parametros_carros!$H$35="Todos",'Plan mensual'!H6,0))+parametros_carros!$E$35*('Plan mensual'!H3+IF(parametros_carros!$H$35="Todos",'Plan mensual'!H7,0))+parametros_carros!$F$35*('Plan mensual'!H4+IF(parametros_carros!$H$35="Todos",'Plan mensual'!H8,0))+parametros_carros!$G$35*('Plan mensual'!H5+IF(parametros_carros!$H$35="Todos",'Plan mensual'!H9,0)))/60 -> 1.0073885 | G18: =(parametros_carros!$D$35*('Plan mensual'!I2+IF(parametros_carros!$H$35="Todos",'Plan mensual'!I6,0))+parametros_carros!$E$35*('Plan mensual'!I3+IF(parametros_carros!$H$35="Todos",'Plan mensual'!I7,0))+parametros_carros!$F$35*('Plan mensual'!I4+IF(parametros_carros!$H$35="Todos",'Plan mensual'!I8,0))+parametros_carros!$G$35*('Plan mensual'!I5+IF(parametros_carros!$H$35="Todos",'Plan mensual'!I9,0)))/60 -> 0.89545643 | H18: =(parametros_carros!$D$35*('Plan mensual'!J2+IF(parametros_carros!$H$35="Todos",'Plan mensual'!J6,0))+parametros_carros!$E$35*('Plan mensual'!J3+IF(parametros_carros!$H$35="Todos",'Plan mensual'!J7,0))+parametros_carros!$F$35*('Plan mensual'!J4+IF(parametros_carros!$H$35="Todos",'Plan mensual'!J8,0))+parametros_carros!$G$35*('Plan mensual'!J5+IF(parametros_carros!$H$35="Todos",'Plan mensual'!J9,0)))/60 -> 1.0073885 | I18: =(parametros_carros!$D$35*('Plan mensual'!K2+IF(parametros_carros!$H$35="Todos",'Plan mensual'!K6,0))+parametros_carros!$E$35*('Plan mensual'!K3+IF(parametros_carros!$H$35="Todos",'Plan mensual'!K7,0))+parametros_carros!$F$35*('Plan mensual'!K4+IF(parametros_carros!$H$35="Todos",'Plan mensual'!K8,0))+parametros_carros!$G$35*('Plan mensual'!K5+IF(parametros_carros!$H$35="Todos",'Plan mensual'!K9,0)))/60 -> 1.0073885 | ... M18: =(parametros_carros!$D$35*('Plan mensual'!O2+IF(parametros_carros!$H$35="Todos",'Plan mensual'!O6,0))+parametros_carros!$E$35*('Plan mensual'!O3+IF(parametros_carros!$H$35="Todos",'Plan mensual'!O7,0))+parametros_carros!$F$35*('Plan mensual'!O4+IF(parametros_carros!$H$35="Todos",'Plan mensual'!O8,0))+parametros_carros!$G$35*('Plan mensual'!O5+IF(parametros_carros!$H$35="Todos",'Plan mensual'!O9,0)))/60 -> 0.89545643 | N18: =SUM(B18:M18) -> 11.193205 | O18: =MAX(B18:M18) -> 1.0073885 | P18: =IF(parametros_carros!$B$7=0,0,(O18+parametros_carros!$G$61)/parametros_carros!$B$7) -> 0.37693815 | Q18: =IF(O18=0,"-",INDEX($B$1:$M$1,MATCH(O18,B18:M18,0))) -> Mar
A19: =parametros_carros!$B$36 -> Depósito de producto terminado y despacho | B19: =(parametros_carros!$D$36*('Plan mensual'!D2+IF(parametros_carros!$H$36="Todos",'Plan mensual'!D6,0))+parametros_carros!$E$36*('Plan mensual'!D3+IF(parametros_carros!$H$36="Todos",'Plan mensual'!D7,0))+parametros_carros!$F$36*('Plan mensual'!D4+IF(parametros_carros!$H$36="Todos",'Plan mensual'!D8,0))+parametros_carros!$G$36*('Plan mensual'!D5+IF(parametros_carros!$H$36="Todos",'Plan mensual'!D9,0)))/60 -> 0.28055914 | C19: =(parametros_carros!$D$36*('Plan mensual'!E2+IF(parametros_carros!$H$36="Todos",'Plan mensual'!E6,0))+parametros_carros!$E$36*('Plan mensual'!E3+IF(parametros_carros!$H$36="Todos",'Plan mensual'!E7,0))+parametros_carros!$F$36*('Plan mensual'!E4+IF(parametros_carros!$H$36="Todos",'Plan mensual'!E8,0))+parametros_carros!$G$36*('Plan mensual'!E5+IF(parametros_carros!$H$36="Todos",'Plan mensual'!E9,0)))/60 -> 0.24755218 | D19: =(parametros_carros!$D$36*('Plan mensual'!F2+IF(parametros_carros!$H$36="Todos",'Plan mensual'!F6,0))+parametros_carros!$E$36*('Plan mensual'!F3+IF(parametros_carros!$H$36="Todos",'Plan mensual'!F7,0))+parametros_carros!$F$36*('Plan mensual'!F4+IF(parametros_carros!$H$36="Todos",'Plan mensual'!F8,0))+parametros_carros!$G$36*('Plan mensual'!F5+IF(parametros_carros!$H$36="Todos",'Plan mensual'!F9,0)))/60 -> 0.29706262 | E19: =(parametros_carros!$D$36*('Plan mensual'!G2+IF(parametros_carros!$H$36="Todos",'Plan mensual'!G6,0))+parametros_carros!$E$36*('Plan mensual'!G3+IF(parametros_carros!$H$36="Todos",'Plan mensual'!G7,0))+parametros_carros!$F$36*('Plan mensual'!G4+IF(parametros_carros!$H$36="Todos",'Plan mensual'!G8,0))+parametros_carros!$G$36*('Plan mensual'!G5+IF(parametros_carros!$H$36="Todos",'Plan mensual'!G9,0)))/60 -> 0.29706262 | F19: =(parametros_carros!$D$36*('Plan mensual'!H2+IF(parametros_carros!$H$36="Todos",'Plan mensual'!H6,0))+parametros_carros!$E$36*('Plan mensual'!H3+IF(parametros_carros!$H$36="Todos",'Plan mensual'!H7,0))+parametros_carros!$F$36*('Plan mensual'!H4+IF(parametros_carros!$H$36="Todos",'Plan mensual'!H8,0))+parametros_carros!$G$36*('Plan mensual'!H5+IF(parametros_carros!$H$36="Todos",'Plan mensual'!H9,0)))/60 -> 0.29706262 | G19: =(parametros_carros!$D$36*('Plan mensual'!I2+IF(parametros_carros!$H$36="Todos",'Plan mensual'!I6,0))+parametros_carros!$E$36*('Plan mensual'!I3+IF(parametros_carros!$H$36="Todos",'Plan mensual'!I7,0))+parametros_carros!$F$36*('Plan mensual'!I4+IF(parametros_carros!$H$36="Todos",'Plan mensual'!I8,0))+parametros_carros!$G$36*('Plan mensual'!I5+IF(parametros_carros!$H$36="Todos",'Plan mensual'!I9,0)))/60 -> 0.26405566 | H19: =(parametros_carros!$D$36*('Plan mensual'!J2+IF(parametros_carros!$H$36="Todos",'Plan mensual'!J6,0))+parametros_carros!$E$36*('Plan mensual'!J3+IF(parametros_carros!$H$36="Todos",'Plan mensual'!J7,0))+parametros_carros!$F$36*('Plan mensual'!J4+IF(parametros_carros!$H$36="Todos",'Plan mensual'!J8,0))+parametros_carros!$G$36*('Plan mensual'!J5+IF(parametros_carros!$H$36="Todos",'Plan mensual'!J9,0)))/60 -> 0.29706262 | I19: =(parametros_carros!$D$36*('Plan mensual'!K2+IF(parametros_carros!$H$36="Todos",'Plan mensual'!K6,0))+parametros_carros!$E$36*('Plan mensual'!K3+IF(parametros_carros!$H$36="Todos",'Plan mensual'!K7,0))+parametros_carros!$F$36*('Plan mensual'!K4+IF(parametros_carros!$H$36="Todos",'Plan mensual'!K8,0))+parametros_carros!$G$36*('Plan mensual'!K5+IF(parametros_carros!$H$36="Todos",'Plan mensual'!K9,0)))/60 -> 0.29706262 | ... M19: =(parametros_carros!$D$36*('Plan mensual'!O2+IF(parametros_carros!$H$36="Todos",'Plan mensual'!O6,0))+parametros_carros!$E$36*('Plan mensual'!O3+IF(parametros_carros!$H$36="Todos",'Plan mensual'!O7,0))+parametros_carros!$F$36*('Plan mensual'!O4+IF(parametros_carros!$H$36="Todos",'Plan mensual'!O8,0))+parametros_carros!$G$36*('Plan mensual'!O5+IF(parametros_carros!$H$36="Todos",'Plan mensual'!O9,0)))/60 -> 0.26405566 | N19: =SUM(B19:M19) -> 3.3006958 | O19: =MAX(B19:M19) -> 0.29706262 | P19: =IF(parametros_carros!$B$7=0,0,(O19+parametros_carros!$G$62)/parametros_carros!$B$7) -> 0.02420264 | Q19: =IF(O19=0,"-",INDEX($B$1:$M$1,MATCH(O19,B19:M19,0))) -> Mar
A21: Año 2027 — carga (h/mes) | B21: Ene | C21: Feb | D21: Mar | E21: Abr | F21: May | G21: Jun | H21: Jul | I21: Ago | J21: Sep | K21: Oct | L21: Nov | M21: Dic | N21: Total anual (h) | O21: Mes pico (h/mes) | P21: Ocupación pico (1 puesto, 1 turno, con fijos) | Q21: Mes pico
A22: =parametros_carros!$B$19 -> Recepción de materia prima | B22: =(parametros_carros!$D$19*('Plan mensual'!D13+IF(parametros_carros!$H$19="Todos",'Plan mensual'!D17,0))+parametros_carros!$E$19*('Plan mensual'!D14+IF(parametros_carros!$H$19="Todos",'Plan mensual'!D18,0))+parametros_carros!$F$19*('Plan mensual'!D15+IF(parametros_carros!$H$19="Todos",'Plan mensual'!D19,0))+parametros_carros!$G$19*('Plan mensual'!D16+IF(parametros_carros!$H$19="Todos",'Plan mensual'!D20,0)))/60 -> 0.59465775 | C22: =(parametros_carros!$D$19*('Plan mensual'!E13+IF(parametros_carros!$H$19="Todos",'Plan mensual'!E17,0))+parametros_carros!$E$19*('Plan mensual'!E14+IF(parametros_carros!$H$19="Todos",'Plan mensual'!E18,0))+parametros_carros!$F$19*('Plan mensual'!E15+IF(parametros_carros!$H$19="Todos",'Plan mensual'!E19,0))+parametros_carros!$G$19*('Plan mensual'!E16+IF(parametros_carros!$H$19="Todos",'Plan mensual'!E20,0)))/60 -> 0.52469801 | D22: =(parametros_carros!$D$19*('Plan mensual'!F13+IF(parametros_carros!$H$19="Todos",'Plan mensual'!F17,0))+parametros_carros!$E$19*('Plan mensual'!F14+IF(parametros_carros!$H$19="Todos",'Plan mensual'!F18,0))+parametros_carros!$F$19*('Plan mensual'!F15+IF(parametros_carros!$H$19="Todos",'Plan mensual'!F19,0))+parametros_carros!$G$19*('Plan mensual'!F16+IF(parametros_carros!$H$19="Todos",'Plan mensual'!F20,0)))/60 -> 0.62963762 | E22: =(parametros_carros!$D$19*('Plan mensual'!G13+IF(parametros_carros!$H$19="Todos",'Plan mensual'!G17,0))+parametros_carros!$E$19*('Plan mensual'!G14+IF(parametros_carros!$H$19="Todos",'Plan mensual'!G18,0))+parametros_carros!$F$19*('Plan mensual'!G15+IF(parametros_carros!$H$19="Todos",'Plan mensual'!G19,0))+parametros_carros!$G$19*('Plan mensual'!G16+IF(parametros_carros!$H$19="Todos",'Plan mensual'!G20,0)))/60 -> 0.62963762 | F22: =(parametros_carros!$D$19*('Plan mensual'!H13+IF(parametros_carros!$H$19="Todos",'Plan mensual'!H17,0))+parametros_carros!$E$19*('Plan mensual'!H14+IF(parametros_carros!$H$19="Todos",'Plan mensual'!H18,0))+parametros_carros!$F$19*('Plan mensual'!H15+IF(parametros_carros!$H$19="Todos",'Plan mensual'!H19,0))+parametros_carros!$G$19*('Plan mensual'!H16+IF(parametros_carros!$H$19="Todos",'Plan mensual'!H20,0)))/60 -> 0.62963762 | G22: =(parametros_carros!$D$19*('Plan mensual'!I13+IF(parametros_carros!$H$19="Todos",'Plan mensual'!I17,0))+parametros_carros!$E$19*('Plan mensual'!I14+IF(parametros_carros!$H$19="Todos",'Plan mensual'!I18,0))+parametros_carros!$F$19*('Plan mensual'!I15+IF(parametros_carros!$H$19="Todos",'Plan mensual'!I19,0))+parametros_carros!$G$19*('Plan mensual'!I16+IF(parametros_carros!$H$19="Todos",'Plan mensual'!I20,0)))/60 -> 0.55967788 | H22: =(parametros_carros!$D$19*('Plan mensual'!J13+IF(parametros_carros!$H$19="Todos",'Plan mensual'!J17,0))+parametros_carros!$E$19*('Plan mensual'!J14+IF(parametros_carros!$H$19="Todos",'Plan mensual'!J18,0))+parametros_carros!$F$19*('Plan mensual'!J15+IF(parametros_carros!$H$19="Todos",'Plan mensual'!J19,0))+parametros_carros!$G$19*('Plan mensual'!J16+IF(parametros_carros!$H$19="Todos",'Plan mensual'!J20,0)))/60 -> 0.62963762 | I22: =(parametros_carros!$D$19*('Plan mensual'!K13+IF(parametros_carros!$H$19="Todos",'Plan mensual'!K17,0))+parametros_carros!$E$19*('Plan mensual'!K14+IF(parametros_carros!$H$19="Todos",'Plan mensual'!K18,0))+parametros_carros!$F$19*('Plan mensual'!K15+IF(parametros_carros!$H$19="Todos",'Plan mensual'!K19,0))+parametros_carros!$G$19*('Plan mensual'!K16+IF(parametros_carros!$H$19="Todos",'Plan mensual'!K20,0)))/60 -> 0.62963762 | ... M22: =(parametros_carros!$D$19*('Plan mensual'!O13+IF(parametros_carros!$H$19="Todos",'Plan mensual'!O17,0))+parametros_carros!$E$19*('Plan mensual'!O14+IF(parametros_carros!$H$19="Todos",'Plan mensual'!O18,0))+parametros_carros!$F$19*('Plan mensual'!O15+IF(parametros_carros!$H$19="Todos",'Plan mensual'!O19,0))+parametros_carros!$G$19*('Plan mensual'!O16+IF(parametros_carros!$H$19="Todos",'Plan mensual'!O20,0)))/60 -> 0.55967788 | N22: =SUM(B22:M22) -> 6.9959735 | O22: =MAX(B22:M22) -> 0.62963762 | P22: =IF(parametros_carros!$B$7=0,0,(O22+parametros_carros!$G$45)/parametros_carros!$B$7) -> 0.052308695 | Q22: =IF(O22=0,"-",INDEX($B$21:$M$21,MATCH(O22,B22:M22,0))) -> Mar
