Workbook
Name PiezasPilaEmb: Supuestos!$B$18
Name AltPila: Supuestos!$B$16
Name PalA: Supuestos!$B$9
Name DiasMes: Supuestos!$B$5
Name HuellaPallet: Supuestos!$B$20
Name NivBuffer: Supuestos!$B$19
Name UmbVol: Supuestos!$B$12
Name UmbCajon: Supuestos!$B$10
Name DiasRodante: Supuestos!$B$14
Name CoefCirc: Supuestos!$B$6
Name UmbLT: Supuestos!$B$11
Name DiasAnio: Supuestos!$B$4
Name NivPallet: Supuestos!$B$7
Name DiasManual: Supuestos!$B$13
Name KgPallet: Supuestos!$B$15
Name PalL: Supuestos!$B$8
Name AltPilaTubo: Supuestos!$B$17

Sheet Resumen
A1: Almacenamiento de materia prima — versión 5 (MRP nuevo)
A2: ="Política de stock del MRP, año 2035: stock máximo = stock de seguridad + una compra. Pallets en rack de "&NivPallet&" niveles. Circulación × "&CoefCirc&" en el área bruta. Cajón en el puesto si ocupa ≤ "&UmbCajon&" m²." -> Política de stock del MRP, año 2035: stock máximo = stock de seguridad + una compra. Pallets en rack de 4 niveles. Circulación × 1,5 en el área bruta. Cajón en el puesto si ocupa ≤ 0,1 m².
A3: ="Ítems del MRP: "&COUNTA(Dimensionamiento!B5:B119)&" · en almacén: "&COUNTIF(Dimensionamiento!U5:U119,"Almacén")&" · en puesto de trabajo (cajón): "&COUNTIF(Dimensionamiento!U5:U119,"Puesto de trabajo") -> Ítems del MRP: 115 · en almacén: 71 · en puesto de trabajo (cajón): 44
A4: Días de producción = cuántos días de consumo promedio cubre la sección llena hasta el stock máximo (de los ítems que están en almacén). «Se agota primero» es el ítem con menos días.
A6: Sección de almacén | B6: Ítems en almacén | C6: Ítems en puesto de trabajo | D6: Posiciones | E6: Área neta (m²) | F6: Área bruta (m²) | G6: % del total | H6: Días de producción — el que se agota primero | I6: Ítem que se agota primero | J6: Días de producción — promedio de la sección | K6: Tipo de almacenamiento | L6: Equipo de manejo
A7: Almacén de producto terminado | B7: =COUNTIFS(Dimensionamiento!$F$5:$F$119,A7,Dimensionamiento!$U$5:$U$119,"Almacén") -> 7 | C7: =COUNTIFS(Dimensionamiento!$F$5:$F$119,A7,Dimensionamiento!$U$5:$U$119,"Puesto de trabajo") -> 2 | D7: =SUMIF(Dimensionamiento!$F$5:$F$119,A7,Dimensionamiento!$V$5:$V$119) -> 17 | E7: =SUMIF(Dimensionamiento!$F$5:$F$119,A7,Dimensionamiento!$W$5:$W$119) -> 9.6 | F7: =SUMIF(Dimensionamiento!$F$5:$F$119,A7,Dimensionamiento!$X$5:$X$119) -> 14.4 | G7: =F7/$F$21 -> 0.043460782 | H7: =IFERROR(MINIFS(Dimensionamiento!$J$5:$J$119,Dimensionamiento!$F$5:$F$119,A7,Dimensionamiento!$U$5:$U$119,"Almacén",Dimensionamiento!$J$5:$J$119,">0"),0) -> 19.591249 | I7: {=IFERROR(INDEX(Dimensionamiento!$C$5:$C$119,MATCH(A7&"|Almacén|"&ROUND(H7,6),Dimensionamiento!$AA$5:$AA$119,0)),"—")} -> Matafuego AFFF 50 l (reventa) | J7: =IFERROR(AVERAGEIFS(Dimensionamiento!$J$5:$J$119,Dimensionamiento!$F$5:$F$119,A7,Dimensionamiento!$U$5:$U$119,"Almacén",Dimensionamiento!$J$5:$J$119,">0"),0) -> 30.938264 | K7: Rack selectivo de pallets (4 niveles) para equipos comprados para reventa. | L7: Autoelevador
A8: Calle de chapa (carros) | B8: =COUNTIFS(Dimensionamiento!$F$5:$F$119,A8,Dimensionamiento!$U$5:$U$119,"Almacén") -> 2 | C8: =COUNTIFS(Dimensionamiento!$F$5:$F$119,A8,Dimensionamiento!$U$5:$U$119,"Puesto de trabajo") -> 0 | D8: =SUMIF(Dimensionamiento!$F$5:$F$119,A8,Dimensionamiento!$V$5:$V$119) -> 3 | E8: =SUMIF(Dimensionamiento!$F$5:$F$119,A8,Dimensionamiento!$W$5:$W$119) -> 9 | F8: =SUMIF(Dimensionamiento!$F$5:$F$119,A8,Dimensionamiento!$X$5:$X$119) -> 13.5 | G8: =F8/$F$21 -> 0.040744483 | H8: =IFERROR(MINIFS(Dimensionamiento!$J$5:$J$119,Dimensionamiento!$F$5:$F$119,A8,Dimensionamiento!$U$5:$U$119,"Almacén",Dimensionamiento!$J$5:$J$119,">0"),0) -> 24.092614 | I8: {=IFERROR(INDEX(Dimensionamiento!$C$5:$C$119,MATCH(A8&"|Almacén|"&ROUND(H8,6),Dimensionamiento!$AA$5:$AA$119,0)),"—")} -> Hoja LAC 4,75 × 1500 × 3000 mm | J8: =IFERROR(AVERAGEIFS(Dimensionamiento!$J$5:$J$119,Dimensionamiento!$F$5:$F$119,A8,Dimensionamiento!$U$5:$U$119,"Almacén",Dimensionamiento!$J$5:$J$119,">0"),0) -> 26.149966 | K8: Hojas gruesas 1500 × 3000 en pilas en piso (2 de alto), junto al corte de los carros. | L8: Puente grúa o autoelevador con horquillas largas
A9: Cantilever de caños y barras | B9: =COUNTIFS(Dimensionamiento!$F$5:$F$119,A9,Dimensionamiento!$U$5:$U$119,"Almacén") -> 5 | C9: =COUNTIFS(Dimensionamiento!$F$5:$F$119,A9,Dimensionamiento!$U$5:$U$119,"Puesto de trabajo") -> 0 | D9: =SUMIF(Dimensionamiento!$F$5:$F$119,A9,Dimensionamiento!$V$5:$V$119) -> 11 | E9: =SUMIF(Dimensionamiento!$F$5:$F$119,A9,Dimensionamiento!$W$5:$W$119) -> 30 | F9: =SUMIF(Dimensionamiento!$F$5:$F$119,A9,Dimensionamiento!$X$5:$X$119) -> 45 | G9: =F9/$F$21 -> 0.13581494 | H9: =IFERROR(MINIFS(Dimensionamiento!$J$5:$J$119,Dimensionamiento!$F$5:$F$119,A9,Dimensionamiento!$U$5:$U$119,"Almacén",Dimensionamiento!$J$5:$J$119,">0"),0) -> 7.850104 | I9: {=IFERROR(INDEX(Dimensionamiento!$C$5:$C$119,MATCH(A9&"|Almacén|"&ROUND(H9,6),Dimensionamiento!$AA$5:$AA$119,0)),"—")} -> Caño c/costura Ø76,2 × 1,25 × 6 m (cuerpo 1 kg) | J9: =IFERROR(AVERAGEIFS(Dimensionamiento!$J$5:$J$119,Dimensionamiento!$F$5:$F$119,A9,Dimensionamiento!$U$5:$U$119,"Almacén",Dimensionamiento!$J$5:$J$119,">0"),0) -> 55.36197 | K9: Rack cantilever de 3 niveles para barras de 4 y 6 m. | L9: Autoelevador lateral o puente grúa
A10: Chapa y fleje (manuales) | B10: =COUNTIFS(Dimensionamiento!$F$5:$F$119,A10,Dimensionamiento!$U$5:$U$119,"Almacén") -> 10 | C10: =COUNTIFS(Dimensionamiento!$F$5:$F$119,A10,Dimensionamiento!$U$5:$U$119,"Puesto de trabajo") -> 0 | D10: =SUMIF(Dimensionamiento!$F$5:$F$119,A10,Dimensionamiento!$V$5:$V$119) -> 28 | E10: =SUMIF(Dimensionamiento!$F$5:$F$119,A10,Dimensionamiento!$W$5:$W$119) -> 38.6768 | F10: =SUMIF(Dimensionamiento!$F$5:$F$119,A10,Dimensionamiento!$X$5:$X$119) -> 58.0152 | G10: =F10/$F$21 -> 0.17509625 | H10: =IFERROR(MINIFS(Dimensionamiento!$J$5:$J$119,Dimensionamiento!$F$5:$F$119,A10,Dimensionamiento!$U$5:$U$119,"Almacén",Dimensionamiento!$J$5:$J$119,">0"),0) -> 12.690452 | I10: {=IFERROR(INDEX(Dimensionamiento!$C$5:$C$119,MATCH(A10&"|Almacén|"&ROUND(H10,6),Dimensionamiento!$AA$5:$AA$119,0)),"—")} -> Fleje LAF 1,6 × 200 mm (fondo 5 kg) | J10: =IFERROR(AVERAGEIFS(Dimensionamiento!$J$5:$J$119,Dimensionamiento!$F$5:$F$119,A10,Dimensionamiento!$U$5:$U$119,"Almacén",Dimensionamiento!$J$5:$J$119,">0"),0) -> 32.297827 | K10: Hojas en pilas en piso (2 de alto) y bobinas de fleje sobre pallet en piso (1 nivel). | L10: Puente grúa o autoelevador con pinza de bobina
A11: Depósito de polvo químico | B11: =COUNTIFS(Dimensionamiento!$F$5:$F$119,A11,Dimensionamiento!$U$5:$U$119,"Almacén") -> 4 | C11: =COUNTIFS(Dimensionamiento!$F$5:$F$119,A11,Dimensionamiento!$U$5:$U$119,"Puesto de trabajo") -> 1 | D11: =SUMIF(Dimensionamiento!$F$5:$F$119,A11,Dimensionamiento!$V$5:$V$119) -> 11 | E11: =SUMIF(Dimensionamiento!$F$5:$F$119,A11,Dimensionamiento!$W$5:$W$119) -> 8.4 | F11: =SUMIF(Dimensionamiento!$F$5:$F$119,A11,Dimensionamiento!$X$5:$X$119) -> 12.6 | G11: =F11/$F$21 -> 0.038028184 | H11: =IFERROR(MINIFS(Dimensionamiento!$J$5:$J$119,Dimensionamiento!$F$5:$F$119,A11,Dimensionamiento!$U$5:$U$119,"Almacén",Dimensionamiento!$J$5:$J$119,">0"),0) -> 7.3846125 | I11: {=IFERROR(INDEX(Dimensionamiento!$C$5:$C$119,MATCH(A11&"|Almacén|"&ROUND(H11,6),Dimensionamiento!$AA$5:$AA$119,0)),"—")} -> Polvo ABC 90 (carros y sus recargas) | J11: =IFERROR(AVERAGEIFS(Dimensionamiento!$J$5:$J$119,Dimensionamiento!$F$5:$F$119,A11,Dimensionamiento!$U$5:$U$119,"Almacén",Dimensionamiento!$J$5:$J$119,">0"),0) -> 45.260681 | K11: Zona seca y cerrada. Big bags de 1 t en rack pesado (4 niveles) y pallets de bolsas y pintura. | L11: Autoelevador
A12: Embalaje | B12: =COUNTIFS(Dimensionamiento!$F$5:$F$119,A12,Dimensionamiento!$U$5:$U$119,"Almacén") -> 6 | C12: =COUNTIFS(Dimensionamiento!$F$5:$F$119,A12,Dimensionamiento!$U$5:$U$119,"Puesto de trabajo") -> 4 | D12: =SUMIF(Dimensionamiento!$F$5:$F$119,A12,Dimensionamiento!$V$5:$V$119) -> 50 | E12: =SUMIF(Dimensionamiento!$F$5:$F$119,A12,Dimensionamiento!$W$5:$W$119) -> 22.2 | F12: =SUMIF(Dimensionamiento!$F$5:$F$119,A12,Dimensionamiento!$X$5:$X$119) -> 33.3 | G12: =F12/$F$21 -> 0.10050306 | H12: =IFERROR(MINIFS(Dimensionamiento!$J$5:$J$119,Dimensionamiento!$F$5:$F$119,A12,Dimensionamiento!$U$5:$U$119,"Almacén",Dimensionamiento!$J$5:$J$119,">0"),0) -> 15.640768 | I12: {=IFERROR(INDEX(Dimensionamiento!$C$5:$C$119,MATCH(A12&"|Almacén|"&ROUND(H12,6),Dimensionamiento!$AA$5:$AA$119,0)),"—")} -> Pallet de madera 1200 × 1000 | J12: =IFERROR(AVERAGEIFS(Dimensionamiento!$J$5:$J$119,Dimensionamiento!$F$5:$F$119,A12,Dimensionamiento!$U$5:$U$119,"Almacén",Dimensionamiento!$J$5:$J$119,">0"),0) -> 24.694584 | K12: Rack de pallets (4 niveles) para cajas plegadas; pallets de madera vacíos en pila en piso; rollos y cajas chicas en estantería. | L12: Autoelevador y zorra manual
A13: Identificación | B13: =COUNTIFS(Dimensionamiento!$F$5:$F$119,A13,Dimensionamiento!$U$5:$U$119,"Almacén") -> 5 | C13: =COUNTIFS(Dimensionamiento!$F$5:$F$119,A13,Dimensionamiento!$U$5:$U$119,"Puesto de trabajo") -> 11 | D13: =SUMIF(Dimensionamiento!$F$5:$F$119,A13,Dimensionamiento!$V$5:$V$119) -> 9 | E13: =SUMIF(Dimensionamiento!$F$5:$F$119,A13,Dimensionamiento!$W$5:$W$119) -> 3 | F13: =SUMIF(Dimensionamiento!$F$5:$F$119,A13,Dimensionamiento!$X$5:$X$119) -> 4.5 | G13: =F13/$F$21 -> 0.013581494 | H13: =IFERROR(MINIFS(Dimensionamiento!$J$5:$J$119,Dimensionamiento!$F$5:$F$119,A13,Dimensionamiento!$U$5:$U$119,"Almacén",Dimensionamiento!$J$5:$J$119,">0"),0) -> 24.365017 | I13: {=IFERROR(INDEX(Dimensionamiento!$C$5:$C$119,MATCH(A13&"|Almacén|"&ROUND(H13,6),Dimensionamiento!$AA$5:$AA$119,0)),"—")} -> Tarjeta de identificación AGC (CABA) | J13: =IFERROR(AVERAGEIFS(Dimensionamiento!$J$5:$J$119,Dimensionamiento!$F$5:$F$119,A13,Dimensionamiento!$U$5:$U$119,"Almacén",Dimensionamiento!$J$5:$J$119,">0"),0) -> 31.140164 | K13: Estantería de cajas (5 niveles) para etiquetas e impresos; sellos oficiales numerados en sector bajo llave. | L13: Manual
A14: Insumos de montaje (manuales) | B14: =COUNTIFS(Dimensionamiento!$F$5:$F$119,A14,Dimensionamiento!$U$5:$U$119,"Almacén") -> 11 | C14: =COUNTIFS(Dimensionamiento!$F$5:$F$119,A14,Dimensionamiento!$U$5:$U$119,"Puesto de trabajo") -> 5 | D14: =SUMIF(Dimensionamiento!$F$5:$F$119,A14,Dimensionamiento!$V$5:$V$119) -> 31 | E14: =SUMIF(Dimensionamiento!$F$5:$F$119,A14,Dimensionamiento!$W$5:$W$119) -> 13.8 | F14: =SUMIF(Dimensionamiento!$F$5:$F$119,A14,Dimensionamiento!$X$5:$X$119) -> 20.7 | G14: =F14/$F$21 -> 0.062474874 | H14: =IFERROR(MINIFS(Dimensionamiento!$J$5:$J$119,Dimensionamiento!$F$5:$F$119,A14,Dimensionamiento!$U$5:$U$119,"Almacén",Dimensionamiento!$J$5:$J$119,">0"),0) -> 31.425872 | I14: {=IFERROR(INDEX(Dimensionamiento!$C$5:$C$119,MATCH(A14&"|Almacén|"&ROUND(H14,6),Dimensionamiento!$AA$5:$AA$119,0)),"—")} -> Manguera con tobera ABC 5 kg | J14: =IFERROR(AVERAGEIFS(Dimensionamiento!$J$5:$J$119,Dimensionamiento!$F$5:$F$119,A14,Dimensionamiento!$U$5:$U$119,"Almacén",Dimensionamiento!$J$5:$J$119,">0"),0) -> 37.655169 | K14: Rack de pallets (4 niveles) para válvulas, manómetros, toberas, mangueras y soportes; estantería para juntas y tornillos. | L14: Autoelevador y zorra manual
A15: Insumos de recargas | B15: =COUNTIFS(Dimensionamiento!$F$5:$F$119,A15,Dimensionamiento!$U$5:$U$119,"Almacén") -> 7 | C15: =COUNTIFS(Dimensionamiento!$F$5:$F$119,A15,Dimensionamiento!$U$5:$U$119,"Puesto de trabajo") -> 7 | D15: =SUMIF(Dimensionamiento!$F$5:$F$119,A15,Dimensionamiento!$V$5:$V$119) -> 10 | E15: =SUMIF(Dimensionamiento!$F$5:$F$119,A15,Dimensionamiento!$W$5:$W$119) -> 9.6 | F15: =SUMIF(Dimensionamiento!$F$5:$F$119,A15,Dimensionamiento!$X$5:$X$119) -> 14.4 | G15: =F15/$F$21 -> 0.043460782 | H15: =IFERROR(MINIFS(Dimensionamiento!$J$5:$J$119,Dimensionamiento!$F$5:$F$119,A15,Dimensionamiento!$U$5:$U$119,"Almacén",Dimensionamiento!$J$5:$J$119,">0"),0) -> 20.218795 | I15: {=IFERROR(INDEX(Dimensionamiento!$C$5:$C$119,MATCH(A15&"|Almacén|"&ROUND(H15,6),Dimensionamiento!$AA$5:$AA$119,0)),"—")} -> Acetato de potasio Gastro K (recargas) | J15: =IFERROR(AVERAGEIFS(Dimensionamiento!$J$5:$J$119,Dimensionamiento!$F$5:$F$119,A15,Dimensionamiento!$U$5:$U$119,"Almacén",Dimensionamiento!$J$5:$J$119,">0"),0) -> 708.13881 | K15: Rack de pallets para bidones, cilindros y agentes líquidos (1 nivel los líquidos); estantería para rollos y bolsas chicas. | L15: Autoelevador y zorra manual
A16: Insumos de soldadura y superficie | B16: =COUNTIFS(Dimensionamiento!$F$5:$F$119,A16,Dimensionamiento!$U$5:$U$119,"Almacén") -> 2 | C16: =COUNTIFS(Dimensionamiento!$F$5:$F$119,A16,Dimensionamiento!$U$5:$U$119,"Puesto de trabajo") -> 5 | D16: =SUMIF(Dimensionamiento!$F$5:$F$119,A16,Dimensionamiento!$V$5:$V$119) -> 12 | E16: =SUMIF(Dimensionamiento!$F$5:$F$119,A16,Dimensionamiento!$W$5:$W$119) -> 4.8 | F16: =SUMIF(Dimensionamiento!$F$5:$F$119,A16,Dimensionamiento!$X$5:$X$119) -> 7.2 | G16: =F16/$F$21 -> 0.021730391 | H16: =IFERROR(MINIFS(Dimensionamiento!$J$5:$J$119,Dimensionamiento!$F$5:$F$119,A16,Dimensionamiento!$U$5:$U$119,"Almacén",Dimensionamiento!$J$5:$J$119,">0"),0) -> 37.638129 | I16: {=IFERROR(INDEX(Dimensionamiento!$C$5:$C$119,MATCH(A16&"|Almacén|"&ROUND(H16,6),Dimensionamiento!$AA$5:$AA$119,0)),"—")} -> Alambre MAG ER70S-6 Ø0,9 mm (manuales) | J16: =IFERROR(AVERAGEIFS(Dimensionamiento!$J$5:$J$119,Dimensionamiento!$F$5:$F$119,A16,Dimensionamiento!$U$5:$U$119,"Almacén",Dimensionamiento!$J$5:$J$119,">0"),0) -> 67.45048 | K16: Pallets de alambre, pintura y granalla en rack (4 niveles); discos y sprays en estantería. | L16: Autoelevador
A17: Jaula de gases | B17: =COUNTIFS(Dimensionamiento!$F$5:$F$119,A17,Dimensionamiento!$U$5:$U$119,"Almacén") -> 3 | C17: =COUNTIFS(Dimensionamiento!$F$5:$F$119,A17,Dimensionamiento!$U$5:$U$119,"Puesto de trabajo") -> 0 | D17: =SUMIF(Dimensionamiento!$F$5:$F$119,A17,Dimensionamiento!$V$5:$V$119) -> 12 | E17: =SUMIF(Dimensionamiento!$F$5:$F$119,A17,Dimensionamiento!$W$5:$W$119) -> 10.5 | F17: =SUMIF(Dimensionamiento!$F$5:$F$119,A17,Dimensionamiento!$X$5:$X$119) -> 15.75 | G17: =F17/$F$21 -> 0.04753523 | H17: =IFERROR(MINIFS(Dimensionamiento!$J$5:$J$119,Dimensionamiento!$F$5:$F$119,A17,Dimensionamiento!$U$5:$U$119,"Almacén",Dimensionamiento!$J$5:$J$119,">0"),0) -> 7.2670665 | I17: {=IFERROR(INDEX(Dimensionamiento!$C$5:$C$119,MATCH(A17&"|Almacén|"&ROUND(H17,6),Dimensionamiento!$AA$5:$AA$119,0)),"—")} -> Gas MAG Ar + 8 % CO₂ (Arcal 21) | J17: =IFERROR(AVERAGEIFS(Dimensionamiento!$J$5:$J$119,Dimensionamiento!$F$5:$F$119,A17,Dimensionamiento!$U$5:$U$119,"Almacén",Dimensionamiento!$J$5:$J$119,">0"),0) -> 10.196348 | K17: Jaula ventilada y segregada: baterías y packs de cilindros en piso (1 nivel). Evaluar tanque para el gas de soldadura. | L17: Zorra para cilindros / entrega del proveedor
A18: Rack de casquetes y cuplas (carros) | B18: =COUNTIFS(Dimensionamiento!$F$5:$F$119,A18,Dimensionamiento!$U$5:$U$119,"Almacén") -> 5 | C18: =COUNTIFS(Dimensionamiento!$F$5:$F$119,A18,Dimensionamiento!$U$5:$U$119,"Puesto de trabajo") -> 0 | D18: =SUMIF(Dimensionamiento!$F$5:$F$119,A18,Dimensionamiento!$V$5:$V$119) -> 11 | E18: =SUMIF(Dimensionamiento!$F$5:$F$119,A18,Dimensionamiento!$W$5:$W$119) -> 6 | F18: =SUMIF(Dimensionamiento!$F$5:$F$119,A18,Dimensionamiento!$X$5:$X$119) -> 9 | G18: =F18/$F$21 -> 0.027162989 | H18: =IFERROR(MINIFS(Dimensionamiento!$J$5:$J$119,Dimensionamiento!$F$5:$F$119,A18,Dimensionamiento!$U$5:$U$119,"Almacén",Dimensionamiento!$J$5:$J$119,">0"),0) -> 50.788789 | I18: {=IFERROR(INDEX(Dimensionamiento!$C$5:$C$119,MATCH(A18&"|Almacén|"&ROUND(H18,6),Dimensionamiento!$AA$5:$AA$119,0)),"—")} -> Cupla 2½" BSP (carros 70 y 100 kg) | J18: =IFERROR(AVERAGEIFS(Dimensionamiento!$J$5:$J$119,Dimensionamiento!$F$5:$F$119,A18,Dimensionamiento!$U$5:$U$119,"Almacén",Dimensionamiento!$J$5:$J$119,">0"),0) -> 60.230168 | K18: Rack de pallets (4 niveles) para casquetes importados y cuplas de los carros. | L18: Autoelevador
A19: Rack de insumos de montaje (carros) | B19: =COUNTIFS(Dimensionamiento!$F$5:$F$119,A19,Dimensionamiento!$U$5:$U$119,"Almacén") -> 4 | C19: =COUNTIFS(Dimensionamiento!$F$5:$F$119,A19,Dimensionamiento!$U$5:$U$119,"Puesto de trabajo") -> 9 | D19: =SUMIF(Dimensionamiento!$F$5:$F$119,A19,Dimensionamiento!$V$5:$V$119) -> 7 | E19: =SUMIF(Dimensionamiento!$F$5:$F$119,A19,Dimensionamiento!$W$5:$W$119) -> 4.8 | F19: =SUMIF(Dimensionamiento!$F$5:$F$119,A19,Dimensionamiento!$X$5:$X$119) -> 7.2 | G19: =F19/$F$21 -> 0.021730391 | H19: =IFERROR(MINIFS(Dimensionamiento!$J$5:$J$119,Dimensionamiento!$F$5:$F$119,A19,Dimensionamiento!$U$5:$U$119,"Almacén",Dimensionamiento!$J$5:$J$119,">0"),0) -> 25.016713 | I19: {=IFERROR(INDEX(Dimensionamiento!$C$5:$C$119,MATCH(A19&"|Almacén|"&ROUND(H19,6),Dimensionamiento!$AA$5:$AA$119,0)),"—")} -> Rueda Ø400 × 60, buje 1" (carros 70 y 100 kg) | J19: =IFERROR(AVERAGEIFS(Dimensionamiento!$J$5:$J$119,Dimensionamiento!$F$5:$F$119,A19,Dimensionamiento!$U$5:$U$119,"Almacén",Dimensionamiento!$J$5:$J$119,">0"),0) -> 61.871205 | K19: Rack de pallets (4 niveles) para ruedas, alambre y válvulas de carros; estantería para piezas chicas. | L19: Autoelevador y zorra manual
A20: Procesado: cuerpos cortados y cúpulas y fondos embutidos | B20: — | C20: — | D20: =Procesado!$N$29 -> 42 | E20: =Procesado!$P$29 -> 50.512 | F20: =Procesado!$Q$29 -> 75.768 | G20: =F20/$F$21 -> 0.22867615 | H20: =DiasRodante -> 5 | I20: Rodantes (por definición del colchón) | J20: =DiasManual -> 7 | K20: Pallets en piso (1 nivel) junto a la guillotina, el corte de tubo y el balancín de embutido. Los días son el colchón elegido: manuales (columna promedio) y rodantes (columna mínimo). Detalle en la hoja Procesado. | L20: Autoelevador o zorra; puente grúa para los cuerpos grandes
A21: TOTAL ALMACÉN | B21: =SUM(B7:B19) -> 71 | C21: =SUM(C7:C19) -> 44 | D21: =SUM(D7:D20) -> 254 | E21: =SUM(E7:E20) -> 220.8888 | F21: =SUM(F7:F20) -> 331.3332 | G21: =SUM(G7:G20) -> 1 | H21: =MIN(H7:H19) -> 7.2670665
A22: ="Puestos de trabajo (cajones): "&COUNTIF(Dimensionamiento!$U$5:$U$119,"Puesto de trabajo")&" ítems, unos "&TEXT(SUMIF(Dimensionamiento!$U$5:$U$119,"Puesto de trabajo",Dimensionamiento!$S$5:$S$119),"0.0")&" m² de estantería en total en toda la planta (no suman almacén)." -> Puestos de trabajo (cajones): 44 ítems, unos 1,5 m² de estantería en total en toda la planta (no suman almacén).
A23: Los gases usan un supuesto de 1,5 m² por paquete (dato a confirmar con el proveedor). La huella de cada ítem se puede cambiar en Dimensionamiento (columnas amarillas).
A25: Criticidad: plazo máximo × volumen (cantidad de ítems)
B26: Volumen alto | C26: Volumen bajo | D26: Total
A27: Plazo alto | B27: =COUNTIFS(Dimensionamiento!$L$5:$L$119,"Alto",Dimensionamiento!$N$5:$N$119,"Alto") -> 49 | C27: =COUNTIFS(Dimensionamiento!$L$5:$L$119,"Alto",Dimensionamiento!$N$5:$N$119,"Bajo") -> 47 | D27: =B27+C27 -> 96
A28: Plazo bajo | B28: =COUNTIFS(Dimensionamiento!$L$5:$L$119,"Bajo",Dimensionamiento!$N$5:$N$119,"Alto") -> 6 | C28: =COUNTIFS(Dimensionamiento!$L$5:$L$119,"Bajo",Dimensionamiento!$N$5:$N$119,"Bajo") -> 13 | D28: =B28+C28 -> 19
A29: Total | B29: =SUM(B27:B28) -> 55 | C29: =SUM(C27:C28) -> 60 | D29: =SUM(D27:D28) -> 115
A30: Plazo alto y volumen alto = criticidad Alta; uno solo = Media; ninguno = Baja. Los umbrales están en Supuestos.
A32: Los 10 ítems que más área ocupan en el almacén
A33: Ítem | B33: Sección | D33: Posiciones | E33: Área bruta (m²) | F33: Plazo máximo (días hábiles) | G33: Criticidad | H33: Días de producción del stock máx.
A34: {=INDEX(Dimensionamiento!$C$5:$C$119,MATCH(LARGE(Dimensionamiento!$Z$5:$Z$119,1),Dimensionamiento!$Z$5:$Z$119,0))} -> Caño c/costura Ø76,2 × 1,25 × 6 m (cuerpo 1 kg) | B34: {=INDEX(Dimensionamiento!$F$5:$F$119,MATCH(LARGE(Dimensionamiento!$Z$5:$Z$119,1),Dimensionamiento!$Z$5:$Z$119,0))} -> Cantilever de caños y barras | D34: {=INDEX(Dimensionamiento!$V$5:$V$119,MATCH(LARGE(Dimensionamiento!$Z$5:$Z$119,1),Dimensionamiento!$Z$5:$Z$119,0))} -> 5 | E34: {=INDEX(Dimensionamiento!$X$5:$X$119,MATCH(LARGE(Dimensionamiento!$Z$5:$Z$119,1),Dimensionamiento!$Z$5:$Z$119,0))} -> 15 | F34: {=INDEX(Dimensionamiento!$K$5:$K$119,MATCH(LARGE(Dimensionamiento!$Z$5:$Z$119,1),Dimensionamiento!$Z$5:$Z$119,0))} -> 1 | G34: {=INDEX(Dimensionamiento!$O$5:$O$119,MATCH(LARGE(Dimensionamiento!$Z$5:$Z$119,1),Dimensionamiento!$Z$5:$Z$119,0))} -> Media | H34: {=INDEX(Dimensionamiento!$J$5:$J$119,MATCH(LARGE(Dimensionamiento!$Z$5:$Z$119,1),Dimensionamiento!$Z$5:$Z$119,0))} -> 7.850104
A35: {=INDEX(Dimensionamiento!$C$5:$C$119,MATCH(LARGE(Dimensionamiento!$Z$5:$Z$119,2),Dimensionamiento!$Z$5:$Z$119,0))} -> Pallet de madera 1200 × 1000 | B35: {=INDEX(Dimensionamiento!$F$5:$F$119,MATCH(LARGE(Dimensionamiento!$Z$5:$Z$119,2),Dimensionamiento!$Z$5:$Z$119,0))} -> Embalaje | D35: {=INDEX(Dimensionamiento!$V$5:$V$119,MATCH(LARGE(Dimensionamiento!$Z$5:$Z$119,2),Dimensionamiento!$Z$5:$Z$119,0))} -> 7 | E35: {=INDEX(Dimensionamiento!$X$5:$X$119,MATCH(LARGE(Dimensionamiento!$Z$5:$Z$119,2),Dimensionamiento!$Z$5:$Z$119,0))} -> 12.6 | F35: {=INDEX(Dimensionamiento!$K$5:$K$119,MATCH(LARGE(Dimensionamiento!$Z$5:$Z$119,2),Dimensionamiento!$Z$5:$Z$119,0))} -> 5 | G35: {=INDEX(Dimensionamiento!$O$5:$O$119,MATCH(LARGE(Dimensionamiento!$Z$5:$Z$119,2),Dimensionamiento!$Z$5:$Z$119,0))} -> Baja | H35: {=INDEX(Dimensionamiento!$J$5:$J$119,MATCH(LARGE(Dimensionamiento!$Z$5:$Z$119,2),Dimensionamiento!$Z$5:$Z$119,0))} -> 15.640768
A36: {=INDEX(Dimensionamiento!$C$5:$C$119,MATCH(LARGE(Dimensionamiento!$Z$5:$Z$119,3),Dimensionamiento!$Z$5:$Z$119,0))} -> Caja de cartón simple ABC 1 kg | B36: {=INDEX(Dimensionamiento!$F$5:$F$119,MATCH(LARGE(Dimensionamiento!$Z$5:$Z$119,3),Dimensionamiento!$Z$5:$Z$119,0))} -> Embalaje | D36: {=INDEX(Dimensionamiento!$V$5:$V$119,MATCH(LARGE(Dimensionamiento!$Z$5:$Z$119,3),Dimensionamiento!$Z$5:$Z$119,0))} -> 28 | E36: {=INDEX(Dimensionamiento!$X$5:$X$119,MATCH(LARGE(Dimensionamiento!$Z$5:$Z$119,3),Dimensionamiento!$Z$5:$Z$119,0))} -> 12.6 | F36: {=INDEX(Dimensionamiento!$K$5:$K$119,MATCH(LARGE(Dimensionamiento!$Z$5:$Z$119,3),Dimensionamiento!$Z$5:$Z$119,0))} -> 10 | G36: {=INDEX(Dimensionamiento!$O$5:$O$119,MATCH(LARGE(Dimensionamiento!$Z$5:$Z$119,3),Dimensionamiento!$Z$5:$Z$119,0))} -> Alta | H36: {=INDEX(Dimensionamiento!$J$5:$J$119,MATCH(LARGE(Dimensionamiento!$Z$5:$Z$119,3),Dimensionamiento!$Z$5:$Z$119,0))} -> 19.324442
A37: {=INDEX(Dimensionamiento!$C$5:$C$119,MATCH(LARGE(Dimensionamiento!$Z$5:$Z$119,4),Dimensionamiento!$Z$5:$Z$119,0))} -> Fleje LAF 1,6 × 250 mm (cúpula 5 kg) | B37: {=INDEX(Dimensionamiento!$F$5:$F$119,MATCH(LARGE(Dimensionamiento!$Z$5:$Z$119,4),Dimensionamiento!$Z$5:$Z$119,0))} -> Chapa y fleje (manuales) | D37: {=INDEX(Dimensionamiento!$V$5:$V$119,MATCH(LARGE(Dimensionamiento!$Z$5:$Z$119,4),Dimensionamiento!$Z$5:$Z$119,0))} -> 5 | E37: {=INDEX(Dimensionamiento!$X$5:$X$119,MATCH(LARGE(Dimensionamiento!$Z$5:$Z$119,4),Dimensionamiento!$Z$5:$Z$119,0))} -> 9 | F37: {=INDEX(Dimensionamiento!$K$5:$K$119,MATCH(LARGE(Dimensionamiento!$Z$5:$Z$119,4),Dimensionamiento!$Z$5:$Z$119,0))} -> 10 | G37: {=INDEX(Dimensionamiento!$O$5:$O$119,MATCH(LARGE(Dimensionamiento!$Z$5:$Z$119,4),Dimensionamiento!$Z$5:$Z$119,0))} -> Alta | H37: {=INDEX(Dimensionamiento!$J$5:$J$119,MATCH(LARGE(Dimensionamiento!$Z$5:$Z$119,4),Dimensionamiento!$Z$5:$Z$119,0))} -> 14.331348
A38: {=INDEX(Dimensionamiento!$C$5:$C$119,MATCH(LARGE(Dimensionamiento!$Z$5:$Z$119,5),Dimensionamiento!$Z$5:$Z$119,0))} -> Hoja LAF 1,6 × 1000 × 2000 mm | B38: {=INDEX(Dimensionamiento!$F$5:$F$119,MATCH(LARGE(Dimensionamiento!$Z$5:$Z$119,5),Dimensionamiento!$Z$5:$Z$119,0))} -> Chapa y fleje (manuales) | D38: {=INDEX(Dimensionamiento!$V$5:$V$119,MATCH(LARGE(Dimensionamiento!$Z$5:$Z$119,5),Dimensionamiento!$Z$5:$Z$119,0))} -> 5 | E38: {=INDEX(Dimensionamiento!$X$5:$X$119,MATCH(LARGE(Dimensionamiento!$Z$5:$Z$119,5),Dimensionamiento!$Z$5:$Z$119,0))} -> 9 | F38: {=INDEX(Dimensionamiento!$K$5:$K$119,MATCH(LARGE(Dimensionamiento!$Z$5:$Z$119,5),Dimensionamiento!$Z$5:$Z$119,0))} -> 10 | G38: {=INDEX(Dimensionamiento!$O$5:$O$119,MATCH(LARGE(Dimensionamiento!$Z$5:$Z$119,5),Dimensionamiento!$Z$5:$Z$119,0))} -> Alta | H38: {=INDEX(Dimensionamiento!$J$5:$J$119,MATCH(LARGE(Dimensionamiento!$Z$5:$Z$119,5),Dimensionamiento!$Z$5:$Z$119,0))} -> 32.898733
A39: {=INDEX(Dimensionamiento!$C$5:$C$119,MATCH(LARGE(Dimensionamiento!$Z$5:$Z$119,6),Dimensionamiento!$Z$5:$Z$119,0))} -> Barra trefilada SAE 1045 1" × 6 m (eje 50 a 100 kg) | B39: {=INDEX(Dimensionamiento!$F$5:$F$119,MATCH(LARGE(Dimensionamiento!$Z$5:$Z$119,6),Dimensionamiento!$Z$5:$Z$119,0))} -> Cantilever de caños y barras | D39: {=INDEX(Dimensionamiento!$V$5:$V$119,MATCH(LARGE(Dimensionamiento!$Z$5:$Z$119,6),Dimensionamiento!$Z$5:$Z$119,0))} -> 1 | E39: {=INDEX(Dimensionamiento!$X$5:$X$119,MATCH(LARGE(Dimensionamiento!$Z$5:$Z$119,6),Dimensionamiento!$Z$5:$Z$119,0))} -> 7.5 | F39: {=INDEX(Dimensionamiento!$K$5:$K$119,MATCH(LARGE(Dimensionamiento!$Z$5:$Z$119,6),Dimensionamiento!$Z$5:$Z$119,0))} -> 10 | G39: {=INDEX(Dimensionamiento!$O$5:$O$119,MATCH(LARGE(Dimensionamiento!$Z$5:$Z$119,6),Dimensionamiento!$Z$5:$Z$119,0))} -> Media | H39: {=INDEX(Dimensionamiento!$J$5:$J$119,MATCH(LARGE(Dimensionamiento!$Z$5:$Z$119,6),Dimensionamiento!$Z$5:$Z$119,0))} -> 66.917659
A40: {=INDEX(Dimensionamiento!$C$5:$C$119,MATCH(LARGE(Dimensionamiento!$Z$5:$Z$119,7),Dimensionamiento!$Z$5:$Z$119,0))} -> Barra trefilada SAE 1045 3/4" × 4 m (eje 25 kg) | B40: {=INDEX(Dimensionamiento!$F$5:$F$119,MATCH(LARGE(Dimensionamiento!$Z$5:$Z$119,7),Dimensionamiento!$Z$5:$Z$119,0))} -> Cantilever de caños y barras | D40: {=INDEX(Dimensionamiento!$V$5:$V$119,MATCH(LARGE(Dimensionamiento!$Z$5:$Z$119,7),Dimensionamiento!$Z$5:$Z$119,0))} -> 1 | E40: {=INDEX(Dimensionamiento!$X$5:$X$119,MATCH(LARGE(Dimensionamiento!$Z$5:$Z$119,7),Dimensionamiento!$Z$5:$Z$119,0))} -> 7.5 | F40: {=INDEX(Dimensionamiento!$K$5:$K$119,MATCH(LARGE(Dimensionamiento!$Z$5:$Z$119,7),Dimensionamiento!$Z$5:$Z$119,0))} -> 10 | G40: {=INDEX(Dimensionamiento!$O$5:$O$119,MATCH(LARGE(Dimensionamiento!$Z$5:$Z$119,7),Dimensionamiento!$Z$5:$Z$119,0))} -> Media | H40: {=INDEX(Dimensionamiento!$J$5:$J$119,MATCH(LARGE(Dimensionamiento!$Z$5:$Z$119,7),Dimensionamiento!$Z$5:$Z$119,0))} -> 68.574131
A41: {=INDEX(Dimensionamiento!$C$5:$C$119,MATCH(LARGE(Dimensionamiento!$Z$5:$Z$119,8),Dimensionamiento!$Z$5:$Z$119,0))} -> Caño SAE 1010 1¼" × 2,0 × 6 m (caño del eje 50 a 100 kg) | B41: {=INDEX(Dimensionamiento!$F$5:$F$119,MATCH(LARGE(Dimensionamiento!$Z$5:$Z$119,8),Dimensionamiento!$Z$5:$Z$119,0))} -> Cantilever de caños y barras | D41: {=INDEX(Dimensionamiento!$V$5:$V$119,MATCH(LARGE(Dimensionamiento!$Z$5:$Z$119,8),Dimensionamiento!$Z$5:$Z$119,0))} -> 1 | E41: {=INDEX(Dimensionamiento!$X$5:$X$119,MATCH(LARGE(Dimensionamiento!$Z$5:$Z$119,8),Dimensionamiento!$Z$5:$Z$119,0))} -> 7.5 | F41: {=INDEX(Dimensionamiento!$K$5:$K$119,MATCH(LARGE(Dimensionamiento!$Z$5:$Z$119,8),Dimensionamiento!$Z$5:$Z$119,0))} -> 10 | G41: {=INDEX(Dimensionamiento!$O$5:$O$119,MATCH(LARGE(Dimensionamiento!$Z$5:$Z$119,8),Dimensionamiento!$Z$5:$Z$119,0))} -> Media | H41: {=INDEX(Dimensionamiento!$J$5:$J$119,MATCH(LARGE(Dimensionamiento!$Z$5:$Z$119,8),Dimensionamiento!$Z$5:$Z$119,0))} -> 67.740965
A42: {=INDEX(Dimensionamiento!$C$5:$C$119,MATCH(LARGE(Dimensionamiento!$Z$5:$Z$119,9),Dimensionamiento!$Z$5:$Z$119,0))} -> Caño SAE 1010 1" × 2,0 × 6 m (manija; caño del eje 25 kg) | B42: {=INDEX(Dimensionamiento!$F$5:$F$119,MATCH(LARGE(Dimensionamiento!$Z$5:$Z$119,9),Dimensionamiento!$Z$5:$Z$119,0))} -> Cantilever de caños y barras | D42: {=INDEX(Dimensionamiento!$V$5:$V$119,MATCH(LARGE(Dimensionamiento!$Z$5:$Z$119,9),Dimensionamiento!$Z$5:$Z$119,0))} -> 3 | E42: {=INDEX(Dimensionamiento!$X$5:$X$119,MATCH(LARGE(Dimensionamiento!$Z$5:$Z$119,9),Dimensionamiento!$Z$5:$Z$119,0))} -> 7.5 | F42: {=INDEX(Dimensionamiento!$K$5:$K$119,MATCH(LARGE(Dimensionamiento!$Z$5:$Z$119,9),Dimensionamiento!$Z$5:$Z$119,0))} -> 10 | G42: {=INDEX(Dimensionamiento!$O$5:$O$119,MATCH(LARGE(Dimensionamiento!$Z$5:$Z$119,9),Dimensionamiento!$Z$5:$Z$119,0))} -> Alta | H42: {=INDEX(Dimensionamiento!$J$5:$J$119,MATCH(LARGE(Dimensionamiento!$Z$5:$Z$119,9),Dimensionamiento!$Z$5:$Z$119,0))} -> 65.726988
A43: {=INDEX(Dimensionamiento!$C$5:$C$119,MATCH(LARGE(Dimensionamiento!$Z$5:$Z$119,10),Dimensionamiento!$Z$5:$Z$119,0))} -> Fleje LAF 1,6 × 200 mm (fondo 5 kg) | B43: {=INDEX(Dimensionamiento!$F$5:$F$119,MATCH(LARGE(Dimensionamiento!$Z$5:$Z$119,10),Dimensionamiento!$Z$5:$Z$119,0))} -> Chapa y fleje (manuales) | D43: {=INDEX(Dimensionamiento!$V$5:$V$119,MATCH(LARGE(Dimensionamiento!$Z$5:$Z$119,10),Dimensionamiento!$Z$5:$Z$119,0))} -> 4 | E43: {=INDEX(Dimensionamiento!$X$5:$X$119,MATCH(LARGE(Dimensionamiento!$Z$5:$Z$119,10),Dimensionamiento!$Z$5:$Z$119,0))} -> 7.2 | F43: {=INDEX(Dimensionamiento!$K$5:$K$119,MATCH(LARGE(Dimensionamiento!$Z$5:$Z$119,10),Dimensionamiento!$Z$5:$Z$119,0))} -> 10 | G43: {=INDEX(Dimensionamiento!$O$5:$O$119,MATCH(LARGE(Dimensionamiento!$Z$5:$Z$119,10),Dimensionamiento!$Z$5:$Z$119,0))} -> Alta | H43: {=INDEX(Dimensionamiento!$J$5:$J$119,MATCH(LARGE(Dimensionamiento!$Z$5:$Z$119,10),Dimensionamiento!$Z$5:$Z$119,0))} -> 12.690452

Sheet Supuestos
A1: Supuestos
A2: Azul sobre amarillo = se puede cambiar; todo el libro se recalcula. La política de stock (consumo, plazos, ciclo, unidad de compra) viene del MRP nuevo y se edita en la hoja Política de stock.
A3: Parámetro | B3: Valor | C3: Unidad | D3: Qué hace / fuente
A4: Días hábiles por año | B4: 240 | C4: días | D4: Igual que POLITICA_STOCK del MRP (consumo del año ÷ 240).
A5: Días hábiles por mes | B5: 20 | C5: días | D5: Igual que POLITICA_STOCK del MRP (mes pico ÷ 20).
A6: Coeficiente de circulación | B6: 1.5 | C6: × | D6: Pasillos y maniobra, solo en el área bruta (el layout todavía no está definido).
A7: Pallets apilados por posición (rack) | B7: 4 | C7: niveles | D7: Niveles de los pallets en rack.
A8: Pallet — largo | B8: 1.2 | C8: m | D8: Pallet 1200 × 1000.
A9: Pallet — ancho | B9: 1 | C9: m | D9: Pallet 1200 × 1000.
A10: Puesto de trabajo: superficie máxima para pasar a cajón | B10: 0.1 | C10: m² | D10: Si el stock máximo de un ítem ocupa menos que esto (sin redondear a lugares), se guarda en un cajón en el puesto de trabajo y no suma almacén. Se puede forzar por ítem en Dimensionamiento.
A11: Criticidad: plazo máximo alto desde | B11: 10 | C11: días hábiles | D11: Plazo de entrega máximo ≥ este valor = nivel alto (equivale a unos 15 días corridos).
A12: Criticidad: volumen alto desde el percentil | B12: 0.5 | C12: 0 a 1 | D12: El consumo anual del ítem se compara con el de los ítems de su misma unidad (kg, u, L, hoja, barra, m³). 0,5 = la mitad de arriba.
A13: Procesado: días de producción por adelantado — manuales | B13: 7 | C13: días | D13: Una semana de cuerpos cortados y de cúpulas y fondos embutidos para 1, 2,5, 5 y 10 kg.
A14: Procesado: días de producción por adelantado — rodantes | B14: 5 | C14: días | D14: Cuerpos cortados para 25, 50, 70 y 100 kg (sus cúpulas y fondos se compran).
A15: Procesado: carga máxima por pallet | B15: 1000 | C15: kg | D15: Supuesto.
... A19: Procesado: pallets apilados | B19: 1 | C19: niveles | D19: 1 = sin apilar pallets de piezas procesadas.
A20: Huella neta de un pallet | B20: =PalL*PalA -> 1.2 | C20: m² | D20: Cálculo.
A22: Cómo se calcula cada MP
A23: Política de stock (hoja Política de stock, igual que el MRP): consumo mientras llega el pedido = consumo promedio por día × plazo promedio; stock de seguridad = consumo por día del mes pico × plazo máximo − ese consumo; cantidad por pedido = consumo por día del mes pico × ciclo de pedido ÷ contenido de la unidad de compra, redondeado hacia arriba; stock máximo = stock de seguridad + cantidad por pedido.
A24: Lugares = stock máximo ÷ cuánto entra en un lugar (pallet, estantería, etc.). Área neta = lugares redondeados ÷ niveles × huella por lugar. Área bruta = área neta × coeficiente de circulación.
A25: Huella por lugar: 1,2 m² si viene en pallet; 2 m² si son big bags; hojas de chapa = medida de la hoja; barras en cantilever = 5 m²; estantería de cajas = 0,6 m²; gases = 1,5 m² por batería o pack (supuesto a confirmar). Se edita por ítem en Dimensionamiento.
A26: Ubicación: si el stock máximo ocupa menos que la superficie de «puesto de trabajo», el ítem va a un cajón en el puesto y no suma almacén. Los sellos oficiales numerados quedan siempre en almacén (sector bajo llave).
A27: Días de producción que dura un stock máximo = stock máximo ÷ consumo promedio por día. Para una sección se informa el ítem que antes se agota (mínimo) y el promedio de sus ítems.
A28: Procesado: cuerpos cortados (chapa y tubo) y cúpulas y fondos embutidos, por adelantado según los días de Supuestos; es un área separada de las materias primas.

Sheet Política de stock
A1: Política de stock — año 2035 (datos del MRP nuevo, hoja POLITICA_STOCK)
A2: Amarillo = dato del MRP que se puede cambiar (plazos, ciclo, contenido, almacén, capacidad por lugar). El resto se calcula con las mismas fórmulas del MRP. Cada cambio se refleja en Dimensionamiento y Resumen.
A4: Ref. | B4: Código | C4: Material | D4: UM | E4: Proveedor | F4: Consumo del año | G4: Consumo por día, promedio | H4: Consumo del mes pico | I4: Consumo por día, mes pico | J4: Plazo mínimo (días hábiles) | K4: Plazo máximo (días hábiles) | L4: De dónde sale el plazo | M4: Consumo mientras llega el pedido | N4: Stock de seguridad | O4: Punto de pedido | P4: Unidad de compra | Q4: Contenido de la unidad de compra | R4: Cada cuántos días se pide | S4: Cantidad por pedido (unidades de compra) | T4: Pedidos por año | U4: Stock máximo | V4: Almacén | W4: Cuánto entra en un lugar | X4: Lugares que ocupa el stock máximo
A5: P01 | B5: MP-01 | C5: Caño c/costura Ø76,2 × 1,25 × 6 m (cuerpo 1 kg) | D5: barra | E5: Metalpri / Prilux | F5: 8809.593 | G5: =F5/DiasAnio -> 36.706637 | H5: 1057.1512 | I5: =H5/DiasMes -> 52.85756 | J5: 1 | K5: 1 | L5: Cotización Comercial MID: entrega inmediata | M5: =G5*(J5+K5)/2 -> 36.706637 | N5: =MAX(0,I5*K5-M5) -> 16.150923 | O5: =M5+N5 -> 52.85756 | P5: Atado de 16 barras | Q5: 16 | R5: 5 | S5: =MAX(1,CEILING(I5*R5/Q5,1)) -> 17 | T5: =F5/(S5*Q5) -> 32.38821 | U5: =N5+S5*Q5 -> 288.15092 | V5: Cantilever de caños y barras | W5: 61 | X5: =U5/W5 -> 4.7237856
A6: P02 | B6: MP-02 | C6: Hoja LAF 1,25 × 1220 × 2440 mm | D6: hoja | E6: Pradecon | F6: 521.9948 | G6: =F6/DiasAnio -> 2.1749783 | H6: 57.4194 | I6: =H6/DiasMes -> 2.87097 | J6: 7 | K6: 10 | L6: Cotización Pradecon (plazo del fleje; para hojas no lo informa) | M6: =G6*(J6+K6)/2 -> 18.487316 | N6: =MAX(0,I6*K6-M6) -> 10.222384 | O6: =M6+N6 -> 28.7097 | P6: Paquete de 50 hojas | Q6: 50 | R6: 20 | S6: =MAX(1,CEILING(I6*R6/Q6,1)) -> 2 | T6: =F6/(S6*Q6) -> 5.219948 | U6: =N6+S6*Q6 -> 110.22238 | V6: Chapa y fleje (manuales) | W6: 136 | X6: =U6/W6 -> 0.81045871
A7: P03 | B7: MP-03 | C7: Hoja LAF 1,6 × 1000 × 2000 mm | D7: hoja | E7: Pradecon | F7: 5447.0534 | G7: =F7/DiasAnio -> 22.696056 | H7: 599.1759 | I7: =H7/DiasMes -> 29.958795 | J7: 7 | K7: 10 | L7: Cotización Pradecon (plazo del fleje; para hojas no lo informa) | M7: =G7*(J7+K7)/2 -> 192.91647 | N7: =MAX(0,I7*K7-M7) -> 106.67148 | O7: =M7+N7 -> 299.58795 | P7: Paquete de 80 hojas | Q7: 80 | R7: 20 | S7: =MAX(1,CEILING(I7*R7/Q7,1)) -> 8 | T7: =F7/(S7*Q7) -> 8.5110209 | U7: =N7+S7*Q7 -> 746.67148 | V7: Chapa y fleje (manuales) | W7: 158 | X7: =U7/W7 -> 4.7257688
A8: P04 | B8: MP-04 | C8: Hoja LAF 2,0 × 1500 × 3000 mm | D8: hoja | E8: Pradecon | F8: 256.9508 | G8: =F8/DiasAnio -> 1.0706283 | H8: 28.2646 | I8: =H8/DiasMes -> 1.41323 | J8: 7 | K8: 10 | L8: Cotización Pradecon (plazo del fleje; para hojas no lo informa) | M8: =G8*(J8+K8)/2 -> 9.1003408 | N8: =MAX(0,I8*K8-M8) -> 5.0319592 | O8: =M8+N8 -> 14.1323 | P8: Paquete de 20 hojas | Q8: 20 | R8: 20 | S8: =MAX(1,CEILING(I8*R8/Q8,1)) -> 2 | T8: =F8/(S8*Q8) -> 6.42377 | U8: =N8+S8*Q8 -> 45.031959 | V8: Chapa y fleje (manuales) | W8: 56 | X8: =U8/W8 -> 0.80414213
A9: P05 | B9: MP-05 | C9: Fleje LAF 0,9 × 114 mm (cúpula 1 kg) | D9: kg | E9: Pradecon | F9: 15992.883 | G9: =F9/DiasAnio -> 66.637015 | H9: 1919.146 | I9: =H9/DiasMes -> 95.9573 | J9: 7 | K9: 10 | L9: Cotización Pradecon: 7 a 10 días | M9: =G9*(J9+K9)/2 -> 566.41462 | N9: =MAX(0,I9*K9-M9) -> 393.15838 | O9: =M9+N9 -> 959.573 | P9: Rollo de 1.900 kg | Q9: 1900 | R9: 5 | S9: =MAX(1,CEILING(I9*R9/Q9,1)) -> 1 | T9: =F9/(S9*Q9) -> 8.4173071 | U9: =N9+S9*Q9 -> 2293.1584 | V9: Chapa y fleje (manuales) | W9: 1000 | X9: =U9/W9 -> 2.2931584
A10: P06 | B10: MP-13 | C10: Fleje LAF 1,25 × 135 mm (fondo 1 kg) | D10: kg | E10: Pradecon | F10: 30867.038 | G10: =F10/DiasAnio -> 128.61266 | H10: 3704.0446 | I10: =H10/DiasMes -> 185.20223 | J10: 7 | K10: 10 | L10: Cotización Pradecon: 7 a 10 días | M10: =G10*(J10+K10)/2 -> 1093.2076 | N10: =MAX(0,I10*K10-M10) -> 758.8147 | O10: =M10+N10 -> 1852.0223 | P10: Rollo de 1.900 kg | Q10: 1900 | R10: 5 | S10: =MAX(1,CEILING(I10*R10/Q10,1)) -> 1 | T10: =F10/(S10*Q10) -> 16.24581 | U10: =N10+S10*Q10 -> 2658.8147 | V10: Chapa y fleje (manuales) | W10: 1000 | X10: =U10/W10 -> 2.6588147
A11: P07 | B11: MP-06 | C11: Fleje LAF 1,25 × 200 mm (cúpula y fondo 2,5 kg) | D11: kg | E11: Pacheco Chapas | F11: 9210.5127 | G11: =F11/DiasAnio -> 38.377136 | H11: 1013.1564 | I11: =H11/DiasMes -> 50.65782 | J11: 7 | K11: 10 | L11: Cotización Pradecon (Pacheco cotizó el mismo fleje sin plazo) | M11: =G11*(J11+K11)/2 -> 326.20566 | N11: =MAX(0,I11*K11-M11) -> 180.37254 | O11: =M11+N11 -> 506.5782 | P11: Rollo de 492 kg | Q11: 492 | R11: 10 | S11: =MAX(1,CEILING(I11*R11/Q11,1)) -> 2 | T11: =F11/(S11*Q11) -> 9.3602771 | U11: =N11+S11*Q11 -> 1164.3725 | V11: Chapa y fleje (manuales) | W11: 492 | X11: =U11/W11 -> 2.3666109
A12: P08 | B12: MP-07 | C12: Fleje LAF 1,6 × 250 mm (cúpula 5 kg) | D12: kg | E12: Pacheco Chapas | F12: 45974.874 | G12: =F12/DiasAnio -> 191.56197 | H12: 5057.2361 | I12: =H12/DiasMes -> 252.86181 | J12: 7 | K12: 10 | L12: Cotización Pradecon (Pacheco cotizó el mismo fleje sin plazo) | M12: =G12*(J12+K12)/2 -> 1628.2768 | N12: =MAX(0,I12*K12-M12) -> 900.34126 | O12: =M12+N12 -> 2528.6181 | P12: Rollo de 615 kg | Q12: 615 | R12: 5 | S12: =MAX(1,CEILING(I12*R12/Q12,1)) -> 3 | T12: =F12/(S12*Q12) -> 24.918631 | U12: =N12+S12*Q12 -> 2745.3413 | V12: Chapa y fleje (manuales) | W12: 615 | X12: =U12/W12 -> 4.4639695
A13: P09 | B13: MP-08 | C13: Fleje LAF 1,6 × 200 mm (fondo 5 kg) | D13: kg | E13: Pacheco Chapas | F13: 29555.276 | G13: =F13/DiasAnio -> 123.14698 | H13: 3251.0804 | I13: =H13/DiasMes -> 162.55402 | J13: 7 | K13: 10 | L13: Cotización Pradecon (Pacheco cotizó el mismo fleje sin plazo) | M13: =G13*(J13+K13)/2 -> 1046.7494 | N13: =MAX(0,I13*K13-M13) -> 578.79083 | O13: =M13+N13 -> 1625.5402 | P13: Rollo de 492 kg | Q13: 492 | R13: 5 | S13: =MAX(1,CEILING(I13*R13/Q13,1)) -> 2 | T13: =F13/(S13*Q13) -> 30.03585 | U13: =N13+S13*Q13 -> 1562.7908 | V13: Chapa y fleje (manuales) | W13: 492 | X13: =U13/W13 -> 3.1764041
A14: P10 | B14: MP-09 | C14: Fleje LAF 1,6 × 300 mm (cúpula 10 kg) | D14: kg | E14: Pacheco Chapas | F14: 3790.4662 | G14: =F14/DiasAnio -> 15.793609 | H14: 416.9513 | I14: =H14/DiasMes -> 20.847565 | J14: 7 | K14: 10 | L14: Cotización Pradecon (Pacheco cotizó el mismo fleje sin plazo) | M14: =G14*(J14+K14)/2 -> 134.24568 | N14: =MAX(0,I14*K14-M14) -> 74.229972 | O14: =M14+N14 -> 208.47565 | P14: Rollo de 590 kg | Q14: 590 | R14: 20 | S14: =MAX(1,CEILING(I14*R14/Q14,1)) -> 1 | T14: =F14/(S14*Q14) -> 6.424519 | U14: =N14+S14*Q14 -> 664.22997 | V14: Chapa y fleje (manuales) | W14: 738 | X14: =U14/W14 -> 0.90004061
A15: P11 | B15: MP-10 | C15: Fleje LAF 2,0 × 249 mm (fondo 10 kg) | D15: kg | E15: Pacheco Chapas | F15: 3134.033 | G15: =F15/DiasAnio -> 13.058471 | H15: 344.7436 | I15: =H15/DiasMes -> 17.23718 | J15: 7 | K15: 10 | L15: Cotización Pradecon (Pacheco cotizó el mismo fleje sin plazo) | M15: =G15*(J15+K15)/2 -> 110.997 | N15: =MAX(0,I15*K15-M15) -> 61.374798 | O15: =M15+N15 -> 172.3718 | P15: Rollo de 498 kg | Q15: 498 | R15: 20 | S15: =MAX(1,CEILING(I15*R15/Q15,1)) -> 1 | T15: =F15/(S15*Q15) -> 6.293239 | U15: =N15+S15*Q15 -> 559.3748 | V15: Chapa y fleje (manuales) | W15: 498 | X15: =U15/W15 -> 1.1232426
A16: P12 | B16: MP-11 | C16: Hoja LAC 3,2 × 1500 × 3000 mm | D16: hoja | E16: Pradecon | F16: 370.5515 | G16: =F16/DiasAnio -> 1.5439646 | H16: 33.3496 | I16: =H16/DiasMes -> 1.66748 | J16: 7 | K16: 10 | L16: Cotización Pradecon (plazo del fleje; para hojas no lo informa) | M16: =G16*(J16+K16)/2 -> 13.123699 | N16: =MAX(0,I16*K16-M16) -> 3.551101 | O16: =M16+N16 -> 16.6748 | P16: Paquete de 20 hojas | Q16: 20 | R16: 20 | S16: =MAX(1,CEILING(I16*R16/Q16,1)) -> 2 | T16: =F16/(S16*Q16) -> 9.2637875 | U16: =N16+S16*Q16 -> 43.551101 | V16: Calle de chapa (carros) | W16: 40 | X16: =U16/W16 -> 1.0887775
... A119: P115 | B119: RV-CLASED_9l | C119: Matafuego Clase D 9 l (reventa) | D119: u | E119: Fabricante nacional | F119: 277.4296 | G119: =F119/DiasAnio -> 1.1559567 | H119: 30.5173 | I119: =H119/DiasMes -> 1.525865 | J119: 20 | K119: 20 | L119: Sin cotización: planilla de MP | M119: =G119*(J119+K119)/2 -> 23.119133 | N119: =MAX(0,I119*K119-M119) -> 7.3981667 | O119: =M119+N119 -> 30.5173 | P119: Unidad | Q119: 1 | R119: 20 | S119: =MAX(1,CEILING(I119*R119/Q119,1)) -> 31 | T119: =F119/(S119*Q119) -> 8.9493419 | U119: =N119+S119*Q119 -> 38.398167 | V119: Almacén de producto terminado | W119: 180 | X119: =U119/W119 -> 0.21332315

Sheet Dimensionamiento
A1: Dimensionamiento del almacenamiento por material (stock máximo de la política)
A2: ="Circulación × "&CoefCirc&" solo en el área bruta · puesto de trabajo si ocupa ≤ "&UmbCajon&" m² · amarillo = editable" -> Circulación × 1,5 solo en el área bruta · puesto de trabajo si ocupa ≤ 0,1 m² · amarillo = editable
A4: Ref. | B4: Código | C4: Material | D4: UM | E4: Proveedor | F4: Sección de almacén | G4: Consumo por día, promedio | H4: Stock de seguridad | I4: Stock máximo | J4: Días de producción que dura el stock máximo | K4: Plazo máximo (días hábiles) | L4: Nivel de plazo | M4: Percentil de volumen (en su UM) | N4: Nivel de volumen | O4: Criticidad | P4: Lugares que ocupa el stock máximo | Q4: Huella por lugar (m²) | R4: Niveles | S4: Superficie sin redondear (m²) | T4: Forzar ubicación | U4: Ubicación | V4: Lugares en almacén | W4: Área neta (m²) | X4: Área bruta (m²) | Y4: Nota | Z4: Clave de orden | AA4: Clave de días
A5: ='Política de stock'!A5 -> P01 | B5: ='Política de stock'!B5 -> MP-01 | C5: ='Política de stock'!C5 -> Caño c/costura Ø76,2 × 1,25 × 6 m (cuerpo 1 kg) | D5: ='Política de stock'!D5 -> barra | E5: ='Política de stock'!E5 -> Metalpri / Prilux | F5: ='Política de stock'!V5 -> Cantilever de caños y barras | G5: ='Política de stock'!G5 -> 36.706637 | H5: ='Política de stock'!N5 -> 16.150923 | I5: ='Política de stock'!U5 -> 288.15092 | J5: =IF(G5>0,I5/G5,0) -> 7.850104 | K5: ='Política de stock'!K5 -> 1 | L5: =IF(K5>=UmbLT,"Alto","Bajo") -> Bajo | M5: =IF('Política de stock'!F5>0,COUNTIFS('Política de stock'!$D$5:$D$119,D5,'Política de stock'!$F$5:$F$119,"<"&'Política de stock'!F5)/COUNTIF('Política de stock'!$D$5:$D$119,D5),0) -> 0.8 | N5: =IF(M5>=UmbVol,"Alto","Bajo") -> Alto | O5: =IF(AND(L5="Alto",N5="Alto"),"Alta",IF(OR(L5="Alto",N5="Alto"),"Media","Baja")) -> Media | P5: ='Política de stock'!X5 -> 4.7237856 | Q5: 5 | R5: 3 | S5: =P5/R5*Q5 -> 7.872976 | U5: =IF(T5<>"",T5,IF(S5<=UmbCajon,"Puesto de trabajo","Almacén")) -> Almacén | V5: =IF(U5="Almacén",ROUNDUP(P5,0),0) -> 5 | W5: =ROUNDUP(V5/R5,0)*Q5 -> 10 | X5: =W5*CoefCirc -> 15 | Z5: =X5+ROW()/1000000 -> 15.000005 | AA5: =F5&"|"&U5&"|"&ROUND(J5,6) -> Cantilever de caños y barras|Almacén|7,850104
A6: ='Política de stock'!A6 -> P02 | B6: ='Política de stock'!B6 -> MP-02 | C6: ='Política de stock'!C6 -> Hoja LAF 1,25 × 1220 × 2440 mm | D6: ='Política de stock'!D6 -> hoja | E6: ='Política de stock'!E6 -> Pradecon | F6: ='Política de stock'!V6 -> Chapa y fleje (manuales) | G6: ='Política de stock'!G6 -> 2.1749783 | H6: ='Política de stock'!N6 -> 10.222384 | I6: ='Política de stock'!U6 -> 110.22238 | J6: =IF(G6>0,I6/G6,0) -> 50.677463 | K6: ='Política de stock'!K6 -> 10 | L6: =IF(K6>=UmbLT,"Alto","Bajo") -> Alto | M6: =IF('Política de stock'!F6>0,COUNTIFS('Política de stock'!$D$5:$D$119,D6,'Política de stock'!$F$5:$F$119,"<"&'Política de stock'!F6)/COUNTIF('Política de stock'!$D$5:$D$119,D6),0) -> 0.6 | N6: =IF(M6>=UmbVol,"Alto","Bajo") -> Alto | O6: =IF(AND(L6="Alto",N6="Alto"),"Alta",IF(OR(L6="Alto",N6="Alto"),"Media","Baja")) -> Alta | P6: ='Política de stock'!X6 -> 0.81045871 | Q6: 2.9768 | R6: 2 | S6: =P6/R6*Q6 -> 1.2062867 | U6: =IF(T6<>"",T6,IF(S6<=UmbCajon,"Puesto de trabajo","Almacén")) -> Almacén | V6: =IF(U6="Almacén",ROUNDUP(P6,0),0) -> 1 | W6: =ROUNDUP(V6/R6,0)*Q6 -> 2.9768 | X6: =W6*CoefCirc -> 4.4652 | Z6: =X6+ROW()/1000000 -> 4.465206 | AA6: =F6&"|"&U6&"|"&ROUND(J6,6) -> Chapa y fleje (manuales)|Almacén|50,677463
A7: ='Política de stock'!A7 -> P03 | B7: ='Política de stock'!B7 -> MP-03 | C7: ='Política de stock'!C7 -> Hoja LAF 1,6 × 1000 × 2000 mm | D7: ='Política de stock'!D7 -> hoja | E7: ='Política de stock'!E7 -> Pradecon | F7: ='Política de stock'!V7 -> Chapa y fleje (manuales) | G7: ='Política de stock'!G7 -> 22.696056 | H7: ='Política de stock'!N7 -> 106.67148 | I7: ='Política de stock'!U7 -> 746.67148 | J7: =IF(G7>0,I7/G7,0) -> 32.898733 | K7: ='Política de stock'!K7 -> 10 | L7: =IF(K7>=UmbLT,"Alto","Bajo") -> Alto | M7: =IF('Política de stock'!F7>0,COUNTIFS('Política de stock'!$D$5:$D$119,D7,'Política de stock'!$F$5:$F$119,"<"&'Política de stock'!F7)/COUNTIF('Política de stock'!$D$5:$D$119,D7),0) -> 0.8 | N7: =IF(M7>=UmbVol,"Alto","Bajo") -> Alto | O7: =IF(AND(L7="Alto",N7="Alto"),"Alta",IF(OR(L7="Alto",N7="Alto"),"Media","Baja")) -> Alta | P7: ='Política de stock'!X7 -> 4.7257688 | Q7: 2 | R7: 2 | S7: =P7/R7*Q7 -> 4.7257688 | U7: =IF(T7<>"",T7,IF(S7<=UmbCajon,"Puesto de trabajo","Almacén")) -> Almacén | V7: =IF(U7="Almacén",ROUNDUP(P7,0),0) -> 5 | W7: =ROUNDUP(V7/R7,0)*Q7 -> 6 | X7: =W7*CoefCirc -> 9 | Z7: =X7+ROW()/1000000 -> 9.000007 | AA7: =F7&"|"&U7&"|"&ROUND(J7,6) -> Chapa y fleje (manuales)|Almacén|32,898733
A8: ='Política de stock'!A8 -> P04 | B8: ='Política de stock'!B8 -> MP-04 | C8: ='Política de stock'!C8 -> Hoja LAF 2,0 × 1500 × 3000 mm | D8: ='Política de stock'!D8 -> hoja | E8: ='Política de stock'!E8 -> Pradecon | F8: ='Política de stock'!V8 -> Chapa y fleje (manuales) | G8: ='Política de stock'!G8 -> 1.0706283 | H8: ='Política de stock'!N8 -> 5.0319592 | I8: ='Política de stock'!U8 -> 45.031959 | J8: =IF(G8>0,I8/G8,0) -> 42.061244 | K8: ='Política de stock'!K8 -> 10 | L8: =IF(K8>=UmbLT,"Alto","Bajo") -> Alto | M8: =IF('Política de stock'!F8>0,COUNTIFS('Política de stock'!$D$5:$D$119,D8,'Política de stock'!$F$5:$F$119,"<"&'Política de stock'!F8)/COUNTIF('Política de stock'!$D$5:$D$119,D8),0) -> 0.2 | N8: =IF(M8>=UmbVol,"Alto","Bajo") -> Bajo | O8: =IF(AND(L8="Alto",N8="Alto"),"Alta",IF(OR(L8="Alto",N8="Alto"),"Media","Baja")) -> Media | P8: ='Política de stock'!X8 -> 0.80414213 | Q8: 4.5 | R8: 2 | S8: =P8/R8*Q8 -> 1.8093198 | U8: =IF(T8<>"",T8,IF(S8<=UmbCajon,"Puesto de trabajo","Almacén")) -> Almacén | V8: =IF(U8="Almacén",ROUNDUP(P8,0),0) -> 1 | W8: =ROUNDUP(V8/R8,0)*Q8 -> 4.5 | X8: =W8*CoefCirc -> 6.75 | Z8: =X8+ROW()/1000000 -> 6.750008 | AA8: =F8&"|"&U8&"|"&ROUND(J8,6) -> Chapa y fleje (manuales)|Almacén|42,061244
A9: ='Política de stock'!A9 -> P05 | B9: ='Política de stock'!B9 -> MP-05 | C9: ='Política de stock'!C9 -> Fleje LAF 0,9 × 114 mm (cúpula 1 kg) | D9: ='Política de stock'!D9 -> kg | E9: ='Política de stock'!E9 -> Pradecon | F9: ='Política de stock'!V9 -> Chapa y fleje (manuales) | G9: ='Política de stock'!G9 -> 66.637015 | H9: ='Política de stock'!N9 -> 393.15838 | I9: ='Política de stock'!U9 -> 2293.1584 | J9: =IF(G9>0,I9/G9,0) -> 34.412682 | K9: ='Política de stock'!K9 -> 10 | L9: =IF(K9>=UmbLT,"Alto","Bajo") -> Alto | M9: =IF('Política de stock'!F9>0,COUNTIFS('Política de stock'!$D$5:$D$119,D9,'Política de stock'!$F$5:$F$119,"<"&'Política de stock'!F9)/COUNTIF('Política de stock'!$D$5:$D$119,D9),0) -> 0.58823529 | N9: =IF(M9>=UmbVol,"Alto","Bajo") -> Alto | O9: =IF(AND(L9="Alto",N9="Alto"),"Alta",IF(OR(L9="Alto",N9="Alto"),"Media","Baja")) -> Alta | P9: ='Política de stock'!X9 -> 2.2931584 | Q9: =HuellaPallet -> 1.2 | R9: 1 | S9: =P9/R9*Q9 -> 2.7517901 | U9: =IF(T9<>"",T9,IF(S9<=UmbCajon,"Puesto de trabajo","Almacén")) -> Almacén | V9: =IF(U9="Almacén",ROUNDUP(P9,0),0) -> 3 | W9: =ROUNDUP(V9/R9,0)*Q9 -> 3.6 | X9: =W9*CoefCirc -> 5.4 | Z9: =X9+ROW()/1000000 -> 5.400009 | AA9: =F9&"|"&U9&"|"&ROUND(J9,6) -> Chapa y fleje (manuales)|Almacén|34,412682
A10: ='Política de stock'!A10 -> P06 | B10: ='Política de stock'!B10 -> MP-13 | C10: ='Política de stock'!C10 -> Fleje LAF 1,25 × 135 mm (fondo 1 kg) | D10: ='Política de stock'!D10 -> kg | E10: ='Política de stock'!E10 -> Pradecon | F10: ='Política de stock'!V10 -> Chapa y fleje (manuales) | G10: ='Política de stock'!G10 -> 128.61266 | H10: ='Política de stock'!N10 -> 758.8147 | I10: ='Política de stock'!U10 -> 2658.8147 | J10: =IF(G10>0,I10/G10,0) -> 20.67304 | K10: ='Política de stock'!K10 -> 10 | L10: =IF(K10>=UmbLT,"Alto","Bajo") -> Alto | M10: =IF('Política de stock'!F10>0,COUNTIFS('Política de stock'!$D$5:$D$119,D10,'Política de stock'!$F$5:$F$119,"<"&'Política de stock'!F10)/COUNTIF('Política de stock'!$D$5:$D$119,D10),0) -> 0.76470588 | N10: =IF(M10>=UmbVol,"Alto","Bajo") -> Alto | O10: =IF(AND(L10="Alto",N10="Alto"),"Alta",IF(OR(L10="Alto",N10="Alto"),"Media","Baja")) -> Alta | P10: ='Política de stock'!X10 -> 2.6588147 | Q10: =HuellaPallet -> 1.2 | R10: 1 | S10: =P10/R10*Q10 -> 3.1905776 | U10: =IF(T10<>"",T10,IF(S10<=UmbCajon,"Puesto de trabajo","Almacén")) -> Almacén | V10: =IF(U10="Almacén",ROUNDUP(P10,0),0) -> 3 | W10: =ROUNDUP(V10/R10,0)*Q10 -> 3.6 | X10: =W10*CoefCirc -> 5.4 | Z10: =X10+ROW()/1000000 -> 5.40001 | AA10: =F10&"|"&U10&"|"&ROUND(J10,6) -> Chapa y fleje (manuales)|Almacén|20,67304
A11: ='Política de stock'!A11 -> P07 | B11: ='Política de stock'!B11 -> MP-06 | C11: ='Política de stock'!C11 -> Fleje LAF 1,25 × 200 mm (cúpula y fondo 2,5 kg) | D11: ='Política de stock'!D11 -> kg | E11: ='Política de stock'!E11 -> Pacheco Chapas | F11: ='Política de stock'!V11 -> Chapa y fleje (manuales) | G11: ='Política de stock'!G11 -> 38.377136 | H11: ='Política de stock'!N11 -> 180.37254 | I11: ='Política de stock'!U11 -> 1164.3725 | J11: =IF(G11>0,I11/G11,0) -> 30.340267 | K11: ='Política de stock'!K11 -> 10 | L11: =IF(K11>=UmbLT,"Alto","Bajo") -> Alto | M11: =IF('Política de stock'!F11>0,COUNTIFS('Política de stock'!$D$5:$D$119,D11,'Política de stock'!$F$5:$F$119,"<"&'Política de stock'!F11)/COUNTIF('Política de stock'!$D$5:$D$119,D11),0) -> 0.52941176 | N11: =IF(M11>=UmbVol,"Alto","Bajo") -> Alto | O11: =IF(AND(L11="Alto",N11="Alto"),"Alta",IF(OR(L11="Alto",N11="Alto"),"Media","Baja")) -> Alta | P11: ='Política de stock'!X11 -> 2.3666109 | Q11: =HuellaPallet -> 1.2 | R11: 1 | S11: =P11/R11*Q11 -> 2.839933 | U11: =IF(T11<>"",T11,IF(S11<=UmbCajon,"Puesto de trabajo","Almacén")) -> Almacén | V11: =IF(U11="Almacén",ROUNDUP(P11,0),0) -> 3 | W11: =ROUNDUP(V11/R11,0)*Q11 -> 3.6 | X11: =W11*CoefCirc -> 5.4 | Z11: =X11+ROW()/1000000 -> 5.400011 | AA11: =F11&"|"&U11&"|"&ROUND(J11,6) -> Chapa y fleje (manuales)|Almacén|30,340267
A12: ='Política de stock'!A12 -> P08 | B12: ='Política de stock'!B12 -> MP-07 | C12: ='Política de stock'!C12 -> Fleje LAF 1,6 × 250 mm (cúpula 5 kg) | D12: ='Política de stock'!D12 -> kg | E12: ='Política de stock'!E12 -> Pacheco Chapas | F12: ='Política de stock'!V12 -> Chapa y fleje (manuales) | G12: ='Política de stock'!G12 -> 191.56197 | H12: ='Política de stock'!N12 -> 900.34126 | I12: ='Política de stock'!U12 -> 2745.3413 | J12: =IF(G12>0,I12/G12,0) -> 14.331348 | K12: ='Política de stock'!K12 -> 10 | L12: =IF(K12>=UmbLT,"Alto","Bajo") -> Alto | M12: =IF('Política de stock'!F12>0,COUNTIFS('Política de stock'!$D$5:$D$119,D12,'Política de stock'!$F$5:$F$119,"<"&'Política de stock'!F12)/COUNTIF('Política de stock'!$D$5:$D$119,D12),0) -> 0.82352941 | N12: =IF(M12>=UmbVol,"Alto","Bajo") -> Alto | O12: =IF(AND(L12="Alto",N12="Alto"),"Alta",IF(OR(L12="Alto",N12="Alto"),"Media","Baja")) -> Alta | P12: ='Política de stock'!X12 -> 4.4639695 | Q12: =HuellaPallet -> 1.2 | R12: 1 | S12: =P12/R12*Q12 -> 5.3567634 | U12: =IF(T12<>"",T12,IF(S12<=UmbCajon,"Puesto de trabajo","Almacén")) -> Almacén | V12: =IF(U12="Almacén",ROUNDUP(P12,0),0) -> 5 | W12: =ROUNDUP(V12/R12,0)*Q12 -> 6 | X12: =W12*CoefCirc -> 9 | Z12: =X12+ROW()/1000000 -> 9.000012 | AA12: =F12&"|"&U12&"|"&ROUND(J12,6) -> Chapa y fleje (manuales)|Almacén|14,331348
A13: ='Política de stock'!A13 -> P09 | B13: ='Política de stock'!B13 -> MP-08 | C13: ='Política de stock'!C13 -> Fleje LAF 1,6 × 200 mm (fondo 5 kg) | D13: ='Política de stock'!D13 -> kg | E13: ='Política de stock'!E13 -> Pacheco Chapas | F13: ='Política de stock'!V13 -> Chapa y fleje (manuales) | G13: ='Política de stock'!G13 -> 123.14698 | H13: ='Política de stock'!N13 -> 578.79083 | I13: ='Política de stock'!U13 -> 1562.7908 | J13: =IF(G13>0,I13/G13,0) -> 12.690452 | K13: ='Política de stock'!K13 -> 10 | L13: =IF(K13>=UmbLT,"Alto","Bajo") -> Alto | M13: =IF('Política de stock'!F13>0,COUNTIFS('Política de stock'!$D$5:$D$119,D13,'Política de stock'!$F$5:$F$119,"<"&'Política de stock'!F13)/COUNTIF('Política de stock'!$D$5:$D$119,D13),0) -> 0.70588235 | N13: =IF(M13>=UmbVol,"Alto","Bajo") -> Alto | O13: =IF(AND(L13="Alto",N13="Alto"),"Alta",IF(OR(L13="Alto",N13="Alto"),"Media","Baja")) -> Alta | P13: ='Política de stock'!X13 -> 3.1764041 | Q13: =HuellaPallet -> 1.2 | R13: 1 | S13: =P13/R13*Q13 -> 3.811685 | U13: =IF(T13<>"",T13,IF(S13<=UmbCajon,"Puesto de trabajo","Almacén")) -> Almacén | V13: =IF(U13="Almacén",ROUNDUP(P13,0),0) -> 4 | W13: =ROUNDUP(V13/R13,0)*Q13 -> 4.8 | X13: =W13*CoefCirc -> 7.2 | Z13: =X13+ROW()/1000000 -> 7.200013 | AA13: =F13&"|"&U13&"|"&ROUND(J13,6) -> Chapa y fleje (manuales)|Almacén|12,690452
A14: ='Política de stock'!A14 -> P10 | B14: ='Política de stock'!B14 -> MP-09 | C14: ='Política de stock'!C14 -> Fleje LAF 1,6 × 300 mm (cúpula 10 kg) | D14: ='Política de stock'!D14 -> kg | E14: ='Política de stock'!E14 -> Pacheco Chapas | F14: ='Política de stock'!V14 -> Chapa y fleje (manuales) | G14: ='Política de stock'!G14 -> 15.793609 | H14: ='Política de stock'!N14 -> 74.229972 | I14: ='Política de stock'!U14 -> 664.22997 | J14: =IF(G14>0,I14/G14,0) -> 42.056883 | K14: ='Política de stock'!K14 -> 10 | L14: =IF(K14>=UmbLT,"Alto","Bajo") -> Alto | M14: =IF('Política de stock'!F14>0,COUNTIFS('Política de stock'!$D$5:$D$119,D14,'Política de stock'!$F$5:$F$119,"<"&'Política de stock'!F14)/COUNTIF('Política de stock'!$D$5:$D$119,D14),0) -> 0.41176471 | N14: =IF(M14>=UmbVol,"Alto","Bajo") -> Bajo | O14: =IF(AND(L14="Alto",N14="Alto"),"Alta",IF(OR(L14="Alto",N14="Alto"),"Media","Baja")) -> Media | P14: ='Política de stock'!X14 -> 0.90004061 | Q14: =HuellaPallet -> 1.2 | R14: 1 | S14: =P14/R14*Q14 -> 1.0800487 | U14: =IF(T14<>"",T14,IF(S14<=UmbCajon,"Puesto de trabajo","Almacén")) -> Almacén | V14: =IF(U14="Almacén",ROUNDUP(P14,0),0) -> 1 | W14: =ROUNDUP(V14/R14,0)*Q14 -> 1.2 | X14: =W14*CoefCirc -> 1.8 | Z14: =X14+ROW()/1000000 -> 1.800014 | AA14: =F14&"|"&U14&"|"&ROUND(J14,6) -> Chapa y fleje (manuales)|Almacén|42,056883
A15: ='Política de stock'!A15 -> P11 | B15: ='Política de stock'!B15 -> MP-10 | C15: ='Política de stock'!C15 -> Fleje LAF 2,0 × 249 mm (fondo 10 kg) | D15: ='Política de stock'!D15 -> kg | E15: ='Política de stock'!E15 -> Pacheco Chapas | F15: ='Política de stock'!V15 -> Chapa y fleje (manuales) | G15: ='Política de stock'!G15 -> 13.058471 | H15: ='Política de stock'!N15 -> 61.374798 | I15: ='Política de stock'!U15 -> 559.3748 | J15: =IF(G15>0,I15/G15,0) -> 42.836164 | K15: ='Política de stock'!K15 -> 10 | L15: =IF(K15>=UmbLT,"Alto","Bajo") -> Alto | M15: =IF('Política de stock'!F15>0,COUNTIFS('Política de stock'!$D$5:$D$119,D15,'Política de stock'!$F$5:$F$119,"<"&'Política de stock'!F15)/COUNTIF('Política de stock'!$D$5:$D$119,D15),0) -> 0.29411765 | N15: =IF(M15>=UmbVol,"Alto","Bajo") -> Bajo | O15: =IF(AND(L15="Alto",N15="Alto"),"Alta",IF(OR(L15="Alto",N15="Alto"),"Media","Baja")) -> Media | P15: ='Política de stock'!X15 -> 1.1232426 | Q15: =HuellaPallet -> 1.2 | R15: 1 | S15: =P15/R15*Q15 -> 1.3478911 | U15: =IF(T15<>"",T15,IF(S15<=UmbCajon,"Puesto de trabajo","Almacén")) -> Almacén | V15: =IF(U15="Almacén",ROUNDUP(P15,0),0) -> 2 | W15: =ROUNDUP(V15/R15,0)*Q15 -> 2.4 | X15: =W15*CoefCirc -> 3.6 | Z15: =X15+ROW()/1000000 -> 3.600015 | AA15: =F15&"|"&U15&"|"&ROUND(J15,6) -> Chapa y fleje (manuales)|Almacén|42,836164
A16: ='Política de stock'!A16 -> P12 | B16: ='Política de stock'!B16 -> MP-11 | C16: ='Política de stock'!C16 -> Hoja LAC 3,2 × 1500 × 3000 mm | D16: ='Política de stock'!D16 -> hoja | E16: ='Política de stock'!E16 -> Pradecon | F16: ='Política de stock'!V16 -> Calle de chapa (carros) | G16: ='Política de stock'!G16 -> 1.5439646 | H16: ='Política de stock'!N16 -> 3.551101 | I16: ='Política de stock'!U16 -> 43.551101 | J16: =IF(G16>0,I16/G16,0) -> 28.207319 | K16: ='Política de stock'!K16 -> 10 | L16: =IF(K16>=UmbLT,"Alto","Bajo") -> Alto | M16: =IF('Política de stock'!F16>0,COUNTIFS('Política de stock'!$D$5:$D$119,D16,'Política de stock'!$F$5:$F$119,"<"&'Política de stock'!F16)/COUNTIF('Política de stock'!$D$5:$D$119,D16),0) -> 0.4 | N16: =IF(M16>=UmbVol,"Alto","Bajo") -> Bajo | O16: =IF(AND(L16="Alto",N16="Alto"),"Alta",IF(OR(L16="Alto",N16="Alto"),"Media","Baja")) -> Media | P16: ='Política de stock'!X16 -> 1.0887775 | Q16: 4.5 | R16: 2 | S16: =P16/R16*Q16 -> 2.4497494 | U16: =IF(T16<>"",T16,IF(S16<=UmbCajon,"Puesto de trabajo","Almacén")) -> Almacén | V16: =IF(U16="Almacén",ROUNDUP(P16,0),0) -> 2 | W16: =ROUNDUP(V16/R16,0)*Q16 -> 4.5 | X16: =W16*CoefCirc -> 6.75 | Z16: =X16+ROW()/1000000 -> 6.750016 | AA16: =F16&"|"&U16&"|"&ROUND(J16,6) -> Calle de chapa (carros)|Almacén|28,207319
A17: ='Política de stock'!A17 -> P13 | B17: ='Política de stock'!B17 -> MP-12 | C17: ='Política de stock'!C17 -> Hoja LAC 4,75 × 1500 × 3000 mm | D17: ='Política de stock'!D17 -> hoja | E17: ='Política de stock'!E17 -> Pradecon | F17: ='Política de stock'!V17 -> Calle de chapa (carros) | G17: ='Política de stock'!G17 -> 0.68830625 | H17: ='Política de stock'!N17 -> 1.5830969 | I17: ='Política de stock'!U17 -> 16.583097 | J17: =IF(G17>0,I17/G17,0) -> 24.092614 | K17: ='Política de stock'!K17 -> 10 | L17: =IF(K17>=UmbLT,"Alto","Bajo") -> Alto | M17: =IF('Política de stock'!F17>0,COUNTIFS('Política de stock'!$D$5:$D$119,D17,'Política de stock'!$F$5:$F$119,"<"&'Política de stock'!F17)/COUNTIF('Política de stock'!$D$5:$D$119,D17),0) -> 0 | N17: =IF(M17>=UmbVol,"Alto","Bajo") -> Bajo | O17: =IF(AND(L17="Alto",N17="Alto"),"Alta",IF(OR(L17="Alto",N17="Alto"),"Media","Baja")) -> Media | P17: ='Política de stock'!X17 -> 0.5527699 | Q17: 4.5 | R17: 2 | S17: =P17/R17*Q17 -> 1.2437323 | U17: =IF(T17<>"",T17,IF(S17<=UmbCajon,"Puesto de trabajo","Almacén")) -> Almacén | V17: =IF(U17="Almacén",ROUNDUP(P17,0),0) -> 1 | W17: =ROUNDUP(V17/R17,0)*Q17 -> 4.5 | X17: =W17*CoefCirc -> 6.75 | Z17: =X17+ROW()/1000000 -> 6.750017 | AA17: =F17&"|"&U17&"|"&ROUND(J17,6) -> Calle de chapa (carros)|Almacén|24,092614
A18: ='Política de stock'!A18 -> P14 | B18: ='Política de stock'!B18 -> MP-15 | C18: ='Política de stock'!C18 -> Casquete 10" × 3,2 mm (carro 25 kg) | D18: ='Política de stock'!D18 -> u | E18: ='Política de stock'!E18 -> Importado | F18: ='Política de stock'!V18 -> Rack de casquetes y cuplas (carros) | G18: ='Política de stock'!G18 -> 6.4605879 | H18: ='Política de stock'!N18 -> 31.010825 | I18: ='Política de stock'!U18 -> 431.01083 | J18: =IF(G18>0,I18/G18,0) -> 66.71387 | K18: ='Política de stock'!K18 -> 60 | L18: =IF(K18>=UmbLT,"Alto","Bajo") -> Alto | M18: =IF('Política de stock'!F18>0,COUNTIFS('Política de stock'!$D$5:$D$119,D18,'Política de stock'!$F$5:$F$119,"<"&'Política de stock'!F18)/COUNTIF('Política de stock'!$D$5:$D$119,D18),0) -> 0.37349398 | N18: =IF(M18>=UmbVol,"Alto","Bajo") -> Bajo | O18: =IF(AND(L18="Alto",N18="Alto"),"Alta",IF(OR(L18="Alto",N18="Alto"),"Media","Baja")) -> Media | P18: ='Política de stock'!X18 -> 1.0775271 | Q18: =HuellaPallet -> 1.2 | R18: =NivPallet -> 4 | S18: =P18/R18*Q18 -> 0.32325812 | U18: =IF(T18<>"",T18,IF(S18<=UmbCajon,"Puesto de trabajo","Almacén")) -> Almacén | V18: =IF(U18="Almacén",ROUNDUP(P18,0),0) -> 2 | W18: =ROUNDUP(V18/R18,0)*Q18 -> 1.2 | X18: =W18*CoefCirc -> 1.8 | Z18: =X18+ROW()/1000000 -> 1.800018 | AA18: =F18&"|"&U18&"|"&ROUND(J18,6) -> Rack de casquetes y cuplas (carros)|Almacén|66,71387
A19: ='Política de stock'!A19 -> P15 | B19: ='Política de stock'!B19 -> MP-16 | C19: ='Política de stock'!C19 -> Casquete 12" × 3,2 mm (carro 50 kg) | D19: ='Política de stock'!D19 -> u | E19: ='Política de stock'!E19 -> Importado | F19: ='Política de stock'!V19 -> Rack de casquetes y cuplas (carros) | G19: ='Política de stock'!G19 -> 14.220517 | H19: ='Política de stock'!N19 -> 68.258575 | I19: ='Política de stock'!U19 -> 968.25857 | J19: =IF(G19>0,I19/G19,0) -> 68.088844 | K19: ='Política de stock'!K19 -> 60 | L19: =IF(K19>=UmbLT,"Alto","Bajo") -> Alto | M19: =IF('Política de stock'!F19>0,COUNTIFS('Política de stock'!$D$5:$D$119,D19,'Política de stock'!$F$5:$F$119,"<"&'Política de stock'!F19)/COUNTIF('Política de stock'!$D$5:$D$119,D19),0) -> 0.46987952 | N19: =IF(M19>=UmbVol,"Alto","Bajo") -> Bajo | O19: =IF(AND(L19="Alto",N19="Alto"),"Alta",IF(OR(L19="Alto",N19="Alto"),"Media","Baja")) -> Media | P19: ='Política de stock'!X19 -> 3.2275286 | Q19: =HuellaPallet -> 1.2 | R19: =NivPallet -> 4 | S19: =P19/R19*Q19 -> 0.96825858 | U19: =IF(T19<>"",T19,IF(S19<=UmbCajon,"Puesto de trabajo","Almacén")) -> Almacén | V19: =IF(U19="Almacén",ROUNDUP(P19,0),0) -> 4 | W19: =ROUNDUP(V19/R19,0)*Q19 -> 1.2 | X19: =W19*CoefCirc -> 1.8 | Z19: =X19+ROW()/1000000 -> 1.800019 | AA19: =F19&"|"&U19&"|"&ROUND(J19,6) -> Rack de casquetes y cuplas (carros)|Almacén|68,088844
A20: ='Política de stock'!A20 -> P16 | B20: ='Política de stock'!B20 -> MP-17 | C20: ='Política de stock'!C20 -> Casquete 15" × 4,75 mm (carros 70 y 100 kg) | D20: ='Política de stock'!D20 -> u | E20: ='Política de stock'!E20 -> Importado | F20: ='Política de stock'!V20 -> Rack de casquetes y cuplas (carros) | G20: ='Política de stock'!G20 -> 5.1647542 | H20: ='Política de stock'!N20 -> 24.79085 | I20: ='Política de stock'!U20 -> 324.79085 | J20: =IF(G20>0,I20/G20,0) -> 62.886023 | K20: ='Política de stock'!K20 -> 60 | L20: =IF(K20>=UmbLT,"Alto","Bajo") -> Alto | M20: =IF('Política de stock'!F20>0,COUNTIFS('Política de stock'!$D$5:$D$119,D20,'Política de stock'!$F$5:$F$119,"<"&'Política de stock'!F20)/COUNTIF('Política de stock'!$D$5:$D$119,D20),0) -> 0.3253012 | N20: =IF(M20>=UmbVol,"Alto","Bajo") -> Bajo | O20: =IF(AND(L20="Alto",N20="Alto"),"Alta",IF(OR(L20="Alto",N20="Alto"),"Media","Baja")) -> Media | P20: ='Política de stock'!X20 -> 2.1652723 | Q20: =HuellaPallet -> 1.2 | R20: =NivPallet -> 4 | S20: =P20/R20*Q20 -> 0.6495817 | U20: =IF(T20<>"",T20,IF(S20<=UmbCajon,"Puesto de trabajo","Almacén")) -> Almacén | V20: =IF(U20="Almacén",ROUNDUP(P20,0),0) -> 3 | W20: =ROUNDUP(V20/R20,0)*Q20 -> 1.2 | X20: =W20*CoefCirc -> 1.8 | Z20: =X20+ROW()/1000000 -> 1.80002 | AA20: =F20&"|"&U20&"|"&ROUND(J20,6) -> Rack de casquetes y cuplas (carros)|Almacén|62,886023
A21: ='Política de stock'!A21 -> P17 | B21: ='Política de stock'!B21 -> MP-18 | C21: ='Política de stock'!C21 -> Asiento de válvula M22 × 1,5 (1 kg) | D21: ='Política de stock'!D21 -> u | E21: ='Política de stock'!E21 -> Eli-Met | F21: ='Política de stock'!V21 -> Insumos de montaje (manuales) | G21: ='Política de stock'!G21 -> 844.25266 | H21: ='Política de stock'!N21 -> 12461.169 | I21: ='Política de stock'!U21 -> 37461.169 | J21: =IF(G21>0,I21/G21,0) -> 44.371988 | K21: ='Política de stock'!K21 -> 29 | L21: =IF(K21>=UmbLT,"Alto","Bajo") -> Alto | M21: =IF('Política de stock'!F21>0,COUNTIFS('Política de stock'!$D$5:$D$119,D21,'Política de stock'!$F$5:$F$119,"<"&'Política de stock'!F21)/COUNTIF('Política de stock'!$D$5:$D$119,D21),0) -> 0.93975904 | N21: =IF(M21>=UmbVol,"Alto","Bajo") -> Alto | O21: =IF(AND(L21="Alto",N21="Alto"),"Alta",IF(OR(L21="Alto",N21="Alto"),"Media","Baja")) -> Alta | P21: ='Política de stock'!X21 -> 3.1217641 | Q21: 0.6 | R21: 5 | S21: =P21/R21*Q21 -> 0.37461169 | U21: =IF(T21<>"",T21,IF(S21<=UmbCajon,"Puesto de trabajo","Almacén")) -> Almacén | V21: =IF(U21="Almacén",ROUNDUP(P21,0),0) -> 4 | W21: =ROUNDUP(V21/R21,0)*Q21 -> 0.6 | X21: =W21*CoefCirc -> 0.9 | Z21: =X21+ROW()/1000000 -> 0.900021 | AA21: =F21&"|"&U21&"|"&ROUND(J21,6) -> Insumos de montaje (manuales)|Almacén|44,371988
A22: ='Política de stock'!A22 -> P18 | B22: ='Política de stock'!B22 -> MP-19 | C22: ='Política de stock'!C22 -> Asiento de válvula M30 × 1,5 (2,5 a 10 kg) | D22: ='Política de stock'!D22 -> u | E22: ='Política de stock'!E22 -> Eli-Met | F22: ='Política de stock'!V22 -> Insumos de montaje (manuales) | G22: ='Política de stock'!G22 -> 347.13651 | H22: ='Política de stock'!N22 -> 3915.6998 | I22: ='Política de stock'!U22 -> 13915.7 | J22: =IF(G22>0,I22/G22,0) -> 40.087112 | K22: ='Política de stock'!K22 -> 29 | L22: =IF(K22>=UmbLT,"Alto","Bajo") -> Alto | M22: =IF('Política de stock'!F22>0,COUNTIFS('Política de stock'!$D$5:$D$119,D22,'Política de stock'!$F$5:$F$119,"<"&'Política de stock'!F22)/COUNTIF('Política de stock'!$D$5:$D$119,D22),0) -> 0.8313253 | N22: =IF(M22>=UmbVol,"Alto","Bajo") -> Alto | O22: =IF(AND(L22="Alto",N22="Alto"),"Alta",IF(OR(L22="Alto",N22="Alto"),"Media","Baja")) -> Alta | P22: ='Política de stock'!X22 -> 1.7394625 | Q22: =HuellaPallet -> 1.2 | R22: =NivPallet -> 4 | S22: =P22/R22*Q22 -> 0.52183874 | U22: =IF(T22<>"",T22,IF(S22<=UmbCajon,"Puesto de trabajo","Almacén")) -> Almacén | V22: =IF(U22="Almacén",ROUNDUP(P22,0),0) -> 2 | W22: =ROUNDUP(V22/R22,0)*Q22 -> 1.2 | X22: =W22*CoefCirc -> 1.8 | Z22: =X22+ROW()/1000000 -> 1.800022 | AA22: =F22&"|"&U22&"|"&ROUND(J22,6) -> Insumos de montaje (manuales)|Almacén|40,087112
A23: ='Política de stock'!A23 -> P19 | B23: ='Política de stock'!B23 -> MP-20 | C23: ='Política de stock'!C23 -> Cupla M30 × 1,5 (carros 25 y 50 kg) | D23: ='Política de stock'!D23 -> u | E23: ='Política de stock'!E23 -> Eli-Met | F23: ='Política de stock'!V23 -> Rack de casquetes y cuplas (carros) | G23: ='Política de stock'!G23 -> 10.340552 | H23: ='Política de stock'!N23 -> 44.671138 | I23: ='Política de stock'!U23 -> 544.67114 | J23: =IF(G23>0,I23/G23,0) -> 52.673311 | K23: ='Política de stock'!K23 -> 29 | L23: =IF(K23>=UmbLT,"Alto","Bajo") -> Alto | M23: =IF('Política de stock'!F23>0,COUNTIFS('Política de stock'!$D$5:$D$119,D23,'Política de stock'!$F$5:$F$119,"<"&'Política de stock'!F23)/COUNTIF('Política de stock'!$D$5:$D$119,D23),0) -> 0.44578313 | N23: =IF(M23>=UmbVol,"Alto","Bajo") -> Bajo | O23: =IF(AND(L23="Alto",N23="Alto"),"Alta",IF(OR(L23="Alto",N23="Alto"),"Media","Baja")) -> Media | P23: ='Política de stock'!X23 -> 0.90778523 | Q23: =HuellaPallet -> 1.2 | R23: =NivPallet -> 4 | S23: =P23/R23*Q23 -> 0.27233557 | U23: =IF(T23<>"",T23,IF(S23<=UmbCajon,"Puesto de trabajo","Almacén")) -> Almacén | V23: =IF(U23="Almacén",ROUNDUP(P23,0),0) -> 1 | W23: =ROUNDUP(V23/R23,0)*Q23 -> 1.2 | X23: =W23*CoefCirc -> 1.8 | Z23: =X23+ROW()/1000000 -> 1.800023 | AA23: =F23&"|"&U23&"|"&ROUND(J23,6) -> Rack de casquetes y cuplas (carros)|Almacén|52,673311
A24: ='Política de stock'!A24 -> P20 | B24: ='Política de stock'!B24 -> MP-21 | C24: ='Política de stock'!C24 -> Cupla 2½" BSP (carros 70 y 100 kg) | D24: ='Política de stock'!D24 -> u | E24: ='Política de stock'!E24 -> Eli-Met | F24: ='Política de stock'!V24 -> Rack de casquetes y cuplas (carros) | G24: ='Política de stock'!G24 -> 2.5823771 | H24: ='Política de stock'!N24 -> 11.155804 | I24: ='Política de stock'!U24 -> 131.1558 | J24: =IF(G24>0,I24/G24,0) -> 50.788789 | K24: ='Política de stock'!K24 -> 29 | L24: =IF(K24>=UmbLT,"Alto","Bajo") -> Alto | M24: =IF('Política de stock'!F24>0,COUNTIFS('Política de stock'!$D$5:$D$119,D24,'Política de stock'!$F$5:$F$119,"<"&'Política de stock'!F24)/COUNTIF('Política de stock'!$D$5:$D$119,D24),0) -> 0.24096386 | N24: =IF(M24>=UmbVol,"Alto","Bajo") -> Bajo | O24: =IF(AND(L24="Alto",N24="Alto"),"Alta",IF(OR(L24="Alto",N24="Alto"),"Media","Baja")) -> Media | P24: ='Política de stock'!X24 -> 0.81972377 | Q24: =HuellaPallet -> 1.2 | R24: =NivPallet -> 4 | S24: =P24/R24*Q24 -> 0.24591713 | U24: =IF(T24<>"",T24,IF(S24<=UmbCajon,"Puesto de trabajo","Almacén")) -> Almacén | V24: =IF(U24="Almacén",ROUNDUP(P24,0),0) -> 1 | W24: =ROUNDUP(V24/R24,0)*Q24 -> 1.2 | X24: =W24*CoefCirc -> 1.8 | Z24: =X24+ROW()/1000000 -> 1.800024 | AA24: =F24&"|"&U24&"|"&ROUND(J24,6) -> Rack de casquetes y cuplas (carros)|Almacén|50,788789
A25: ='Política de stock'!A25 -> P21 | B25: ='Política de stock'!B25 -> MP-66 | C25: ='Política de stock'!C25 -> Caño SAE 1010 1" × 2,0 × 6 m (manija; caño del eje 25 kg) | D25: ='Política de stock'!D25 -> barra | E25: ='Política de stock'!E25 -> Centrosider | F25: ='Política de stock'!V25 -> Cantilever de caños y barras | G25: ='Política de stock'!G25 -> 2.1254642 | H25: ='Política de stock'!N25 -> 1.7003583 | I25: ='Política de stock'!U25 -> 139.70036 | J25: =IF(G25>0,I25/G25,0) -> 65.726988 | K25: ='Política de stock'!K25 -> 10 | L25: =IF(K25>=UmbLT,"Alto","Bajo") -> Alto | M25: =IF('Política de stock'!F25>0,COUNTIFS('Política de stock'!$D$5:$D$119,D25,'Política de stock'!$F$5:$F$119,"<"&'Política de stock'!F25)/COUNTIF('Política de stock'!$D$5:$D$119,D25),0) -> 0.6 | N25: =IF(M25>=UmbVol,"Alto","Bajo") -> Alto | O25: =IF(AND(L25="Alto",N25="Alto"),"Alta",IF(OR(L25="Alto",N25="Alto"),"Media","Baja")) -> Alta | P25: ='Política de stock'!X25 -> 2.3283393 | Q25: 5 | R25: 3 | S25: =P25/R25*Q25 -> 3.8805655 | U25: =IF(T25<>"",T25,IF(S25<=UmbCajon,"Puesto de trabajo","Almacén")) -> Almacén | V25: =IF(U25="Almacén",ROUNDUP(P25,0),0) -> 3 | W25: =ROUNDUP(V25/R25,0)*Q25 -> 5 | X25: =W25*CoefCirc -> 7.5 | Z25: =X25+ROW()/1000000 -> 7.500025 | AA25: =F25&"|"&U25&"|"&ROUND(J25,6) -> Cantilever de caños y barras|Almacén|65,726988
A26: ='Política de stock'!A26 -> P22 | B26: ='Política de stock'!B26 -> MP-67 | C26: ='Política de stock'!C26 -> Caño SAE 1010 1¼" × 2,0 × 6 m (caño del eje 50 a 100 kg) | D26: ='Política de stock'!D26 -> barra | E26: ='Política de stock'!E26 -> Centrosider | F26: ='Política de stock'!V26 -> Cantilever de caños y barras | G26: ='Política de stock'!G26 -> 0.37346333 | H26: ='Política de stock'!N26 -> 0.29876667 | I26: ='Política de stock'!U26 -> 25.298767 | J26: =IF(G26>0,I26/G26,0) -> 67.740965 | K26: ='Política de stock'!K26 -> 10 | L26: =IF(K26>=UmbLT,"Alto","Bajo") -> Alto | M26: =IF('Política de stock'!F26>0,COUNTIFS('Política de stock'!$D$5:$D$119,D26,'Política de stock'!$F$5:$F$119,"<"&'Política de stock'!F26)/COUNTIF('Política de stock'!$D$5:$D$119,D26),0) -> 0.2 | N26: =IF(M26>=UmbVol,"Alto","Bajo") -> Bajo | O26: =IF(AND(L26="Alto",N26="Alto"),"Alta",IF(OR(L26="Alto",N26="Alto"),"Media","Baja")) -> Media | P26: ='Política de stock'!X26 -> 0.42164611 | Q26: 5 | R26: 3 | S26: =P26/R26*Q26 -> 0.70274352 | U26: =IF(T26<>"",T26,IF(S26<=UmbCajon,"Puesto de trabajo","Almacén")) -> Almacén | V26: =IF(U26="Almacén",ROUNDUP(P26,0),0) -> 1 | W26: =ROUNDUP(V26/R26,0)*Q26 -> 5 | X26: =W26*CoefCirc -> 7.5 | Z26: =X26+ROW()/1000000 -> 7.500026 | AA26: =F26&"|"&U26&"|"&ROUND(J26,6) -> Cantilever de caños y barras|Almacén|67,740965
A27: ='Política de stock'!A27 -> P23 | B27: ='Política de stock'!B27 -> MP-68 | C27: ='Política de stock'!C27 -> Barra trefilada SAE 1045 3/4" × 4 m (eje 25 kg) | D27: ='Política de stock'!D27 -> barra | E27: ='Política de stock'!E27 -> Vladimirsky | F27: ='Política de stock'!V27 -> Cantilever de caños y barras | G27: ='Política de stock'!G27 -> 0.23607833 | H27: ='Política de stock'!N27 -> 0.18886667 | I27: ='Política de stock'!U27 -> 16.188867 | J27: =IF(G27>0,I27/G27,0) -> 68.574131 | K27: ='Política de stock'!K27 -> 10 | L27: =IF(K27>=UmbLT,"Alto","Bajo") -> Alto | M27: =IF('Política de stock'!F27>0,COUNTIFS('Política de stock'!$D$5:$D$119,D27,'Política de stock'!$F$5:$F$119,"<"&'Política de stock'!F27)/COUNTIF('Política de stock'!$D$5:$D$119,D27),0) -> 0 | N27: =IF(M27>=UmbVol,"Alto","Bajo") -> Bajo | O27: =IF(AND(L27="Alto",N27="Alto"),"Alta",IF(OR(L27="Alto",N27="Alto"),"Media","Baja")) -> Media | P27: ='Política de stock'!X27 -> 0.26981444 | Q27: 5 | R27: 3 | S27: =P27/R27*Q27 -> 0.44969074 | U27: =IF(T27<>"",T27,IF(S27<=UmbCajon,"Puesto de trabajo","Almacén")) -> Almacén | V27: =IF(U27="Almacén",ROUNDUP(P27,0),0) -> 1 | W27: =ROUNDUP(V27/R27,0)*Q27 -> 5 | X27: =W27*CoefCirc -> 7.5 | Z27: =X27+ROW()/1000000 -> 7.500027 | AA27: =F27&"|"&U27&"|"&ROUND(J27,6) -> Cantilever de caños y barras|Almacén|68,574131
A28: ='Política de stock'!A28 -> P24 | B28: ='Política de stock'!B28 -> MP-69 | C28: ='Política de stock'!C28 -> Barra trefilada SAE 1045 1" × 6 m (eje 50 a 100 kg) | D28: ='Política de stock'!D28 -> barra | E28: ='Política de stock'!E28 -> Vladimirsky | F28: ='Política de stock'!V28 -> Cantilever de caños y barras | G28: ='Política de stock'!G28 -> 0.52935958 | H28: ='Política de stock'!N28 -> 0.42350417 | I28: ='Política de stock'!U28 -> 35.423504 | J28: =IF(G28>0,I28/G28,0) -> 66.917659 | K28: ='Política de stock'!K28 -> 10 | L28: =IF(K28>=UmbLT,"Alto","Bajo") -> Alto | M28: =IF('Política de stock'!F28>0,COUNTIFS('Política de stock'!$D$5:$D$119,D28,'Política de stock'!$F$5:$F$119,"<"&'Política de stock'!F28)/COUNTIF('Política de stock'!$D$5:$D$119,D28),0) -> 0.4 | N28: =IF(M28>=UmbVol,"Alto","Bajo") -> Bajo | O28: =IF(AND(L28="Alto",N28="Alto"),"Alta",IF(OR(L28="Alto",N28="Alto"),"Media","Baja")) -> Media | P28: ='Política de stock'!X28 -> 0.59039174 | Q28: 5 | R28: 3 | S28: =P28/R28*Q28 -> 0.98398623 | U28: =IF(T28<>"",T28,IF(S28<=UmbCajon,"Puesto de trabajo","Almacén")) -> Almacén | V28: =IF(U28="Almacén",ROUNDUP(P28,0),0) -> 1 | W28: =ROUNDUP(V28/R28,0)*Q28 -> 5 | X28: =W28*CoefCirc -> 7.5 | Z28: =X28+ROW()/1000000 -> 7.500028 | AA28: =F28&"|"&U28&"|"&ROUND(J28,6) -> Cantilever de caños y barras|Almacén|66,917659
A29: ='Política de stock'!A29 -> P25 | B29: ='Política de stock'!B29 -> MP-70 | C29: ='Política de stock'!C29 -> Arandela de tope del eje | D29: ='Política de stock'!D29 -> u | E29: ='Política de stock'!E29 -> Hierros Parrotta | F29: ='Política de stock'!V29 -> Rack de insumos de montaje (carros) | G29: ='Política de stock'!G29 -> 30.241718 | H29: ='Política de stock'!N29 -> 24.193375 | I29: ='Política de stock'!U29 -> 1024.1934 | J29: =IF(G29>0,I29/G29,0) -> 33.866905 | K29: ='Política de stock'!K29 -> 10 | L29: =IF(K29>=UmbLT,"Alto","Bajo") -> Alto | M29: =IF('Política de stock'!F29>0,COUNTIFS('Política de stock'!$D$5:$D$119,D29,'Política de stock'!$F$5:$F$119,"<"&'Política de stock'!F29)/COUNTIF('Política de stock'!$D$5:$D$119,D29),0) -> 0.54216867 | N29: =IF(M29>=UmbVol,"Alto","Bajo") -> Alto | O29: =IF(AND(L29="Alto",N29="Alto"),"Alta",IF(OR(L29="Alto",N29="Alto"),"Media","Baja")) -> Alta | P29: ='Política de stock'!X29 -> 0.051209669 | Q29: 0.6 | R29: 5 | S29: =P29/R29*Q29 -> 0.0061451603 | U29: =IF(T29<>"",T29,IF(S29<=UmbCajon,"Puesto de trabajo","Almacén")) -> Puesto de trabajo | V29: =IF(U29="Almacén",ROUNDUP(P29,0),0) -> 0 | W29: =ROUNDUP(V29/R29,0)*Q29 -> 0 | X29: =W29*CoefCirc -> 0 | Z29: =X29+ROW()/1000000 -> 2.9e-05 | AA29: =F29&"|"&U29&"|"&ROUND(J29,6) -> Rack de insumos de montaje (carros)|Puesto de trabajo|33,866905
A30: ='Política de stock'!A30 -> P26 | B30: ='Política de stock'!B30 -> MP-71 | C30: ='Política de stock'!C30 -> Pasador partido del eje | D30: ='Política de stock'!D30 -> u | E30: ='Política de stock'!E30 -> Hierros Parrotta | F30: ='Política de stock'!V30 -> Rack de insumos de montaje (carros) | G30: ='Política de stock'!G30 -> 15.120859 | H30: ='Política de stock'!N30 -> 12.096713 | I30: ='Política de stock'!U30 -> 1012.0967 | J30: =IF(G30>0,I30/G30,0) -> 66.933812 | K30: ='Política de stock'!K30 -> 10 | L30: =IF(K30>=UmbLT,"Alto","Bajo") -> Alto | M30: =IF('Política de stock'!F30>0,COUNTIFS('Política de stock'!$D$5:$D$119,D30,'Política de stock'!$F$5:$F$119,"<"&'Política de stock'!F30)/COUNTIF('Política de stock'!$D$5:$D$119,D30),0) -> 0.48192771 | N30: =IF(M30>=UmbVol,"Alto","Bajo") -> Bajo | O30: =IF(AND(L30="Alto",N30="Alto"),"Alta",IF(OR(L30="Alto",N30="Alto"),"Media","Baja")) -> Media | P30: ='Política de stock'!X30 -> 0.050604836 | Q30: 0.6 | R30: 5 | S30: =P30/R30*Q30 -> 0.0060725803 | U30: =IF(T30<>"",T30,IF(S30<=UmbCajon,"Puesto de trabajo","Almacén")) -> Puesto de trabajo | V30: =IF(U30="Almacén",ROUNDUP(P30,0),0) -> 0 | W30: =ROUNDUP(V30/R30,0)*Q30 -> 0 | X30: =W30*CoefCirc -> 0 | Z30: =X30+ROW()/1000000 -> 3e-05 | AA30: =F30&"|"&U30&"|"&ROUND(J30,6) -> Rack de insumos de montaje (carros)|Puesto de trabajo|66,933812
A31: ='Política de stock'!A31 -> P27 | B31: ='Política de stock'!B31 -> MP-54/300 | C31: ='Política de stock'!C31 -> Rueda Ø300 × 50, buje 3/4" (carro 25 kg) | D31: ='Política de stock'!D31 -> u | E31: ='Política de stock'!E31 -> Ruedar | F31: ='Política de stock'!V31 -> Rack de insumos de montaje (carros) | G31: ='Política de stock'!G31 -> 3.7772546 | H31: ='Política de stock'!N31 -> 4.5327063 | I31: ='Política de stock'!U31 -> 148.53271 | J31: =IF(G31>0,I31/G31,0) -> 39.322927 | K31: ='Política de stock'!K31 -> 15 | L31: =IF(K31>=UmbLT,"Alto","Bajo") -> Alto | M31: =IF('Política de stock'!F31>0,COUNTIFS('Política de stock'!$D$5:$D$119,D31,'Política de stock'!$F$5:$F$119,"<"&'Política de stock'!F31)/COUNTIF('Política de stock'!$D$5:$D$119,D31),0) -> 0.27710843 | N31: =IF(M31>=UmbVol,"Alto","Bajo") -> Bajo | O31: =IF(AND(L31="Alto",N31="Alto"),"Alta",IF(OR(L31="Alto",N31="Alto"),"Media","Baja")) -> Media | P31: ='Política de stock'!X31 -> 1.0314771 | Q31: =HuellaPallet -> 1.2 | R31: =NivPallet -> 4 | S31: =P31/R31*Q31 -> 0.30944314 | U31: =IF(T31<>"",T31,IF(S31<=UmbCajon,"Puesto de trabajo","Almacén")) -> Almacén | V31: =IF(U31="Almacén",ROUNDUP(P31,0),0) -> 2 | W31: =ROUNDUP(V31/R31,0)*Q31 -> 1.2 | X31: =W31*CoefCirc -> 1.8 | Z31: =X31+ROW()/1000000 -> 1.800031 | AA31: =F31&"|"&U31&"|"&ROUND(J31,6) -> Rack de insumos de montaje (carros)|Almacén|39,322927
A32: ='Política de stock'!A32 -> P28 | B32: ='Política de stock'!B32 -> MP-54/350 | C32: ='Política de stock'!C32 -> Rueda Ø350 × 60, buje 1" (carro 50 kg) | D32: ='Política de stock'!D32 -> u | E32: ='Política de stock'!E32 -> Ruedar | F32: ='Política de stock'!V32 -> Rack de insumos de montaje (carros) | G32: ='Política de stock'!G32 -> 8.3205171 | H32: ='Política de stock'!N32 -> 9.9846438 | I32: ='Política de stock'!U32 -> 225.98464 | J32: =IF(G32>0,I32/G32,0) -> 27.159928 | K32: ='Política de stock'!K32 -> 15 | L32: =IF(K32>=UmbLT,"Alto","Bajo") -> Alto | M32: =IF('Política de stock'!F32>0,COUNTIFS('Política de stock'!$D$5:$D$119,D32,'Política de stock'!$F$5:$F$119,"<"&'Política de stock'!F32)/COUNTIF('Política de stock'!$D$5:$D$119,D32),0) -> 0.43373494 | N32: =IF(M32>=UmbVol,"Alto","Bajo") -> Bajo | O32: =IF(AND(L32="Alto",N32="Alto"),"Alta",IF(OR(L32="Alto",N32="Alto"),"Media","Baja")) -> Media | P32: ='Política de stock'!X32 -> 1.5693378 | Q32: =HuellaPallet -> 1.2 | R32: =NivPallet -> 4 | S32: =P32/R32*Q32 -> 0.47080134 | U32: =IF(T32<>"",T32,IF(S32<=UmbCajon,"Puesto de trabajo","Almacén")) -> Almacén | V32: =IF(U32="Almacén",ROUNDUP(P32,0),0) -> 2 | W32: =ROUNDUP(V32/R32,0)*Q32 -> 1.2 | X32: =W32*CoefCirc -> 1.8 | Z32: =X32+ROW()/1000000 -> 1.800032 | AA32: =F32&"|"&U32&"|"&ROUND(J32,6) -> Rack de insumos de montaje (carros)|Almacén|27,159928
A33: ='Política de stock'!A33 -> P29 | B33: ='Política de stock'!B33 -> MP-54/400 | C33: ='Política de stock'!C33 -> Rueda Ø400 × 60, buje 1" (carros 70 y 100 kg) | D33: ='Política de stock'!D33 -> u | E33: ='Política de stock'!E33 -> Escanort | F33: ='Política de stock'!V33 -> Rack de insumos de montaje (carros) | G33: ='Política de stock'!G33 -> 3.0230875 | H33: ='Política de stock'!N33 -> 3.6277125 | I33: ='Política de stock'!U33 -> 75.627713 | J33: =IF(G33>0,I33/G33,0) -> 25.016713 | K33: ='Política de stock'!K33 -> 15 | L33: =IF(K33>=UmbLT,"Alto","Bajo") -> Alto | M33: =IF('Política de stock'!F33>0,COUNTIFS('Política de stock'!$D$5:$D$119,D33,'Política de stock'!$F$5:$F$119,"<"&'Política de stock'!F33)/COUNTIF('Política de stock'!$D$5:$D$119,D33),0) -> 0.25301205 | N33: =IF(M33>=UmbVol,"Alto","Bajo") -> Bajo | O33: =IF(AND(L33="Alto",N33="Alto"),"Alta",IF(OR(L33="Alto",N33="Alto"),"Media","Baja")) -> Media | P33: ='Política de stock'!X33 -> 0.52519245 | Q33: =HuellaPallet -> 1.2 | R33: =NivPallet -> 4 | S33: =P33/R33*Q33 -> 0.15755773 | U33: =IF(T33<>"",T33,IF(S33<=UmbCajon,"Puesto de trabajo","Almacén")) -> Almacén | V33: =IF(U33="Almacén",ROUNDUP(P33,0),0) -> 1 | W33: =ROUNDUP(V33/R33,0)*Q33 -> 1.2 | X33: =W33*CoefCirc -> 1.8 | Z33: =X33+ROW()/1000000 -> 1.800033 | AA33: =F33&"|"&U33&"|"&ROUND(J33,6) -> Rack de insumos de montaje (carros)|Almacén|25,016713
A34: ='Política de stock'!A34 -> P30 | B34: ='Política de stock'!B34 -> MP-23 | C34: ='Política de stock'!C34 -> Alambre MAG ER70S-6 Ø0,9 mm (manuales) | D34: ='Política de stock'!D34 -> kg | E34: ='Política de stock'!E34 -> Conarco (ESAB) | F34: ='Política de stock'!V34 -> Insumos de soldadura y superficie | G34: ='Política de stock'!G34 -> 25.184249 | H34: ='Política de stock'!N34 -> 47.888006 | I34: ='Política de stock'!U34 -> 947.88801 | J34: =IF(G34>0,I34/G34,0) -> 37.638129 | K34: ='Política de stock'!K34 -> 5 | L34: =IF(K34>=UmbLT,"Alto","Bajo") -> Bajo | M34: =IF('Política de stock'!F34>0,COUNTIFS('Política de stock'!$D$5:$D$119,D34,'Política de stock'!$F$5:$F$119,"<"&'Política de stock'!F34)/COUNTIF('Política de stock'!$D$5:$D$119,D34),0) -> 0.47058824 | N34: =IF(M34>=UmbVol,"Alto","Bajo") -> Bajo | O34: =IF(AND(L34="Alto",N34="Alto"),"Alta",IF(OR(L34="Alto",N34="Alto"),"Media","Baja")) -> Baja | P34: ='Política de stock'!X34 -> 1.0532089 | Q34: =HuellaPallet -> 1.2 | R34: =NivPallet -> 4 | S34: =P34/R34*Q34 -> 0.31596267 | U34: =IF(T34<>"",T34,IF(S34<=UmbCajon,"Puesto de trabajo","Almacén")) -> Almacén | V34: =IF(U34="Almacén",ROUNDUP(P34,0),0) -> 2 | W34: =ROUNDUP(V34/R34,0)*Q34 -> 1.2 | X34: =W34*CoefCirc -> 1.8 | Z34: =X34+ROW()/1000000 -> 1.800034 | AA34: =F34&"|"&U34&"|"&ROUND(J34,6) -> Insumos de soldadura y superficie|Almacén|37,638129
A35: ='Política de stock'!A35 -> P31 | B35: ='Política de stock'!B35 -> MP-24 | C35: ='Política de stock'!C35 -> Alambre MAG ER70S-6 Ø1,0 mm (carros) | D35: ='Política de stock'!D35 -> kg | E35: ='Política de stock'!E35 -> Conarco (ESAB) | F35: ='Política de stock'!V35 -> Rack de insumos de montaje (carros) | G35: ='Política de stock'!G35 -> 5.78461 | H35: ='Política de stock'!N35 -> 2.31385 | I35: ='Política de stock'!U35 -> 902.31385 | J35: =IF(G35>0,I35/G35,0) -> 155.98525 | K35: ='Política de stock'!K35 -> 5 | L35: =IF(K35>=UmbLT,"Alto","Bajo") -> Bajo | M35: =IF('Política de stock'!F35>0,COUNTIFS('Política de stock'!$D$5:$D$119,D35,'Política de stock'!$F$5:$F$119,"<"&'Política de stock'!F35)/COUNTIF('Política de stock'!$D$5:$D$119,D35),0) -> 0.17647059 | N35: =IF(M35>=UmbVol,"Alto","Bajo") -> Bajo | O35: =IF(AND(L35="Alto",N35="Alto"),"Alta",IF(OR(L35="Alto",N35="Alto"),"Media","Baja")) -> Baja | P35: ='Política de stock'!X35 -> 1.0025709 | Q35: =HuellaPallet -> 1.2 | R35: =NivPallet -> 4 | S35: =P35/R35*Q35 -> 0.30077128 | U35: =IF(T35<>"",T35,IF(S35<=UmbCajon,"Puesto de trabajo","Almacén")) -> Almacén | V35: =IF(U35="Almacén",ROUNDUP(P35,0),0) -> 2 | W35: =ROUNDUP(V35/R35,0)*Q35 -> 1.2 | X35: =W35*CoefCirc -> 1.8 | Z35: =X35+ROW()/1000000 -> 1.800035 | AA35: =F35&"|"&U35&"|"&ROUND(J35,6) -> Rack de insumos de montaje (carros)|Almacén|155,985252
A36: ='Política de stock'!A36 -> P32 | B36: ='Política de stock'!B36 -> MP-25 | C36: ='Política de stock'!C36 -> Gas MAG Ar + 8 % CO₂ (Arcal 21) | D36: ='Política de stock'!D36 -> m³ | E36: ='Política de stock'!E36 -> Air Liquide | F36: ='Política de stock'!V36 -> Jaula de gases | G36: ='Política de stock'!G36 -> 33.44078 | H36: ='Política de stock'!N36 -> 12.016375 | I36: ='Política de stock'!U36 -> 243.01637 | J36: =IF(G36>0,I36/G36,0) -> 7.2670665 | K36: ='Política de stock'!K36 -> 1 | L36: =IF(K36>=UmbLT,"Alto","Bajo") -> Bajo | M36: =IF('Política de stock'!F36>0,COUNTIFS('Política de stock'!$D$5:$D$119,D36,'Política de stock'!$F$5:$F$119,"<"&'Política de stock'!F36)/COUNTIF('Política de stock'!$D$5:$D$119,D36),0) -> 0.5 | N36: =IF(M36>=UmbVol,"Alto","Bajo") -> Alto | O36: =IF(AND(L36="Alto",N36="Alto"),"Alta",IF(OR(L36="Alto",N36="Alto"),"Media","Baja")) -> Media | P36: ='Política de stock'!X36 -> 2.1040379 | Q36: 1.5 | R36: 1 | S36: =P36/R36*Q36 -> 3.1560568 | U36: =IF(T36<>"",T36,IF(S36<=UmbCajon,"Puesto de trabajo","Almacén")) -> Almacén | V36: =IF(U36="Almacén",ROUNDUP(P36,0),0) -> 3 | W36: =ROUNDUP(V36/R36,0)*Q36 -> 4.5 | X36: =W36*CoefCirc -> 6.75 | Y36: Huella de gases: supuesto a confirmar con el proveedor. | Z36: =X36+ROW()/1000000 -> 6.750036 | AA36: =F36&"|"&U36&"|"&ROUND(J36,6) -> Jaula de gases|Almacén|7,267066
A37: ='Política de stock'!A37 -> P33 | B37: ='Política de stock'!B37 -> MP-92 | C37: ='Política de stock'!C37 -> Disco de sensitiva 355 mm | D37: ='Política de stock'!D37 -> u | E37: ='Política de stock'!E37 -> Norton / Pferd | F37: ='Política de stock'!V37 -> Insumos de soldadura y superficie | G37: ='Política de stock'!G37 -> 0.11340625 | H37: ='Política de stock'!N37 -> 0.04536875 | I37: ='Política de stock'!U37 -> 25.045369 | J37: =IF(G37>0,I37/G37,0) -> 220.84646 | K37: ='Política de stock'!K37 -> 5 | L37: =IF(K37>=UmbLT,"Alto","Bajo") -> Bajo | M37: =IF('Política de stock'!F37>0,COUNTIFS('Política de stock'!$D$5:$D$119,D37,'Política de stock'!$F$5:$F$119,"<"&'Política de stock'!F37)/COUNTIF('Política de stock'!$D$5:$D$119,D37),0) -> 0.036144578 | N37: =IF(M37>=UmbVol,"Alto","Bajo") -> Bajo | O37: =IF(AND(L37="Alto",N37="Alto"),"Alta",IF(OR(L37="Alto",N37="Alto"),"Media","Baja")) -> Baja | P37: ='Política de stock'!X37 -> 0.10018148 | Q37: 0.6 | R37: 5 | S37: =P37/R37*Q37 -> 0.012021777 | U37: =IF(T37<>"",T37,IF(S37<=UmbCajon,"Puesto de trabajo","Almacén")) -> Puesto de trabajo | V37: =IF(U37="Almacén",ROUNDUP(P37,0),0) -> 0 | W37: =ROUNDUP(V37/R37,0)*Q37 -> 0 | X37: =W37*CoefCirc -> 0 | Z37: =X37+ROW()/1000000 -> 3.7e-05 | AA37: =F37&"|"&U37&"|"&ROUND(J37,6) -> Insumos de soldadura y superficie|Puesto de trabajo|220,846459
A38: ='Política de stock'!A38 -> P34 | B38: ='Política de stock'!B38 -> MP-27 | C38: ='Política de stock'!C38 -> Disco de corte 115 × 1,0 mm | D38: ='Política de stock'!D38 -> u | E38: ='Política de stock'!E38 -> Norton / Pferd | F38: ='Política de stock'!V38 -> Insumos de soldadura y superficie | G38: ='Política de stock'!G38 -> 0.41496875 | H38: ='Política de stock'!N38 -> 0.16598125 | I38: ='Política de stock'!U38 -> 25.165981 | J38: =IF(G38>0,I38/G38,0) -> 60.645485 | K38: ='Política de stock'!K38 -> 5 | L38: =IF(K38>=UmbLT,"Alto","Bajo") -> Bajo | M38: =IF('Política de stock'!F38>0,COUNTIFS('Política de stock'!$D$5:$D$119,D38,'Política de stock'!$F$5:$F$119,"<"&'Política de stock'!F38)/COUNTIF('Política de stock'!$D$5:$D$119,D38),0) -> 0.060240964 | N38: =IF(M38>=UmbVol,"Alto","Bajo") -> Bajo | O38: =IF(AND(L38="Alto",N38="Alto"),"Alta",IF(OR(L38="Alto",N38="Alto"),"Media","Baja")) -> Baja | P38: ='Política de stock'!X38 -> 0.10066393 | Q38: 0.6 | R38: 5 | S38: =P38/R38*Q38 -> 0.012079671 | U38: =IF(T38<>"",T38,IF(S38<=UmbCajon,"Puesto de trabajo","Almacén")) -> Puesto de trabajo | V38: =IF(U38="Almacén",ROUNDUP(P38,0),0) -> 0 | W38: =ROUNDUP(V38/R38,0)*Q38 -> 0 | X38: =W38*CoefCirc -> 0 | Z38: =X38+ROW()/1000000 -> 3.8e-05 | AA38: =F38&"|"&U38&"|"&ROUND(J38,6) -> Insumos de soldadura y superficie|Puesto de trabajo|60,645485
A39: ='Política de stock'!A39 -> P35 | B39: ='Política de stock'!B39 -> MP-93 | C39: ='Política de stock'!C39 -> Disco flap 115 mm grano 60 | D39: ='Política de stock'!D39 -> u | E39: ='Política de stock'!E39 -> Norton / Pferd | F39: ='Política de stock'!V39 -> Insumos de soldadura y superficie | G39: ='Política de stock'!G39 -> 0.094291667 | H39: ='Política de stock'!N39 -> 0.037716667 | I39: ='Política de stock'!U39 -> 25.037717 | J39: =IF(G39>0,I39/G39,0) -> 265.53478 | K39: ='Política de stock'!K39 -> 5 | L39: =IF(K39>=UmbLT,"Alto","Bajo") -> Bajo | M39: =IF('Política de stock'!F39>0,COUNTIFS('Política de stock'!$D$5:$D$119,D39,'Política de stock'!$F$5:$F$119,"<"&'Política de stock'!F39)/COUNTIF('Política de stock'!$D$5:$D$119,D39),0) -> 0.024096386 | N39: =IF(M39>=UmbVol,"Alto","Bajo") -> Bajo | O39: =IF(AND(L39="Alto",N39="Alto"),"Alta",IF(OR(L39="Alto",N39="Alto"),"Media","Baja")) -> Baja | P39: ='Política de stock'!X39 -> 0.10015087 | Q39: 0.6 | R39: 5 | S39: =P39/R39*Q39 -> 0.012018104 | U39: =IF(T39<>"",T39,IF(S39<=UmbCajon,"Puesto de trabajo","Almacén")) -> Puesto de trabajo | V39: =IF(U39="Almacén",ROUNDUP(P39,0),0) -> 0 | W39: =ROUNDUP(V39/R39,0)*Q39 -> 0 | X39: =W39*CoefCirc -> 0 | Z39: =X39+ROW()/1000000 -> 3.9e-05 | AA39: =F39&"|"&U39&"|"&ROUND(J39,6) -> Insumos de soldadura y superficie|Puesto de trabajo|265,534777
A40: ='Política de stock'!A40 -> P36 | B40: ='Política de stock'!B40 -> MP-94 | C40: ='Política de stock'!C40 -> Mecha de acero rápido 4,5 mm | D40: ='Política de stock'!D40 -> u | E40: ='Política de stock'!E40 -> Ferretería industrial | F40: ='Política de stock'!V40 -> Insumos de soldadura y superficie | G40: ='Política de stock'!G40 -> 0.075604167 | H40: ='Política de stock'!N40 -> 0.030254167 | I40: ='Política de stock'!U40 -> 25.030254 | J40: =IF(G40>0,I40/G40,0) -> 331.06977 | K40: ='Política de stock'!K40 -> 5 | L40: =IF(K40>=UmbLT,"Alto","Bajo") -> Bajo | M40: =IF('Política de stock'!F40>0,COUNTIFS('Política de stock'!$D$5:$D$119,D40,'Política de stock'!$F$5:$F$119,"<"&'Política de stock'!F40)/COUNTIF('Política de stock'!$D$5:$D$119,D40),0) -> 0.012048193 | N40: =IF(M40>=UmbVol,"Alto","Bajo") -> Bajo | O40: =IF(AND(L40="Alto",N40="Alto"),"Alta",IF(OR(L40="Alto",N40="Alto"),"Media","Baja")) -> Baja | P40: ='Política de stock'!X40 -> 0.10012102 | Q40: 0.6 | R40: 5 | S40: =P40/R40*Q40 -> 0.012014522 | U40: =IF(T40<>"",T40,IF(S40<=UmbCajon,"Puesto de trabajo","Almacén")) -> Puesto de trabajo | V40: =IF(U40="Almacén",ROUNDUP(P40,0),0) -> 0 | W40: =ROUNDUP(V40/R40,0)*Q40 -> 0 | X40: =W40*CoefCirc -> 0 | Z40: =X40+ROW()/1000000 -> 4e-05 | AA40: =F40&"|"&U40&"|"&ROUND(J40,6) -> Insumos de soldadura y superficie|Puesto de trabajo|331,069771
A41: ='Política de stock'!A41 -> P37 | B41: ='Política de stock'!B41 -> MP-95 | C41: ='Política de stock'!C41 -> Spray antiproyecciones 400 ml | D41: ='Política de stock'!D41 -> u | E41: ='Política de stock'!E41 -> Würth Argentina | F41: ='Política de stock'!V41 -> Insumos de soldadura y superficie | G41: ='Política de stock'!G41 -> 0.0323075 | H41: ='Política de stock'!N41 -> 0.0129125 | I41: ='Política de stock'!U41 -> 25.012912 | J41: =IF(G41>0,I41/G41,0) -> 774.2138 | K41: ='Política de stock'!K41 -> 5 | L41: =IF(K41>=UmbLT,"Alto","Bajo") -> Bajo | M41: =IF('Política de stock'!F41>0,COUNTIFS('Política de stock'!$D$5:$D$119,D41,'Política de stock'!$F$5:$F$119,"<"&'Política de stock'!F41)/COUNTIF('Política de stock'!$D$5:$D$119,D41),0) -> 0 | N41: =IF(M41>=UmbVol,"Alto","Bajo") -> Bajo | O41: =IF(AND(L41="Alto",N41="Alto"),"Alta",IF(OR(L41="Alto",N41="Alto"),"Media","Baja")) -> Baja | P41: ='Política de stock'!X41 -> 0.10005165 | Q41: 0.6 | R41: 5 | S41: =P41/R41*Q41 -> 0.012006198 | U41: =IF(T41<>"",T41,IF(S41<=UmbCajon,"Puesto de trabajo","Almacén")) -> Puesto de trabajo | V41: =IF(U41="Almacén",ROUNDUP(P41,0),0) -> 0 | W41: =ROUNDUP(V41/R41,0)*Q41 -> 0 | X41: =W41*CoefCirc -> 0 | Z41: =X41+ROW()/1000000 -> 4.1e-05 | AA41: =F41&"|"&U41&"|"&ROUND(J41,6) -> Insumos de soldadura y superficie|Puesto de trabajo|774,213805
A42: ='Política de stock'!A42 -> P38 | B42: ='Política de stock'!B42 -> MP-28 | C42: ='Política de stock'!C42 -> Granalla de acero S330 / S390 | D42: ='Política de stock'!D42 -> kg | E42: ='Política de stock'!E42 -> CyM Materiales | F42: ='Política de stock'!V42 -> Insumos de soldadura y superficie | G42: ='Política de stock'!G42 -> 95.311134 | H42: ='Política de stock'!N42 -> 270.2307 | I42: ='Política de stock'!U42 -> 9270.2307 | J42: =IF(G42>0,I42/G42,0) -> 97.262831 | K42: ='Política de stock'!K42 -> 7 | L42: =IF(K42>=UmbLT,"Alto","Bajo") -> Bajo | M42: =IF('Política de stock'!F42>0,COUNTIFS('Política de stock'!$D$5:$D$119,D42,'Política de stock'!$F$5:$F$119,"<"&'Política de stock'!F42)/COUNTIF('Política de stock'!$D$5:$D$119,D42),0) -> 0.64705882 | N42: =IF(M42>=UmbVol,"Alto","Bajo") -> Alto | O42: =IF(AND(L42="Alto",N42="Alto"),"Alta",IF(OR(L42="Alto",N42="Alto"),"Media","Baja")) -> Media | P42: ='Política de stock'!X42 -> 9.2702307 | Q42: =HuellaPallet -> 1.2 | R42: =NivPallet -> 4 | S42: =P42/R42*Q42 -> 2.7810692 | U42: =IF(T42<>"",T42,IF(S42<=UmbCajon,"Puesto de trabajo","Almacén")) -> Almacén | V42: =IF(U42="Almacén",ROUNDUP(P42,0),0) -> 10 | W42: =ROUNDUP(V42/R42,0)*Q42 -> 3.6 | X42: =W42*CoefCirc -> 5.4 | Z42: =X42+ROW()/1000000 -> 5.400042 | AA42: =F42&"|"&U42&"|"&ROUND(J42,6) -> Insumos de soldadura y superficie|Almacén|97,262831
A43: ='Política de stock'!A43 -> P39 | B43: ='Política de stock'!B43 -> MP-31 | C43: ='Política de stock'!C43 -> Pintura en polvo poliéster rojo 03-1-050 | D43: ='Política de stock'!D43 -> kg | E43: ='Política de stock'!E43 -> Sinteplast | F43: ='Política de stock'!V43 -> Depósito de polvo químico | G43: ='Política de stock'!G43 -> 15.039647 | H43: ='Política de stock'!N43 -> 56.739425 | I43: ='Política de stock'!U43 -> 656.73942 | J43: =IF(G43>0,I43/G43,0) -> 43.667209 | K43: ='Política de stock'!K43 -> 10 | L43: =IF(K43>=UmbLT,"Alto","Bajo") -> Alto | M43: =IF('Política de stock'!F43>0,COUNTIFS('Política de stock'!$D$5:$D$119,D43,'Política de stock'!$F$5:$F$119,"<"&'Política de stock'!F43)/COUNTIF('Política de stock'!$D$5:$D$119,D43),0) -> 0.35294118 | N43: =IF(M43>=UmbVol,"Alto","Bajo") -> Bajo | O43: =IF(AND(L43="Alto",N43="Alto"),"Alta",IF(OR(L43="Alto",N43="Alto"),"Media","Baja")) -> Media | P43: ='Política de stock'!X43 -> 1.0945657 | Q43: =HuellaPallet -> 1.2 | R43: =NivPallet -> 4 | S43: =P43/R43*Q43 -> 0.32836971 | U43: =IF(T43<>"",T43,IF(S43<=UmbCajon,"Puesto de trabajo","Almacén")) -> Almacén | V43: =IF(U43="Almacén",ROUNDUP(P43,0),0) -> 2 | W43: =ROUNDUP(V43/R43,0)*Q43 -> 1.2 | X43: =W43*CoefCirc -> 1.8 | Z43: =X43+ROW()/1000000 -> 1.800043 | AA43: =F43&"|"&U43&"|"&ROUND(J43,6) -> Depósito de polvo químico|Almacén|43,667209
A44: ='Política de stock'!A44 -> P40 | B44: ='Política de stock'!B44 -> MP-33 | C44: ='Política de stock'!C44 -> Polvo ABC 60 (manuales y sus recargas) | D44: ='Política de stock'!D44 -> kg | E44: ='Política de stock'!E44 -> DEMSA | F44: ='Política de stock'!V44 -> Depósito de polvo químico | G44: ='Política de stock'!G44 -> 1205.1846 | H44: ='Política de stock'!N44 -> 2343.2549 | I44: ='Política de stock'!U44 -> 10343.255 | J44: =IF(G44>0,I44/G44,0) -> 8.5822994 | K44: ='Política de stock'!K44 -> 7 | L44: =IF(K44>=UmbLT,"Alto","Bajo") -> Bajo | M44: =IF('Política de stock'!F44>0,COUNTIFS('Política de stock'!$D$5:$D$119,D44,'Política de stock'!$F$5:$F$119,"<"&'Política de stock'!F44)/COUNTIF('Política de stock'!$D$5:$D$119,D44),0) -> 0.94117647 | N44: =IF(M44>=UmbVol,"Alto","Bajo") -> Alto | O44: =IF(AND(L44="Alto",N44="Alto"),"Alta",IF(OR(L44="Alto",N44="Alto"),"Media","Baja")) -> Media | P44: ='Política de stock'!X44 -> 5.1716274 | Q44: 2 | R44: =NivPallet -> 4 | S44: =P44/R44*Q44 -> 2.5858137 | U44: =IF(T44<>"",T44,IF(S44<=UmbCajon,"Puesto de trabajo","Almacén")) -> Almacén | V44: =IF(U44="Almacén",ROUNDUP(P44,0),0) -> 6 | W44: =ROUNDUP(V44/R44,0)*Q44 -> 4 | X44: =W44*CoefCirc -> 6 | Z44: =X44+ROW()/1000000 -> 6.000044 | AA44: =F44&"|"&U44&"|"&ROUND(J44,6) -> Depósito de polvo químico|Almacén|8,582299
A45: ='Política de stock'!A45 -> P41 | B45: ='Política de stock'!B45 -> MP-33B | C45: ='Política de stock'!C45 -> Polvo ABC 90 (carros y sus recargas) | D45: ='Política de stock'!D45 -> kg | E45: ='Política de stock'!E45 -> DEMSA | F45: ='Política de stock'!V45 -> Depósito de polvo químico | G45: ='Política de stock'!G45 -> 435.29272 | H45: ='Política de stock'!N45 -> 214.46802 | I45: ='Política de stock'!U45 -> 3214.468 | J45: =IF(G45>0,I45/G45,0) -> 7.3846125 | K45: ='Política de stock'!K45 -> 7 | L45: =IF(K45>=UmbLT,"Alto","Bajo") -> Bajo | M45: =IF('Política de stock'!F45>0,COUNTIFS('Política de stock'!$D$5:$D$119,D45,'Política de stock'!$F$5:$F$119,"<"&'Política de stock'!F45)/COUNTIF('Política de stock'!$D$5:$D$119,D45),0) -> 0.88235294 | N45: =IF(M45>=UmbVol,"Alto","Bajo") -> Alto | O45: =IF(AND(L45="Alto",N45="Alto"),"Alta",IF(OR(L45="Alto",N45="Alto"),"Media","Baja")) -> Media | P45: ='Política de stock'!X45 -> 1.607234 | Q45: 2 | R45: =NivPallet -> 4 | S45: =P45/R45*Q45 -> 0.803617 | U45: =IF(T45<>"",T45,IF(S45<=UmbCajon,"Puesto de trabajo","Almacén")) -> Almacén | V45: =IF(U45="Almacén",ROUNDUP(P45,0),0) -> 2 | W45: =ROUNDUP(V45/R45,0)*Q45 -> 2 | X45: =W45*CoefCirc -> 3 | Z45: =X45+ROW()/1000000 -> 3.000045 | AA45: =F45&"|"&U45&"|"&ROUND(J45,6) -> Depósito de polvo químico|Almacén|7,384612
A46: ='Política de stock'!A46 -> P42 | B46: ='Política de stock'!B46 -> MP-34 | C46: ='Política de stock'!C46 -> Nitrógeno seco | D46: ='Política de stock'!D46 -> m³ | E46: ='Política de stock'!E46 -> Air Liquide | F46: ='Política de stock'!V46 -> Jaula de gases | G46: ='Política de stock'!G46 -> 16.909614 | H46: ='Política de stock'!N46 -> 2.0203662 | I46: ='Política de stock'!U46 -> 222.02037 | J46: =IF(G46>0,I46/G46,0) -> 13.129831 | K46: ='Política de stock'!K46 -> 1 | L46: =IF(K46>=UmbLT,"Alto","Bajo") -> Bajo | M46: =IF('Política de stock'!F46>0,COUNTIFS('Política de stock'!$D$5:$D$119,D46,'Política de stock'!$F$5:$F$119,"<"&'Política de stock'!F46)/COUNTIF('Política de stock'!$D$5:$D$119,D46),0) -> 0 | N46: =IF(M46>=UmbVol,"Alto","Bajo") -> Bajo | O46: =IF(AND(L46="Alto",N46="Alto"),"Alta",IF(OR(L46="Alto",N46="Alto"),"Media","Baja")) -> Baja | P46: ='Política de stock'!X46 -> 2.1555375 | Q46: 1.5 | R46: 1 | S46: =P46/R46*Q46 -> 3.2333063 | U46: =IF(T46<>"",T46,IF(S46<=UmbCajon,"Puesto de trabajo","Almacén")) -> Almacén | V46: =IF(U46="Almacén",ROUNDUP(P46,0),0) -> 3 | W46: =ROUNDUP(V46/R46,0)*Q46 -> 4.5 | X46: =W46*CoefCirc -> 6.75 | Y46: Huella de gases: supuesto a confirmar con el proveedor. | Z46: =X46+ROW()/1000000 -> 6.750046 | AA46: =F46&"|"&U46&"|"&ROUND(J46,6) -> Jaula de gases|Almacén|13,129831
A47: ='Política de stock'!A47 -> P43 | B47: ='Política de stock'!B47 -> MP-35 | C47: ='Política de stock'!C47 -> Polvo BC (recargas) | D47: ='Política de stock'!D47 -> kg | E47: ='Política de stock'!E47 -> Polvex | F47: ='Política de stock'!V47 -> Depósito de polvo químico | G47: ='Política de stock'!G47 -> 3.5962887 | H47: ='Política de stock'!N47 -> 8.75e-06 | I47: ='Política de stock'!U47 -> 225.00001 | J47: =IF(G47>0,I47/G47,0) -> 62.5645 | K47: ='Política de stock'!K47 -> 7 | L47: =IF(K47>=UmbLT,"Alto","Bajo") -> Bajo | M47: =IF('Política de stock'!F47>0,COUNTIFS('Política de stock'!$D$5:$D$119,D47,'Política de stock'!$F$5:$F$119,"<"&'Política de stock'!F47)/COUNTIF('Política de stock'!$D$5:$D$119,D47),0) -> 0.058823529 | N47: =IF(M47>=UmbVol,"Alto","Bajo") -> Bajo | O47: =IF(AND(L47="Alto",N47="Alto"),"Alta",IF(OR(L47="Alto",N47="Alto"),"Media","Baja")) -> Baja | P47: ='Política de stock'!X47 -> 0.22500001 | Q47: =HuellaPallet -> 1.2 | R47: =NivPallet -> 4 | S47: =P47/R47*Q47 -> 0.067500003 | U47: =IF(T47<>"",T47,IF(S47<=UmbCajon,"Puesto de trabajo","Almacén")) -> Puesto de trabajo | V47: =IF(U47="Almacén",ROUNDUP(P47,0),0) -> 0 | W47: =ROUNDUP(V47/R47,0)*Q47 -> 0 | X47: =W47*CoefCirc -> 0 | Z47: =X47+ROW()/1000000 -> 4.7e-05 | AA47: =F47&"|"&U47&"|"&ROUND(J47,6) -> Depósito de polvo químico|Puesto de trabajo|62,5645
A48: ='Política de stock'!A48 -> P44 | B48: ='Política de stock'!B48 -> MP-36 | C48: ='Política de stock'!C48 -> Polvo clase D (recargas) | D48: ='Política de stock'!D48 -> kg | E48: ='Política de stock'!E48 -> DEMSA | F48: ='Política de stock'!V48 -> Depósito de polvo químico | G48: ='Política de stock'!G48 -> 5.7656542 | H48: ='Política de stock'!N48 -> 1.25e-05 | I48: ='Política de stock'!U48 -> 700.00001 | J48: =IF(G48>0,I48/G48,0) -> 121.4086 | K48: ='Política de stock'!K48 -> 15 | L48: =IF(K48>=UmbLT,"Alto","Bajo") -> Alto | M48: =IF('Política de stock'!F48>0,COUNTIFS('Política de stock'!$D$5:$D$119,D48,'Política de stock'!$F$5:$F$119,"<"&'Política de stock'!F48)/COUNTIF('Política de stock'!$D$5:$D$119,D48),0) -> 0.11764706 | N48: =IF(M48>=UmbVol,"Alto","Bajo") -> Bajo | O48: =IF(AND(L48="Alto",N48="Alto"),"Alta",IF(OR(L48="Alto",N48="Alto"),"Media","Baja")) -> Media | P48: ='Política de stock'!X48 -> 0.70000001 | Q48: =HuellaPallet -> 1.2 | R48: =NivPallet -> 4 | S48: =P48/R48*Q48 -> 0.21 | U48: =IF(T48<>"",T48,IF(S48<=UmbCajon,"Puesto de trabajo","Almacén")) -> Almacén | V48: =IF(U48="Almacén",ROUNDUP(P48,0),0) -> 1 | W48: =ROUNDUP(V48/R48,0)*Q48 -> 1.2 | X48: =W48*CoefCirc -> 1.8 | Z48: =X48+ROW()/1000000 -> 1.800048 | AA48: =F48&"|"&U48&"|"&ROUND(J48,6) -> Depósito de polvo químico|Almacén|121,408602
A49: ='Política de stock'!A49 -> P45 | B49: ='Política de stock'!B49 -> MP-37 | C49: ='Política de stock'!C49 -> CO₂ líquido (recargas) | D49: ='Política de stock'!D49 -> kg | E49: ='Política de stock'!E49 -> Air Liquide | F49: ='Política de stock'!V49 -> Jaula de gases | G49: ='Política de stock'!G49 -> 12.264343 | H49: ='Política de stock'!N49 -> 1.6666667e-06 | I49: ='Política de stock'!U49 -> 125 | J49: =IF(G49>0,I49/G49,0) -> 10.192148 | K49: ='Política de stock'!K49 -> 1 | L49: =IF(K49>=UmbLT,"Alto","Bajo") -> Bajo | M49: =IF('Política de stock'!F49>0,COUNTIFS('Política de stock'!$D$5:$D$119,D49,'Política de stock'!$F$5:$F$119,"<"&'Política de stock'!F49)/COUNTIF('Política de stock'!$D$5:$D$119,D49),0) -> 0.23529412 | N49: =IF(M49>=UmbVol,"Alto","Bajo") -> Bajo | O49: =IF(AND(L49="Alto",N49="Alto"),"Alta",IF(OR(L49="Alto",N49="Alto"),"Media","Baja")) -> Baja | P49: ='Política de stock'!X49 -> 5.0000001 | Q49: 0.25 | R49: 1 | S49: =P49/R49*Q49 -> 1.25 | U49: =IF(T49<>"",T49,IF(S49<=UmbCajon,"Puesto de trabajo","Almacén")) -> Almacén | V49: =IF(U49="Almacén",ROUNDUP(P49,0),0) -> 6 | W49: =ROUNDUP(V49/R49,0)*Q49 -> 1.5 | X49: =W49*CoefCirc -> 2.25 | Y49: Huella de gases: supuesto a confirmar con el proveedor. | Z49: =X49+ROW()/1000000 -> 2.250049 | AA49: =F49&"|"&U49&"|"&ROUND(J49,6) -> Jaula de gases|Almacén|10,192148
A50: ='Política de stock'!A50 -> P46 | B50: ='Política de stock'!B50 -> MP-38 | C50: ='Política de stock'!C50 -> Agente limpio HCFC-123 (recargas) | D50: ='Política de stock'!D50 -> kg | E50: ='Política de stock'!E50 -> Polvex / DEMSA | F50: ='Política de stock'!V50 -> Insumos de recargas | G50: ='Política de stock'!G50 -> 0.91728458 | H50: ='Política de stock'!N50 -> 1.25e-05 | I50: ='Política de stock'!U50 -> 100.00001 | J50: =IF(G50>0,I50/G50,0) -> 109.01744 | K50: ='Política de stock'!K50 -> 30 | L50: =IF(K50>=UmbLT,"Alto","Bajo") -> Alto | M50: =IF('Política de stock'!F50>0,COUNTIFS('Política de stock'!$D$5:$D$119,D50,'Política de stock'!$F$5:$F$119,"<"&'Política de stock'!F50)/COUNTIF('Política de stock'!$D$5:$D$119,D50),0) -> 0 | N50: =IF(M50>=UmbVol,"Alto","Bajo") -> Bajo | O50: =IF(AND(L50="Alto",N50="Alto"),"Alta",IF(OR(L50="Alto",N50="Alto"),"Media","Baja")) -> Media | P50: ='Política de stock'!X50 -> 2.0000002 | Q50: =HuellaPallet -> 1.2 | R50: 1 | S50: =P50/R50*Q50 -> 2.4000003 | U50: =IF(T50<>"",T50,IF(S50<=UmbCajon,"Puesto de trabajo","Almacén")) -> Almacén | V50: =IF(U50="Almacén",ROUNDUP(P50,0),0) -> 3 | W50: =ROUNDUP(V50/R50,0)*Q50 -> 3.6 | X50: =W50*CoefCirc -> 5.4 | Z50: =X50+ROW()/1000000 -> 5.40005 | AA50: =F50&"|"&U50&"|"&ROUND(J50,6) -> Insumos de recargas|Almacén|109,017435
A51: ='Política de stock'!A51 -> P47 | B51: ='Política de stock'!B51 -> MP-40 | C51: ='Política de stock'!C51 -> Concentrado AFFF 3 % (recargas) | D51: ='Política de stock'!D51 -> L | E51: ='Política de stock'!E51 -> Polvex | F51: ='Política de stock'!V51 -> Insumos de recargas | G51: ='Política de stock'!G51 -> 2.5055412 | H51: ='Política de stock'!N51 -> 0 | I51: ='Política de stock'!U51 -> 160 | J51: =IF(G51>0,I51/G51,0) -> 63.858458 | K51: ='Política de stock'!K51 -> 7 | L51: =IF(K51>=UmbLT,"Alto","Bajo") -> Bajo | M51: =IF('Política de stock'!F51>0,COUNTIFS('Política de stock'!$D$5:$D$119,D51,'Política de stock'!$F$5:$F$119,"<"&'Política de stock'!F51)/COUNTIF('Política de stock'!$D$5:$D$119,D51),0) -> 0.33333333 | N51: =IF(M51>=UmbVol,"Alto","Bajo") -> Bajo | O51: =IF(AND(L51="Alto",N51="Alto"),"Alta",IF(OR(L51="Alto",N51="Alto"),"Media","Baja")) -> Baja | P51: ='Política de stock'!X51 -> 0.33333333 | Q51: =HuellaPallet -> 1.2 | R51: 1 | S51: =P51/R51*Q51 -> 0.4 | U51: =IF(T51<>"",T51,IF(S51<=UmbCajon,"Puesto de trabajo","Almacén")) -> Almacén | V51: =IF(U51="Almacén",ROUNDUP(P51,0),0) -> 1 | W51: =ROUNDUP(V51/R51,0)*Q51 -> 1.2 | X51: =W51*CoefCirc -> 1.8 | Z51: =X51+ROW()/1000000 -> 1.800051 | AA51: =F51&"|"&U51&"|"&ROUND(J51,6) -> Insumos de recargas|Almacén|63,858458
A52: ='Política de stock'!A52 -> P48 | B52: ='Política de stock'!B52 -> MP-41 | C52: ='Política de stock'!C52 -> Acetato de potasio Gastro K (recargas) | D52: ='Política de stock'!D52 -> L | E52: ='Política de stock'!E52 -> Polvex | F52: ='Política de stock'!V52 -> Insumos de recargas | G52: ='Política de stock'!G52 -> 36.599609 | H52: ='Política de stock'!N52 -> 5.8333333e-06 | I52: ='Política de stock'!U52 -> 740.00001 | J52: =IF(G52>0,I52/G52,0) -> 20.218795 | K52: ='Política de stock'!K52 -> 7 | L52: =IF(K52>=UmbLT,"Alto","Bajo") -> Bajo | M52: =IF('Política de stock'!F52>0,COUNTIFS('Política de stock'!$D$5:$D$119,D52,'Política de stock'!$F$5:$F$119,"<"&'Política de stock'!F52)/COUNTIF('Política de stock'!$D$5:$D$119,D52),0) -> 0.66666667 | N52: =IF(M52>=UmbVol,"Alto","Bajo") -> Alto | O52: =IF(AND(L52="Alto",N52="Alto"),"Alta",IF(OR(L52="Alto",N52="Alto"),"Media","Baja")) -> Media | P52: ='Política de stock'!X52 -> 1.5416667 | Q52: =HuellaPallet -> 1.2 | R52: 1 | S52: =P52/R52*Q52 -> 1.85 | U52: =IF(T52<>"",T52,IF(S52<=UmbCajon,"Puesto de trabajo","Almacén")) -> Almacén | V52: =IF(U52="Almacén",ROUNDUP(P52,0),0) -> 2 | W52: =ROUNDUP(V52/R52,0)*Q52 -> 2.4 | X52: =W52*CoefCirc -> 3.6 | Z52: =X52+ROW()/1000000 -> 3.600052 | AA52: =F52&"|"&U52&"|"&ROUND(J52,6) -> Insumos de recargas|Almacén|20,218795
A53: ='Política de stock'!A53 -> P49 | B53: ='Política de stock'!B53 -> MP-42 | C53: ='Política de stock'!C53 -> Válvula HZ M-22 con tubo de pesca (1 kg) | D53: ='Política de stock'!D53 -> u | E53: ='Política de stock'!E53 -> Polvex (HZ) | F53: ='Política de stock'!V53 -> Insumos de montaje (manuales) | G53: ='Política de stock'!G53 -> 133.636 | H53: ='Política de stock'!N53 -> 1175.9968 | I53: ='Política de stock'!U53 -> 7175.9968 | J53: =IF(G53>0,I53/G53,0) -> 53.698083 | K53: ='Política de stock'!K53 -> 20 | L53: =IF(K53>=UmbLT,"Alto","Bajo") -> Alto | M53: =IF('Política de stock'!F53>0,COUNTIFS('Política de stock'!$D$5:$D$119,D53,'Política de stock'!$F$5:$F$119,"<"&'Política de stock'!F53)/COUNTIF('Política de stock'!$D$5:$D$119,D53),0) -> 0.60240964 | N53: =IF(M53>=UmbVol,"Alto","Bajo") -> Alto | O53: =IF(AND(L53="Alto",N53="Alto"),"Alta",IF(OR(L53="Alto",N53="Alto"),"Media","Baja")) -> Alta | P53: ='Política de stock'!X53 -> 2.3919989 | Q53: =HuellaPallet -> 1.2 | R53: =NivPallet -> 4 | S53: =P53/R53*Q53 -> 0.71759968 | U53: =IF(T53<>"",T53,IF(S53<=UmbCajon,"Puesto de trabajo","Almacén")) -> Almacén | V53: =IF(U53="Almacén",ROUNDUP(P53,0),0) -> 3 | W53: =ROUNDUP(V53/R53,0)*Q53 -> 1.2 | X53: =W53*CoefCirc -> 1.8 | Z53: =X53+ROW()/1000000 -> 1.800053 | AA53: =F53&"|"&U53&"|"&ROUND(J53,6) -> Insumos de montaje (manuales)|Almacén|53,698083
A54: ='Política de stock'!A54 -> P50 | B54: ='Política de stock'!B54 -> MP-43 | C54: ='Política de stock'!C54 -> Válvula HZ M-30 con resorte (2,5 a 10 kg) | D54: ='Política de stock'!D54 -> u | E54: ='Política de stock'!E54 -> Polvex (HZ) | F54: ='Política de stock'!V54 -> Insumos de montaje (manuales) | G54: ='Política de stock'!G54 -> 173.82401 | H54: ='Política de stock'!N54 -> 1112.4737 | I54: ='Política de stock'!U54 -> 7112.4737 | J54: =IF(G54>0,I54/G54,0) -> 40.917672 | K54: ='Política de stock'!K54 -> 20 | L54: =IF(K54>=UmbLT,"Alto","Bajo") -> Alto | M54: =IF('Política de stock'!F54>0,COUNTIFS('Política de stock'!$D$5:$D$119,D54,'Política de stock'!$F$5:$F$119,"<"&'Política de stock'!F54)/COUNTIF('Política de stock'!$D$5:$D$119,D54),0) -> 0.71084337 | N54: =IF(M54>=UmbVol,"Alto","Bajo") -> Alto | O54: =IF(AND(L54="Alto",N54="Alto"),"Alta",IF(OR(L54="Alto",N54="Alto"),"Media","Baja")) -> Alta | P54: ='Política de stock'!X54 -> 4.7416491 | Q54: =HuellaPallet -> 1.2 | R54: =NivPallet -> 4 | S54: =P54/R54*Q54 -> 1.4224947 | U54: =IF(T54<>"",T54,IF(S54<=UmbCajon,"Puesto de trabajo","Almacén")) -> Almacén | V54: =IF(U54="Almacén",ROUNDUP(P54,0),0) -> 5 | W54: =ROUNDUP(V54/R54,0)*Q54 -> 2.4 | X54: =W54*CoefCirc -> 3.6 | Z54: =X54+ROW()/1000000 -> 3.600054 | AA54: =F54&"|"&U54&"|"&ROUND(J54,6) -> Insumos de montaje (manuales)|Almacén|40,917672
A55: ='Política de stock'!A55 -> P51 | B55: ='Política de stock'!B55 -> MP-44/25 | C55: ='Política de stock'!C55 -> Válvula HZ de carro 25 kg | D55: ='Política de stock'!D55 -> u | E55: ='Política de stock'!E55 -> Polvex (HZ) | F55: ='Política de stock'!V55 -> Rack de insumos de montaje (carros) | G55: ='Política de stock'!G55 -> 1.8886271 | H55: ='Política de stock'!N55 -> 3.0217583 | I55: ='Política de stock'!U55 -> 53.021758 | J55: =IF(G55>0,I55/G55,0) -> 28.074234 | K55: ='Política de stock'!K55 -> 20 | L55: =IF(K55>=UmbLT,"Alto","Bajo") -> Alto | M55: =IF('Política de stock'!F55>0,COUNTIFS('Política de stock'!$D$5:$D$119,D55,'Política de stock'!$F$5:$F$119,"<"&'Política de stock'!F55)/COUNTIF('Política de stock'!$D$5:$D$119,D55),0) -> 0.20481928 | N55: =IF(M55>=UmbVol,"Alto","Bajo") -> Bajo | O55: =IF(AND(L55="Alto",N55="Alto"),"Alta",IF(OR(L55="Alto",N55="Alto"),"Media","Baja")) -> Media | P55: ='Política de stock'!X55 -> 0.26510879 | Q55: 0.6 | R55: 5 | S55: =P55/R55*Q55 -> 0.031813055 | U55: =IF(T55<>"",T55,IF(S55<=UmbCajon,"Puesto de trabajo","Almacén")) -> Puesto de trabajo | V55: =IF(U55="Almacén",ROUNDUP(P55,0),0) -> 0 | W55: =ROUNDUP(V55/R55,0)*Q55 -> 0 | X55: =W55*CoefCirc -> 0 | Z55: =X55+ROW()/1000000 -> 5.5e-05 | AA55: =F55&"|"&U55&"|"&ROUND(J55,6) -> Rack de insumos de montaje (carros)|Puesto de trabajo|28,074234
A56: ='Política de stock'!A56 -> P52 | B56: ='Política de stock'!B56 -> MP-44/50 | C56: ='Política de stock'!C56 -> Válvula HZ de carro 50-70-100 kg | D56: ='Política de stock'!D56 -> u | E56: ='Política de stock'!E56 -> Polvex (HZ) | F56: ='Política de stock'!V56 -> Rack de insumos de montaje (carros) | G56: ='Política de stock'!G56 -> 5.6718021 | H56: ='Política de stock'!N56 -> 9.0748583 | I56: ='Política de stock'!U56 -> 139.07486 | J56: =IF(G56>0,I56/G56,0) -> 24.5204 | K56: ='Política de stock'!K56 -> 20 | L56: =IF(K56>=UmbLT,"Alto","Bajo") -> Alto | M56: =IF('Política de stock'!F56>0,COUNTIFS('Política de stock'!$D$5:$D$119,D56,'Política de stock'!$F$5:$F$119,"<"&'Política de stock'!F56)/COUNTIF('Política de stock'!$D$5:$D$119,D56),0) -> 0.3373494 | N56: =IF(M56>=UmbVol,"Alto","Bajo") -> Bajo | O56: =IF(AND(L56="Alto",N56="Alto"),"Alta",IF(OR(L56="Alto",N56="Alto"),"Media","Baja")) -> Media | P56: ='Política de stock'!X56 -> 0.69537429 | Q56: 0.6 | R56: 5 | S56: =P56/R56*Q56 -> 0.083444915 | U56: =IF(T56<>"",T56,IF(S56<=UmbCajon,"Puesto de trabajo","Almacén")) -> Puesto de trabajo | V56: =IF(U56="Almacén",ROUNDUP(P56,0),0) -> 0 | W56: =ROUNDUP(V56/R56,0)*Q56 -> 0 | X56: =W56*CoefCirc -> 0 | Z56: =X56+ROW()/1000000 -> 5.6e-05 | AA56: =F56&"|"&U56&"|"&ROUND(J56,6) -> Rack de insumos de montaje (carros)|Puesto de trabajo|24,5204
A57: ='Política de stock'!A57 -> P53 | B57: ='Política de stock'!B57 -> MP-45 | C57: ='Política de stock'!C57 -> Manómetro 1,4 MPa | D57: ='Política de stock'!D57 -> u | E57: ='Política de stock'!E57 -> Yukon | F57: ='Política de stock'!V57 -> Insumos de montaje (manuales) | G57: ='Política de stock'!G57 -> 315.02043 | H57: ='Política de stock'!N57 -> 2300.5671 | I57: ='Política de stock'!U57 -> 11000.567 | J57: =IF(G57>0,I57/G57,0) -> 34.92017 | K57: ='Política de stock'!K57 -> 20 | L57: =IF(K57>=UmbLT,"Alto","Bajo") -> Alto | M57: =IF('Política de stock'!F57>0,COUNTIFS('Política de stock'!$D$5:$D$119,D57,'Política de stock'!$F$5:$F$119,"<"&'Política de stock'!F57)/COUNTIF('Política de stock'!$D$5:$D$119,D57),0) -> 0.77108434 | N57: =IF(M57>=UmbVol,"Alto","Bajo") -> Alto | O57: =IF(AND(L57="Alto",N57="Alto"),"Alta",IF(OR(L57="Alto",N57="Alto"),"Media","Baja")) -> Alta | P57: ='Política de stock'!X57 -> 3.6668557 | Q57: =HuellaPallet -> 1.2 | R57: =NivPallet -> 4 | S57: =P57/R57*Q57 -> 1.1000567 | U57: =IF(T57<>"",T57,IF(S57<=UmbCajon,"Puesto de trabajo","Almacén")) -> Almacén | V57: =IF(U57="Almacén",ROUNDUP(P57,0),0) -> 4 | W57: =ROUNDUP(V57/R57,0)*Q57 -> 1.2 | X57: =W57*CoefCirc -> 1.8 | Z57: =X57+ROW()/1000000 -> 1.800057 | AA57: =F57&"|"&U57&"|"&ROUND(J57,6) -> Insumos de montaje (manuales)|Almacén|34,92017
A58: ='Política de stock'!A58 -> P54 | B58: ='Política de stock'!B58 -> MP-48/ABC1 | C58: ='Política de stock'!C58 -> Tobera ABC 1 kg | D58: ='Política de stock'!D58 -> u | E58: ='Política de stock'!E58 -> Yukon | F58: ='Política de stock'!V58 -> Insumos de montaje (manuales) | G58: ='Política de stock'!G58 -> 133.636 | H58: ='Política de stock'!N58 -> 881.99758 | I58: ='Política de stock'!U58 -> 4731.9976 | J58: =IF(G58>0,I58/G58,0) -> 35.409603 | K58: ='Política de stock'!K58 -> 15 | L58: =IF(K58>=UmbLT,"Alto","Bajo") -> Alto | M58: =IF('Política de stock'!F58>0,COUNTIFS('Política de stock'!$D$5:$D$119,D58,'Política de stock'!$F$5:$F$119,"<"&'Política de stock'!F58)/COUNTIF('Política de stock'!$D$5:$D$119,D58),0) -> 0.60240964 | N58: =IF(M58>=UmbVol,"Alto","Bajo") -> Alto | O58: =IF(AND(L58="Alto",N58="Alto"),"Alta",IF(OR(L58="Alto",N58="Alto"),"Media","Baja")) -> Alta | P58: ='Política de stock'!X58 -> 3.1546651 | Q58: =HuellaPallet -> 1.2 | R58: =NivPallet -> 4 | S58: =P58/R58*Q58 -> 0.94639952 | U58: =IF(T58<>"",T58,IF(S58<=UmbCajon,"Puesto de trabajo","Almacén")) -> Almacén | V58: =IF(U58="Almacén",ROUNDUP(P58,0),0) -> 4 | W58: =ROUNDUP(V58/R58,0)*Q58 -> 1.2 | X58: =W58*CoefCirc -> 1.8 | Z58: =X58+ROW()/1000000 -> 1.800058 | AA58: =F58&"|"&U58&"|"&ROUND(J58,6) -> Insumos de montaje (manuales)|Almacén|35,409603
A59: ='Política de stock'!A59 -> P55 | B59: ='Política de stock'!B59 -> MP-48/ABC2.5 | C59: ='Política de stock'!C59 -> Manguera con tobera ABC 2,5 kg | D59: ='Política de stock'!D59 -> u | E59: ='Política de stock'!E59 -> Yukon | F59: ='Política de stock'!V59 -> Insumos de montaje (manuales) | G59: ='Política de stock'!G59 -> 30.93691 | H59: ='Política de stock'!N59 -> 148.49715 | I59: ='Política de stock'!U59 -> 998.49715 | J59: =IF(G59>0,I59/G59,0) -> 32.275271 | K59: ='Política de stock'!K59 -> 15 | L59: =IF(K59>=UmbLT,"Alto","Bajo") -> Alto | M59: =IF('Política de stock'!F59>0,COUNTIFS('Política de stock'!$D$5:$D$119,D59,'Política de stock'!$F$5:$F$119,"<"&'Política de stock'!F59)/COUNTIF('Política de stock'!$D$5:$D$119,D59),0) -> 0.55421687 | N59: =IF(M59>=UmbVol,"Alto","Bajo") -> Alto | O59: =IF(AND(L59="Alto",N59="Alto"),"Alta",IF(OR(L59="Alto",N59="Alto"),"Media","Baja")) -> Alta | P59: ='Política de stock'!X59 -> 0.66566477 | Q59: =HuellaPallet -> 1.2 | R59: =NivPallet -> 4 | S59: =P59/R59*Q59 -> 0.19969943 | U59: =IF(T59<>"",T59,IF(S59<=UmbCajon,"Puesto de trabajo","Almacén")) -> Almacén | V59: =IF(U59="Almacén",ROUNDUP(P59,0),0) -> 1 | W59: =ROUNDUP(V59/R59,0)*Q59 -> 1.2 | X59: =W59*CoefCirc -> 1.8 | Z59: =X59+ROW()/1000000 -> 1.800059 | AA59: =F59&"|"&U59&"|"&ROUND(J59,6) -> Insumos de montaje (manuales)|Almacén|32,275271
A60: ='Política de stock'!A60 -> P56 | B60: ='Política de stock'!B60 -> MP-48/ABC5 | C60: ='Política de stock'!C60 -> Manguera con tobera ABC 5 kg | D60: ='Política de stock'!D60 -> u | E60: ='Política de stock'!E60 -> Yukon | F60: ='Política de stock'!V60 -> Insumos de montaje (manuales) | G60: ='Política de stock'!G60 -> 135.20684 | H60: ='Política de stock'!N60 -> 648.9928 | I60: ='Política de stock'!U60 -> 4248.9928 | J60: =IF(G60>0,I60/G60,0) -> 31.425872 | K60: ='Política de stock'!K60 -> 15 | L60: =IF(K60>=UmbLT,"Alto","Bajo") -> Alto | M60: =IF('Política de stock'!F60>0,COUNTIFS('Política de stock'!$D$5:$D$119,D60,'Política de stock'!$F$5:$F$119,"<"&'Política de stock'!F60)/COUNTIF('Política de stock'!$D$5:$D$119,D60),0) -> 0.6626506 | N60: =IF(M60>=UmbVol,"Alto","Bajo") -> Alto | O60: =IF(AND(L60="Alto",N60="Alto"),"Alta",IF(OR(L60="Alto",N60="Alto"),"Media","Baja")) -> Alta | P60: ='Política de stock'!X60 -> 2.8326619 | Q60: =HuellaPallet -> 1.2 | R60: =NivPallet -> 4 | S60: =P60/R60*Q60 -> 0.84979856 | U60: =IF(T60<>"",T60,IF(S60<=UmbCajon,"Puesto de trabajo","Almacén")) -> Almacén | V60: =IF(U60="Almacén",ROUNDUP(P60,0),0) -> 3 | W60: =ROUNDUP(V60/R60,0)*Q60 -> 1.2 | X60: =W60*CoefCirc -> 1.8 | Z60: =X60+ROW()/1000000 -> 1.80006 | AA60: =F60&"|"&U60&"|"&ROUND(J60,6) -> Insumos de montaje (manuales)|Almacén|31,425872
A61: ='Política de stock'!A61 -> P57 | B61: ='Política de stock'!B61 -> MP-48/ABC10 | C61: ='Política de stock'!C61 -> Manguera con tobera ABC 10 kg | D61: ='Política de stock'!D61 -> u | E61: ='Política de stock'!E61 -> Yukon | F61: ='Política de stock'!V61 -> Insumos de montaje (manuales) | G61: ='Política de stock'!G61 -> 7.6802579 | H61: ='Política de stock'!N61 -> 36.865231 | I61: ='Política de stock'!U61 -> 286.86523 | J61: =IF(G61>0,I61/G61,0) -> 37.350989 | K61: ='Política de stock'!K61 -> 15 | L61: =IF(K61>=UmbLT,"Alto","Bajo") -> Alto | M61: =IF('Política de stock'!F61>0,COUNTIFS('Política de stock'!$D$5:$D$119,D61,'Política de stock'!$F$5:$F$119,"<"&'Política de stock'!F61)/COUNTIF('Política de stock'!$D$5:$D$119,D61),0) -> 0.39759036 | N61: =IF(M61>=UmbVol,"Alto","Bajo") -> Bajo | O61: =IF(AND(L61="Alto",N61="Alto"),"Alta",IF(OR(L61="Alto",N61="Alto"),"Media","Baja")) -> Media | P61: ='Política de stock'!X61 -> 0.19124349 | Q61: =HuellaPallet -> 1.2 | R61: =NivPallet -> 4 | S61: =P61/R61*Q61 -> 0.057373046 | U61: =IF(T61<>"",T61,IF(S61<=UmbCajon,"Puesto de trabajo","Almacén")) -> Puesto de trabajo | V61: =IF(U61="Almacén",ROUNDUP(P61,0),0) -> 0 | W61: =ROUNDUP(V61/R61,0)*Q61 -> 0 | X61: =W61*CoefCirc -> 0 | Z61: =X61+ROW()/1000000 -> 6.1e-05 | AA61: =F61&"|"&U61&"|"&ROUND(J61,6) -> Insumos de montaje (manuales)|Puesto de trabajo|37,350989
A62: ='Política de stock'!A62 -> P58 | B62: ='Política de stock'!B62 -> MP-49/ABC25 | C62: ='Política de stock'!C62 -> Manguera con válvula esférica y tobera, carro 25 kg | D62: ='Política de stock'!D62 -> u | E62: ='Política de stock'!E62 -> Yukon | F62: ='Política de stock'!V62 -> Rack de insumos de montaje (carros) | G62: ='Política de stock'!G62 -> 1.8886271 | H62: ='Política de stock'!N62 -> 2.2663187 | I62: ='Política de stock'!U62 -> 52.266319 | J62: =IF(G62>0,I62/G62,0) -> 27.67424 | K62: ='Política de stock'!K62 -> 15 | L62: =IF(K62>=UmbLT,"Alto","Bajo") -> Alto | M62: =IF('Política de stock'!F62>0,COUNTIFS('Política de stock'!$D$5:$D$119,D62,'Política de stock'!$F$5:$F$119,"<"&'Política de stock'!F62)/COUNTIF('Política de stock'!$D$5:$D$119,D62),0) -> 0.20481928 | N62: =IF(M62>=UmbVol,"Alto","Bajo") -> Bajo | O62: =IF(AND(L62="Alto",N62="Alto"),"Alta",IF(OR(L62="Alto",N62="Alto"),"Media","Baja")) -> Media | P62: ='Política de stock'!X62 -> 0.43555266 | Q62: 0.6 | R62: 5 | S62: =P62/R62*Q62 -> 0.052266319 | U62: =IF(T62<>"",T62,IF(S62<=UmbCajon,"Puesto de trabajo","Almacén")) -> Puesto de trabajo | V62: =IF(U62="Almacén",ROUNDUP(P62,0),0) -> 0 | W62: =ROUNDUP(V62/R62,0)*Q62 -> 0 | X62: =W62*CoefCirc -> 0 | Z62: =X62+ROW()/1000000 -> 6.2e-05 | AA62: =F62&"|"&U62&"|"&ROUND(J62,6) -> Rack de insumos de montaje (carros)|Puesto de trabajo|27,67424
A63: ='Política de stock'!A63 -> P59 | B63: ='Política de stock'!B63 -> MP-49/ABC50 | C63: ='Política de stock'!C63 -> Manguera con válvula esférica y tobera, carro 50 kg | D63: ='Política de stock'!D63 -> u | E63: ='Política de stock'!E63 -> Yukon | F63: ='Política de stock'!V63 -> Rack de insumos de montaje (carros) | G63: ='Política de stock'!G63 -> 4.1602583 | H63: ='Política de stock'!N63 -> 4.992325 | I63: ='Política de stock'!U63 -> 94.992325 | J63: =IF(G63>0,I63/G63,0) -> 22.833276 | K63: ='Política de stock'!K63 -> 15 | L63: =IF(K63>=UmbLT,"Alto","Bajo") -> Alto | M63: =IF('Política de stock'!F63>0,COUNTIFS('Política de stock'!$D$5:$D$119,D63,'Política de stock'!$F$5:$F$119,"<"&'Política de stock'!F63)/COUNTIF('Política de stock'!$D$5:$D$119,D63),0) -> 0.30120482 | N63: =IF(M63>=UmbVol,"Alto","Bajo") -> Bajo | O63: =IF(AND(L63="Alto",N63="Alto"),"Alta",IF(OR(L63="Alto",N63="Alto"),"Media","Baja")) -> Media | P63: ='Política de stock'!X63 -> 0.79160271 | Q63: 0.6 | R63: 5 | S63: =P63/R63*Q63 -> 0.094992325 | U63: =IF(T63<>"",T63,IF(S63<=UmbCajon,"Puesto de trabajo","Almacén")) -> Puesto de trabajo | V63: =IF(U63="Almacén",ROUNDUP(P63,0),0) -> 0 | W63: =ROUNDUP(V63/R63,0)*Q63 -> 0 | X63: =W63*CoefCirc -> 0 | Z63: =X63+ROW()/1000000 -> 6.3e-05 | AA63: =F63&"|"&U63&"|"&ROUND(J63,6) -> Rack de insumos de montaje (carros)|Puesto de trabajo|22,833276
A64: ='Política de stock'!A64 -> P60 | B64: ='Política de stock'!B64 -> MP-49/ABC70 | C64: ='Política de stock'!C64 -> Manguera con válvula esférica y tobera, carro 70 kg | D64: ='Política de stock'!D64 -> u | E64: ='Política de stock'!E64 -> Yukon | F64: ='Política de stock'!V64 -> Rack de insumos de montaje (carros) | G64: ='Política de stock'!G64 -> 0.90654125 | H64: ='Política de stock'!N64 -> 1.0878562 | I64: ='Política de stock'!U64 -> 21.087856 | J64: =IF(G64>0,I64/G64,0) -> 23.261883 | K64: ='Política de stock'!K64 -> 15 | L64: =IF(K64>=UmbLT,"Alto","Bajo") -> Alto | M64: =IF('Política de stock'!F64>0,COUNTIFS('Política de stock'!$D$5:$D$119,D64,'Política de stock'!$F$5:$F$119,"<"&'Política de stock'!F64)/COUNTIF('Política de stock'!$D$5:$D$119,D64),0) -> 0.12048193 | N64: =IF(M64>=UmbVol,"Alto","Bajo") -> Bajo | O64: =IF(AND(L64="Alto",N64="Alto"),"Alta",IF(OR(L64="Alto",N64="Alto"),"Media","Baja")) -> Media | P64: ='Política de stock'!X64 -> 0.17573214 | Q64: 0.6 | R64: 5 | S64: =P64/R64*Q64 -> 0.021087856 | U64: =IF(T64<>"",T64,IF(S64<=UmbCajon,"Puesto de trabajo","Almacén")) -> Puesto de trabajo | V64: =IF(U64="Almacén",ROUNDUP(P64,0),0) -> 0 | W64: =ROUNDUP(V64/R64,0)*Q64 -> 0 | X64: =W64*CoefCirc -> 0 | Z64: =X64+ROW()/1000000 -> 6.4e-05 | AA64: =F64&"|"&U64&"|"&ROUND(J64,6) -> Rack de insumos de montaje (carros)|Puesto de trabajo|23,261883
A65: ='Política de stock'!A65 -> P61 | B65: ='Política de stock'!B65 -> MP-49/ABC100 | C65: ='Política de stock'!C65 -> Manguera con válvula esférica y tobera, carro 100 kg | D65: ='Política de stock'!D65 -> u | E65: ='Política de stock'!E65 -> Yukon | F65: ='Política de stock'!V65 -> Rack de insumos de montaje (carros) | G65: ='Política de stock'!G65 -> 0.6050025 | H65: ='Política de stock'!N65 -> 0.7260375 | I65: ='Política de stock'!U65 -> 20.726038 | J65: =IF(G65>0,I65/G65,0) -> 34.257772 | K65: ='Política de stock'!K65 -> 15 | L65: =IF(K65>=UmbLT,"Alto","Bajo") -> Alto | M65: =IF('Política de stock'!F65>0,COUNTIFS('Política de stock'!$D$5:$D$119,D65,'Política de stock'!$F$5:$F$119,"<"&'Política de stock'!F65)/COUNTIF('Política de stock'!$D$5:$D$119,D65),0) -> 0.084337349 | N65: =IF(M65>=UmbVol,"Alto","Bajo") -> Bajo | O65: =IF(AND(L65="Alto",N65="Alto"),"Alta",IF(OR(L65="Alto",N65="Alto"),"Media","Baja")) -> Media | P65: ='Política de stock'!X65 -> 0.17271698 | Q65: 0.6 | R65: 5 | S65: =P65/R65*Q65 -> 0.020726037 | U65: =IF(T65<>"",T65,IF(S65<=UmbCajon,"Puesto de trabajo","Almacén")) -> Puesto de trabajo | V65: =IF(U65="Almacén",ROUNDUP(P65,0),0) -> 0 | W65: =ROUNDUP(V65/R65,0)*Q65 -> 0 | X65: =W65*CoefCirc -> 0 | Z65: =X65+ROW()/1000000 -> 6.5e-05 | AA65: =F65&"|"&U65&"|"&ROUND(J65,6) -> Rack de insumos de montaje (carros)|Puesto de trabajo|34,257772
A66: ='Política de stock'!A66 -> P62 | B66: ='Política de stock'!B66 -> MP-50/M22 | C66: ='Política de stock'!C66 -> Junta tórica del cuello M22 | D66: ='Política de stock'!D66 -> u | E66: ='Política de stock'!E66 -> Argensold | F66: ='Política de stock'!V66 -> Insumos de montaje (manuales) | G66: ='Política de stock'!G66 -> 133.636 | H66: ='Política de stock'!N66 -> 587.99839 | I66: ='Política de stock'!U66 -> 4587.9984 | J66: =IF(G66>0,I66/G66,0) -> 34.332055 | K66: ='Política de stock'!K66 -> 10 | L66: =IF(K66>=UmbLT,"Alto","Bajo") -> Alto | M66: =IF('Política de stock'!F66>0,COUNTIFS('Política de stock'!$D$5:$D$119,D66,'Política de stock'!$F$5:$F$119,"<"&'Política de stock'!F66)/COUNTIF('Política de stock'!$D$5:$D$119,D66),0) -> 0.60240964 | N66: =IF(M66>=UmbVol,"Alto","Bajo") -> Alto | O66: =IF(AND(L66="Alto",N66="Alto"),"Alta",IF(OR(L66="Alto",N66="Alto"),"Media","Baja")) -> Alta | P66: ='Política de stock'!X66 -> 0.22939992 | Q66: 0.6 | R66: 5 | S66: =P66/R66*Q66 -> 0.02752799 | U66: =IF(T66<>"",T66,IF(S66<=UmbCajon,"Puesto de trabajo","Almacén")) -> Puesto de trabajo | V66: =IF(U66="Almacén",ROUNDUP(P66,0),0) -> 0 | W66: =ROUNDUP(V66/R66,0)*Q66 -> 0 | X66: =W66*CoefCirc -> 0 | Z66: =X66+ROW()/1000000 -> 6.6e-05 | AA66: =F66&"|"&U66&"|"&ROUND(J66,6) -> Insumos de montaje (manuales)|Puesto de trabajo|34,332055
A67: ='Política de stock'!A67 -> P63 | B67: ='Política de stock'!B67 -> MP-50/M30 | C67: ='Política de stock'!C67 -> Junta tórica del cuello M30 | D67: ='Política de stock'!D67 -> u | E67: ='Política de stock'!E67 -> Argensold | F67: ='Política de stock'!V67 -> Insumos de montaje (manuales) | G67: ='Política de stock'!G67 -> 179.87289 | H67: ='Política de stock'!N67 -> 561.07593 | I67: ='Política de stock'!U67 -> 5561.0759 | J67: =IF(G67>0,I67/G67,0) -> 30.916698 | K67: ='Política de stock'!K67 -> 10 | L67: =IF(K67>=UmbLT,"Alto","Bajo") -> Alto | M67: =IF('Política de stock'!F67>0,COUNTIFS('Política de stock'!$D$5:$D$119,D67,'Política de stock'!$F$5:$F$119,"<"&'Política de stock'!F67)/COUNTIF('Política de stock'!$D$5:$D$119,D67),0) -> 0.73493976 | N67: =IF(M67>=UmbVol,"Alto","Bajo") -> Alto | O67: =IF(AND(L67="Alto",N67="Alto"),"Alta",IF(OR(L67="Alto",N67="Alto"),"Media","Baja")) -> Alta | P67: ='Política de stock'!X67 -> 0.2780538 | Q67: 0.6 | R67: 5 | S67: =P67/R67*Q67 -> 0.033366456 | U67: =IF(T67<>"",T67,IF(S67<=UmbCajon,"Puesto de trabajo","Almacén")) -> Puesto de trabajo | V67: =IF(U67="Almacén",ROUNDUP(P67,0),0) -> 0 | W67: =ROUNDUP(V67/R67,0)*Q67 -> 0 | X67: =W67*CoefCirc -> 0 | Z67: =X67+ROW()/1000000 -> 6.7e-05 | AA67: =F67&"|"&U67&"|"&ROUND(J67,6) -> Insumos de montaje (manuales)|Puesto de trabajo|30,916698
A68: ='Política de stock'!A68 -> P64 | B68: ='Política de stock'!B68 -> MP-50/2½ | C68: ='Política de stock'!C68 -> Junta tórica del cuello 2½" | D68: ='Política de stock'!D68 -> u | E68: ='Política de stock'!E68 -> Argensold | F68: ='Política de stock'!V68 -> Rack de insumos de montaje (carros) | G68: ='Política de stock'!G68 -> 1.5115437 | H68: ='Política de stock'!N68 -> 1.2092125 | I68: ='Política de stock'!U68 -> 1001.2092 | J68: =IF(G68>0,I68/G68,0) -> 662.37528 | K68: ='Política de stock'!K68 -> 10 | L68: =IF(K68>=UmbLT,"Alto","Bajo") -> Alto | M68: =IF('Política de stock'!F68>0,COUNTIFS('Política de stock'!$D$5:$D$119,D68,'Política de stock'!$F$5:$F$119,"<"&'Política de stock'!F68)/COUNTIF('Política de stock'!$D$5:$D$119,D68),0) -> 0.18072289 | N68: =IF(M68>=UmbVol,"Alto","Bajo") -> Bajo | O68: =IF(AND(L68="Alto",N68="Alto"),"Alta",IF(OR(L68="Alto",N68="Alto"),"Media","Baja")) -> Media | P68: ='Política de stock'!X68 -> 0.050060461 | Q68: 0.6 | R68: 5 | S68: =P68/R68*Q68 -> 0.0060072553 | U68: =IF(T68<>"",T68,IF(S68<=UmbCajon,"Puesto de trabajo","Almacén")) -> Puesto de trabajo | V68: =IF(U68="Almacén",ROUNDUP(P68,0),0) -> 0 | W68: =ROUNDUP(V68/R68,0)*Q68 -> 0 | X68: =W68*CoefCirc -> 0 | Z68: =X68+ROW()/1000000 -> 6.8e-05 | AA68: =F68&"|"&U68&"|"&ROUND(J68,6) -> Rack de insumos de montaje (carros)|Puesto de trabajo|662,375279
A69: ='Política de stock'!A69 -> P65 | B69: ='Política de stock'!B69 -> MP-50/OT | C69: ='Política de stock'!C69 -> Junta tórica del cuello (recargas, surtido por medida) | D69: ='Política de stock'!D69 -> u | E69: ='Política de stock'!E69 -> Matafuegos Iglesias | F69: ='Política de stock'!V69 -> Insumos de recargas | G69: ='Política de stock'!G69 -> 506.5237 | H69: ='Política de stock'!N69 -> 0 | I69: ='Política de stock'!U69 -> 11000 | J69: =IF(G69>0,I69/G69,0) -> 21.716654 | K69: ='Política de stock'!K69 -> 10 | L69: =IF(K69>=UmbLT,"Alto","Bajo") -> Alto | M69: =IF('Política de stock'!F69>0,COUNTIFS('Política de stock'!$D$5:$D$119,D69,'Política de stock'!$F$5:$F$119,"<"&'Política de stock'!F69)/COUNTIF('Política de stock'!$D$5:$D$119,D69),0) -> 0.87951807 | N69: =IF(M69>=UmbVol,"Alto","Bajo") -> Alto | O69: =IF(AND(L69="Alto",N69="Alto"),"Alta",IF(OR(L69="Alto",N69="Alto"),"Media","Baja")) -> Alta | P69: ='Política de stock'!X69 -> 0.55 | Q69: 0.6 | R69: 5 | S69: =P69/R69*Q69 -> 0.066 | U69: =IF(T69<>"",T69,IF(S69<=UmbCajon,"Puesto de trabajo","Almacén")) -> Puesto de trabajo | V69: =IF(U69="Almacén",ROUNDUP(P69,0),0) -> 0 | W69: =ROUNDUP(V69/R69,0)*Q69 -> 0 | X69: =W69*CoefCirc -> 0 | Z69: =X69+ROW()/1000000 -> 6.9e-05 | AA69: =F69&"|"&U69&"|"&ROUND(J69,6) -> Insumos de recargas|Puesto de trabajo|21,716654
A70: ='Política de stock'!A70 -> P66 | B70: ='Política de stock'!B70 -> MP-52/ABC2.5 | C70: ='Política de stock'!C70 -> Soporte de pared ABC 2,5 kg | D70: ='Política de stock'!D70 -> u | E70: ='Política de stock'!E70 -> Maxiseguridad | F70: ='Política de stock'!V70 -> Insumos de montaje (manuales) | G70: ='Política de stock'!G70 -> 30.93691 | H70: ='Política de stock'!N70 -> 148.49715 | I70: ='Política de stock'!U70 -> 1048.4971 | J70: =IF(G70>0,I70/G70,0) -> 33.891463 | K70: ='Política de stock'!K70 -> 15 | L70: =IF(K70>=UmbLT,"Alto","Bajo") -> Alto | M70: =IF('Política de stock'!F70>0,COUNTIFS('Política de stock'!$D$5:$D$119,D70,'Política de stock'!$F$5:$F$119,"<"&'Política de stock'!F70)/COUNTIF('Política de stock'!$D$5:$D$119,D70),0) -> 0.55421687 | N70: =IF(M70>=UmbVol,"Alto","Bajo") -> Alto | O70: =IF(AND(L70="Alto",N70="Alto"),"Alta",IF(OR(L70="Alto",N70="Alto"),"Media","Baja")) -> Alta | P70: ='Política de stock'!X70 -> 0.34949905 | Q70: =HuellaPallet -> 1.2 | R70: =NivPallet -> 4 | S70: =P70/R70*Q70 -> 0.10484971 | U70: =IF(T70<>"",T70,IF(S70<=UmbCajon,"Puesto de trabajo","Almacén")) -> Almacén | V70: =IF(U70="Almacén",ROUNDUP(P70,0),0) -> 1 | W70: =ROUNDUP(V70/R70,0)*Q70 -> 1.2 | X70: =W70*CoefCirc -> 1.8 | Z70: =X70+ROW()/1000000 -> 1.80007 | AA70: =F70&"|"&U70&"|"&ROUND(J70,6) -> Insumos de montaje (manuales)|Almacén|33,891463
A71: ='Política de stock'!A71 -> P67 | B71: ='Política de stock'!B71 -> MP-52/ABC5 | C71: ='Política de stock'!C71 -> Soporte de pared ABC 5 kg | D71: ='Política de stock'!D71 -> u | E71: ='Política de stock'!E71 -> Maxiseguridad | F71: ='Política de stock'!V71 -> Insumos de montaje (manuales) | G71: ='Política de stock'!G71 -> 135.20684 | H71: ='Política de stock'!N71 -> 648.9928 | I71: ='Política de stock'!U71 -> 4248.9928 | J71: =IF(G71>0,I71/G71,0) -> 31.425872 | K71: ='Política de stock'!K71 -> 15 | L71: =IF(K71>=UmbLT,"Alto","Bajo") -> Alto | M71: =IF('Política de stock'!F71>0,COUNTIFS('Política de stock'!$D$5:$D$119,D71,'Política de stock'!$F$5:$F$119,"<"&'Política de stock'!F71)/COUNTIF('Política de stock'!$D$5:$D$119,D71),0) -> 0.6626506 | N71: =IF(M71>=UmbVol,"Alto","Bajo") -> Alto | O71: =IF(AND(L71="Alto",N71="Alto"),"Alta",IF(OR(L71="Alto",N71="Alto"),"Media","Baja")) -> Alta | P71: ='Política de stock'!X71 -> 1.4163309 | Q71: =HuellaPallet -> 1.2 | R71: =NivPallet -> 4 | S71: =P71/R71*Q71 -> 0.42489928 | U71: =IF(T71<>"",T71,IF(S71<=UmbCajon,"Puesto de trabajo","Almacén")) -> Almacén | V71: =IF(U71="Almacén",ROUNDUP(P71,0),0) -> 2 | W71: =ROUNDUP(V71/R71,0)*Q71 -> 1.2 | X71: =W71*CoefCirc -> 1.8 | Z71: =X71+ROW()/1000000 -> 1.800071 | AA71: =F71&"|"&U71&"|"&ROUND(J71,6) -> Insumos de montaje (manuales)|Almacén|31,425872
A72: ='Política de stock'!A72 -> P68 | B72: ='Política de stock'!B72 -> MP-52/ABC10 | C72: ='Política de stock'!C72 -> Soporte de pared ABC 10 kg | D72: ='Política de stock'!D72 -> u | E72: ='Política de stock'!E72 -> Maxiseguridad | F72: ='Política de stock'!V72 -> Insumos de montaje (manuales) | G72: ='Política de stock'!G72 -> 7.6802579 | H72: ='Política de stock'!N72 -> 36.865231 | I72: ='Política de stock'!U72 -> 336.86523 | J72: =IF(G72>0,I72/G72,0) -> 43.861187 | K72: ='Política de stock'!K72 -> 15 | L72: =IF(K72>=UmbLT,"Alto","Bajo") -> Alto | M72: =IF('Política de stock'!F72>0,COUNTIFS('Política de stock'!$D$5:$D$119,D72,'Política de stock'!$F$5:$F$119,"<"&'Política de stock'!F72)/COUNTIF('Política de stock'!$D$5:$D$119,D72),0) -> 0.39759036 | N72: =IF(M72>=UmbVol,"Alto","Bajo") -> Bajo | O72: =IF(AND(L72="Alto",N72="Alto"),"Alta",IF(OR(L72="Alto",N72="Alto"),"Media","Baja")) -> Media | P72: ='Política de stock'!X72 -> 0.11228841 | Q72: =HuellaPallet -> 1.2 | R72: =NivPallet -> 4 | S72: =P72/R72*Q72 -> 0.033686523 | U72: =IF(T72<>"",T72,IF(S72<=UmbCajon,"Puesto de trabajo","Almacén")) -> Puesto de trabajo | V72: =IF(U72="Almacén",ROUNDUP(P72,0),0) -> 0 | W72: =ROUNDUP(V72/R72,0)*Q72 -> 0 | X72: =W72*CoefCirc -> 0 | Z72: =X72+ROW()/1000000 -> 7.2e-05 | AA72: =F72&"|"&U72&"|"&ROUND(J72,6) -> Insumos de montaje (manuales)|Puesto de trabajo|43,861187
A73: ='Política de stock'!A73 -> P69 | B73: ='Política de stock'!B73 -> MP-87 | C73: ='Política de stock'!C73 -> Soporte vehicular (1 kg) | D73: ='Política de stock'!D73 -> u | E73: ='Política de stock'!E73 -> Maxiseguridad | F73: ='Política de stock'!V73 -> Insumos de montaje (manuales) | G73: ='Política de stock'!G73 -> 133.636 | H73: ='Política de stock'!N73 -> 881.99758 | I73: ='Política de stock'!U73 -> 4781.9976 | J73: =IF(G73>0,I73/G73,0) -> 35.783754 | K73: ='Política de stock'!K73 -> 15 | L73: =IF(K73>=UmbLT,"Alto","Bajo") -> Alto | M73: =IF('Política de stock'!F73>0,COUNTIFS('Política de stock'!$D$5:$D$119,D73,'Política de stock'!$F$5:$F$119,"<"&'Política de stock'!F73)/COUNTIF('Política de stock'!$D$5:$D$119,D73),0) -> 0.60240964 | N73: =IF(M73>=UmbVol,"Alto","Bajo") -> Alto | O73: =IF(AND(L73="Alto",N73="Alto"),"Alta",IF(OR(L73="Alto",N73="Alto"),"Media","Baja")) -> Alta | P73: ='Política de stock'!X73 -> 1.5939992 | Q73: =HuellaPallet -> 1.2 | R73: =NivPallet -> 4 | S73: =P73/R73*Q73 -> 0.47819976 | U73: =IF(T73<>"",T73,IF(S73<=UmbCajon,"Puesto de trabajo","Almacén")) -> Almacén | V73: =IF(U73="Almacén",ROUNDUP(P73,0),0) -> 2 | W73: =ROUNDUP(V73/R73,0)*Q73 -> 1.2 | X73: =W73*CoefCirc -> 1.8 | Z73: =X73+ROW()/1000000 -> 1.800073 | AA73: =F73&"|"&U73&"|"&ROUND(J73,6) -> Insumos de montaje (manuales)|Almacén|35,783754
A74: ='Política de stock'!A74 -> P70 | B74: ='Política de stock'!B74 -> MP-86 | C74: ='Política de stock'!C74 -> Tornillo y tarugo de fijación | D74: ='Política de stock'!D74 -> u | E74: ='Política de stock'!E74 -> Würth Argentina | F74: ='Política de stock'!V74 -> Insumos de montaje (manuales) | G74: ='Política de stock'!G74 -> 347.64801 | H74: ='Política de stock'!N74 -> 1112.4736 | I74: ='Política de stock'!U74 -> 11112.474 | J74: =IF(G74>0,I74/G74,0) -> 31.964726 | K74: ='Política de stock'!K74 -> 10 | L74: =IF(K74>=UmbLT,"Alto","Bajo") -> Alto | M74: =IF('Política de stock'!F74>0,COUNTIFS('Política de stock'!$D$5:$D$119,D74,'Política de stock'!$F$5:$F$119,"<"&'Política de stock'!F74)/COUNTIF('Política de stock'!$D$5:$D$119,D74),0) -> 0.84337349 | N74: =IF(M74>=UmbVol,"Alto","Bajo") -> Alto | O74: =IF(AND(L74="Alto",N74="Alto"),"Alta",IF(OR(L74="Alto",N74="Alto"),"Media","Baja")) -> Alta | P74: ='Política de stock'!X74 -> 0.55562368 | Q74: 0.6 | R74: 5 | S74: =P74/R74*Q74 -> 0.066674842 | U74: =IF(T74<>"",T74,IF(S74<=UmbCajon,"Puesto de trabajo","Almacén")) -> Puesto de trabajo | V74: =IF(U74="Almacén",ROUNDUP(P74,0),0) -> 0 | W74: =ROUNDUP(V74/R74,0)*Q74 -> 0 | X74: =W74*CoefCirc -> 0 | Z74: =X74+ROW()/1000000 -> 7.4e-05 | AA74: =F74&"|"&U74&"|"&ROUND(J74,6) -> Insumos de montaje (manuales)|Puesto de trabajo|31,964726
A75: ='Política de stock'!A75 -> P71 | B75: ='Política de stock'!B75 -> MP-55 | C75: ='Política de stock'!C75 -> Conjunto de seguridad de CO₂ (recargas) | D75: ='Política de stock'!D75 -> u | E75: ='Política de stock'!E75 -> Georgia | F75: ='Política de stock'!V75 -> Insumos de recargas | G75: ='Política de stock'!G75 -> 15.39615 | H75: ='Política de stock'!N75 -> 6.25e-06 | I75: ='Política de stock'!U75 -> 1000 | J75: =IF(G75>0,I75/G75,0) -> 64.951305 | K75: ='Política de stock'!K75 -> 15 | L75: =IF(K75>=UmbLT,"Alto","Bajo") -> Alto | M75: =IF('Política de stock'!F75>0,COUNTIFS('Política de stock'!$D$5:$D$119,D75,'Política de stock'!$F$5:$F$119,"<"&'Política de stock'!F75)/COUNTIF('Política de stock'!$D$5:$D$119,D75),0) -> 0.4939759 | N75: =IF(M75>=UmbVol,"Alto","Bajo") -> Bajo | O75: =IF(AND(L75="Alto",N75="Alto"),"Alta",IF(OR(L75="Alto",N75="Alto"),"Media","Baja")) -> Media | P75: ='Política de stock'!X75 -> 0.5 | Q75: 0.6 | R75: 5 | S75: =P75/R75*Q75 -> 0.06 | U75: =IF(T75<>"",T75,IF(S75<=UmbCajon,"Puesto de trabajo","Almacén")) -> Puesto de trabajo | V75: =IF(U75="Almacén",ROUNDUP(P75,0),0) -> 0 | W75: =ROUNDUP(V75/R75,0)*Q75 -> 0 | X75: =W75*CoefCirc -> 0 | Z75: =X75+ROW()/1000000 -> 7.5e-05 | AA75: =F75&"|"&U75&"|"&ROUND(J75,6) -> Insumos de recargas|Puesto de trabajo|64,951305
A76: ='Política de stock'!A76 -> P72 | B76: ='Política de stock'!B76 -> MP-56/ABC1 | C76: ='Política de stock'!C76 -> Etiqueta de características ABC 1 kg | D76: ='Política de stock'!D76 -> u | E76: ='Política de stock'!E76 -> Astuprint | F76: ='Política de stock'!V76 -> Identificación | G76: ='Política de stock'!G76 -> 133.636 | H76: ='Política de stock'!N76 -> 587.99839 | I76: ='Política de stock'!U76 -> 4587.9984 | J76: =IF(G76>0,I76/G76,0) -> 34.332055 | K76: ='Política de stock'!K76 -> 10 | L76: =IF(K76>=UmbLT,"Alto","Bajo") -> Alto | M76: =IF('Política de stock'!F76>0,COUNTIFS('Política de stock'!$D$5:$D$119,D76,'Política de stock'!$F$5:$F$119,"<"&'Política de stock'!F76)/COUNTIF('Política de stock'!$D$5:$D$119,D76),0) -> 0.60240964 | N76: =IF(M76>=UmbVol,"Alto","Bajo") -> Alto | O76: =IF(AND(L76="Alto",N76="Alto"),"Alta",IF(OR(L76="Alto",N76="Alto"),"Media","Baja")) -> Alta | P76: ='Política de stock'!X76 -> 0.22939992 | Q76: 0.6 | R76: 5 | S76: =P76/R76*Q76 -> 0.02752799 | U76: =IF(T76<>"",T76,IF(S76<=UmbCajon,"Puesto de trabajo","Almacén")) -> Puesto de trabajo | V76: =IF(U76="Almacén",ROUNDUP(P76,0),0) -> 0 | W76: =ROUNDUP(V76/R76,0)*Q76 -> 0 | X76: =W76*CoefCirc -> 0 | Z76: =X76+ROW()/1000000 -> 7.6e-05 | AA76: =F76&"|"&U76&"|"&ROUND(J76,6) -> Identificación|Puesto de trabajo|34,332055
A77: ='Política de stock'!A77 -> P73 | B77: ='Política de stock'!B77 -> MP-56/ABC2.5 | C77: ='Política de stock'!C77 -> Etiqueta de características ABC 2,5 kg | D77: ='Política de stock'!D77 -> u | E77: ='Política de stock'!E77 -> Astuprint | F77: ='Política de stock'!V77 -> Identificación | G77: ='Política de stock'!G77 -> 30.93691 | H77: ='Política de stock'!N77 -> 98.9981 | I77: ='Política de stock'!U77 -> 1098.9981 | J77: =IF(G77>0,I77/G77,0) -> 35.523848 | K77: ='Política de stock'!K77 -> 10 | L77: =IF(K77>=UmbLT,"Alto","Bajo") -> Alto | M77: =IF('Política de stock'!F77>0,COUNTIFS('Política de stock'!$D$5:$D$119,D77,'Política de stock'!$F$5:$F$119,"<"&'Política de stock'!F77)/COUNTIF('Política de stock'!$D$5:$D$119,D77),0) -> 0.55421687 | N77: =IF(M77>=UmbVol,"Alto","Bajo") -> Alto | O77: =IF(AND(L77="Alto",N77="Alto"),"Alta",IF(OR(L77="Alto",N77="Alto"),"Media","Baja")) -> Alta | P77: ='Política de stock'!X77 -> 0.054949905 | Q77: 0.6 | R77: 5 | S77: =P77/R77*Q77 -> 0.0065939886 | U77: =IF(T77<>"",T77,IF(S77<=UmbCajon,"Puesto de trabajo","Almacén")) -> Puesto de trabajo | V77: =IF(U77="Almacén",ROUNDUP(P77,0),0) -> 0 | W77: =ROUNDUP(V77/R77,0)*Q77 -> 0 | X77: =W77*CoefCirc -> 0 | Z77: =X77+ROW()/1000000 -> 7.7e-05 | AA77: =F77&"|"&U77&"|"&ROUND(J77,6) -> Identificación|Puesto de trabajo|35,523848
A78: ='Política de stock'!A78 -> P74 | B78: ='Política de stock'!B78 -> MP-56/ABC5 | C78: ='Política de stock'!C78 -> Etiqueta de características ABC 5 kg | D78: ='Política de stock'!D78 -> u | E78: ='Política de stock'!E78 -> Astuprint | F78: ='Política de stock'!V78 -> Identificación | G78: ='Política de stock'!G78 -> 135.20684 | H78: ='Política de stock'!N78 -> 432.66187 | I78: ='Política de stock'!U78 -> 4432.6619 | J78: =IF(G78>0,I78/G78,0) -> 32.784302 | K78: ='Política de stock'!K78 -> 10 | L78: =IF(K78>=UmbLT,"Alto","Bajo") -> Alto | M78: =IF('Política de stock'!F78>0,COUNTIFS('Política de stock'!$D$5:$D$119,D78,'Política de stock'!$F$5:$F$119,"<"&'Política de stock'!F78)/COUNTIF('Política de stock'!$D$5:$D$119,D78),0) -> 0.6626506 | N78: =IF(M78>=UmbVol,"Alto","Bajo") -> Alto | O78: =IF(AND(L78="Alto",N78="Alto"),"Alta",IF(OR(L78="Alto",N78="Alto"),"Media","Baja")) -> Alta | P78: ='Política de stock'!X78 -> 0.22163309 | Q78: 0.6 | R78: 5 | S78: =P78/R78*Q78 -> 0.026595971 | U78: =IF(T78<>"",T78,IF(S78<=UmbCajon,"Puesto de trabajo","Almacén")) -> Puesto de trabajo | V78: =IF(U78="Almacén",ROUNDUP(P78,0),0) -> 0 | W78: =ROUNDUP(V78/R78,0)*Q78 -> 0 | X78: =W78*CoefCirc -> 0 | Z78: =X78+ROW()/1000000 -> 7.8e-05 | AA78: =F78&"|"&U78&"|"&ROUND(J78,6) -> Identificación|Puesto de trabajo|32,784302
A79: ='Política de stock'!A79 -> P75 | B79: ='Política de stock'!B79 -> MP-56/ABC10 | C79: ='Política de stock'!C79 -> Etiqueta de características ABC 10 kg | D79: ='Política de stock'!D79 -> u | E79: ='Política de stock'!E79 -> Astuprint | F79: ='Política de stock'!V79 -> Identificación | G79: ='Política de stock'!G79 -> 7.6802579 | H79: ='Política de stock'!N79 -> 24.576821 | I79: ='Política de stock'!U79 -> 1024.5768 | J79: =IF(G79>0,I79/G79,0) -> 133.40396 | K79: ='Política de stock'!K79 -> 10 | L79: =IF(K79>=UmbLT,"Alto","Bajo") -> Alto | M79: =IF('Política de stock'!F79>0,COUNTIFS('Política de stock'!$D$5:$D$119,D79,'Política de stock'!$F$5:$F$119,"<"&'Política de stock'!F79)/COUNTIF('Política de stock'!$D$5:$D$119,D79),0) -> 0.39759036 | N79: =IF(M79>=UmbVol,"Alto","Bajo") -> Bajo | O79: =IF(AND(L79="Alto",N79="Alto"),"Alta",IF(OR(L79="Alto",N79="Alto"),"Media","Baja")) -> Media | P79: ='Política de stock'!X79 -> 0.051228841 | Q79: 0.6 | R79: 5 | S79: =P79/R79*Q79 -> 0.0061474609 | U79: =IF(T79<>"",T79,IF(S79<=UmbCajon,"Puesto de trabajo","Almacén")) -> Puesto de trabajo | V79: =IF(U79="Almacén",ROUNDUP(P79,0),0) -> 0 | W79: =ROUNDUP(V79/R79,0)*Q79 -> 0 | X79: =W79*CoefCirc -> 0 | Z79: =X79+ROW()/1000000 -> 7.9e-05 | AA79: =F79&"|"&U79&"|"&ROUND(J79,6) -> Identificación|Puesto de trabajo|133,40396
A80: ='Política de stock'!A80 -> P76 | B80: ='Política de stock'!B80 -> MP-56/ABC25 | C80: ='Política de stock'!C80 -> Etiqueta de características ABC 25 kg | D80: ='Política de stock'!D80 -> u | E80: ='Política de stock'!E80 -> Astuprint | F80: ='Política de stock'!V80 -> Identificación | G80: ='Política de stock'!G80 -> 1.8886271 | H80: ='Política de stock'!N80 -> 1.5108792 | I80: ='Política de stock'!U80 -> 1001.5109 | J80: =IF(G80>0,I80/G80,0) -> 530.28514 | K80: ='Política de stock'!K80 -> 10 | L80: =IF(K80>=UmbLT,"Alto","Bajo") -> Alto | M80: =IF('Política de stock'!F80>0,COUNTIFS('Política de stock'!$D$5:$D$119,D80,'Política de stock'!$F$5:$F$119,"<"&'Política de stock'!F80)/COUNTIF('Política de stock'!$D$5:$D$119,D80),0) -> 0.20481928 | N80: =IF(M80>=UmbVol,"Alto","Bajo") -> Bajo | O80: =IF(AND(L80="Alto",N80="Alto"),"Alta",IF(OR(L80="Alto",N80="Alto"),"Media","Baja")) -> Media | P80: ='Política de stock'!X80 -> 0.050075544 | Q80: 0.6 | R80: 5 | S80: =P80/R80*Q80 -> 0.0060090653 | U80: =IF(T80<>"",T80,IF(S80<=UmbCajon,"Puesto de trabajo","Almacén")) -> Puesto de trabajo | V80: =IF(U80="Almacén",ROUNDUP(P80,0),0) -> 0 | W80: =ROUNDUP(V80/R80,0)*Q80 -> 0 | X80: =W80*CoefCirc -> 0 | Z80: =X80+ROW()/1000000 -> 8e-05 | AA80: =F80&"|"&U80&"|"&ROUND(J80,6) -> Identificación|Puesto de trabajo|530,285141
A81: ='Política de stock'!A81 -> P77 | B81: ='Política de stock'!B81 -> MP-56/ABC50 | C81: ='Política de stock'!C81 -> Etiqueta de características ABC 50 kg | D81: ='Política de stock'!D81 -> u | E81: ='Política de stock'!E81 -> Astuprint | F81: ='Política de stock'!V81 -> Identificación | G81: ='Política de stock'!G81 -> 4.1602583 | H81: ='Política de stock'!N81 -> 3.3282167 | I81: ='Política de stock'!U81 -> 1003.3282 | J81: =IF(G81>0,I81/G81,0) -> 241.16969 | K81: ='Política de stock'!K81 -> 10 | L81: =IF(K81>=UmbLT,"Alto","Bajo") -> Alto | M81: =IF('Política de stock'!F81>0,COUNTIFS('Política de stock'!$D$5:$D$119,D81,'Política de stock'!$F$5:$F$119,"<"&'Política de stock'!F81)/COUNTIF('Política de stock'!$D$5:$D$119,D81),0) -> 0.30120482 | N81: =IF(M81>=UmbVol,"Alto","Bajo") -> Bajo | O81: =IF(AND(L81="Alto",N81="Alto"),"Alta",IF(OR(L81="Alto",N81="Alto"),"Media","Baja")) -> Media | P81: ='Política de stock'!X81 -> 0.050166411 | Q81: 0.6 | R81: 5 | S81: =P81/R81*Q81 -> 0.0060199693 | U81: =IF(T81<>"",T81,IF(S81<=UmbCajon,"Puesto de trabajo","Almacén")) -> Puesto de trabajo | V81: =IF(U81="Almacén",ROUNDUP(P81,0),0) -> 0 | W81: =ROUNDUP(V81/R81,0)*Q81 -> 0 | X81: =W81*CoefCirc -> 0 | Z81: =X81+ROW()/1000000 -> 8.1e-05 | AA81: =F81&"|"&U81&"|"&ROUND(J81,6) -> Identificación|Puesto de trabajo|241,169691
A82: ='Política de stock'!A82 -> P78 | B82: ='Política de stock'!B82 -> MP-56/ABC70 | C82: ='Política de stock'!C82 -> Etiqueta de características ABC 70 kg | D82: ='Política de stock'!D82 -> u | E82: ='Política de stock'!E82 -> Astuprint | F82: ='Política de stock'!V82 -> Identificación | G82: ='Política de stock'!G82 -> 0.90654125 | H82: ='Política de stock'!N82 -> 0.7252375 | I82: ='Política de stock'!U82 -> 1000.7252 | J82: =IF(G82>0,I82/G82,0) -> 1103.8938 | K82: ='Política de stock'!K82 -> 10 | L82: =IF(K82>=UmbLT,"Alto","Bajo") -> Alto | M82: =IF('Política de stock'!F82>0,COUNTIFS('Política de stock'!$D$5:$D$119,D82,'Política de stock'!$F$5:$F$119,"<"&'Política de stock'!F82)/COUNTIF('Política de stock'!$D$5:$D$119,D82),0) -> 0.12048193 | N82: =IF(M82>=UmbVol,"Alto","Bajo") -> Bajo | O82: =IF(AND(L82="Alto",N82="Alto"),"Alta",IF(OR(L82="Alto",N82="Alto"),"Media","Baja")) -> Media | P82: ='Política de stock'!X82 -> 0.050036262 | Q82: 0.6 | R82: 5 | S82: =P82/R82*Q82 -> 0.0060043514 | U82: =IF(T82<>"",T82,IF(S82<=UmbCajon,"Puesto de trabajo","Almacén")) -> Puesto de trabajo | V82: =IF(U82="Almacén",ROUNDUP(P82,0),0) -> 0 | W82: =ROUNDUP(V82/R82,0)*Q82 -> 0 | X82: =W82*CoefCirc -> 0 | Z82: =X82+ROW()/1000000 -> 8.2e-05 | AA82: =F82&"|"&U82&"|"&ROUND(J82,6) -> Identificación|Puesto de trabajo|1103,893769
A83: ='Política de stock'!A83 -> P79 | B83: ='Política de stock'!B83 -> MP-56/ABC100 | C83: ='Política de stock'!C83 -> Etiqueta de características ABC 100 kg | D83: ='Política de stock'!D83 -> u | E83: ='Política de stock'!E83 -> Astuprint | F83: ='Política de stock'!V83 -> Identificación | G83: ='Política de stock'!G83 -> 0.6050025 | H83: ='Política de stock'!N83 -> 0.484025 | I83: ='Política de stock'!U83 -> 1000.484 | J83: =IF(G83>0,I83/G83,0) -> 1653.6858 | K83: ='Política de stock'!K83 -> 10 | L83: =IF(K83>=UmbLT,"Alto","Bajo") -> Alto | M83: =IF('Política de stock'!F83>0,COUNTIFS('Política de stock'!$D$5:$D$119,D83,'Política de stock'!$F$5:$F$119,"<"&'Política de stock'!F83)/COUNTIF('Política de stock'!$D$5:$D$119,D83),0) -> 0.084337349 | N83: =IF(M83>=UmbVol,"Alto","Bajo") -> Bajo | O83: =IF(AND(L83="Alto",N83="Alto"),"Alta",IF(OR(L83="Alto",N83="Alto"),"Media","Baja")) -> Media | P83: ='Política de stock'!X83 -> 0.050024201 | Q83: 0.6 | R83: 5 | S83: =P83/R83*Q83 -> 0.0060029042 | U83: =IF(T83<>"",T83,IF(S83<=UmbCajon,"Puesto de trabajo","Almacén")) -> Puesto de trabajo | V83: =IF(U83="Almacén",ROUNDUP(P83,0),0) -> 0 | W83: =ROUNDUP(V83/R83,0)*Q83 -> 0 | X83: =W83*CoefCirc -> 0 | Z83: =X83+ROW()/1000000 -> 8.3e-05 | AA83: =F83&"|"&U83&"|"&ROUND(J83,6) -> Identificación|Puesto de trabajo|1653,68577
A84: ='Política de stock'!A84 -> P80 | B84: ='Política de stock'!B84 -> MP-78 | C84: ='Política de stock'!C84 -> Oblea de fabricación (PBA) | D84: ='Política de stock'!D84 -> u | E84: ='Política de stock'!E84 -> DPS (PBA) | F84: ='Política de stock'!V84 -> Identificación | G84: ='Política de stock'!G84 -> 240.60783 | H84: ='Política de stock'!N84 -> 878.56912 | I84: ='Política de stock'!U84 -> 7878.5691 | J84: =IF(G84>0,I84/G84,0) -> 32.744442 | K84: ='Política de stock'!K84 -> 10 | L84: =IF(K84>=UmbLT,"Alto","Bajo") -> Alto | M84: =IF('Política de stock'!F84>0,COUNTIFS('Política de stock'!$D$5:$D$119,D84,'Política de stock'!$F$5:$F$119,"<"&'Política de stock'!F84)/COUNTIF('Política de stock'!$D$5:$D$119,D84),0) -> 0.74698795 | N84: =IF(M84>=UmbVol,"Alto","Bajo") -> Alto | O84: =IF(AND(L84="Alto",N84="Alto"),"Alta",IF(OR(L84="Alto",N84="Alto"),"Media","Baja")) -> Alta | P84: ='Política de stock'!X84 -> 0.78785691 | Q84: 0.6 | R84: 5 | S84: =P84/R84*Q84 -> 0.094542829 | T84: Almacén | U84: =IF(T84<>"",T84,IF(S84<=UmbCajon,"Puesto de trabajo","Almacén")) -> Almacén | V84: =IF(U84="Almacén",ROUNDUP(P84,0),0) -> 1 | W84: =ROUNDUP(V84/R84,0)*Q84 -> 0.6 | X84: =W84*CoefCirc -> 0.9 | Y84: Sello oficial numerado: siempre en almacén (sector bajo llave). | Z84: =X84+ROW()/1000000 -> 0.900084 | AA84: =F84&"|"&U84&"|"&ROUND(J84,6) -> Identificación|Almacén|32,744442
A85: ='Política de stock'!A85 -> P81 | B85: ='Política de stock'!B85 -> MP-79 | C85: ='Política de stock'!C85 -> Estampilla IRAM de conformidad | D85: ='Política de stock'!D85 -> u | E85: ='Política de stock'!E85 -> IRAM | F85: ='Política de stock'!V85 -> Identificación | G85: ='Política de stock'!G85 -> 315.02043 | H85: ='Política de stock'!N85 -> 1150.2835 | I85: ='Política de stock'!U85 -> 10150.284 | J85: =IF(G85>0,I85/G85,0) -> 32.221032 | K85: ='Política de stock'!K85 -> 10 | L85: =IF(K85>=UmbLT,"Alto","Bajo") -> Alto | M85: =IF('Política de stock'!F85>0,COUNTIFS('Política de stock'!$D$5:$D$119,D85,'Política de stock'!$F$5:$F$119,"<"&'Política de stock'!F85)/COUNTIF('Política de stock'!$D$5:$D$119,D85),0) -> 0.77108434 | N85: =IF(M85>=UmbVol,"Alto","Bajo") -> Alto | O85: =IF(AND(L85="Alto",N85="Alto"),"Alta",IF(OR(L85="Alto",N85="Alto"),"Media","Baja")) -> Alta | P85: ='Política de stock'!X85 -> 1.0150284 | Q85: 0.6 | R85: 5 | S85: =P85/R85*Q85 -> 0.1218034 | T85: Almacén | U85: =IF(T85<>"",T85,IF(S85<=UmbCajon,"Puesto de trabajo","Almacén")) -> Almacén | V85: =IF(U85="Almacén",ROUNDUP(P85,0),0) -> 2 | W85: =ROUNDUP(V85/R85,0)*Q85 -> 0.6 | X85: =W85*CoefCirc -> 0.9 | Y85: Sello oficial numerado: siempre en almacén (sector bajo llave). | Z85: =X85+ROW()/1000000 -> 0.900085 | AA85: =F85&"|"&U85&"|"&ROUND(J85,6) -> Identificación|Almacén|32,221032
A86: ='Política de stock'!A86 -> P82 | B86: ='Política de stock'!B86 -> MP-77 | C86: ='Política de stock'!C86 -> Tarjeta de identificación AGC (CABA) | D86: ='Política de stock'!D86 -> u | E86: ='Política de stock'!E86 -> AGC (CABA) | F86: ='Política de stock'!V86 -> Identificación | G86: ='Política de stock'!G86 -> 171.89119 | H86: ='Política de stock'!N86 -> 188.13182 | I86: ='Política de stock'!U86 -> 4188.1318 | J86: =IF(G86>0,I86/G86,0) -> 24.365017 | K86: ='Política de stock'!K86 -> 10 | L86: =IF(K86>=UmbLT,"Alto","Bajo") -> Alto | M86: =IF('Política de stock'!F86>0,COUNTIFS('Política de stock'!$D$5:$D$119,D86,'Política de stock'!$F$5:$F$119,"<"&'Política de stock'!F86)/COUNTIF('Política de stock'!$D$5:$D$119,D86),0) -> 0.69879518 | N86: =IF(M86>=UmbVol,"Alto","Bajo") -> Alto | O86: =IF(AND(L86="Alto",N86="Alto"),"Alta",IF(OR(L86="Alto",N86="Alto"),"Media","Baja")) -> Alta | P86: ='Política de stock'!X86 -> 0.41881318 | Q86: 0.6 | R86: 5 | S86: =P86/R86*Q86 -> 0.050257582 | T86: Almacén | U86: =IF(T86<>"",T86,IF(S86<=UmbCajon,"Puesto de trabajo","Almacén")) -> Almacén | V86: =IF(U86="Almacén",ROUNDUP(P86,0),0) -> 1 | W86: =ROUNDUP(V86/R86,0)*Q86 -> 0.6 | X86: =W86*CoefCirc -> 0.9 | Y86: Sello oficial numerado: siempre en almacén (sector bajo llave). | Z86: =X86+ROW()/1000000 -> 0.900086 | AA86: =F86&"|"&U86&"|"&ROUND(J86,6) -> Identificación|Almacén|24,365017
A87: ='Política de stock'!A87 -> P83 | B87: ='Política de stock'!B87 -> MP-80 | C87: ='Política de stock'!C87 -> Etiqueta de n° de serie GS1 | D87: ='Política de stock'!D87 -> u | E87: ='Política de stock'!E87 -> Astuprint | F87: ='Política de stock'!V87 -> Identificación | G87: ='Política de stock'!G87 -> 315.02043 | H87: ='Política de stock'!N87 -> 1150.2835 | I87: ='Política de stock'!U87 -> 10150.284 | J87: =IF(G87>0,I87/G87,0) -> 32.221032 | K87: ='Política de stock'!K87 -> 10 | L87: =IF(K87>=UmbLT,"Alto","Bajo") -> Alto | M87: =IF('Política de stock'!F87>0,COUNTIFS('Política de stock'!$D$5:$D$119,D87,'Política de stock'!$F$5:$F$119,"<"&'Política de stock'!F87)/COUNTIF('Política de stock'!$D$5:$D$119,D87),0) -> 0.77108434 | N87: =IF(M87>=UmbVol,"Alto","Bajo") -> Alto | O87: =IF(AND(L87="Alto",N87="Alto"),"Alta",IF(OR(L87="Alto",N87="Alto"),"Media","Baja")) -> Alta | P87: ='Política de stock'!X87 -> 0.50751418 | Q87: 0.6 | R87: 5 | S87: =P87/R87*Q87 -> 0.060901701 | U87: =IF(T87<>"",T87,IF(S87<=UmbCajon,"Puesto de trabajo","Almacén")) -> Puesto de trabajo | V87: =IF(U87="Almacén",ROUNDUP(P87,0),0) -> 0 | W87: =ROUNDUP(V87/R87,0)*Q87 -> 0 | X87: =W87*CoefCirc -> 0 | Z87: =X87+ROW()/1000000 -> 8.7e-05 | AA87: =F87&"|"&U87&"|"&ROUND(J87,6) -> Identificación|Puesto de trabajo|32,221032
A88: ='Política de stock'!A88 -> P84 | B88: ='Política de stock'!B88 -> MP-81 | C88: ='Política de stock'!C88 -> Faja de garantía válvula-cuello | D88: ='Política de stock'!D88 -> u | E88: ='Política de stock'!E88 -> Astuprint | F88: ='Política de stock'!V88 -> Identificación | G88: ='Política de stock'!G88 -> 315.02043 | H88: ='Política de stock'!N88 -> 1150.2835 | I88: ='Política de stock'!U88 -> 10150.284 | J88: =IF(G88>0,I88/G88,0) -> 32.221032 | K88: ='Política de stock'!K88 -> 10 | L88: =IF(K88>=UmbLT,"Alto","Bajo") -> Alto | M88: =IF('Política de stock'!F88>0,COUNTIFS('Política de stock'!$D$5:$D$119,D88,'Política de stock'!$F$5:$F$119,"<"&'Política de stock'!F88)/COUNTIF('Política de stock'!$D$5:$D$119,D88),0) -> 0.77108434 | N88: =IF(M88>=UmbVol,"Alto","Bajo") -> Alto | O88: =IF(AND(L88="Alto",N88="Alto"),"Alta",IF(OR(L88="Alto",N88="Alto"),"Media","Baja")) -> Alta | P88: ='Política de stock'!X88 -> 0.50751418 | Q88: 0.6 | R88: 5 | S88: =P88/R88*Q88 -> 0.060901701 | U88: =IF(T88<>"",T88,IF(S88<=UmbCajon,"Puesto de trabajo","Almacén")) -> Puesto de trabajo | V88: =IF(U88="Almacén",ROUNDUP(P88,0),0) -> 0 | W88: =ROUNDUP(V88/R88,0)*Q88 -> 0 | X88: =W88*CoefCirc -> 0 | Z88: =X88+ROW()/1000000 -> 8.8e-05 | AA88: =F88&"|"&U88&"|"&ROUND(J88,6) -> Identificación|Puesto de trabajo|32,221032
A89: ='Política de stock'!A89 -> P85 | B89: ='Política de stock'!B89 -> MP-51 | C89: ='Política de stock'!C89 -> Precinto de fábrica | D89: ='Política de stock'!D89 -> u | E89: ='Política de stock'!E89 -> SonFuertes | F89: ='Política de stock'!V89 -> Identificación | G89: ='Política de stock'!G89 -> 315.02043 | H89: ='Política de stock'!N89 -> 1150.2835 | I89: ='Política de stock'!U89 -> 10150.284 | J89: =IF(G89>0,I89/G89,0) -> 32.221032 | K89: ='Política de stock'!K89 -> 10 | L89: =IF(K89>=UmbLT,"Alto","Bajo") -> Alto | M89: =IF('Política de stock'!F89>0,COUNTIFS('Política de stock'!$D$5:$D$119,D89,'Política de stock'!$F$5:$F$119,"<"&'Política de stock'!F89)/COUNTIF('Política de stock'!$D$5:$D$119,D89),0) -> 0.77108434 | N89: =IF(M89>=UmbVol,"Alto","Bajo") -> Alto | O89: =IF(AND(L89="Alto",N89="Alto"),"Alta",IF(OR(L89="Alto",N89="Alto"),"Media","Baja")) -> Alta | P89: ='Política de stock'!X89 -> 0.50751418 | Q89: 0.6 | R89: 5 | S89: =P89/R89*Q89 -> 0.060901701 | U89: =IF(T89<>"",T89,IF(S89<=UmbCajon,"Puesto de trabajo","Almacén")) -> Puesto de trabajo | V89: =IF(U89="Almacén",ROUNDUP(P89,0),0) -> 0 | W89: =ROUNDUP(V89/R89,0)*Q89 -> 0 | X89: =W89*CoefCirc -> 0 | Z89: =X89+ROW()/1000000 -> 8.9e-05 | AA89: =F89&"|"&U89&"|"&ROUND(J89,6) -> Identificación|Puesto de trabajo|32,221032
A90: ='Política de stock'!A90 -> P86 | B90: ='Política de stock'!B90 -> MP-88 | C90: ='Política de stock'!C90 -> Etiqueta del cilindro suelto | D90: ='Política de stock'!D90 -> u | E90: ='Política de stock'!E90 -> Astuprint | F90: ='Política de stock'!V90 -> Identificación | G90: ='Política de stock'!G90 -> 889.29167 | H90: ='Política de stock'!N90 -> 3685.6033 | I90: ='Política de stock'!U90 -> 29685.603 | J90: =IF(G90>0,I90/G90,0) -> 33.381178 | K90: ='Política de stock'!K90 -> 10 | L90: =IF(K90>=UmbLT,"Alto","Bajo") -> Alto | M90: =IF('Política de stock'!F90>0,COUNTIFS('Política de stock'!$D$5:$D$119,D90,'Política de stock'!$F$5:$F$119,"<"&'Política de stock'!F90)/COUNTIF('Política de stock'!$D$5:$D$119,D90),0) -> 0.97590361 | N90: =IF(M90>=UmbVol,"Alto","Bajo") -> Alto | O90: =IF(AND(L90="Alto",N90="Alto"),"Alta",IF(OR(L90="Alto",N90="Alto"),"Media","Baja")) -> Alta | P90: ='Política de stock'!X90 -> 1.4842802 | Q90: 0.6 | R90: 5 | S90: =P90/R90*Q90 -> 0.17811362 | U90: =IF(T90<>"",T90,IF(S90<=UmbCajon,"Puesto de trabajo","Almacén")) -> Almacén | V90: =IF(U90="Almacén",ROUNDUP(P90,0),0) -> 2 | W90: =ROUNDUP(V90/R90,0)*Q90 -> 0.6 | X90: =W90*CoefCirc -> 0.9 | Z90: =X90+ROW()/1000000 -> 0.90009 | AA90: =F90&"|"&U90&"|"&ROUND(J90,6) -> Identificación|Almacén|33,381178
A91: ='Política de stock'!A91 -> P87 | B91: ='Política de stock'!B91 -> MP-62/M22 | C91: ='Política de stock'!C91 -> Tapón protector de rosca M22 | D91: ='Política de stock'!D91 -> u | E91: ='Política de stock'!E91 -> A definir (inyectora) | F91: ='Política de stock'!V91 -> Embalaje | G91: ='Política de stock'!G91 -> 710.61667 | H91: ='Política de stock'!N91 -> 3126.7133 | I91: ='Política de stock'!U91 -> 28126.713 | J91: =IF(G91>0,I91/G91,0) -> 39.580712 | K91: ='Política de stock'!K91 -> 10 | L91: =IF(K91>=UmbLT,"Alto","Bajo") -> Alto | M91: =IF('Política de stock'!F91>0,COUNTIFS('Política de stock'!$D$5:$D$119,D91,'Política de stock'!$F$5:$F$119,"<"&'Política de stock'!F91)/COUNTIF('Política de stock'!$D$5:$D$119,D91),0) -> 0.92771084 | N91: =IF(M91>=UmbVol,"Alto","Bajo") -> Alto | O91: =IF(AND(L91="Alto",N91="Alto"),"Alta",IF(OR(L91="Alto",N91="Alto"),"Media","Baja")) -> Alta | P91: ='Política de stock'!X91 -> 0.70316783 | Q91: 0.6 | R91: 5 | S91: =P91/R91*Q91 -> 0.08438014 | U91: =IF(T91<>"",T91,IF(S91<=UmbCajon,"Puesto de trabajo","Almacén")) -> Puesto de trabajo | V91: =IF(U91="Almacén",ROUNDUP(P91,0),0) -> 0 | W91: =ROUNDUP(V91/R91,0)*Q91 -> 0 | X91: =W91*CoefCirc -> 0 | Z91: =X91+ROW()/1000000 -> 9.1e-05 | AA91: =F91&"|"&U91&"|"&ROUND(J91,6) -> Embalaje|Puesto de trabajo|39,580712
A92: ='Política de stock'!A92 -> P88 | B92: ='Política de stock'!B92 -> MP-62/M30 | C92: ='Política de stock'!C92 -> Tapón protector de rosca M30 | D92: ='Política de stock'!D92 -> u | E92: ='Política de stock'!E92 -> A definir (inyectora) | F92: ='Política de stock'!V92 -> Embalaje | G92: ='Política de stock'!G92 -> 177.60417 | H92: ='Política de stock'!N92 -> 558.03333 | I92: ='Política de stock'!U92 -> 5558.0333 | J92: =IF(G92>0,I92/G92,0) -> 31.294499 | K92: ='Política de stock'!K92 -> 10 | L92: =IF(K92>=UmbLT,"Alto","Bajo") -> Alto | M92: =IF('Política de stock'!F92>0,COUNTIFS('Política de stock'!$D$5:$D$119,D92,'Política de stock'!$F$5:$F$119,"<"&'Política de stock'!F92)/COUNTIF('Política de stock'!$D$5:$D$119,D92),0) -> 0.72289157 | N92: =IF(M92>=UmbVol,"Alto","Bajo") -> Alto | O92: =IF(AND(L92="Alto",N92="Alto"),"Alta",IF(OR(L92="Alto",N92="Alto"),"Media","Baja")) -> Alta | P92: ='Política de stock'!X92 -> 0.13895083 | Q92: 0.6 | R92: 5 | S92: =P92/R92*Q92 -> 0.0166741 | U92: =IF(T92<>"",T92,IF(S92<=UmbCajon,"Puesto de trabajo","Almacén")) -> Puesto de trabajo | V92: =IF(U92="Almacén",ROUNDUP(P92,0),0) -> 0 | W92: =ROUNDUP(V92/R92,0)*Q92 -> 0 | X92: =W92*CoefCirc -> 0 | Z92: =X92+ROW()/1000000 -> 9.2e-05 | AA92: =F92&"|"&U92&"|"&ROUND(J92,6) -> Embalaje|Puesto de trabajo|31,294499
A93: ='Política de stock'!A93 -> P89 | B93: ='Política de stock'!B93 -> MP-62/2½ | C93: ='Política de stock'!C93 -> Tapón protector de rosca 2½" | D93: ='Política de stock'!D93 -> u | E93: ='Política de stock'!E93 -> A definir (inyectora) | F93: ='Política de stock'!V93 -> Embalaje | G93: ='Política de stock'!G93 -> 1.0708333 | H93: ='Política de stock'!N93 -> 0.85666667 | I93: ='Política de stock'!U93 -> 5000.8567 | J93: =IF(G93>0,I93/G93,0) -> 4670.0607 | K93: ='Política de stock'!K93 -> 10 | L93: =IF(K93>=UmbLT,"Alto","Bajo") -> Alto | M93: =IF('Política de stock'!F93>0,COUNTIFS('Política de stock'!$D$5:$D$119,D93,'Política de stock'!$F$5:$F$119,"<"&'Política de stock'!F93)/COUNTIF('Política de stock'!$D$5:$D$119,D93),0) -> 0.14457831 | N93: =IF(M93>=UmbVol,"Alto","Bajo") -> Bajo | O93: =IF(AND(L93="Alto",N93="Alto"),"Alta",IF(OR(L93="Alto",N93="Alto"),"Media","Baja")) -> Media | P93: ='Política de stock'!X93 -> 0.12502142 | Q93: 0.6 | R93: 5 | S93: =P93/R93*Q93 -> 0.01500257 | U93: =IF(T93<>"",T93,IF(S93<=UmbCajon,"Puesto de trabajo","Almacén")) -> Puesto de trabajo | V93: =IF(U93="Almacén",ROUNDUP(P93,0),0) -> 0 | W93: =ROUNDUP(V93/R93,0)*Q93 -> 0 | X93: =W93*CoefCirc -> 0 | Z93: =X93+ROW()/1000000 -> 9.3e-05 | AA93: =F93&"|"&U93&"|"&ROUND(J93,6) -> Embalaje|Puesto de trabajo|4670,0607
A94: ='Política de stock'!A94 -> P90 | B94: ='Política de stock'!B94 -> MP-85 | C94: ='Política de stock'!C94 -> Impresos (protocolo de ensayo, remito de préstamo) | D94: ='Política de stock'!D94 -> u | E94: ='Política de stock'!E94 -> Astuprint | F94: ='Política de stock'!V94 -> Identificación | G94: ='Política de stock'!G94 -> 884.57308 | H94: ='Política de stock'!N94 -> 3681.3133 | I94: ='Política de stock'!U94 -> 29181.313 | J94: =IF(G94>0,I94/G94,0) -> 32.989149 | K94: ='Política de stock'!K94 -> 10 | L94: =IF(K94>=UmbLT,"Alto","Bajo") -> Alto | M94: =IF('Política de stock'!F94>0,COUNTIFS('Política de stock'!$D$5:$D$119,D94,'Política de stock'!$F$5:$F$119,"<"&'Política de stock'!F94)/COUNTIF('Política de stock'!$D$5:$D$119,D94),0) -> 0.96385542 | N94: =IF(M94>=UmbVol,"Alto","Bajo") -> Alto | O94: =IF(AND(L94="Alto",N94="Alto"),"Alta",IF(OR(L94="Alto",N94="Alto"),"Media","Baja")) -> Alta | P94: ='Política de stock'!X94 -> 2.9181313 | Q94: 0.6 | R94: 5 | S94: =P94/R94*Q94 -> 0.35017576 | U94: =IF(T94<>"",T94,IF(S94<=UmbCajon,"Puesto de trabajo","Almacén")) -> Almacén | V94: =IF(U94="Almacén",ROUNDUP(P94,0),0) -> 3 | W94: =ROUNDUP(V94/R94,0)*Q94 -> 0.6 | X94: =W94*CoefCirc -> 0.9 | Z94: =X94+ROW()/1000000 -> 0.900094 | AA94: =F94&"|"&U94&"|"&ROUND(J94,6) -> Identificación|Almacén|32,989149
A95: ='Política de stock'!A95 -> P91 | B95: ='Política de stock'!B95 -> MP-57 | C95: ='Política de stock'!C95 -> Marbete del año | D95: ='Política de stock'!D95 -> u | E95: ='Política de stock'!E95 -> Astuprint | F95: ='Política de stock'!V95 -> Insumos de recargas | G95: ='Política de stock'!G95 -> 536.30902 | H95: ='Política de stock'!N95 -> 0 | I95: ='Política de stock'!U95 -> 11000 | J95: =IF(G95>0,I95/G95,0) -> 20.510563 | K95: ='Política de stock'!K95 -> 10 | L95: =IF(K95>=UmbLT,"Alto","Bajo") -> Alto | M95: =IF('Política de stock'!F95>0,COUNTIFS('Política de stock'!$D$5:$D$119,D95,'Política de stock'!$F$5:$F$119,"<"&'Política de stock'!F95)/COUNTIF('Política de stock'!$D$5:$D$119,D95),0) -> 0.89156627 | N95: =IF(M95>=UmbVol,"Alto","Bajo") -> Alto | O95: =IF(AND(L95="Alto",N95="Alto"),"Alta",IF(OR(L95="Alto",N95="Alto"),"Media","Baja")) -> Alta | P95: ='Política de stock'!X95 -> 0.55 | Q95: 0.6 | R95: 5 | S95: =P95/R95*Q95 -> 0.066 | U95: =IF(T95<>"",T95,IF(S95<=UmbCajon,"Puesto de trabajo","Almacén")) -> Puesto de trabajo | V95: =IF(U95="Almacén",ROUNDUP(P95,0),0) -> 0 | W95: =ROUNDUP(V95/R95,0)*Q95 -> 0 | X95: =W95*CoefCirc -> 0 | Z95: =X95+ROW()/1000000 -> 9.5e-05 | AA95: =F95&"|"&U95&"|"&ROUND(J95,6) -> Insumos de recargas|Puesto de trabajo|20,510563
A96: ='Política de stock'!A96 -> P92 | B96: ='Política de stock'!B96 -> MP-97 | C96: ='Política de stock'!C96 -> Precinto del recargador | D96: ='Política de stock'!D96 -> u | E96: ='Política de stock'!E96 -> SonFuertes | F96: ='Política de stock'!V96 -> Insumos de recargas | G96: ='Política de stock'!G96 -> 536.30902 | H96: ='Política de stock'!N96 -> 0 | I96: ='Política de stock'!U96 -> 11000 | J96: =IF(G96>0,I96/G96,0) -> 20.510563 | K96: ='Política de stock'!K96 -> 10 | L96: =IF(K96>=UmbLT,"Alto","Bajo") -> Alto | M96: =IF('Política de stock'!F96>0,COUNTIFS('Política de stock'!$D$5:$D$119,D96,'Política de stock'!$F$5:$F$119,"<"&'Política de stock'!F96)/COUNTIF('Política de stock'!$D$5:$D$119,D96),0) -> 0.89156627 | N96: =IF(M96>=UmbVol,"Alto","Bajo") -> Alto | O96: =IF(AND(L96="Alto",N96="Alto"),"Alta",IF(OR(L96="Alto",N96="Alto"),"Media","Baja")) -> Alta | P96: ='Política de stock'!X96 -> 0.55 | Q96: 0.6 | R96: 5 | S96: =P96/R96*Q96 -> 0.066 | U96: =IF(T96<>"",T96,IF(S96<=UmbCajon,"Puesto de trabajo","Almacén")) -> Puesto de trabajo | V96: =IF(U96="Almacén",ROUNDUP(P96,0),0) -> 0 | W96: =ROUNDUP(V96/R96,0)*Q96 -> 0 | X96: =W96*CoefCirc -> 0 | Z96: =X96+ROW()/1000000 -> 9.6e-05 | AA96: =F96&"|"&U96&"|"&ROUND(J96,6) -> Insumos de recargas|Puesto de trabajo|20,510563
A97: ='Política de stock'!A97 -> P93 | B97: ='Política de stock'!B97 -> MP-72 | C97: ='Política de stock'!C97 -> Etiqueta de servicio | D97: ='Política de stock'!D97 -> u | E97: ='Política de stock'!E97 -> Astuprint | F97: ='Política de stock'!V97 -> Insumos de recargas | G97: ='Política de stock'!G97 -> 536.30902 | H97: ='Política de stock'!N97 -> 0 | I97: ='Política de stock'!U97 -> 11000 | J97: =IF(G97>0,I97/G97,0) -> 20.510563 | K97: ='Política de stock'!K97 -> 10 | L97: =IF(K97>=UmbLT,"Alto","Bajo") -> Alto | M97: =IF('Política de stock'!F97>0,COUNTIFS('Política de stock'!$D$5:$D$119,D97,'Política de stock'!$F$5:$F$119,"<"&'Política de stock'!F97)/COUNTIF('Política de stock'!$D$5:$D$119,D97),0) -> 0.89156627 | N97: =IF(M97>=UmbVol,"Alto","Bajo") -> Alto | O97: =IF(AND(L97="Alto",N97="Alto"),"Alta",IF(OR(L97="Alto",N97="Alto"),"Media","Baja")) -> Alta | P97: ='Política de stock'!X97 -> 0.55 | Q97: 0.6 | R97: 5 | S97: =P97/R97*Q97 -> 0.066 | U97: =IF(T97<>"",T97,IF(S97<=UmbCajon,"Puesto de trabajo","Almacén")) -> Puesto de trabajo | V97: =IF(U97="Almacén",ROUNDUP(P97,0),0) -> 0 | W97: =ROUNDUP(V97/R97,0)*Q97 -> 0 | X97: =W97*CoefCirc -> 0 | Z97: =X97+ROW()/1000000 -> 9.7e-05 | AA97: =F97&"|"&U97&"|"&ROUND(J97,6) -> Insumos de recargas|Puesto de trabajo|20,510563
A98: ='Política de stock'!A98 -> P94 | B98: ='Política de stock'!B98 -> MP-75 | C98: ='Política de stock'!C98 -> Estampilla y oblea de recarga (PBA) | D98: ='Política de stock'!D98 -> u | E98: ='Política de stock'!E98 -> DPS (PBA) | F98: ='Política de stock'!V98 -> Insumos de recargas | G98: ='Política de stock'!G98 -> 425.00962 | H98: ='Política de stock'!N98 -> 0 | I98: ='Política de stock'!U98 -> 9000 | J98: =IF(G98>0,I98/G98,0) -> 21.175991 | K98: ='Política de stock'!K98 -> 10 | L98: =IF(K98>=UmbLT,"Alto","Bajo") -> Alto | M98: =IF('Política de stock'!F98>0,COUNTIFS('Política de stock'!$D$5:$D$119,D98,'Política de stock'!$F$5:$F$119,"<"&'Política de stock'!F98)/COUNTIF('Política de stock'!$D$5:$D$119,D98),0) -> 0.85542169 | N98: =IF(M98>=UmbVol,"Alto","Bajo") -> Alto | O98: =IF(AND(L98="Alto",N98="Alto"),"Alta",IF(OR(L98="Alto",N98="Alto"),"Media","Baja")) -> Alta | P98: ='Política de stock'!X98 -> 0.9 | Q98: 0.6 | R98: 5 | S98: =P98/R98*Q98 -> 0.108 | T98: Almacén | U98: =IF(T98<>"",T98,IF(S98<=UmbCajon,"Puesto de trabajo","Almacén")) -> Almacén | V98: =IF(U98="Almacén",ROUNDUP(P98,0),0) -> 1 | W98: =ROUNDUP(V98/R98,0)*Q98 -> 0.6 | X98: =W98*CoefCirc -> 0.9 | Y98: Sello oficial numerado: siempre en almacén (sector bajo llave). | Z98: =X98+ROW()/1000000 -> 0.900098 | AA98: =F98&"|"&U98&"|"&ROUND(J98,6) -> Insumos de recargas|Almacén|21,175991
A99: ='Política de stock'!A99 -> P95 | B99: ='Política de stock'!B99 -> MP-76 | C99: ='Política de stock'!C99 -> Tarjeta de identificación DPS (PBA) | D99: ='Política de stock'!D99 -> u | E99: ='Política de stock'!E99 -> DPS (PBA) | F99: ='Política de stock'!V99 -> Insumos de recargas | G99: ='Política de stock'!G99 -> 425.00962 | H99: ='Política de stock'!N99 -> 0 | I99: ='Política de stock'!U99 -> 9000 | J99: =IF(G99>0,I99/G99,0) -> 21.175991 | K99: ='Política de stock'!K99 -> 10 | L99: =IF(K99>=UmbLT,"Alto","Bajo") -> Alto | M99: =IF('Política de stock'!F99>0,COUNTIFS('Política de stock'!$D$5:$D$119,D99,'Política de stock'!$F$5:$F$119,"<"&'Política de stock'!F99)/COUNTIF('Política de stock'!$D$5:$D$119,D99),0) -> 0.85542169 | N99: =IF(M99>=UmbVol,"Alto","Bajo") -> Alto | O99: =IF(AND(L99="Alto",N99="Alto"),"Alta",IF(OR(L99="Alto",N99="Alto"),"Media","Baja")) -> Alta | P99: ='Política de stock'!X99 -> 0.9 | Q99: 0.6 | R99: 5 | S99: =P99/R99*Q99 -> 0.108 | T99: Almacén | U99: =IF(T99<>"",T99,IF(S99<=UmbCajon,"Puesto de trabajo","Almacén")) -> Almacén | V99: =IF(U99="Almacén",ROUNDUP(P99,0),0) -> 1 | W99: =ROUNDUP(V99/R99,0)*Q99 -> 0.6 | X99: =W99*CoefCirc -> 0.9 | Y99: Sello oficial numerado: siempre en almacén (sector bajo llave). | Z99: =X99+ROW()/1000000 -> 0.900099 | AA99: =F99&"|"&U99&"|"&ROUND(J99,6) -> Insumos de recargas|Almacén|21,175991
A100: ='Política de stock'!A100 -> P96 | B100: ='Política de stock'!B100 -> MP-82 | C100: ='Política de stock'!C100 -> Faja amarilla de sustituto | D100: ='Política de stock'!D100 -> u | E100: ='Política de stock'!E100 -> Astuprint | F100: ='Política de stock'!V100 -> Insumos de recargas | G100: ='Política de stock'!G100 -> 0.64391208 | H100: ='Política de stock'!N100 -> 0 | I100: ='Política de stock'!U100 -> 1000 | J100: =IF(G100>0,I100/G100,0) -> 1553.007 | K100: ='Política de stock'!K100 -> 10 | L100: =IF(K100>=UmbLT,"Alto","Bajo") -> Alto | M100: =IF('Política de stock'!F100>0,COUNTIFS('Política de stock'!$D$5:$D$119,D100,'Política de stock'!$F$5:$F$119,"<"&'Política de stock'!F100)/COUNTIF('Política de stock'!$D$5:$D$119,D100),0) -> 0.10843373 | N100: =IF(M100>=UmbVol,"Alto","Bajo") -> Bajo | O100: =IF(AND(L100="Alto",N100="Alto"),"Alta",IF(OR(L100="Alto",N100="Alto"),"Media","Baja")) -> Media | P100: ='Política de stock'!X100 -> 0.05 | Q100: 0.6 | R100: 5 | S100: =P100/R100*Q100 -> 0.006 | U100: =IF(T100<>"",T100,IF(S100<=UmbCajon,"Puesto de trabajo","Almacén")) -> Puesto de trabajo | V100: =IF(U100="Almacén",ROUNDUP(P100,0),0) -> 0 | W100: =ROUNDUP(V100/R100,0)*Q100 -> 0 | X100: =W100*CoefCirc -> 0 | Z100: =X100+ROW()/1000000 -> 0.0001 | AA100: =F100&"|"&U100&"|"&ROUND(J100,6) -> Insumos de recargas|Puesto de trabajo|1553,007042
A101: ='Política de stock'!A101 -> P97 | B101: ='Política de stock'!B101 -> MP-83 | C101: ='Política de stock'!C101 -> Tarjeta DPS «sustituto habilitado» | D101: ='Política de stock'!D101 -> u | E101: ='Política de stock'!E101 -> DPS (PBA) | F101: ='Política de stock'!V101 -> Insumos de recargas | G101: ='Política de stock'!G101 -> 0.51028208 | H101: ='Política de stock'!N101 -> 0 | I101: ='Política de stock'!U101 -> 500 | J101: =IF(G101>0,I101/G101,0) -> 979.8502 | K101: ='Política de stock'!K101 -> 10 | L101: =IF(K101>=UmbLT,"Alto","Bajo") -> Alto | M101: =IF('Política de stock'!F101>0,COUNTIFS('Política de stock'!$D$5:$D$119,D101,'Política de stock'!$F$5:$F$119,"<"&'Política de stock'!F101)/COUNTIF('Política de stock'!$D$5:$D$119,D101),0) -> 0.072289157 | N101: =IF(M101>=UmbVol,"Alto","Bajo") -> Bajo | O101: =IF(AND(L101="Alto",N101="Alto"),"Alta",IF(OR(L101="Alto",N101="Alto"),"Media","Baja")) -> Media | P101: ='Política de stock'!X101 -> 0.05 | Q101: 0.6 | R101: 5 | S101: =P101/R101*Q101 -> 0.006 | T101: Almacén | U101: =IF(T101<>"",T101,IF(S101<=UmbCajon,"Puesto de trabajo","Almacén")) -> Almacén | V101: =IF(U101="Almacén",ROUNDUP(P101,0),0) -> 1 | W101: =ROUNDUP(V101/R101,0)*Q101 -> 0.6 | X101: =W101*CoefCirc -> 0.9 | Y101: Sello oficial numerado: siempre en almacén (sector bajo llave). | Z101: =X101+ROW()/1000000 -> 0.900101 | AA101: =F101&"|"&U101&"|"&ROUND(J101,6) -> Insumos de recargas|Almacén|979,850197
...

Sheet Procesado
A1: Almacenamiento procesado: cuerpos cortados y cúpulas y fondos embutidos
A2: Es lo que se corta o embute en planta por adelantado según la producción: cuerpos de chapa (guillotina) y de tubo (1 kg), y cúpulas y fondos de fleje. Colchón = días de producción de Supuestos (manuales y rodantes) sobre la demanda 2035 del MRP nuevo. Las cúpulas y fondos de 25 a 100 kg son comprados y están en su sección.
A3: A) Cuerpos cortados
A4: Formato | B4: Línea | C4: Cuerpos a fabricar en el año 2035 | D4: Cuerpos por mes | E4: Cuerpos por día hábil | F4: Días de colchón | G4: Cuerpos en colchón | H4: Desarrollo (mm) — Ø en el tubo | I4: Alto (mm) | J4: Espesor (mm) | K4: Masa por cuerpo (kg) | L4: Peso del colchón (kg) | M4: Pilas por pallet (cuerpos por capa en el tubo) | N4: Cuerpos por pila (altura máx.) | O4: Cuerpos por pallet | P4: Pallets | Q4: Huella por pallet (m²) | R4: Área neta (m²) | S4: Área bruta (m²)
A5: 1 kg (tubo) | B5: Manual | C5: 202620.6 | D5: =C5/12 -> 16885.05 | E5: =C5/DiasAnio -> 844.2525 | F5: =IF(B5="Manual",DiasManual,DiasRodante) -> 7 | G5: =ROUNDUP(E5*F5,0) -> 5910 | H5: 76.2 | I5: 251.8 | J5: 1.25 | K5: 0.595 | L5: =G5*K5 -> 3516.45 | M5: =INT(PalL*1000/(H5+10))*INT(PalA*1000/(H5+10)) -> 143 | N5: =INT(AltPilaTubo/I5) -> 3 | O5: =MAX(1,MIN(INT(KgPallet/K5),M5*N5)) -> 429 | P5: =ROUNDUP(G5/O5,0) -> 14 | Q5: =MAX(HuellaPallet,(H5+100)*(I5+100)/1000000) -> 1.2 | R5: =ROUNDUP(P5/NivBuffer,0)*Q5 -> 16.8 | S5: =R5*CoefCirc -> 25.2
A6: 2,5 kg | B6: Manual | C6: 14093.9 | D6: =C6/12 -> 1174.4917 | E6: =C6/DiasAnio -> 58.724583 | F6: =IF(B6="Manual",DiasManual,DiasRodante) -> 7 | G6: =ROUNDUP(E6*F6,0) -> 412 | H6: 385.5 | I6: 269.5 | J6: 1.25 | K6: 1.02204 | L6: =G6*K6 -> 421.08048 | M6: =MAX(1,INT(PalL*1000/(H6+20))*INT(PalA*1000/(I6+20)),INT(PalL*1000/(I6+20))*INT(PalA*1000/(H6+20))) -> 8 | N6: =INT(AltPila/J6) -> 160 | O6: =MAX(1,MIN(INT(KgPallet/K6),M6*N6)) -> 978 | P6: =ROUNDUP(G6/O6,0) -> 1 | Q6: =MAX(HuellaPallet,(H6+100)*(I6+100)/1000000) -> 1.2 | R6: =ROUNDUP(P6/NivBuffer,0)*Q6 -> 1.2 | S6: =R6*CoefCirc -> 1.8
A7: 5 kg | B7: Manual | C7: 65364.6 | D7: =C7/12 -> 5447.05 | E7: =C7/DiasAnio -> 272.3525 | F7: =IF(B7="Manual",DiasManual,DiasRodante) -> 7 | G7: =ROUNDUP(E7*F7,0) -> 1907 | H7: 474.5 | I7: 330 | J7: 1.6 | K7: 1.97172 | L7: =G7*K7 -> 3760.07 | M7: =MAX(1,INT(PalL*1000/(H7+20))*INT(PalA*1000/(I7+20)),INT(PalL*1000/(I7+20))*INT(PalA*1000/(H7+20))) -> 6 | N7: =INT(AltPila/J7) -> 125 | O7: =MAX(1,MIN(INT(KgPallet/K7),M7*N7)) -> 507 | P7: =ROUNDUP(G7/O7,0) -> 4 | Q7: =MAX(HuellaPallet,(H7+100)*(I7+100)/1000000) -> 1.2 | R7: =ROUNDUP(P7/NivBuffer,0)*Q7 -> 4.8 | S7: =R7*CoefCirc -> 7.2
A8: 10 kg | B8: Manual | C8: 3854.3 | D8: =C8/12 -> 321.19167 | E8: =C8/DiasAnio -> 16.059583 | F8: =IF(B8="Manual",DiasManual,DiasRodante) -> 7 | G8: =ROUNDUP(E8*F8,0) -> 113 | H8: 563 | I8: 495 | J8: 2 | K8: 4.3865 | L8: =G8*K8 -> 495.6745 | M8: =MAX(1,INT(PalL*1000/(H8+20))*INT(PalA*1000/(I8+20)),INT(PalL*1000/(I8+20))*INT(PalA*1000/(H8+20))) -> 2 | N8: =INT(AltPila/J8) -> 100 | O8: =MAX(1,MIN(INT(KgPallet/K8),M8*N8)) -> 200 | P8: =ROUNDUP(G8/O8,0) -> 1 | Q8: =MAX(HuellaPallet,(H8+100)*(I8+100)/1000000) -> 1.2 | R8: =ROUNDUP(P8/NivBuffer,0)*Q8 -> 1.2 | S8: =R8*CoefCirc -> 1.8
A9: 25 kg | B9: Rodante | C9: 775.3 | D9: =C9/12 -> 64.608333 | E9: =C9/DiasAnio -> 3.2304167 | F9: =IF(B9="Manual",DiasManual,DiasRodante) -> 5 | G9: =ROUNDUP(E9*F9,0) -> 17 | H9: 858 | I9: 490 | J9: 3.2 | K9: 10.58786 | L9: =G9*K9 -> 179.99362 | M9: =MAX(1,INT(PalL*1000/(H9+20))*INT(PalA*1000/(I9+20)),INT(PalL*1000/(I9+20))*INT(PalA*1000/(H9+20))) -> 2 | N9: =INT(AltPila/J9) -> 62 | O9: =MAX(1,MIN(INT(KgPallet/K9),M9*N9)) -> 94 | P9: =ROUNDUP(G9/O9,0) -> 1 | Q9: =MAX(HuellaPallet,(H9+100)*(I9+100)/1000000) -> 1.2 | R9: =ROUNDUP(P9/NivBuffer,0)*Q9 -> 1.2 | S9: =R9*CoefCirc -> 1.8
A10: 50 kg | B10: Rodante | C10: 1706.5 | D10: =C10/12 -> 142.20833 | E10: =C10/DiasAnio -> 7.1104167 | F10: =IF(B10="Manual",DiasManual,DiasRodante) -> 5 | G10: =ROUNDUP(E10*F10,0) -> 36 | H10: 994 | I10: 640 | J10: 3.2 | K10: 16.02105 | L10: =G10*K10 -> 576.7578 | M10: =MAX(1,INT(PalL*1000/(H10+20))*INT(PalA*1000/(I10+20)),INT(PalL*1000/(I10+20))*INT(PalA*1000/(H10+20))) -> 1 | N10: =INT(AltPila/J10) -> 62 | O10: =MAX(1,MIN(INT(KgPallet/K10),M10*N10)) -> 62 | P10: =ROUNDUP(G10/O10,0) -> 1 | Q10: =MAX(HuellaPallet,(H10+100)*(I10+100)/1000000) -> 1.2 | R10: =ROUNDUP(P10/NivBuffer,0)*Q10 -> 1.2 | S10: =R10*CoefCirc -> 1.8
A11: 70 kg | B11: Rodante | C11: 372.6 | D11: =C11/12 -> 31.05 | E11: =C11/DiasAnio -> 1.5525 | F11: =IF(B11="Manual",DiasManual,DiasRodante) -> 5 | G11: =ROUNDUP(E11*F11,0) -> 8 | H11: 1212 | I11: 680 | J11: 4.75 | K11: 30.80916 | L11: =G11*K11 -> 246.47328 | M11: =MAX(1,INT(PalL*1000/(H11+20))*INT(PalA*1000/(I11+20)),INT(PalL*1000/(I11+20))*INT(PalA*1000/(H11+20))) -> 1 | N11: =INT(AltPila/J11) -> 42 | O11: =MAX(1,MIN(INT(KgPallet/K11),M11*N11)) -> 32 | P11: =ROUNDUP(G11/O11,0) -> 1 | Q11: =MAX(HuellaPallet,(H11+100)*(I11+100)/1000000) -> 1.2 | R11: =ROUNDUP(P11/NivBuffer,0)*Q11 -> 1.2 | S11: =R11*CoefCirc -> 1.8
A12: 100 kg | B12: Rodante | C12: 247.2 | D12: =C12/12 -> 20.6 | E12: =C12/DiasAnio -> 1.03 | F12: =IF(B12="Manual",DiasManual,DiasRodante) -> 5 | G12: =ROUNDUP(E12*F12,0) -> 6 | H12: 1212 | I12: 900 | J12: 4.75 | K12: 40.77683 | L12: =G12*K12 -> 244.66098 | M12: =MAX(1,INT(PalL*1000/(H12+20))*INT(PalA*1000/(I12+20)),INT(PalL*1000/(I12+20))*INT(PalA*1000/(H12+20))) -> 1 | N12: =INT(AltPila/J12) -> 42 | O12: =MAX(1,MIN(INT(KgPallet/K12),M12*N12)) -> 24 | P12: =ROUNDUP(G12/O12,0) -> 1 | Q12: =MAX(HuellaPallet,(H12+100)*(I12+100)/1000000) -> 1.312 | R12: =ROUNDUP(P12/NivBuffer,0)*Q12 -> 1.312 | S12: =R12*CoefCirc -> 1.968
A13: Subtotal A | G13: =SUM(G5:G12) -> 8409 | L13: =SUM(L5:L12) -> 9441.1607 | P13: =SUM(P5:P12) -> 24 | R13: =SUM(R5:R12) -> 28.912 | S13: =SUM(S5:S12) -> 43.368
A14: Cuerpos por pallet = el menor entre la carga máxima por pallet y las pilas del pallet × la altura máxima de pila. Huella = la mayor entre el pallet estándar y el desarrollo × alto del cuerpo más 100 mm de holgura por lado. El 1 kg (tubo) va parado en capas. La demanda es la de Comparacion_corte (2035) del MRP.
A16: B) Cúpulas y fondos embutidos (de fleje, formatos de 1 a 10 kg)
A17: Pieza | B17: Línea | C17: Piezas a fabricar en el año 2035 | D17: Piezas por mes | E17: Piezas por día hábil | F17: Días de colchón | G17: Piezas en colchón | H17: Ø exterior de la pieza (mm) | I17: Masa por pieza (kg) | J17: Peso del colchón (kg) | K17: Piezas por pila encastrada | L17: Pilas por pallet | M17: Piezas por pallet | N17: Pallets | O17: Huella por pallet (m²) | P17: Área neta (m²) | Q17: Área bruta (m²)
A18: Cúpula 1 kg | B18: Manual | C18: =C5 -> 202620.6 | D18: =C18/12 -> 16885.05 | E18: =C18/DiasAnio -> 844.2525 | F18: =DiasManual -> 7 | G18: =ROUNDUP(E18*F18,0) -> 5910 | H18: 76.2 | I18: 0.061 | J18: =G18*I18 -> 360.51 | K18: =PiezasPilaEmb -> 20 | L18: =MAX(1,INT(PalL*1000/(H18+30))*INT(PalA*1000/(H18+30))) -> 99 | M18: =MAX(1,MIN(INT(KgPallet/I18),K18*L18)) -> 1980 | N18: =ROUNDUP(G18/M18,0) -> 3 | O18: =HuellaPallet -> 1.2 | P18: =ROUNDUP(N18/NivBuffer,0)*O18 -> 3.6 | Q18: =P18*CoefCirc -> 5.4
A19: Fondo 1 kg | B19: Manual | C19: =C5 -> 202620.6 | D19: =C19/12 -> 16885.05 | E19: =C19/DiasAnio -> 844.2525 | F19: =DiasManual -> 7 | G19: =ROUNDUP(E19*F19,0) -> 5910 | H19: 76.2 | I19: 0.0771 | J19: =G19*I19 -> 455.661 | K19: =PiezasPilaEmb -> 20 | L19: =MAX(1,INT(PalL*1000/(H19+30))*INT(PalA*1000/(H19+30))) -> 99 | M19: =MAX(1,MIN(INT(KgPallet/I19),K19*L19)) -> 1980 | N19: =ROUNDUP(G19/M19,0) -> 3 | O19: =HuellaPallet -> 1.2 | P19: =ROUNDUP(N19/NivBuffer,0)*O19 -> 3.6 | Q19: =P19*CoefCirc -> 5.4
A20: Cúpula 2,5 kg | B20: Manual | C20: =C6 -> 14093.9 | D20: =C20/12 -> 1174.4917 | E20: =C20/DiasAnio -> 58.724583 | F20: =DiasManual -> 7 | G20: =ROUNDUP(E20*F20,0) -> 412 | H20: 124 | I20: 0.2375 | J20: =G20*I20 -> 97.85 | K20: =PiezasPilaEmb -> 20 | L20: =MAX(1,INT(PalL*1000/(H20+30))*INT(PalA*1000/(H20+30))) -> 42 | M20: =MAX(1,MIN(INT(KgPallet/I20),K20*L20)) -> 840 | N20: =ROUNDUP(G20/M20,0) -> 1 | O20: =HuellaPallet -> 1.2 | P20: =ROUNDUP(N20/NivBuffer,0)*O20 -> 1.2 | Q20: =P20*CoefCirc -> 1.8
A21: Fondo 2,5 kg | B21: Manual | C21: =C6 -> 14093.9 | D21: =C21/12 -> 1174.4917 | E21: =C21/DiasAnio -> 58.724583 | F21: =DiasManual -> 7 | G21: =ROUNDUP(E21*F21,0) -> 412 | H21: 124 | I21: 0.1688 | J21: =G21*I21 -> 69.5456 | K21: =PiezasPilaEmb -> 20 | L21: =MAX(1,INT(PalL*1000/(H21+30))*INT(PalA*1000/(H21+30))) -> 42 | M21: =MAX(1,MIN(INT(KgPallet/I21),K21*L21)) -> 840 | N21: =ROUNDUP(G21/M21,0) -> 1 | O21: =HuellaPallet -> 1.2 | P21: =ROUNDUP(N21/NivBuffer,0)*O21 -> 1.2 | Q21: =P21*CoefCirc -> 1.8
A22: Cúpula 5 kg | B22: Manual | C22: =C7 -> 65364.6 | D22: =C22/12 -> 5447.05 | E22: =C22/DiasAnio -> 272.3525 | F22: =DiasManual -> 7 | G22: =ROUNDUP(E22*F22,0) -> 1907 | H22: 153 | I22: 0.4697 | J22: =G22*I22 -> 895.7179 | K22: =PiezasPilaEmb -> 20 | L22: =MAX(1,INT(PalL*1000/(H22+30))*INT(PalA*1000/(H22+30))) -> 30 | M22: =MAX(1,MIN(INT(KgPallet/I22),K22*L22)) -> 600 | N22: =ROUNDUP(G22/M22,0) -> 4 | O22: =HuellaPallet -> 1.2 | P22: =ROUNDUP(N22/NivBuffer,0)*O22 -> 4.8 | Q22: =P22*CoefCirc -> 7.2
A23: Fondo 5 kg | B23: Manual | C23: =C7 -> 65364.6 | D23: =C23/12 -> 5447.05 | E23: =C23/DiasAnio -> 272.3525 | F23: =DiasManual -> 7 | G23: =ROUNDUP(E23*F23,0) -> 1907 | H23: 153 | I23: 0.309 | J23: =G23*I23 -> 589.263 | K23: =PiezasPilaEmb -> 20 | L23: =MAX(1,INT(PalL*1000/(H23+30))*INT(PalA*1000/(H23+30))) -> 30 | M23: =MAX(1,MIN(INT(KgPallet/I23),K23*L23)) -> 600 | N23: =ROUNDUP(G23/M23,0) -> 4 | O23: =HuellaPallet -> 1.2 | P23: =ROUNDUP(N23/NivBuffer,0)*O23 -> 4.8 | Q23: =P23*CoefCirc -> 7.2
A24: Cúpula 10 kg | B24: Manual | C24: =C8 -> 3854.3 | D24: =C24/12 -> 321.19167 | E24: =C24/DiasAnio -> 16.059583 | F24: =DiasManual -> 7 | G24: =ROUNDUP(E24*F24,0) -> 113 | H24: 181.5 | I24: 0.6445 | J24: =G24*I24 -> 72.8285 | K24: =PiezasPilaEmb -> 20 | L24: =MAX(1,INT(PalL*1000/(H24+30))*INT(PalA*1000/(H24+30))) -> 20 | M24: =MAX(1,MIN(INT(KgPallet/I24),K24*L24)) -> 400 | N24: =ROUNDUP(G24/M24,0) -> 1 | O24: =HuellaPallet -> 1.2 | P24: =ROUNDUP(N24/NivBuffer,0)*O24 -> 1.2 | Q24: =P24*CoefCirc -> 1.8
A25: Fondo 10 kg | B25: Manual | C25: =C8 -> 3854.3 | D25: =C25/12 -> 321.19167 | E25: =C25/DiasAnio -> 16.059583 | F25: =DiasManual -> 7 | G25: =ROUNDUP(E25*F25,0) -> 113 | H25: 181.5 | I25: 0.5182 | J25: =G25*I25 -> 58.5566 | K25: =PiezasPilaEmb -> 20 | L25: =MAX(1,INT(PalL*1000/(H25+30))*INT(PalA*1000/(H25+30))) -> 20 | M25: =MAX(1,MIN(INT(KgPallet/I25),K25*L25)) -> 400 | N25: =ROUNDUP(G25/M25,0) -> 1 | O25: =HuellaPallet -> 1.2 | P25: =ROUNDUP(N25/NivBuffer,0)*O25 -> 1.2 | Q25: =P25*CoefCirc -> 1.8
A26: Subtotal B | G26: =SUM(G18:G25) -> 16684 | J26: =SUM(J18:J25) -> 2599.9326 | N26: =SUM(N18:N25) -> 18 | P26: =SUM(P18:P25) -> 21.6 | Q26: =SUM(Q18:Q25) -> 32.4
A27: Masas de cúpulas y fondos: de la hoja de pesos del MRP. Pila encastrada y diámetro exterior (igual al del cilindro): supuestos editables. Una cúpula y un fondo por cuerpo.
L28: Peso (t) | N28: Pallets | P28: Área neta (m²) | Q28: Área bruta (m²)
A29: TOTAL PROCESADO | L29: =(L13+J26)/1000 -> 12.041093 | N29: =P13+N26 -> 42 | P29: =R13+P26 -> 50.512 | Q29: =S13+Q26 -> 75.768
