Workbook

Sheet datos_base
A1: Matafuegos terminados | B1: 2026 | C1: 2027 | D1: 2028 | E1: 2029 | F1: 2030 | G1: 2031 | H1: 2032 | I1: 2033 | J1: 2034 | K1: 2035
A2: ABC 1 kg | B2: 4179 | C2: 5997 | D2: 6852 | E2: 8467 | F2: 12681 | G2: 15620 | H2: 20333 | I2: 25132 | J2: 28573 | K2: 32073
A3: ABC 2,5 kg | B3: 295 | C3: 709 | D3: 987 | E3: 1501 | F3: 2312 | G3: 3252 | H3: 4103 | I3: 5105 | J3: 6195 | K3: 7425
A4: ABC 5 kg | B4: 2256 | C4: 3847 | D4: 5094 | E4: 6823 | F4: 10819 | G4: 14606 | H4: 18878 | I4: 23368 | J4: 26968 | K4: 30751
A5: ABC 10 kg | B5: 92 | C5: 177 | D5: 253 | E5: 358 | F5: 603 | G5: 872 | H5: 1127 | I5: 1395 | J5: 1612 | K5: 1841
A6: Total terminados | B6: =SUM(B2:B5) -> 6822 | C6: =SUM(C2:C5) -> 10730 | D6: =SUM(D2:D5) -> 13186 | E6: =SUM(E2:E5) -> 17149 | F6: =SUM(F2:F5) -> 26415 | G6: =SUM(G2:G5) -> 34350 | H6: =SUM(H2:H5) -> 44441 | I6: =SUM(I2:I5) -> 55000 | ... K6: =SUM(K2:K5) -> 72090
A8: Cilindros vendidos vacíos | B8: 2026 | C8: 2027 | D8: 2028 | E8: 2029 | F8: 2030 | G8: 2031 | H8: 2032 | I8: 2033 | J8: 2034 | K8: 2035
A9: Cilindros ABC 1 kg | B9: 0 | C9: 0 | D9: 7662 | E9: 26695 | F9: 49435 | G9: 71680 | H9: 101341 | I9: 131001 | J9: 146820 | K9: 170548
A10: Cilindros ABC 2,5 kg | B10: 0 | C10: 0 | D10: 300 | E10: 1044 | F10: 1933 | G10: 2803 | H10: 3963 | I10: 5123 | J10: 5741 | K10: 6669
A11: Cilindros ABC 5 kg | B11: 0 | C11: 0 | D11: 1479 | E11: 5152 | F11: 9541 | G11: 13834 | H11: 19559 | I11: 25283 | J11: 28336 | K11: 32915
A12: Cilindros ABC 10 kg | B12: 0 | C12: 0 | D12: 90 | E12: 315 | F12: 583 | G12: 846 | H12: 1195 | I12: 1545 | J12: 1731 | K12: 2011
A13: Total cilindros | B13: =SUM(B9:B12) -> 0 | C13: =SUM(C9:C12) -> 0 | D13: =SUM(D9:D12) -> 9531 | E13: =SUM(E9:E12) -> 33206 | F13: =SUM(F9:F12) -> 61492 | G13: =SUM(G9:G12) -> 89163 | H13: =SUM(H9:H12) -> 126058 | I13: =SUM(I9:I12) -> 162952 | ... K13: =SUM(K9:K12) -> 212143
A15: Total recipientes a fabricar | B15: =B6+B13 -> 6822 | C15: =C6+C13 -> 10730 | D15: =D6+D13 -> 22717 | E15: =E6+E13 -> 50355 | F15: =F6+F13 -> 87907 | G15: =G6+G13 -> 123513 | H15: =H6+H13 -> 170499 | I15: =I6+I13 -> 217952 | ... K15: =K6+K13 -> 284233

Sheet parametros_manuales
A1: Parámetro | B1: Valor | C1: Nota
A2: Días hábiles por mes | B2: 20 | C2: Excel original, Parametros B37
A3: Horas por día (1 turno) | B3: 8 | C3: Excel original, Parametros D37
A4: Refrigerio (min/turno) | B4: 30 | C4: Excel original, Parametros H37
A5: Horas productivas por turno | B5: =B3-B4/60 -> 7.5 | C5: Horas/día − refrigerio
A6: Turnos por día | B6: 1 | C6: Un solo turno (editable)
A7: Horas productivas por mes | B7: =B2*B5*B6 -> 150 | C7: Días × horas productivas × turnos
A8: Umbral de aprovechamiento (solo para resaltar) | B8: 0.9 | C8: Las celdas de aprovechamiento que lo superan se pintan de rojo
A10: ESTACIONALIDAD (% de la demanda anual por mes)
A11: Modelo | B11: Ene | C11: Feb | D11: Mar | E11: Abr | F11: May | G11: Jun | H11: Jul | I11: Ago | J11: Sep | K11: Oct | L11: Nov | M11: Dic | N11: Total
A12: 1 kg | B12: 0.12 | C12: 0.09 | D12: 0.08 | E12: 0.075 | F12: 0.07 | G12: 0.07 | H12: 0.075 | I12: 0.075 | J12: 0.075 | K12: 0.075 | L12: 0.075 | M12: 0.12 | N12: =SUM(B12:M12) -> 1 | O12: Perfil automovilístico (Excel original, Parametros fila 3)
A13: 2,5 kg | B13: 0.1 | C13: 0.08 | D13: 0.085 | E13: 0.085 | F13: 0.08 | G13: 0.075 | H13: 0.08 | I13: 0.08 | J13: 0.08 | K13: 0.075 | L13: 0.07 | M13: 0.11 | N13: =SUM(B13:M13) -> 1 | O13: Perfil manual comercial (Excel original, Parametros fila 4)
A14: 5 kg | B14: 0.1 | C14: 0.08 | D14: 0.085 | E14: 0.085 | F14: 0.08 | G14: 0.075 | H14: 0.08 | I14: 0.08 | J14: 0.08 | K14: 0.075 | L14: 0.07 | M14: 0.11 | N14: =SUM(B14:M14) -> 1
A15: 10 kg | B15: 0.1 | C15: 0.08 | D15: 0.085 | E15: 0.085 | F15: 0.08 | G15: 0.075 | H15: 0.08 | I15: 0.08 | J15: 0.08 | K15: 0.075 | L15: 0.07 | M15: 0.11 | N15: =SUM(B15:M15) -> 1
A17: CAPACIDAD POR PUESTO
A18: N° | B18: Puesto | C18: Máquina | D18: 1 kg | E18: 2,5 kg | F18: 5 kg | G18: 10 kg | H18: Alcance | I18: Piezas por unidad | J18: % que pasa | K18: Tiempo tipo (s/u) | L18: Disponibilidad | M18: Cap. real (u/h) | N18: Cap. real (u/mes) | O18: SUPOSICIONES
A19: 1 | B19: Recepción de materia prima | C19: Autoelevador Heli CPCD50 + micrómetro | D19: 1 | E19: 1 | F19: 1 | G19: 1 | H19: Todos | I19: 1 | J19: 1 | K19: 60 | L19: =F51 -> 1 | M19: =IF(K19>0,3600/K19*L19,0) -> 60 | N19: =M19*$B$7 -> 9000 | O19: 25 min x pallet de 20 hojas en carros (1,25 min x hoja)
A20: 2 | B20: Corte de chapa (guillotina) — 2,5 a 10 kg | C20: Guillotina hidráulica Cena serie O 3.200 mm | D20: 0 | E20: 1 | F20: 1 | G20: 1 | H20: Todos | I20: 1 | J20: 1 | K20: 90 | L20: =F52 -> 0.99333333 | M20: =IF(K20>0,3600/K20*L20,0) -> 39.733333 | N20: =M20*$B$7 -> 5960 | O20: ref carros - 1,2/1,5 min x cuerpo (+ CORTES + TIEMPO)
A21: 3 | B21: Corte de tubo — 1 kg | C21: Cortadora láser de tubo Leapion 1,5 kW | D21: 1 | E21: 0 | F21: 0 | G21: 0 | H21: Todos | I21: 1 | J21: 1 | K21: 30 | L21: =F53 -> 1 | M21: =IF(K21>0,3600/K21*L21,0) -> 120 | N21: =M21*$B$7 -> 18000 | O21: 10 minutos por tubo de 6m (en cada tubo entran 23 cuerpos)
A22: 4 | B22: Corte de disco y embutido (cúpula y fondo) | C22: Prensa embutidora Sangiacomo + alimentador Cena PRE-1 | D22: 1 | E22: 1 | F22: 1 | G22: 1 | H22: Todos | I22: 2 | J22: 1 | K22: 8 | L22: =F54 -> 0.68 | M22: =IF(K22>0,3600/K22*L22,0) -> 306 | N22: =M22*$B$7 -> 45900 | O22: Son 10c segundos contemplando cupula y fondo
A23: 5 | B23: Preparación de cuello | C23: Prensa de banco Pannier MarkFirst MB-21 | D23: 1 | E23: 1 | F23: 1 | G23: 1 | H23: Todos | I23: 1 | J23: 1 | K23: 60 | L23: =F55 -> 1 | M23: =IF(K23>0,3600/K23*L23,0) -> 60 | N23: =M23*$B$7 -> 9000
A24: 6 | B24: Numerado de cúpula | C24: Micropercusión Pannier ADP120160D Deep Marker | D24: 1 | E24: 1 | F24: 1 | G24: 1 | H24: Todos | I24: 1 | J24: 1 | K24: 20 | L24: =F56 -> 1 | M24: =IF(K24>0,3600/K24*L24,0) -> 180 | N24: =M24*$B$7 -> 27000
A25: 7 | B25: Soldadura del cuello a la cúpula | C25: Firesafer FS-HFM1 (versión manual) | D25: 1 | E25: 1 | F25: 1 | G25: 1 | H25: Todos | I25: 1 | J25: 1 | K25: 25 | L25: =F57 -> 0.97333333 | M25: =IF(K25>0,3600/K25*L25,0) -> 140.16 | N25: =M25*$B$7 -> 21024
A26: 8 | B26: Cilindrado | C26: Roladora Firesafer FS-RM01 | D26: 0 | E26: 1 | F26: 1 | G26: 1 | H26: Todos | I26: 1 | J26: 1 | K26: 80 | L26: =F58 -> 0.98666667 | M26: =IF(K26>0,3600/K26*L26,0) -> 44.4 | N26: =M26*$B$7 -> 6660
A27: 9 | B27: Soldadura longitudinal | C27: Soldadora longitudinal Firesafer | D27: 0 | E27: 1 | F27: 1 | G27: 1 | H27: Todos | I27: 1 | J27: 1 | K27: 115 | L27: =F59 -> 0.98666667 | M27: =IF(K27>0,3600/K27*L27,0) -> 30.886957 | N27: =M27*$B$7 -> 4633.0435
A28: 10 | B28: Encastre de fondo | C28: Prensa hidráulica motorizada Del Fabro 30 t | D28: 1 | E28: 1 | F28: 1 | G28: 1 | H28: Todos | I28: 1 | J28: 1 | K28: 30 | L28: =F60 -> 0.98222222 | M28: =IF(K28>0,3600/K28*L28,0) -> 117.86667 | N28: =M28*$B$7 -> 17680
A29: 11 | B29: Bordoneado | C29: Bordoneadora motorizada Pilman SWM-400 | D29: 1 | E29: 1 | F29: 1 | G29: 1 | H29: Todos | I29: 1 | J29: 1 | K29: 20 | L29: =F61 -> 0.98222222 | M29: =IF(K29>0,3600/K29*L29,0) -> 176.8 | N29: =M29*$B$7 -> 26520
A30: 12 | B30: Soldadura circunferencial de cúpula y fondo | C30: Soldadora circunferencial Firesafer | D30: 1 | E30: 1 | F30: 1 | G30: 1 | H30: Todos | I30: 1 | J30: 1 | K30: 60 | L30: =F62 -> 0.98222222 | M30: =IF(K30>0,3600/K30*L30,0) -> 58.933333 | N30: =M30*$B$7 -> 8840
A31: 13 | B31: Control de calidad — Espesor | C31: Medidor de espesores Melisam MR017 | D31: 1 | E31: 1 | F31: 1 | G31: 1 | H31: Todos | I31: 1 | J31: 0.02 | K31: 120 | L31: =F63 -> 1 | M31: =IF(K31>0,3600/K31*L31,0) -> 30 | N31: =M31*$B$7 -> 4500
A32: 14 | B32: Prueba hidráulica | C32: Banco Firesafer FS-JD12A | D32: 1 | E32: 1 | F32: 1 | G32: 1 | H32: Todos | I32: 1 | J32: 1 | K32: 60 | L32: =F64 -> 0.98222222 | M32: =IF(K32>0,3600/K32*L32,0) -> 58.933333 | N32: =M32*$B$7 -> 8840
A33: 15 | B33: Secado | C33: Secadora de cilindros Yukon | D33: 1 | E33: 1 | F33: 1 | G33: 1 | H33: Todos | I33: 1 | J33: 1 | K33: 120 | L33: =F65 -> 1 | M33: =IF(K33>0,3600/K33*L33,0) -> 30 | N33: =M33*$B$7 -> 4500 | O33: las 4 maquinas sirven para secado de carros
A34: 16 | B34: Granallado | C34: Granalladora de rodillos AirBlast G-100 | D34: 1 | E34: 1 | F34: 1 | G34: 1 | H34: Todos | I34: 1 | J34: 1 | K34: 30 | L34: =F66 -> 1 | M34: =IF(K34>0,3600/K34*L34,0) -> 120 | N34: =M34*$B$7 -> 18000
A35: 17 | B35: Detección de defectos | C35: Mesa de inspección con iluminación | D35: 1 | E35: 1 | F35: 1 | G35: 1 | H35: Todos | I35: 1 | J35: 1 | K35: 20 | L35: =F67 -> 1 | M35: =IF(K35>0,3600/K35*L35,0) -> 180 | N35: =M35*$B$7 -> 27000
A36: 18 | B36: Corrección de defectos | C36: Amoladora 115 mm + machos y calibres | D36: 1 | E36: 1 | F36: 1 | G36: 1 | H36: Todos | I36: 1 | J36: 0.05 | K36: 180 | L36: =F68 -> 1 | M36: =IF(K36>0,3600/K36*L36,0) -> 20 | N36: =M36*$B$7 -> 3000
A37: 19 | B37: Pintura en polvo + horno | C37: Línea de pintura en polvo Firesafer | D37: 1 | E37: 1 | F37: 1 | G37: 1 | H37: Todos | I37: 1 | J37: 1 | K37: 25 | L37: =F69 -> 0.94666667 | M37: =IF(K37>0,3600/K37*L37,0) -> 136.32 | N37: =M37*$B$7 -> 20448
A38: 20 | B38: Carga de polvo | C38: Cargadora Firesafer FS-A10 / Yukon M-000121 | D38: 1 | E38: 1 | F38: 1 | G38: 1 | H38: Terminados | I38: 1 | J38: 1 | K38: 45 | L38: =F70 -> 1 | M38: =IF(K38>0,3600/K38*L38,0) -> 80 | N38: =M38*$B$7 -> 12000
A39: 21 | B39: Ensamblaje | C39: Puesto manual con llave dinamométrica | D39: 1 | E39: 1 | F39: 1 | G39: 1 | H39: Terminados | I39: 1 | J39: 1 | K39: 100 | L39: =F71 -> 0.98222222 | M39: =IF(K39>0,3600/K39*L39,0) -> 35.36 | N39: =M39*$B$7 -> 5304
A40: 22 | B40: Presurización | C40: Pinza neumática Yukon M-000150 + pack N₂ | D40: 1 | E40: 1 | F40: 1 | G40: 1 | H40: Terminados | I40: 1 | J40: 1 | K40: 30 | L40: =F72 -> 1 | M40: =IF(K40>0,3600/K40*L40,0) -> 120 | N40: =M40*$B$7 -> 18000
A41: 23 | B41: Control de calidad — Ensayo de pérdidas | C41: Tanque de inmersión de acero inoxidable | D41: 1 | E41: 1 | F41: 1 | G41: 1 | H41: Terminados | I41: 1 | J41: 1 | K41: 55 | L41: =F73 -> 1 | M41: =IF(K41>0,3600/K41*L41,0) -> 65.454545 | N41: =M41*$B$7 -> 9818.1818
A42: 24 | B42: Etiquetado | C42: Dispensador de etiquetas + impresora Zebra ZD421 | D42: 1 | E42: 1 | F42: 1 | G42: 1 | H42: Terminados | I42: 1 | J42: 1 | K42: 60 | L42: =F74 -> 1 | M42: =IF(K42>0,3600/K42*L42,0) -> 60 | N42: =M42*$B$7 -> 9000
A43: 25 | B43: Embalaje y paletizado | C43: Armadora de cajas + envolvedora EDOS PS 5 | D43: 1 | E43: 1 | F43: 1 | G43: 1 | H43: Todos | I43: 1 | J43: 1 | K43: 45 | L43: =F75 -> 0.99111111 | M43: =IF(K43>0,3600/K43*L43,0) -> 79.288889 | N43: =M43*$B$7 -> 11893.333 | O43: 25 seg embalaje + 20 seg paletizado (1000kg pallet/13 kg mat)=76 mat x pallet *20s = 25 min x pallet
A45: Alcance: "Todos" = matafuegos terminados + cilindros vacíos; "Terminados" = solo los que se cargan como matafuego.
A46: Tiempo tipo = tiempo PCP del Excel original ((tpr + tdl + ta) / rendimiento). Disponibilidad = descuento por cambios de matriz del Excel original.
A47: Cap. real (u/h) = 3600 / tiempo tipo × disponibilidad. Cap. real (u/mes) = cap. real × horas productivas del mes.
A49: DISPONIBILIDAD
A50: N° | B50: Puesto | C50: Cambio de matriz (min/cambio) | D50: N° cambios/mes (est.) | E50: Pérdida por cambios (h/mes) | F50: Disponibilidad (cambios) | G50: SUPOSICIONES
A51: 1 | B51: Recepción de materia prima | C51: 0 | D51: 0 | E51: =C51*D51/60 -> 0 | F51: =MAX(0,1-E51/150) -> 1
A52: 2 | B52: Corte de chapa (guillotina) — 2,5 a 10 kg | C52: 5 | D52: 12 | E52: =C52*D52/60 -> 1 | F52: =MAX(0,1-E52/150) -> 0.99333333
A53: 3 | B53: Corte de tubo — 1 kg | C53: 0 | D53: 0 | E53: =C53*D53/60 -> 0 | F53: =MAX(0,1-E53/150) -> 1
A54: 4 | B54: Corte de disco y embutido (cúpula y fondo) | C54: 90 | D54: 32 | E54: =C54*D54/60 -> 48 | F54: =MAX(0,1-E54/150) -> 0.68 | G54: Es 32 porque contemplamos 4 cambios de cupula y 4 de fondo x semana (8*4)
A55: 5 | B55: Preparación de cuello | C55: 0 | D55: 0 | E55: =C55*D55/60 -> 0 | F55: =MAX(0,1-E55/150) -> 1
A56: 6 | B56: Numerado de cúpula | E56: =C56*D56/60 -> 0 | F56: =MAX(0,1-E56/150) -> 1
A57: 7 | B57: Soldadura del cuello a la cúpula | C57: 15 | D57: 16 | E57: =C57*D57/60 -> 4 | F57: =MAX(0,1-E57/150) -> 0.97333333
A58: 8 | B58: Cilindrado | C58: 10 | D58: 12 | E58: =C58*D58/60 -> 2 | F58: =MAX(0,1-E58/150) -> 0.98666667
A59: 9 | B59: Soldadura longitudinal | C59: 10 | D59: 12 | E59: =C59*D59/60 -> 2 | F59: =MAX(0,1-E59/150) -> 0.98666667
A60: 10 | B60: Encastre de fondo | C60: 10 | D60: 16 | E60: =C60*D60/60 -> 2.6666667 | F60: =MAX(0,1-E60/150) -> 0.98222222
A61: 11 | B61: Bordoneado | C61: 10 | D61: 16 | E61: =C61*D61/60 -> 2.6666667 | F61: =MAX(0,1-E61/150) -> 0.98222222
A62: 12 | B62: Soldadura circunferencial de cúpula y fondo | C62: 10 | D62: 16 | E62: =C62*D62/60 -> 2.6666667 | F62: =MAX(0,1-E62/150) -> 0.98222222
A63: 13 | B63: Control de calidad — Espesor | C63: 0 | D63: 0 | E63: =C63*D63/60 -> 0 | F63: =MAX(0,1-E63/150) -> 1
A64: 14 | B64: Prueba hidráulica | C64: 10 | D64: 16 | E64: =C64*D64/60 -> 2.6666667 | F64: =MAX(0,1-E64/150) -> 0.98222222
A65: 15 | B65: Secado | C65: 0 | D65: 0 | E65: =C65*D65/60 -> 0 | F65: =MAX(0,1-E65/150) -> 1
A66: 16 | B66: Granallado | C66: 10 | D66: 0 | E66: =C66*D66/60 -> 0 | F66: =MAX(0,1-E66/150) -> 1
A67: 17 | B67: Detección de defectos | C67: 0 | D67: 0 | E67: =C67*D67/60 -> 0 | F67: =MAX(0,1-E67/150) -> 1
A68: 18 | B68: Corrección de defectos | C68: 0 | D68: 0 | E68: =C68*D68/60 -> 0 | F68: =MAX(0,1-E68/150) -> 1
... A75: 25 | B75: Embalaje y paletizado | C75: 5 | D75: 16 | E75: =C75*D75/60 -> 1.3333333 | F75: =MAX(0,1-E75/150) -> 0.99111111
A78: PRODUCCIÓN CON SOBRESTOCK (perfil mensual de producción, % de la demanda anual)
A79: Regla: el pico de diciembre y enero se cubre con stock fabricado antes. Diciembre puede salir de stock del mismo año; enero solo de stock hecho en octubre y noviembre, porque recién desde octubre se puede numerar con el año siguiente.
A80: Nivel máximo de producción (L): el mínimo que cumple la regla del lote. El stock de enero tiene que entrar en la capacidad libre de octubre y noviembre: (Ene − L) ≤ (L − Oct) + (L − Nov), o sea L ≥ (Ene + Oct + Nov) / 3.
A81: Meses de sobrestock: se fabrica lo más tarde posible, hacia atrás desde noviembre y usando toda la capacidad libre hasta L, para que sean los menos meses posibles.
A83: Nivel máximo de producción mensual L (% del año) | B83: =MAX(B86:B89) -> 0.09 | C83: Por defecto el mayor de los L mínimos (lo fija el 1 kg). Se puede escribir otro valor, siempre que la columna G diga OK.
A85: Modelo | B85: L mínimo por regla de lote | C85: Exceso de diciembre | D85: Exceso de enero (año siguiente) | E85: Stock a fabricar (% del año) | F85: Meses de sobrestock | G85: Stock de enero cubierto en oct–nov | H85: Stock máximo acumulado (% del año)
A86: 1 kg | B86: =(B12+K12+L12)/3 -> 0.09 | C86: =MAX(0,M12-$B$83) -> 0.03 | D86: =MAX(0,B12-$B$83) -> 0.03 | E86: =C86+D86 -> 0.06 | F86: =COUNTIF(C94:L94,">0.000001") -> 0 | G86: =IF(K94+L94>=D86-0.000001,"OK","No alcanza: subir L") -> OK | H86: =SUM(B94:L94) -> 0.06
A87: 2,5 kg | B87: =(B13+K13+L13)/3 -> 0.081666667 | C87: =MAX(0,M13-$B$83) -> 0.02 | D87: =MAX(0,B13-$B$83) -> 0.01 | E87: =C87+D87 -> 0.03 | F87: =COUNTIF(C99:L99,">0.000001") -> 0 | G87: =IF(K99+L99>=D87-0.000001,"OK","No alcanza: subir L") -> OK | H87: =SUM(B99:L99) -> 0.03
A88: 5 kg | B88: =(B14+K14+L14)/3 -> 0.081666667 | C88: =MAX(0,M14-$B$83) -> 0.02 | D88: =MAX(0,B14-$B$83) -> 0.01 | E88: =C88+D88 -> 0.03 | F88: =COUNTIF(C104:L104,">0.000001") -> 0 | G88: =IF(K104+L104>=D88-0.000001,"OK","No alcanza: subir L") -> OK | H88: =SUM(B104:L104) -> 0.03
A89: 10 kg | B89: =(B15+K15+L15)/3 -> 0.081666667 | C89: =MAX(0,M15-$B$83) -> 0.02 | D89: =MAX(0,B15-$B$83) -> 0.01 | E89: =C89+D89 -> 0.03 | F89: =COUNTIF(C109:L109,">0.000001") -> 0 | G89: =IF(K109+L109>=D89-0.000001,"OK","No alcanza: subir L") -> OK | H89: =SUM(B109:L109) -> 0.03
A91: Modelo 1 kg | B91: Ene | C91: Feb | D91: Mar | E91: Abr | F91: May | G91: Jun | H91: Jul | I91: Ago | J91: Sep | K91: Oct | L91: Nov | M91: Dic | N91: Total
A92: Demanda (% del año) | B92: =B12 -> 0.12 | C92: =C12 -> 0.09 | D92: =D12 -> 0.08 | E92: =E12 -> 0.075 | F92: =F12 -> 0.07 | G92: =G12 -> 0.07 | H92: =H12 -> 0.075 | I92: =I12 -> 0.075 | ... M92: =M12 -> 0.12 | N92: =SUM(B92:M92) -> 1
A93: Capacidad libre hasta L | B93: 0 | C93: =MAX(0,$B$83-C92) -> 0 | D93: =MAX(0,$B$83-D92) -> 0.01 | E93: =MAX(0,$B$83-E92) -> 0.015 | F93: =MAX(0,$B$83-F92) -> 0.02 | G93: =MAX(0,$B$83-G92) -> 0.02 | H93: =MAX(0,$B$83-H92) -> 0.015 | I93: =MAX(0,$B$83-I92) -> 0.015 | J93: =MAX(0,$B$83-J92) -> 0.015 | ... L93: =MAX(0,$B$83-L92) -> 0.015 | M93: 0 | N93: =SUM(B93:M93) -> 0.14
A94: Sobrestock fabricado | B94: 0 | C94: =MIN(C93,MAX(0,$E$86-SUM(D93:L93))) -> 0 | D94: =MIN(D93,MAX(0,$E$86-SUM(E93:L93))) -> 0 | E94: =MIN(E93,MAX(0,$E$86-SUM(F93:L93))) -> 0 | F94: =MIN(F93,MAX(0,$E$86-SUM(G93:L93))) -> 0 | G94: =MIN(G93,MAX(0,$E$86-SUM(H93:L93))) -> 0 | H94: =MIN(H93,MAX(0,$E$86-SUM(I93:L93))) -> 0 | I94: =MIN(I93,MAX(0,$E$86-SUM(J93:L93))) -> 0.015 | J94: =MIN(J93,MAX(0,$E$86-SUM(K93:L93))) -> 0.015 | K94: =MIN(K93,MAX(0,$E$86-SUM(L93))) -> 0.015 | L94: =MIN(L93,MAX(0,$E$86-0)) -> 0.015 | M94: 0 | N94: =SUM(B94:M94) -> 0.06
A95: PRODUCCIÓN (% del año) | B95: =MIN(B92,$B$83) -> 0.09 | C95: =C92+C94 -> 0.09 | D95: =D92+D94 -> 0.08 | E95: =E92+E94 -> 0.075 | F95: =F92+F94 -> 0.07 | G95: =G92+G94 -> 0.07 | H95: =H92+H94 -> 0.075 | I95: =I92+I94 -> 0.09 | J95: =J92+J94 -> 0.09 | ... L95: =L92+L94 -> 0.09 | M95: =MIN(M92,$B$83) -> 0.09 | N95: =SUM(B95:M95) -> 1
A96: Modelo 2,5 kg | B96: Ene | C96: Feb | D96: Mar | E96: Abr | F96: May | G96: Jun | H96: Jul | I96: Ago | J96: Sep | K96: Oct | L96: Nov | M96: Dic | N96: Total
A97: Demanda (% del año) | B97: =B13 -> 0.1 | C97: =C13 -> 0.08 | D97: =D13 -> 0.085 | E97: =E13 -> 0.085 | F97: =F13 -> 0.08 | G97: =G13 -> 0.075 | H97: =H13 -> 0.08 | I97: =I13 -> 0.08 | ... M97: =M13 -> 0.11 | N97: =SUM(B97:M97) -> 1
A98: Capacidad libre hasta L | B98: 0 | C98: =MAX(0,$B$83-C97) -> 0.01 | D98: =MAX(0,$B$83-D97) -> 0.005 | E98: =MAX(0,$B$83-E97) -> 0.005 | F98: =MAX(0,$B$83-F97) -> 0.01 | G98: =MAX(0,$B$83-G97) -> 0.015 | H98: =MAX(0,$B$83-H97) -> 0.01 | I98: =MAX(0,$B$83-I97) -> 0.01 | J98: =MAX(0,$B$83-J97) -> 0.01 | ... L98: =MAX(0,$B$83-L97) -> 0.02 | M98: 0 | N98: =SUM(B98:M98) -> 0.11
A99: Sobrestock fabricado | B99: 0 | C99: =MIN(C98,MAX(0,$E$87-SUM(D98:L98))) -> 0 | D99: =MIN(D98,MAX(0,$E$87-SUM(E98:L98))) -> 0 | E99: =MIN(E98,MAX(0,$E$87-SUM(F98:L98))) -> 0 | F99: =MIN(F98,MAX(0,$E$87-SUM(G98:L98))) -> 0 | G99: =MIN(G98,MAX(0,$E$87-SUM(H98:L98))) -> 0 | H99: =MIN(H98,MAX(0,$E$87-SUM(I98:L98))) -> 0 | I99: =MIN(I98,MAX(0,$E$87-SUM(J98:L98))) -> 0 | J99: =MIN(J98,MAX(0,$E$87-SUM(K98:L98))) -> 0 | K99: =MIN(K98,MAX(0,$E$87-SUM(L98))) -> 0.01 | L99: =MIN(L98,MAX(0,$E$87-0)) -> 0.02 | M99: 0 | N99: =SUM(B99:M99) -> 0.03
A100: PRODUCCIÓN (% del año) | B100: =MIN(B97,$B$83) -> 0.09 | C100: =C97+C99 -> 0.08 | D100: =D97+D99 -> 0.085 | E100: =E97+E99 -> 0.085 | F100: =F97+F99 -> 0.08 | G100: =G97+G99 -> 0.075 | H100: =H97+H99 -> 0.08 | I100: =I97+I99 -> 0.08 | J100: =J97+J99 -> 0.08 | ... L100: =L97+L99 -> 0.09 | M100: =MIN(M97,$B$83) -> 0.09 | N100: =SUM(B100:M100) -> 1
A101: Modelo 5 kg | B101: Ene | C101: Feb | D101: Mar | E101: Abr | F101: May | G101: Jun | H101: Jul | I101: Ago | J101: Sep | K101: Oct | L101: Nov | M101: Dic | N101: Total
A102: Demanda (% del año) | B102: =B14 -> 0.1 | C102: =C14 -> 0.08 | D102: =D14 -> 0.085 | E102: =E14 -> 0.085 | F102: =F14 -> 0.08 | G102: =G14 -> 0.075 | H102: =H14 -> 0.08 | I102: =I14 -> 0.08 | ... M102: =M14 -> 0.11 | N102: =SUM(B102:M102) -> 1
A103: Capacidad libre hasta L | B103: 0 | C103: =MAX(0,$B$83-C102) -> 0.01 | D103: =MAX(0,$B$83-D102) -> 0.005 | E103: =MAX(0,$B$83-E102) -> 0.005 | F103: =MAX(0,$B$83-F102) -> 0.01 | G103: =MAX(0,$B$83-G102) -> 0.015 | H103: =MAX(0,$B$83-H102) -> 0.01 | I103: =MAX(0,$B$83-I102) -> 0.01 | J103: =MAX(0,$B$83-J102) -> 0.01 | ... L103: =MAX(0,$B$83-L102) -> 0.02 | M103: 0 | N103: =SUM(B103:M103) -> 0.11
A104: Sobrestock fabricado | B104: 0 | C104: =MIN(C103,MAX(0,$E$88-SUM(D103:L103))) -> 0 | D104: =MIN(D103,MAX(0,$E$88-SUM(E103:L103))) -> 0 | E104: =MIN(E103,MAX(0,$E$88-SUM(F103:L103))) -> 0 | F104: =MIN(F103,MAX(0,$E$88-SUM(G103:L103))) -> 0 | G104: =MIN(G103,MAX(0,$E$88-SUM(H103:L103))) -> 0 | H104: =MIN(H103,MAX(0,$E$88-SUM(I103:L103))) -> 0 | I104: =MIN(I103,MAX(0,$E$88-SUM(J103:L103))) -> 0 | J104: =MIN(J103,MAX(0,$E$88-SUM(K103:L103))) -> 0 | K104: =MIN(K103,MAX(0,$E$88-SUM(L103))) -> 0.01 | L104: =MIN(L103,MAX(0,$E$88-0)) -> 0.02 | M104: 0 | N104: =SUM(B104:M104) -> 0.03
A105: PRODUCCIÓN (% del año) | B105: =MIN(B102,$B$83) -> 0.09 | C105: =C102+C104 -> 0.08 | D105: =D102+D104 -> 0.085 | E105: =E102+E104 -> 0.085 | F105: =F102+F104 -> 0.08 | G105: =G102+G104 -> 0.075 | H105: =H102+H104 -> 0.08 | I105: =I102+I104 -> 0.08 | J105: =J102+J104 -> 0.08 | ... L105: =L102+L104 -> 0.09 | M105: =MIN(M102,$B$83) -> 0.09 | N105: =SUM(B105:M105) -> 1
A106: Modelo 10 kg | B106: Ene | C106: Feb | D106: Mar | E106: Abr | F106: May | G106: Jun | H106: Jul | I106: Ago | J106: Sep | K106: Oct | L106: Nov | M106: Dic | N106: Total
A107: Demanda (% del año) | B107: =B15 -> 0.1 | C107: =C15 -> 0.08 | D107: =D15 -> 0.085 | E107: =E15 -> 0.085 | F107: =F15 -> 0.08 | G107: =G15 -> 0.075 | H107: =H15 -> 0.08 | I107: =I15 -> 0.08 | ... M107: =M15 -> 0.11 | N107: =SUM(B107:M107) -> 1
A108: Capacidad libre hasta L | B108: 0 | C108: =MAX(0,$B$83-C107) -> 0.01 | D108: =MAX(0,$B$83-D107) -> 0.005 | E108: =MAX(0,$B$83-E107) -> 0.005 | F108: =MAX(0,$B$83-F107) -> 0.01 | G108: =MAX(0,$B$83-G107) -> 0.015 | H108: =MAX(0,$B$83-H107) -> 0.01 | I108: =MAX(0,$B$83-I107) -> 0.01 | J108: =MAX(0,$B$83-J107) -> 0.01 | ... L108: =MAX(0,$B$83-L107) -> 0.02 | M108: 0 | N108: =SUM(B108:M108) -> 0.11
A109: Sobrestock fabricado | B109: 0 | C109: =MIN(C108,MAX(0,$E$89-SUM(D108:L108))) -> 0 | D109: =MIN(D108,MAX(0,$E$89-SUM(E108:L108))) -> 0 | E109: =MIN(E108,MAX(0,$E$89-SUM(F108:L108))) -> 0 | F109: =MIN(F108,MAX(0,$E$89-SUM(G108:L108))) -> 0 | G109: =MIN(G108,MAX(0,$E$89-SUM(H108:L108))) -> 0 | H109: =MIN(H108,MAX(0,$E$89-SUM(I108:L108))) -> 0 | I109: =MIN(I108,MAX(0,$E$89-SUM(J108:L108))) -> 0 | J109: =MIN(J108,MAX(0,$E$89-SUM(K108:L108))) -> 0 | K109: =MIN(K108,MAX(0,$E$89-SUM(L108))) -> 0.01 | L109: =MIN(L108,MAX(0,$E$89-0)) -> 0.02 | M109: 0 | N109: =SUM(B109:M109) -> 0.03
A110: PRODUCCIÓN (% del año) | B110: =MIN(B107,$B$83) -> 0.09 | C110: =C107+C109 -> 0.08 | D110: =D107+D109 -> 0.085 | E110: =E107+E109 -> 0.085 | F110: =F107+F109 -> 0.08 | G110: =G107+G109 -> 0.075 | H110: =H107+H109 -> 0.08 | I110: =I107+I109 -> 0.08 | J110: =J107+J109 -> 0.08 | ... L110: =L107+L109 -> 0.09 | M110: =MIN(M107,$B$83) -> 0.09 | N110: =SUM(B110:M110) -> 1
A112: Control: la fila PRODUCCIÓN suma 100 %, porque el stock de enero que se fabrica en oct–nov reemplaza al que se recibió del año anterior. En 2026, el primer año, no hay stock previo para enero.

Sheet Plan mensual
A1: 2026 | B1: Producto | C1: Tipo | D1: Ene | E1: Feb | F1: Mar | G1: Abr | H1: May | I1: Jun | J1: Jul | K1: Ago | L1: Sep | M1: Oct | N1: Nov | O1: Dic | P1: Total anual
A2: 2026 | B2: ABC 1 kg | C2: Terminado | D2: =datos_base!$B$2*parametros_manuales!B$12 -> 501.48 | E2: =datos_base!$B$2*parametros_manuales!C$12 -> 376.11 | F2: =datos_base!$B$2*parametros_manuales!D$12 -> 334.32 | G2: =datos_base!$B$2*parametros_manuales!E$12 -> 313.425 | H2: =datos_base!$B$2*parametros_manuales!F$12 -> 292.53 | I2: =datos_base!$B$2*parametros_manuales!G$12 -> 292.53 | J2: =datos_base!$B$2*parametros_manuales!H$12 -> 313.425 | K2: =datos_base!$B$2*parametros_manuales!I$12 -> 313.425 | ... O2: =datos_base!$B$2*parametros_manuales!M$12 -> 501.48 | P2: =SUM(D2:O2) -> 4179
A3: 2026 | B3: ABC 2,5 kg | C3: Terminado | D3: =datos_base!$B$3*parametros_manuales!B$13 -> 29.5 | E3: =datos_base!$B$3*parametros_manuales!C$13 -> 23.6 | F3: =datos_base!$B$3*parametros_manuales!D$13 -> 25.075 | G3: =datos_base!$B$3*parametros_manuales!E$13 -> 25.075 | H3: =datos_base!$B$3*parametros_manuales!F$13 -> 23.6 | I3: =datos_base!$B$3*parametros_manuales!G$13 -> 22.125 | J3: =datos_base!$B$3*parametros_manuales!H$13 -> 23.6 | K3: =datos_base!$B$3*parametros_manuales!I$13 -> 23.6 | ... O3: =datos_base!$B$3*parametros_manuales!M$13 -> 32.45 | P3: =SUM(D3:O3) -> 295
A4: 2026 | B4: ABC 5 kg | C4: Terminado | D4: =datos_base!$B$4*parametros_manuales!B$14 -> 225.6 | E4: =datos_base!$B$4*parametros_manuales!C$14 -> 180.48 | F4: =datos_base!$B$4*parametros_manuales!D$14 -> 191.76 | G4: =datos_base!$B$4*parametros_manuales!E$14 -> 191.76 | H4: =datos_base!$B$4*parametros_manuales!F$14 -> 180.48 | I4: =datos_base!$B$4*parametros_manuales!G$14 -> 169.2 | J4: =datos_base!$B$4*parametros_manuales!H$14 -> 180.48 | K4: =datos_base!$B$4*parametros_manuales!I$14 -> 180.48 | ... O4: =datos_base!$B$4*parametros_manuales!M$14 -> 248.16 | P4: =SUM(D4:O4) -> 2256
A5: 2026 | B5: ABC 10 kg | C5: Terminado | D5: =datos_base!$B$5*parametros_manuales!B$15 -> 9.2 | E5: =datos_base!$B$5*parametros_manuales!C$15 -> 7.36 | F5: =datos_base!$B$5*parametros_manuales!D$15 -> 7.82 | G5: =datos_base!$B$5*parametros_manuales!E$15 -> 7.82 | H5: =datos_base!$B$5*parametros_manuales!F$15 -> 7.36 | I5: =datos_base!$B$5*parametros_manuales!G$15 -> 6.9 | J5: =datos_base!$B$5*parametros_manuales!H$15 -> 7.36 | K5: =datos_base!$B$5*parametros_manuales!I$15 -> 7.36 | ... O5: =datos_base!$B$5*parametros_manuales!M$15 -> 10.12 | P5: =SUM(D5:O5) -> 92
A6: 2026 | B6: Cilindros ABC 1 kg | C6: Cilindro | D6: =datos_base!$B$9*parametros_manuales!B$12 -> 0 | E6: =datos_base!$B$9*parametros_manuales!C$12 -> 0 | F6: =datos_base!$B$9*parametros_manuales!D$12 -> 0 | G6: =datos_base!$B$9*parametros_manuales!E$12 -> 0 | H6: =datos_base!$B$9*parametros_manuales!F$12 -> 0 | I6: =datos_base!$B$9*parametros_manuales!G$12 -> 0 | J6: =datos_base!$B$9*parametros_manuales!H$12 -> 0 | K6: =datos_base!$B$9*parametros_manuales!I$12 -> 0 | ... O6: =datos_base!$B$9*parametros_manuales!M$12 -> 0 | P6: =SUM(D6:O6) -> 0
A7: 2026 | B7: Cilindros ABC 2,5 kg | C7: Cilindro | D7: =datos_base!$B$10*parametros_manuales!B$13 -> 0 | E7: =datos_base!$B$10*parametros_manuales!C$13 -> 0 | F7: =datos_base!$B$10*parametros_manuales!D$13 -> 0 | G7: =datos_base!$B$10*parametros_manuales!E$13 -> 0 | H7: =datos_base!$B$10*parametros_manuales!F$13 -> 0 | I7: =datos_base!$B$10*parametros_manuales!G$13 -> 0 | J7: =datos_base!$B$10*parametros_manuales!H$13 -> 0 | K7: =datos_base!$B$10*parametros_manuales!I$13 -> 0 | ... O7: =datos_base!$B$10*parametros_manuales!M$13 -> 0 | P7: =SUM(D7:O7) -> 0
A8: 2026 | B8: Cilindros ABC 5 kg | C8: Cilindro | D8: =datos_base!$B$11*parametros_manuales!B$14 -> 0 | E8: =datos_base!$B$11*parametros_manuales!C$14 -> 0 | F8: =datos_base!$B$11*parametros_manuales!D$14 -> 0 | G8: =datos_base!$B$11*parametros_manuales!E$14 -> 0 | H8: =datos_base!$B$11*parametros_manuales!F$14 -> 0 | I8: =datos_base!$B$11*parametros_manuales!G$14 -> 0 | J8: =datos_base!$B$11*parametros_manuales!H$14 -> 0 | K8: =datos_base!$B$11*parametros_manuales!I$14 -> 0 | ... O8: =datos_base!$B$11*parametros_manuales!M$14 -> 0 | P8: =SUM(D8:O8) -> 0
A9: 2026 | B9: Cilindros ABC 10 kg | C9: Cilindro | D9: =datos_base!$B$12*parametros_manuales!B$15 -> 0 | E9: =datos_base!$B$12*parametros_manuales!C$15 -> 0 | F9: =datos_base!$B$12*parametros_manuales!D$15 -> 0 | G9: =datos_base!$B$12*parametros_manuales!E$15 -> 0 | H9: =datos_base!$B$12*parametros_manuales!F$15 -> 0 | I9: =datos_base!$B$12*parametros_manuales!G$15 -> 0 | J9: =datos_base!$B$12*parametros_manuales!H$15 -> 0 | K9: =datos_base!$B$12*parametros_manuales!I$15 -> 0 | ... O9: =datos_base!$B$12*parametros_manuales!M$15 -> 0 | P9: =SUM(D9:O9) -> 0
B10: Total recipientes | D10: =SUM(D2:D9) -> 765.78 | E10: =SUM(E2:E9) -> 587.55 | F10: =SUM(F2:F9) -> 558.975 | G10: =SUM(G2:G9) -> 538.08 | H10: =SUM(H2:H9) -> 503.97 | I10: =SUM(I2:I9) -> 490.755 | J10: =SUM(J2:J9) -> 524.865 | K10: =SUM(K2:K9) -> 524.865 | ... P10: =SUM(P2:P9) -> 6822
A12: 2027 | B12: Producto | C12: Tipo | D12: Ene | E12: Feb | F12: Mar | G12: Abr | H12: May | I12: Jun | J12: Jul | K12: Ago | L12: Sep | M12: Oct | N12: Nov | O12: Dic | P12: Total anual
A13: 2027 | B13: ABC 1 kg | C13: Terminado | D13: =datos_base!$C$2*parametros_manuales!B$12 -> 719.64 | E13: =datos_base!$C$2*parametros_manuales!C$12 -> 539.73 | F13: =datos_base!$C$2*parametros_manuales!D$12 -> 479.76 | G13: =datos_base!$C$2*parametros_manuales!E$12 -> 449.775 | H13: =datos_base!$C$2*parametros_manuales!F$12 -> 419.79 | I13: =datos_base!$C$2*parametros_manuales!G$12 -> 419.79 | J13: =datos_base!$C$2*parametros_manuales!H$12 -> 449.775 | K13: =datos_base!$C$2*parametros_manuales!I$12 -> 449.775 | ... O13: =datos_base!$C$2*parametros_manuales!M$12 -> 719.64 | P13: =SUM(D13:O13) -> 5997
A14: 2027 | B14: ABC 2,5 kg | C14: Terminado | D14: =datos_base!$C$3*parametros_manuales!B$13 -> 70.9 | E14: =datos_base!$C$3*parametros_manuales!C$13 -> 56.72 | F14: =datos_base!$C$3*parametros_manuales!D$13 -> 60.265 | G14: =datos_base!$C$3*parametros_manuales!E$13 -> 60.265 | H14: =datos_base!$C$3*parametros_manuales!F$13 -> 56.72 | I14: =datos_base!$C$3*parametros_manuales!G$13 -> 53.175 | J14: =datos_base!$C$3*parametros_manuales!H$13 -> 56.72 | K14: =datos_base!$C$3*parametros_manuales!I$13 -> 56.72 | ... O14: =datos_base!$C$3*parametros_manuales!M$13 -> 77.99 | P14: =SUM(D14:O14) -> 709
A15: 2027 | B15: ABC 5 kg | C15: Terminado | D15: =datos_base!$C$4*parametros_manuales!B$14 -> 384.7 | E15: =datos_base!$C$4*parametros_manuales!C$14 -> 307.76 | F15: =datos_base!$C$4*parametros_manuales!D$14 -> 326.995 | G15: =datos_base!$C$4*parametros_manuales!E$14 -> 326.995 | H15: =datos_base!$C$4*parametros_manuales!F$14 -> 307.76 | I15: =datos_base!$C$4*parametros_manuales!G$14 -> 288.525 | J15: =datos_base!$C$4*parametros_manuales!H$14 -> 307.76 | K15: =datos_base!$C$4*parametros_manuales!I$14 -> 307.76 | ... O15: =datos_base!$C$4*parametros_manuales!M$14 -> 423.17 | P15: =SUM(D15:O15) -> 3847
A16: 2027 | B16: ABC 10 kg | C16: Terminado | D16: =datos_base!$C$5*parametros_manuales!B$15 -> 17.7 | E16: =datos_base!$C$5*parametros_manuales!C$15 -> 14.16 | F16: =datos_base!$C$5*parametros_manuales!D$15 -> 15.045 | G16: =datos_base!$C$5*parametros_manuales!E$15 -> 15.045 | H16: =datos_base!$C$5*parametros_manuales!F$15 -> 14.16 | I16: =datos_base!$C$5*parametros_manuales!G$15 -> 13.275 | J16: =datos_base!$C$5*parametros_manuales!H$15 -> 14.16 | K16: =datos_base!$C$5*parametros_manuales!I$15 -> 14.16 | ... O16: =datos_base!$C$5*parametros_manuales!M$15 -> 19.47 | P16: =SUM(D16:O16) -> 177
A17: 2027 | B17: Cilindros ABC 1 kg | C17: Cilindro | D17: =datos_base!$C$9*parametros_manuales!B$12 -> 0 | E17: =datos_base!$C$9*parametros_manuales!C$12 -> 0 | F17: =datos_base!$C$9*parametros_manuales!D$12 -> 0 | G17: =datos_base!$C$9*parametros_manuales!E$12 -> 0 | H17: =datos_base!$C$9*parametros_manuales!F$12 -> 0 | I17: =datos_base!$C$9*parametros_manuales!G$12 -> 0 | J17: =datos_base!$C$9*parametros_manuales!H$12 -> 0 | K17: =datos_base!$C$9*parametros_manuales!I$12 -> 0 | ... O17: =datos_base!$C$9*parametros_manuales!M$12 -> 0 | P17: =SUM(D17:O17) -> 0
A18: 2027 | B18: Cilindros ABC 2,5 kg | C18: Cilindro | D18: =datos_base!$C$10*parametros_manuales!B$13 -> 0 | E18: =datos_base!$C$10*parametros_manuales!C$13 -> 0 | F18: =datos_base!$C$10*parametros_manuales!D$13 -> 0 | G18: =datos_base!$C$10*parametros_manuales!E$13 -> 0 | H18: =datos_base!$C$10*parametros_manuales!F$13 -> 0 | I18: =datos_base!$C$10*parametros_manuales!G$13 -> 0 | J18: =datos_base!$C$10*parametros_manuales!H$13 -> 0 | K18: =datos_base!$C$10*parametros_manuales!I$13 -> 0 | ... O18: =datos_base!$C$10*parametros_manuales!M$13 -> 0 | P18: =SUM(D18:O18) -> 0
A19: 2027 | B19: Cilindros ABC 5 kg | C19: Cilindro | D19: =datos_base!$C$11*parametros_manuales!B$14 -> 0 | E19: =datos_base!$C$11*parametros_manuales!C$14 -> 0 | F19: =datos_base!$C$11*parametros_manuales!D$14 -> 0 | G19: =datos_base!$C$11*parametros_manuales!E$14 -> 0 | H19: =datos_base!$C$11*parametros_manuales!F$14 -> 0 | I19: =datos_base!$C$11*parametros_manuales!G$14 -> 0 | J19: =datos_base!$C$11*parametros_manuales!H$14 -> 0 | K19: =datos_base!$C$11*parametros_manuales!I$14 -> 0 | ... O19: =datos_base!$C$11*parametros_manuales!M$14 -> 0 | P19: =SUM(D19:O19) -> 0
A20: 2027 | B20: Cilindros ABC 10 kg | C20: Cilindro | D20: =datos_base!$C$12*parametros_manuales!B$15 -> 0 | E20: =datos_base!$C$12*parametros_manuales!C$15 -> 0 | F20: =datos_base!$C$12*parametros_manuales!D$15 -> 0 | G20: =datos_base!$C$12*parametros_manuales!E$15 -> 0 | H20: =datos_base!$C$12*parametros_manuales!F$15 -> 0 | I20: =datos_base!$C$12*parametros_manuales!G$15 -> 0 | J20: =datos_base!$C$12*parametros_manuales!H$15 -> 0 | K20: =datos_base!$C$12*parametros_manuales!I$15 -> 0 | ... O20: =datos_base!$C$12*parametros_manuales!M$15 -> 0 | P20: =SUM(D20:O20) -> 0
B21: Total recipientes | D21: =SUM(D13:D20) -> 1192.94 | E21: =SUM(E13:E20) -> 918.37 | F21: =SUM(F13:F20) -> 882.065 | G21: =SUM(G13:G20) -> 852.08 | H21: =SUM(H13:H20) -> 798.43 | I21: =SUM(I13:I20) -> 774.765 | J21: =SUM(J13:J20) -> 828.415 | K21: =SUM(K13:K20) -> 828.415 | ... P21: =SUM(P13:P20) -> 10730
A23: 2028 | B23: Producto | C23: Tipo | D23: Ene | E23: Feb | F23: Mar | G23: Abr | H23: May | I23: Jun | J23: Jul | K23: Ago | L23: Sep | M23: Oct | N23: Nov | O23: Dic | P23: Total anual
A24: 2028 | B24: ABC 1 kg | C24: Terminado | D24: =datos_base!$D$2*parametros_manuales!B$12 -> 822.24 | E24: =datos_base!$D$2*parametros_manuales!C$12 -> 616.68 | F24: =datos_base!$D$2*parametros_manuales!D$12 -> 548.16 | G24: =datos_base!$D$2*parametros_manuales!E$12 -> 513.9 | H24: =datos_base!$D$2*parametros_manuales!F$12 -> 479.64 | I24: =datos_base!$D$2*parametros_manuales!G$12 -> 479.64 | J24: =datos_base!$D$2*parametros_manuales!H$12 -> 513.9 | K24: =datos_base!$D$2*parametros_manuales!I$12 -> 513.9 | ... O24: =datos_base!$D$2*parametros_manuales!M$12 -> 822.24 | P24: =SUM(D24:O24) -> 6852
A25: 2028 | B25: ABC 2,5 kg | C25: Terminado | D25: =datos_base!$D$3*parametros_manuales!B$13 -> 98.7 | E25: =datos_base!$D$3*parametros_manuales!C$13 -> 78.96 | F25: =datos_base!$D$3*parametros_manuales!D$13 -> 83.895 | G25: =datos_base!$D$3*parametros_manuales!E$13 -> 83.895 | H25: =datos_base!$D$3*parametros_manuales!F$13 -> 78.96 | I25: =datos_base!$D$3*parametros_manuales!G$13 -> 74.025 | J25: =datos_base!$D$3*parametros_manuales!H$13 -> 78.96 | K25: =datos_base!$D$3*parametros_manuales!I$13 -> 78.96 | ... O25: =datos_base!$D$3*parametros_manuales!M$13 -> 108.57 | P25: =SUM(D25:O25) -> 987
A26: 2028 | B26: ABC 5 kg | C26: Terminado | D26: =datos_base!$D$4*parametros_manuales!B$14 -> 509.4 | E26: =datos_base!$D$4*parametros_manuales!C$14 -> 407.52 | F26: =datos_base!$D$4*parametros_manuales!D$14 -> 432.99 | G26: =datos_base!$D$4*parametros_manuales!E$14 -> 432.99 | H26: =datos_base!$D$4*parametros_manuales!F$14 -> 407.52 | I26: =datos_base!$D$4*parametros_manuales!G$14 -> 382.05 | J26: =datos_base!$D$4*parametros_manuales!H$14 -> 407.52 | K26: =datos_base!$D$4*parametros_manuales!I$14 -> 407.52 | ... O26: =datos_base!$D$4*parametros_manuales!M$14 -> 560.34 | P26: =SUM(D26:O26) -> 5094
A27: 2028 | B27: ABC 10 kg | C27: Terminado | D27: =datos_base!$D$5*parametros_manuales!B$15 -> 25.3 | E27: =datos_base!$D$5*parametros_manuales!C$15 -> 20.24 | F27: =datos_base!$D$5*parametros_manuales!D$15 -> 21.505 | G27: =datos_base!$D$5*parametros_manuales!E$15 -> 21.505 | H27: =datos_base!$D$5*parametros_manuales!F$15 -> 20.24 | I27: =datos_base!$D$5*parametros_manuales!G$15 -> 18.975 | J27: =datos_base!$D$5*parametros_manuales!H$15 -> 20.24 | K27: =datos_base!$D$5*parametros_manuales!I$15 -> 20.24 | ... O27: =datos_base!$D$5*parametros_manuales!M$15 -> 27.83 | P27: =SUM(D27:O27) -> 253
A28: 2028 | B28: Cilindros ABC 1 kg | C28: Cilindro | D28: =datos_base!$D$9*parametros_manuales!B$12 -> 919.44 | E28: =datos_base!$D$9*parametros_manuales!C$12 -> 689.58 | F28: =datos_base!$D$9*parametros_manuales!D$12 -> 612.96 | G28: =datos_base!$D$9*parametros_manuales!E$12 -> 574.65 | H28: =datos_base!$D$9*parametros_manuales!F$12 -> 536.34 | I28: =datos_base!$D$9*parametros_manuales!G$12 -> 536.34 | J28: =datos_base!$D$9*parametros_manuales!H$12 -> 574.65 | K28: =datos_base!$D$9*parametros_manuales!I$12 -> 574.65 | ... O28: =datos_base!$D$9*parametros_manuales!M$12 -> 919.44 | P28: =SUM(D28:O28) -> 7662
A29: 2028 | B29: Cilindros ABC 2,5 kg | C29: Cilindro | D29: =datos_base!$D$10*parametros_manuales!B$13 -> 30 | E29: =datos_base!$D$10*parametros_manuales!C$13 -> 24 | F29: =datos_base!$D$10*parametros_manuales!D$13 -> 25.5 | G29: =datos_base!$D$10*parametros_manuales!E$13 -> 25.5 | H29: =datos_base!$D$10*parametros_manuales!F$13 -> 24 | I29: =datos_base!$D$10*parametros_manuales!G$13 -> 22.5 | J29: =datos_base!$D$10*parametros_manuales!H$13 -> 24 | K29: =datos_base!$D$10*parametros_manuales!I$13 -> 24 | ... O29: =datos_base!$D$10*parametros_manuales!M$13 -> 33 | P29: =SUM(D29:O29) -> 300
A30: 2028 | B30: Cilindros ABC 5 kg | C30: Cilindro | D30: =datos_base!$D$11*parametros_manuales!B$14 -> 147.9 | E30: =datos_base!$D$11*parametros_manuales!C$14 -> 118.32 | F30: =datos_base!$D$11*parametros_manuales!D$14 -> 125.715 | G30: =datos_base!$D$11*parametros_manuales!E$14 -> 125.715 | H30: =datos_base!$D$11*parametros_manuales!F$14 -> 118.32 | I30: =datos_base!$D$11*parametros_manuales!G$14 -> 110.925 | J30: =datos_base!$D$11*parametros_manuales!H$14 -> 118.32 | K30: =datos_base!$D$11*parametros_manuales!I$14 -> 118.32 | ... O30: =datos_base!$D$11*parametros_manuales!M$14 -> 162.69 | P30: =SUM(D30:O30) -> 1479
A31: 2028 | B31: Cilindros ABC 10 kg | C31: Cilindro | D31: =datos_base!$D$12*parametros_manuales!B$15 -> 9 | E31: =datos_base!$D$12*parametros_manuales!C$15 -> 7.2 | F31: =datos_base!$D$12*parametros_manuales!D$15 -> 7.65 | G31: =datos_base!$D$12*parametros_manuales!E$15 -> 7.65 | H31: =datos_base!$D$12*parametros_manuales!F$15 -> 7.2 | I31: =datos_base!$D$12*parametros_manuales!G$15 -> 6.75 | J31: =datos_base!$D$12*parametros_manuales!H$15 -> 7.2 | K31: =datos_base!$D$12*parametros_manuales!I$15 -> 7.2 | ... O31: =datos_base!$D$12*parametros_manuales!M$15 -> 9.9 | P31: =SUM(D31:O31) -> 90
B32: Total recipientes | D32: =SUM(D24:D31) -> 2561.98 | E32: =SUM(E24:E31) -> 1962.5 | F32: =SUM(F24:F31) -> 1858.375 | G32: =SUM(G24:G31) -> 1785.805 | H32: =SUM(H24:H31) -> 1672.22 | I32: =SUM(I24:I31) -> 1631.205 | J32: =SUM(J24:J31) -> 1744.79 | K32: =SUM(K24:K31) -> 1744.79 | ... P32: =SUM(P24:P31) -> 22717
A34: 2029 | B34: Producto | C34: Tipo | D34: Ene | E34: Feb | F34: Mar | G34: Abr | H34: May | I34: Jun | J34: Jul | K34: Ago | L34: Sep | M34: Oct | N34: Nov | O34: Dic | P34: Total anual
A35: 2029 | B35: ABC 1 kg | C35: Terminado | D35: =datos_base!$E$2*parametros_manuales!B$12 -> 1016.04 | E35: =datos_base!$E$2*parametros_manuales!C$12 -> 762.03 | F35: =datos_base!$E$2*parametros_manuales!D$12 -> 677.36 | G35: =datos_base!$E$2*parametros_manuales!E$12 -> 635.025 | H35: =datos_base!$E$2*parametros_manuales!F$12 -> 592.69 | I35: =datos_base!$E$2*parametros_manuales!G$12 -> 592.69 | J35: =datos_base!$E$2*parametros_manuales!H$12 -> 635.025 | K35: =datos_base!$E$2*parametros_manuales!I$12 -> 635.025 | ... O35: =datos_base!$E$2*parametros_manuales!M$12 -> 1016.04 | P35: =SUM(D35:O35) -> 8467
A36: 2029 | B36: ABC 2,5 kg | C36: Terminado | D36: =datos_base!$E$3*parametros_manuales!B$13 -> 150.1 | E36: =datos_base!$E$3*parametros_manuales!C$13 -> 120.08 | F36: =datos_base!$E$3*parametros_manuales!D$13 -> 127.585 | G36: =datos_base!$E$3*parametros_manuales!E$13 -> 127.585 | H36: =datos_base!$E$3*parametros_manuales!F$13 -> 120.08 | I36: =datos_base!$E$3*parametros_manuales!G$13 -> 112.575 | J36: =datos_base!$E$3*parametros_manuales!H$13 -> 120.08 | K36: =datos_base!$E$3*parametros_manuales!I$13 -> 120.08 | ... O36: =datos_base!$E$3*parametros_manuales!M$13 -> 165.11 | P36: =SUM(D36:O36) -> 1501
A37: 2029 | B37: ABC 5 kg | C37: Terminado | D37: =datos_base!$E$4*parametros_manuales!B$14 -> 682.3 | E37: =datos_base!$E$4*parametros_manuales!C$14 -> 545.84 | F37: =datos_base!$E$4*parametros_manuales!D$14 -> 579.955 | G37: =datos_base!$E$4*parametros_manuales!E$14 -> 579.955 | H37: =datos_base!$E$4*parametros_manuales!F$14 -> 545.84 | I37: =datos_base!$E$4*parametros_manuales!G$14 -> 511.725 | J37: =datos_base!$E$4*parametros_manuales!H$14 -> 545.84 | K37: =datos_base!$E$4*parametros_manuales!I$14 -> 545.84 | ... O37: =datos_base!$E$4*parametros_manuales!M$14 -> 750.53 | P37: =SUM(D37:O37) -> 6823
A38: 2029 | B38: ABC 10 kg | C38: Terminado | D38: =datos_base!$E$5*parametros_manuales!B$15 -> 35.8 | E38: =datos_base!$E$5*parametros_manuales!C$15 -> 28.64 | F38: =datos_base!$E$5*parametros_manuales!D$15 -> 30.43 | G38: =datos_base!$E$5*parametros_manuales!E$15 -> 30.43 | H38: =datos_base!$E$5*parametros_manuales!F$15 -> 28.64 | I38: =datos_base!$E$5*parametros_manuales!G$15 -> 26.85 | J38: =datos_base!$E$5*parametros_manuales!H$15 -> 28.64 | K38: =datos_base!$E$5*parametros_manuales!I$15 -> 28.64 | ... O38: =datos_base!$E$5*parametros_manuales!M$15 -> 39.38 | P38: =SUM(D38:O38) -> 358
A39: 2029 | B39: Cilindros ABC 1 kg | C39: Cilindro | D39: =datos_base!$E$9*parametros_manuales!B$12 -> 3203.4 | E39: =datos_base!$E$9*parametros_manuales!C$12 -> 2402.55 | F39: =datos_base!$E$9*parametros_manuales!D$12 -> 2135.6 | G39: =datos_base!$E$9*parametros_manuales!E$12 -> 2002.125 | H39: =datos_base!$E$9*parametros_manuales!F$12 -> 1868.65 | I39: =datos_base!$E$9*parametros_manuales!G$12 -> 1868.65 | J39: =datos_base!$E$9*parametros_manuales!H$12 -> 2002.125 | K39: =datos_base!$E$9*parametros_manuales!I$12 -> 2002.125 | ... O39: =datos_base!$E$9*parametros_manuales!M$12 -> 3203.4 | P39: =SUM(D39:O39) -> 26695
A40: 2029 | B40: Cilindros ABC 2,5 kg | C40: Cilindro | D40: =datos_base!$E$10*parametros_manuales!B$13 -> 104.4 | E40: =datos_base!$E$10*parametros_manuales!C$13 -> 83.52 | F40: =datos_base!$E$10*parametros_manuales!D$13 -> 88.74 | G40: =datos_base!$E$10*parametros_manuales!E$13 -> 88.74 | H40: =datos_base!$E$10*parametros_manuales!F$13 -> 83.52 | I40: =datos_base!$E$10*parametros_manuales!G$13 -> 78.3 | J40: =datos_base!$E$10*parametros_manuales!H$13 -> 83.52 | K40: =datos_base!$E$10*parametros_manuales!I$13 -> 83.52 | ... O40: =datos_base!$E$10*parametros_manuales!M$13 -> 114.84 | P40: =SUM(D40:O40) -> 1044
A41: 2029 | B41: Cilindros ABC 5 kg | C41: Cilindro | D41: =datos_base!$E$11*parametros_manuales!B$14 -> 515.2 | E41: =datos_base!$E$11*parametros_manuales!C$14 -> 412.16 | F41: =datos_base!$E$11*parametros_manuales!D$14 -> 437.92 | G41: =datos_base!$E$11*parametros_manuales!E$14 -> 437.92 | H41: =datos_base!$E$11*parametros_manuales!F$14 -> 412.16 | I41: =datos_base!$E$11*parametros_manuales!G$14 -> 386.4 | J41: =datos_base!$E$11*parametros_manuales!H$14 -> 412.16 | K41: =datos_base!$E$11*parametros_manuales!I$14 -> 412.16 | ... O41: =datos_base!$E$11*parametros_manuales!M$14 -> 566.72 | P41: =SUM(D41:O41) -> 5152
A42: 2029 | B42: Cilindros ABC 10 kg | C42: Cilindro | D42: =datos_base!$E$12*parametros_manuales!B$15 -> 31.5 | E42: =datos_base!$E$12*parametros_manuales!C$15 -> 25.2 | F42: =datos_base!$E$12*parametros_manuales!D$15 -> 26.775 | G42: =datos_base!$E$12*parametros_manuales!E$15 -> 26.775 | H42: =datos_base!$E$12*parametros_manuales!F$15 -> 25.2 | I42: =datos_base!$E$12*parametros_manuales!G$15 -> 23.625 | J42: =datos_base!$E$12*parametros_manuales!H$15 -> 25.2 | K42: =datos_base!$E$12*parametros_manuales!I$15 -> 25.2 | ... O42: =datos_base!$E$12*parametros_manuales!M$15 -> 34.65 | P42: =SUM(D42:O42) -> 315
B43: Total recipientes | D43: =SUM(D35:D42) -> 5738.74 | E43: =SUM(E35:E42) -> 4380.02 | F43: =SUM(F35:F42) -> 4104.365 | G43: =SUM(G35:G42) -> 3928.555 | H43: =SUM(H35:H42) -> 3676.78 | I43: =SUM(I35:I42) -> 3600.815 | J43: =SUM(J35:J42) -> 3852.59 | K43: =SUM(K35:K42) -> 3852.59 | ... P43: =SUM(P35:P42) -> 50355
A45: 2030 | B45: Producto | C45: Tipo | D45: Ene | E45: Feb | F45: Mar | G45: Abr | H45: May | I45: Jun | J45: Jul | K45: Ago | L45: Sep | M45: Oct | N45: Nov | O45: Dic | P45: Total anual
A46: 2030 | B46: ABC 1 kg | C46: Terminado | D46: =datos_base!$F$2*parametros_manuales!B$12 -> 1521.72 | E46: =datos_base!$F$2*parametros_manuales!C$12 -> 1141.29 | F46: =datos_base!$F$2*parametros_manuales!D$12 -> 1014.48 | G46: =datos_base!$F$2*parametros_manuales!E$12 -> 951.075 | H46: =datos_base!$F$2*parametros_manuales!F$12 -> 887.67 | I46: =datos_base!$F$2*parametros_manuales!G$12 -> 887.67 | J46: =datos_base!$F$2*parametros_manuales!H$12 -> 951.075 | K46: =datos_base!$F$2*parametros_manuales!I$12 -> 951.075 | ... O46: =datos_base!$F$2*parametros_manuales!M$12 -> 1521.72 | P46: =SUM(D46:O46) -> 12681
A47: 2030 | B47: ABC 2,5 kg | C47: Terminado | D47: =datos_base!$F$3*parametros_manuales!B$13 -> 231.2 | E47: =datos_base!$F$3*parametros_manuales!C$13 -> 184.96 | F47: =datos_base!$F$3*parametros_manuales!D$13 -> 196.52 | G47: =datos_base!$F$3*parametros_manuales!E$13 -> 196.52 | H47: =datos_base!$F$3*parametros_manuales!F$13 -> 184.96 | I47: =datos_base!$F$3*parametros_manuales!G$13 -> 173.4 | J47: =datos_base!$F$3*parametros_manuales!H$13 -> 184.96 | K47: =datos_base!$F$3*parametros_manuales!I$13 -> 184.96 | ... O47: =datos_base!$F$3*parametros_manuales!M$13 -> 254.32 | P47: =SUM(D47:O47) -> 2312
A48: 2030 | B48: ABC 5 kg | C48: Terminado | D48: =datos_base!$F$4*parametros_manuales!B$14 -> 1081.9 | E48: =datos_base!$F$4*parametros_manuales!C$14 -> 865.52 | F48: =datos_base!$F$4*parametros_manuales!D$14 -> 919.615 | G48: =datos_base!$F$4*parametros_manuales!E$14 -> 919.615 | H48: =datos_base!$F$4*parametros_manuales!F$14 -> 865.52 | I48: =datos_base!$F$4*parametros_manuales!G$14 -> 811.425 | J48: =datos_base!$F$4*parametros_manuales!H$14 -> 865.52 | K48: =datos_base!$F$4*parametros_manuales!I$14 -> 865.52 | ... O48: =datos_base!$F$4*parametros_manuales!M$14 -> 1190.09 | P48: =SUM(D48:O48) -> 10819
A49: 2030 | B49: ABC 10 kg | C49: Terminado | D49: =datos_base!$F$5*parametros_manuales!B$15 -> 60.3 | E49: =datos_base!$F$5*parametros_manuales!C$15 -> 48.24 | F49: =datos_base!$F$5*parametros_manuales!D$15 -> 51.255 | G49: =datos_base!$F$5*parametros_manuales!E$15 -> 51.255 | H49: =datos_base!$F$5*parametros_manuales!F$15 -> 48.24 | I49: =datos_base!$F$5*parametros_manuales!G$15 -> 45.225 | J49: =datos_base!$F$5*parametros_manuales!H$15 -> 48.24 | K49: =datos_base!$F$5*parametros_manuales!I$15 -> 48.24 | ... O49: =datos_base!$F$5*parametros_manuales!M$15 -> 66.33 | P49: =SUM(D49:O49) -> 603
A50: 2030 | B50: Cilindros ABC 1 kg | C50: Cilindro | D50: =datos_base!$F$9*parametros_manuales!B$12 -> 5932.2 | E50: =datos_base!$F$9*parametros_manuales!C$12 -> 4449.15 | F50: =datos_base!$F$9*parametros_manuales!D$12 -> 3954.8 | G50: =datos_base!$F$9*parametros_manuales!E$12 -> 3707.625 | H50: =datos_base!$F$9*parametros_manuales!F$12 -> 3460.45 | I50: =datos_base!$F$9*parametros_manuales!G$12 -> 3460.45 | J50: =datos_base!$F$9*parametros_manuales!H$12 -> 3707.625 | K50: =datos_base!$F$9*parametros_manuales!I$12 -> 3707.625 | ... O50: =datos_base!$F$9*parametros_manuales!M$12 -> 5932.2 | P50: =SUM(D50:O50) -> 49435
A51: 2030 | B51: Cilindros ABC 2,5 kg | C51: Cilindro | D51: =datos_base!$F$10*parametros_manuales!B$13 -> 193.3 | E51: =datos_base!$F$10*parametros_manuales!C$13 -> 154.64 | F51: =datos_base!$F$10*parametros_manuales!D$13 -> 164.305 | G51: =datos_base!$F$10*parametros_manuales!E$13 -> 164.305 | H51: =datos_base!$F$10*parametros_manuales!F$13 -> 154.64 | I51: =datos_base!$F$10*parametros_manuales!G$13 -> 144.975 | J51: =datos_base!$F$10*parametros_manuales!H$13 -> 154.64 | K51: =datos_base!$F$10*parametros_manuales!I$13 -> 154.64 | ... O51: =datos_base!$F$10*parametros_manuales!M$13 -> 212.63 | P51: =SUM(D51:O51) -> 1933
A52: 2030 | B52: Cilindros ABC 5 kg | C52: Cilindro | D52: =datos_base!$F$11*parametros_manuales!B$14 -> 954.1 | E52: =datos_base!$F$11*parametros_manuales!C$14 -> 763.28 | F52: =datos_base!$F$11*parametros_manuales!D$14 -> 810.985 | G52: =datos_base!$F$11*parametros_manuales!E$14 -> 810.985 | H52: =datos_base!$F$11*parametros_manuales!F$14 -> 763.28 | I52: =datos_base!$F$11*parametros_manuales!G$14 -> 715.575 | J52: =datos_base!$F$11*parametros_manuales!H$14 -> 763.28 | K52: =datos_base!$F$11*parametros_manuales!I$14 -> 763.28 | ... O52: =datos_base!$F$11*parametros_manuales!M$14 -> 1049.51 | P52: =SUM(D52:O52) -> 9541
A53: 2030 | B53: Cilindros ABC 10 kg | C53: Cilindro | D53: =datos_base!$F$12*parametros_manuales!B$15 -> 58.3 | E53: =datos_base!$F$12*parametros_manuales!C$15 -> 46.64 | F53: =datos_base!$F$12*parametros_manuales!D$15 -> 49.555 | G53: =datos_base!$F$12*parametros_manuales!E$15 -> 49.555 | H53: =datos_base!$F$12*parametros_manuales!F$15 -> 46.64 | I53: =datos_base!$F$12*parametros_manuales!G$15 -> 43.725 | J53: =datos_base!$F$12*parametros_manuales!H$15 -> 46.64 | K53: =datos_base!$F$12*parametros_manuales!I$15 -> 46.64 | ... O53: =datos_base!$F$12*parametros_manuales!M$15 -> 64.13 | P53: =SUM(D53:O53) -> 583
B54: Total recipientes | D54: =SUM(D46:D53) -> 10033.02 | E54: =SUM(E46:E53) -> 7653.72 | F54: =SUM(F46:F53) -> 7161.515 | G54: =SUM(G46:G53) -> 6850.935 | H54: =SUM(H46:H53) -> 6411.4 | I54: =SUM(I46:I53) -> 6282.445 | J54: =SUM(J46:J53) -> 6721.98 | K54: =SUM(K46:K53) -> 6721.98 | ... P54: =SUM(P46:P53) -> 87907
A56: 2031 | B56: Producto | C56: Tipo | D56: Ene | E56: Feb | F56: Mar | G56: Abr | H56: May | I56: Jun | J56: Jul | K56: Ago | L56: Sep | M56: Oct | N56: Nov | O56: Dic | P56: Total anual
A57: 2031 | B57: ABC 1 kg | C57: Terminado | D57: =datos_base!$G$2*parametros_manuales!B$12 -> 1874.4 | E57: =datos_base!$G$2*parametros_manuales!C$12 -> 1405.8 | F57: =datos_base!$G$2*parametros_manuales!D$12 -> 1249.6 | G57: =datos_base!$G$2*parametros_manuales!E$12 -> 1171.5 | H57: =datos_base!$G$2*parametros_manuales!F$12 -> 1093.4 | I57: =datos_base!$G$2*parametros_manuales!G$12 -> 1093.4 | J57: =datos_base!$G$2*parametros_manuales!H$12 -> 1171.5 | K57: =datos_base!$G$2*parametros_manuales!I$12 -> 1171.5 | ... O57: =datos_base!$G$2*parametros_manuales!M$12 -> 1874.4 | P57: =SUM(D57:O57) -> 15620
A58: 2031 | B58: ABC 2,5 kg | C58: Terminado | D58: =datos_base!$G$3*parametros_manuales!B$13 -> 325.2 | E58: =datos_base!$G$3*parametros_manuales!C$13 -> 260.16 | F58: =datos_base!$G$3*parametros_manuales!D$13 -> 276.42 | G58: =datos_base!$G$3*parametros_manuales!E$13 -> 276.42 | H58: =datos_base!$G$3*parametros_manuales!F$13 -> 260.16 | I58: =datos_base!$G$3*parametros_manuales!G$13 -> 243.9 | J58: =datos_base!$G$3*parametros_manuales!H$13 -> 260.16 | K58: =datos_base!$G$3*parametros_manuales!I$13 -> 260.16 | ... O58: =datos_base!$G$3*parametros_manuales!M$13 -> 357.72 | P58: =SUM(D58:O58) -> 3252
A59: 2031 | B59: ABC 5 kg | C59: Terminado | D59: =datos_base!$G$4*parametros_manuales!B$14 -> 1460.6 | E59: =datos_base!$G$4*parametros_manuales!C$14 -> 1168.48 | F59: =datos_base!$G$4*parametros_manuales!D$14 -> 1241.51 | G59: =datos_base!$G$4*parametros_manuales!E$14 -> 1241.51 | H59: =datos_base!$G$4*parametros_manuales!F$14 -> 1168.48 | I59: =datos_base!$G$4*parametros_manuales!G$14 -> 1095.45 | J59: =datos_base!$G$4*parametros_manuales!H$14 -> 1168.48 | K59: =datos_base!$G$4*parametros_manuales!I$14 -> 1168.48 | ... O59: =datos_base!$G$4*parametros_manuales!M$14 -> 1606.66 | P59: =SUM(D59:O59) -> 14606
A60: 2031 | B60: ABC 10 kg | C60: Terminado | D60: =datos_base!$G$5*parametros_manuales!B$15 -> 87.2 | E60: =datos_base!$G$5*parametros_manuales!C$15 -> 69.76 | F60: =datos_base!$G$5*parametros_manuales!D$15 -> 74.12 | G60: =datos_base!$G$5*parametros_manuales!E$15 -> 74.12 | H60: =datos_base!$G$5*parametros_manuales!F$15 -> 69.76 | I60: =datos_base!$G$5*parametros_manuales!G$15 -> 65.4 | J60: =datos_base!$G$5*parametros_manuales!H$15 -> 69.76 | K60: =datos_base!$G$5*parametros_manuales!I$15 -> 69.76 | ... O60: =datos_base!$G$5*parametros_manuales!M$15 -> 95.92 | P60: =SUM(D60:O60) -> 872
A61: 2031 | B61: Cilindros ABC 1 kg | C61: Cilindro | D61: =datos_base!$G$9*parametros_manuales!B$12 -> 8601.6 | E61: =datos_base!$G$9*parametros_manuales!C$12 -> 6451.2 | F61: =datos_base!$G$9*parametros_manuales!D$12 -> 5734.4 | G61: =datos_base!$G$9*parametros_manuales!E$12 -> 5376 | H61: =datos_base!$G$9*parametros_manuales!F$12 -> 5017.6 | I61: =datos_base!$G$9*parametros_manuales!G$12 -> 5017.6 | J61: =datos_base!$G$9*parametros_manuales!H$12 -> 5376 | K61: =datos_base!$G$9*parametros_manuales!I$12 -> 5376 | ... O61: =datos_base!$G$9*parametros_manuales!M$12 -> 8601.6 | P61: =SUM(D61:O61) -> 71680
A62: 2031 | B62: Cilindros ABC 2,5 kg | C62: Cilindro | D62: =datos_base!$G$10*parametros_manuales!B$13 -> 280.3 | E62: =datos_base!$G$10*parametros_manuales!C$13 -> 224.24 | F62: =datos_base!$G$10*parametros_manuales!D$13 -> 238.255 | G62: =datos_base!$G$10*parametros_manuales!E$13 -> 238.255 | H62: =datos_base!$G$10*parametros_manuales!F$13 -> 224.24 | I62: =datos_base!$G$10*parametros_manuales!G$13 -> 210.225 | J62: =datos_base!$G$10*parametros_manuales!H$13 -> 224.24 | K62: =datos_base!$G$10*parametros_manuales!I$13 -> 224.24 | ... O62: =datos_base!$G$10*parametros_manuales!M$13 -> 308.33 | P62: =SUM(D62:O62) -> 2803
A63: 2031 | B63: Cilindros ABC 5 kg | C63: Cilindro | D63: =datos_base!$G$11*parametros_manuales!B$14 -> 1383.4 | E63: =datos_base!$G$11*parametros_manuales!C$14 -> 1106.72 | F63: =datos_base!$G$11*parametros_manuales!D$14 -> 1175.89 | G63: =datos_base!$G$11*parametros_manuales!E$14 -> 1175.89 | H63: =datos_base!$G$11*parametros_manuales!F$14 -> 1106.72 | I63: =datos_base!$G$11*parametros_manuales!G$14 -> 1037.55 | J63: =datos_base!$G$11*parametros_manuales!H$14 -> 1106.72 | K63: =datos_base!$G$11*parametros_manuales!I$14 -> 1106.72 | ... O63: =datos_base!$G$11*parametros_manuales!M$14 -> 1521.74 | P63: =SUM(D63:O63) -> 13834
A64: 2031 | B64: Cilindros ABC 10 kg | C64: Cilindro | D64: =datos_base!$G$12*parametros_manuales!B$15 -> 84.6 | E64: =datos_base!$G$12*parametros_manuales!C$15 -> 67.68 | F64: =datos_base!$G$12*parametros_manuales!D$15 -> 71.91 | G64: =datos_base!$G$12*parametros_manuales!E$15 -> 71.91 | H64: =datos_base!$G$12*parametros_manuales!F$15 -> 67.68 | I64: =datos_base!$G$12*parametros_manuales!G$15 -> 63.45 | J64: =datos_base!$G$12*parametros_manuales!H$15 -> 67.68 | K64: =datos_base!$G$12*parametros_manuales!I$15 -> 67.68 | ... O64: =datos_base!$G$12*parametros_manuales!M$15 -> 93.06 | P64: =SUM(D64:O64) -> 846
B65: Total recipientes | D65: =SUM(D57:D64) -> 14097.3 | E65: =SUM(E57:E64) -> 10754.04 | F65: =SUM(F57:F64) -> 10062.105 | G65: =SUM(G57:G64) -> 9625.605 | H65: =SUM(H57:H64) -> 9008.04 | I65: =SUM(I57:I64) -> 8826.975 | J65: =SUM(J57:J64) -> 9444.54 | K65: =SUM(K57:K64) -> 9444.54 | ... P65: =SUM(P57:P64) -> 123513
A67: 2032 | B67: Producto | C67: Tipo | D67: Ene | E67: Feb | F67: Mar | G67: Abr | H67: May | I67: Jun | J67: Jul | K67: Ago | L67: Sep | M67: Oct | N67: Nov | O67: Dic | P67: Total anual
A68: 2032 | B68: ABC 1 kg | C68: Terminado | D68: =datos_base!$H$2*parametros_manuales!B$12 -> 2439.96 | E68: =datos_base!$H$2*parametros_manuales!C$12 -> 1829.97 | F68: =datos_base!$H$2*parametros_manuales!D$12 -> 1626.64 | G68: =datos_base!$H$2*parametros_manuales!E$12 -> 1524.975 | H68: =datos_base!$H$2*parametros_manuales!F$12 -> 1423.31 | I68: =datos_base!$H$2*parametros_manuales!G$12 -> 1423.31 | J68: =datos_base!$H$2*parametros_manuales!H$12 -> 1524.975 | K68: =datos_base!$H$2*parametros_manuales!I$12 -> 1524.975 | ... O68: =datos_base!$H$2*parametros_manuales!M$12 -> 2439.96 | P68: =SUM(D68:O68) -> 20333
A69: 2032 | B69: ABC 2,5 kg | C69: Terminado | D69: =datos_base!$H$3*parametros_manuales!B$13 -> 410.3 | E69: =datos_base!$H$3*parametros_manuales!C$13 -> 328.24 | F69: =datos_base!$H$3*parametros_manuales!D$13 -> 348.755 | G69: =datos_base!$H$3*parametros_manuales!E$13 -> 348.755 | H69: =datos_base!$H$3*parametros_manuales!F$13 -> 328.24 | I69: =datos_base!$H$3*parametros_manuales!G$13 -> 307.725 | J69: =datos_base!$H$3*parametros_manuales!H$13 -> 328.24 | K69: =datos_base!$H$3*parametros_manuales!I$13 -> 328.24 | ... O69: =datos_base!$H$3*parametros_manuales!M$13 -> 451.33 | P69: =SUM(D69:O69) -> 4103
A70: 2032 | B70: ABC 5 kg | C70: Terminado | D70: =datos_base!$H$4*parametros_manuales!B$14 -> 1887.8 | E70: =datos_base!$H$4*parametros_manuales!C$14 -> 1510.24 | F70: =datos_base!$H$4*parametros_manuales!D$14 -> 1604.63 | G70: =datos_base!$H$4*parametros_manuales!E$14 -> 1604.63 | H70: =datos_base!$H$4*parametros_manuales!F$14 -> 1510.24 | I70: =datos_base!$H$4*parametros_manuales!G$14 -> 1415.85 | J70: =datos_base!$H$4*parametros_manuales!H$14 -> 1510.24 | K70: =datos_base!$H$4*parametros_manuales!I$14 -> 1510.24 | ... O70: =datos_base!$H$4*parametros_manuales!M$14 -> 2076.58 | P70: =SUM(D70:O70) -> 18878
A71: 2032 | B71: ABC 10 kg | C71: Terminado | D71: =datos_base!$H$5*parametros_manuales!B$15 -> 112.7 | E71: =datos_base!$H$5*parametros_manuales!C$15 -> 90.16 | F71: =datos_base!$H$5*parametros_manuales!D$15 -> 95.795 | G71: =datos_base!$H$5*parametros_manuales!E$15 -> 95.795 | H71: =datos_base!$H$5*parametros_manuales!F$15 -> 90.16 | I71: =datos_base!$H$5*parametros_manuales!G$15 -> 84.525 | J71: =datos_base!$H$5*parametros_manuales!H$15 -> 90.16 | K71: =datos_base!$H$5*parametros_manuales!I$15 -> 90.16 | ... O71: =datos_base!$H$5*parametros_manuales!M$15 -> 123.97 | P71: =SUM(D71:O71) -> 1127
A72: 2032 | B72: Cilindros ABC 1 kg | C72: Cilindro | D72: =datos_base!$H$9*parametros_manuales!B$12 -> 12160.92 | E72: =datos_base!$H$9*parametros_manuales!C$12 -> 9120.69 | F72: =datos_base!$H$9*parametros_manuales!D$12 -> 8107.28 | G72: =datos_base!$H$9*parametros_manuales!E$12 -> 7600.575 | H72: =datos_base!$H$9*parametros_manuales!F$12 -> 7093.87 | I72: =datos_base!$H$9*parametros_manuales!G$12 -> 7093.87 | J72: =datos_base!$H$9*parametros_manuales!H$12 -> 7600.575 | K72: =datos_base!$H$9*parametros_manuales!I$12 -> 7600.575 | ... O72: =datos_base!$H$9*parametros_manuales!M$12 -> 12160.92 | P72: =SUM(D72:O72) -> 101341
A73: 2032 | B73: Cilindros ABC 2,5 kg | C73: Cilindro | D73: =datos_base!$H$10*parametros_manuales!B$13 -> 396.3 | E73: =datos_base!$H$10*parametros_manuales!C$13 -> 317.04 | F73: =datos_base!$H$10*parametros_manuales!D$13 -> 336.855 | G73: =datos_base!$H$10*parametros_manuales!E$13 -> 336.855 | H73: =datos_base!$H$10*parametros_manuales!F$13 -> 317.04 | I73: =datos_base!$H$10*parametros_manuales!G$13 -> 297.225 | J73: =datos_base!$H$10*parametros_manuales!H$13 -> 317.04 | K73: =datos_base!$H$10*parametros_manuales!I$13 -> 317.04 | ... O73: =datos_base!$H$10*parametros_manuales!M$13 -> 435.93 | P73: =SUM(D73:O73) -> 3963
A74: 2032 | B74: Cilindros ABC 5 kg | C74: Cilindro | D74: =datos_base!$H$11*parametros_manuales!B$14 -> 1955.9 | E74: =datos_base!$H$11*parametros_manuales!C$14 -> 1564.72 | F74: =datos_base!$H$11*parametros_manuales!D$14 -> 1662.515 | G74: =datos_base!$H$11*parametros_manuales!E$14 -> 1662.515 | H74: =datos_base!$H$11*parametros_manuales!F$14 -> 1564.72 | I74: =datos_base!$H$11*parametros_manuales!G$14 -> 1466.925 | J74: =datos_base!$H$11*parametros_manuales!H$14 -> 1564.72 | K74: =datos_base!$H$11*parametros_manuales!I$14 -> 1564.72 | ... O74: =datos_base!$H$11*parametros_manuales!M$14 -> 2151.49 | P74: =SUM(D74:O74) -> 19559
A75: 2032 | B75: Cilindros ABC 10 kg | C75: Cilindro | D75: =datos_base!$H$12*parametros_manuales!B$15 -> 119.5 | E75: =datos_base!$H$12*parametros_manuales!C$15 -> 95.6 | F75: =datos_base!$H$12*parametros_manuales!D$15 -> 101.575 | G75: =datos_base!$H$12*parametros_manuales!E$15 -> 101.575 | H75: =datos_base!$H$12*parametros_manuales!F$15 -> 95.6 | I75: =datos_base!$H$12*parametros_manuales!G$15 -> 89.625 | J75: =datos_base!$H$12*parametros_manuales!H$15 -> 95.6 | K75: =datos_base!$H$12*parametros_manuales!I$15 -> 95.6 | ... O75: =datos_base!$H$12*parametros_manuales!M$15 -> 131.45 | P75: =SUM(D75:O75) -> 1195
B76: Total recipientes | D76: =SUM(D68:D75) -> 19483.38 | E76: =SUM(E68:E75) -> 14856.66 | F76: =SUM(F68:F75) -> 13884.045 | G76: =SUM(G68:G75) -> 13275.675 | H76: =SUM(H68:H75) -> 12423.18 | I76: =SUM(I68:I75) -> 12179.055 | J76: =SUM(J68:J75) -> 13031.55 | K76: =SUM(K68:K75) -> 13031.55 | ... P76: =SUM(P68:P75) -> 170499
A78: 2033 | B78: Producto | C78: Tipo | D78: Ene | E78: Feb | F78: Mar | G78: Abr | H78: May | I78: Jun | J78: Jul | K78: Ago | L78: Sep | M78: Oct | N78: Nov | O78: Dic | P78: Total anual
A79: 2033 | B79: ABC 1 kg | C79: Terminado | D79: =datos_base!$I$2*parametros_manuales!B$12 -> 3015.84 | E79: =datos_base!$I$2*parametros_manuales!C$12 -> 2261.88 | F79: =datos_base!$I$2*parametros_manuales!D$12 -> 2010.56 | G79: =datos_base!$I$2*parametros_manuales!E$12 -> 1884.9 | H79: =datos_base!$I$2*parametros_manuales!F$12 -> 1759.24 | I79: =datos_base!$I$2*parametros_manuales!G$12 -> 1759.24 | J79: =datos_base!$I$2*parametros_manuales!H$12 -> 1884.9 | K79: =datos_base!$I$2*parametros_manuales!I$12 -> 1884.9 | ... O79: =datos_base!$I$2*parametros_manuales!M$12 -> 3015.84 | P79: =SUM(D79:O79) -> 25132
A80: 2033 | B80: ABC 2,5 kg | C80: Terminado | D80: =datos_base!$I$3*parametros_manuales!B$13 -> 510.5 | E80: =datos_base!$I$3*parametros_manuales!C$13 -> 408.4 | F80: =datos_base!$I$3*parametros_manuales!D$13 -> 433.925 | G80: =datos_base!$I$3*parametros_manuales!E$13 -> 433.925 | H80: =datos_base!$I$3*parametros_manuales!F$13 -> 408.4 | I80: =datos_base!$I$3*parametros_manuales!G$13 -> 382.875 | J80: =datos_base!$I$3*parametros_manuales!H$13 -> 408.4 | K80: =datos_base!$I$3*parametros_manuales!I$13 -> 408.4 | ... O80: =datos_base!$I$3*parametros_manuales!M$13 -> 561.55 | P80: =SUM(D80:O80) -> 5105
A81: 2033 | B81: ABC 5 kg | C81: Terminado | D81: =datos_base!$I$4*parametros_manuales!B$14 -> 2336.8 | E81: =datos_base!$I$4*parametros_manuales!C$14 -> 1869.44 | F81: =datos_base!$I$4*parametros_manuales!D$14 -> 1986.28 | G81: =datos_base!$I$4*parametros_manuales!E$14 -> 1986.28 | H81: =datos_base!$I$4*parametros_manuales!F$14 -> 1869.44 | I81: =datos_base!$I$4*parametros_manuales!G$14 -> 1752.6 | J81: =datos_base!$I$4*parametros_manuales!H$14 -> 1869.44 | K81: =datos_base!$I$4*parametros_manuales!I$14 -> 1869.44 | ... O81: =datos_base!$I$4*parametros_manuales!M$14 -> 2570.48 | P81: =SUM(D81:O81) -> 23368
A82: 2033 | B82: ABC 10 kg | C82: Terminado | D82: =datos_base!$I$5*parametros_manuales!B$15 -> 139.5 | E82: =datos_base!$I$5*parametros_manuales!C$15 -> 111.6 | F82: =datos_base!$I$5*parametros_manuales!D$15 -> 118.575 | G82: =datos_base!$I$5*parametros_manuales!E$15 -> 118.575 | H82: =datos_base!$I$5*parametros_manuales!F$15 -> 111.6 | I82: =datos_base!$I$5*parametros_manuales!G$15 -> 104.625 | J82: =datos_base!$I$5*parametros_manuales!H$15 -> 111.6 | K82: =datos_base!$I$5*parametros_manuales!I$15 -> 111.6 | ... O82: =datos_base!$I$5*parametros_manuales!M$15 -> 153.45 | P82: =SUM(D82:O82) -> 1395
A83: 2033 | B83: Cilindros ABC 1 kg | C83: Cilindro | D83: =datos_base!$I$9*parametros_manuales!B$12 -> 15720.12 | E83: =datos_base!$I$9*parametros_manuales!C$12 -> 11790.09 | F83: =datos_base!$I$9*parametros_manuales!D$12 -> 10480.08 | G83: =datos_base!$I$9*parametros_manuales!E$12 -> 9825.075 | H83: =datos_base!$I$9*parametros_manuales!F$12 -> 9170.07 | I83: =datos_base!$I$9*parametros_manuales!G$12 -> 9170.07 | J83: =datos_base!$I$9*parametros_manuales!H$12 -> 9825.075 | K83: =datos_base!$I$9*parametros_manuales!I$12 -> 9825.075 | ... O83: =datos_base!$I$9*parametros_manuales!M$12 -> 15720.12 | P83: =SUM(D83:O83) -> 131001
A84: 2033 | B84: Cilindros ABC 2,5 kg | C84: Cilindro | D84: =datos_base!$I$10*parametros_manuales!B$13 -> 512.3 | E84: =datos_base!$I$10*parametros_manuales!C$13 -> 409.84 | F84: =datos_base!$I$10*parametros_manuales!D$13 -> 435.455 | G84: =datos_base!$I$10*parametros_manuales!E$13 -> 435.455 | H84: =datos_base!$I$10*parametros_manuales!F$13 -> 409.84 | I84: =datos_base!$I$10*parametros_manuales!G$13 -> 384.225 | J84: =datos_base!$I$10*parametros_manuales!H$13 -> 409.84 | K84: =datos_base!$I$10*parametros_manuales!I$13 -> 409.84 | ... O84: =datos_base!$I$10*parametros_manuales!M$13 -> 563.53 | P84: =SUM(D84:O84) -> 5123
A85: 2033 | B85: Cilindros ABC 5 kg | C85: Cilindro | D85: =datos_base!$I$11*parametros_manuales!B$14 -> 2528.3 | E85: =datos_base!$I$11*parametros_manuales!C$14 -> 2022.64 | F85: =datos_base!$I$11*parametros_manuales!D$14 -> 2149.055 | G85: =datos_base!$I$11*parametros_manuales!E$14 -> 2149.055 | H85: =datos_base!$I$11*parametros_manuales!F$14 -> 2022.64 | I85: =datos_base!$I$11*parametros_manuales!G$14 -> 1896.225 | J85: =datos_base!$I$11*parametros_manuales!H$14 -> 2022.64 | K85: =datos_base!$I$11*parametros_manuales!I$14 -> 2022.64 | ... O85: =datos_base!$I$11*parametros_manuales!M$14 -> 2781.13 | P85: =SUM(D85:O85) -> 25283
A86: 2033 | B86: Cilindros ABC 10 kg | C86: Cilindro | D86: =datos_base!$I$12*parametros_manuales!B$15 -> 154.5 | E86: =datos_base!$I$12*parametros_manuales!C$15 -> 123.6 | F86: =datos_base!$I$12*parametros_manuales!D$15 -> 131.325 | G86: =datos_base!$I$12*parametros_manuales!E$15 -> 131.325 | H86: =datos_base!$I$12*parametros_manuales!F$15 -> 123.6 | I86: =datos_base!$I$12*parametros_manuales!G$15 -> 115.875 | J86: =datos_base!$I$12*parametros_manuales!H$15 -> 123.6 | K86: =datos_base!$I$12*parametros_manuales!I$15 -> 123.6 | ... O86: =datos_base!$I$12*parametros_manuales!M$15 -> 169.95 | P86: =SUM(D86:O86) -> 1545
B87: Total recipientes | D87: =SUM(D79:D86) -> 24917.86 | E87: =SUM(E79:E86) -> 18997.49 | F87: =SUM(F79:F86) -> 17745.255 | G87: =SUM(G79:G86) -> 16964.59 | H87: =SUM(H79:H86) -> 15874.83 | I87: =SUM(I79:I86) -> 15565.735 | J87: =SUM(J79:J86) -> 16655.495 | K87: =SUM(K79:K86) -> 16655.495 | ... P87: =SUM(P79:P86) -> 217952
A89: 2034 | B89: Producto | C89: Tipo | D89: Ene | E89: Feb | F89: Mar | G89: Abr | H89: May | I89: Jun | J89: Jul | K89: Ago | L89: Sep | M89: Oct | N89: Nov | O89: Dic | P89: Total anual
A90: 2034 | B90: ABC 1 kg | C90: Terminado | D90: =datos_base!$J$2*parametros_manuales!B$12 -> 3428.76 | E90: =datos_base!$J$2*parametros_manuales!C$12 -> 2571.57 | F90: =datos_base!$J$2*parametros_manuales!D$12 -> 2285.84 | G90: =datos_base!$J$2*parametros_manuales!E$12 -> 2142.975 | H90: =datos_base!$J$2*parametros_manuales!F$12 -> 2000.11 | I90: =datos_base!$J$2*parametros_manuales!G$12 -> 2000.11 | J90: =datos_base!$J$2*parametros_manuales!H$12 -> 2142.975 | K90: =datos_base!$J$2*parametros_manuales!I$12 -> 2142.975 | ... O90: =datos_base!$J$2*parametros_manuales!M$12 -> 3428.76 | P90: =SUM(D90:O90) -> 28573
A91: 2034 | B91: ABC 2,5 kg | C91: Terminado | D91: =datos_base!$J$3*parametros_manuales!B$13 -> 619.5 | E91: =datos_base!$J$3*parametros_manuales!C$13 -> 495.6 | F91: =datos_base!$J$3*parametros_manuales!D$13 -> 526.575 | G91: =datos_base!$J$3*parametros_manuales!E$13 -> 526.575 | H91: =datos_base!$J$3*parametros_manuales!F$13 -> 495.6 | I91: =datos_base!$J$3*parametros_manuales!G$13 -> 464.625 | J91: =datos_base!$J$3*parametros_manuales!H$13 -> 495.6 | K91: =datos_base!$J$3*parametros_manuales!I$13 -> 495.6 | ... O91: =datos_base!$J$3*parametros_manuales!M$13 -> 681.45 | P91: =SUM(D91:O91) -> 6195
A92: 2034 | B92: ABC 5 kg | C92: Terminado | D92: =datos_base!$J$4*parametros_manuales!B$14 -> 2696.8 | E92: =datos_base!$J$4*parametros_manuales!C$14 -> 2157.44 | F92: =datos_base!$J$4*parametros_manuales!D$14 -> 2292.28 | G92: =datos_base!$J$4*parametros_manuales!E$14 -> 2292.28 | H92: =datos_base!$J$4*parametros_manuales!F$14 -> 2157.44 | I92: =datos_base!$J$4*parametros_manuales!G$14 -> 2022.6 | J92: =datos_base!$J$4*parametros_manuales!H$14 -> 2157.44 | K92: =datos_base!$J$4*parametros_manuales!I$14 -> 2157.44 | ... O92: =datos_base!$J$4*parametros_manuales!M$14 -> 2966.48 | P92: =SUM(D92:O92) -> 26968
A93: 2034 | B93: ABC 10 kg | C93: Terminado | D93: =datos_base!$J$5*parametros_manuales!B$15 -> 161.2 | E93: =datos_base!$J$5*parametros_manuales!C$15 -> 128.96 | F93: =datos_base!$J$5*parametros_manuales!D$15 -> 137.02 | G93: =datos_base!$J$5*parametros_manuales!E$15 -> 137.02 | H93: =datos_base!$J$5*parametros_manuales!F$15 -> 128.96 | I93: =datos_base!$J$5*parametros_manuales!G$15 -> 120.9 | J93: =datos_base!$J$5*parametros_manuales!H$15 -> 128.96 | K93: =datos_base!$J$5*parametros_manuales!I$15 -> 128.96 | ... O93: =datos_base!$J$5*parametros_manuales!M$15 -> 177.32 | P93: =SUM(D93:O93) -> 1612
A94: 2034 | B94: Cilindros ABC 1 kg | C94: Cilindro | D94: =datos_base!$J$9*parametros_manuales!B$12 -> 17618.4 | E94: =datos_base!$J$9*parametros_manuales!C$12 -> 13213.8 | F94: =datos_base!$J$9*parametros_manuales!D$12 -> 11745.6 | G94: =datos_base!$J$9*parametros_manuales!E$12 -> 11011.5 | H94: =datos_base!$J$9*parametros_manuales!F$12 -> 10277.4 | I94: =datos_base!$J$9*parametros_manuales!G$12 -> 10277.4 | J94: =datos_base!$J$9*parametros_manuales!H$12 -> 11011.5 | K94: =datos_base!$J$9*parametros_manuales!I$12 -> 11011.5 | ... O94: =datos_base!$J$9*parametros_manuales!M$12 -> 17618.4 | P94: =SUM(D94:O94) -> 146820
A95: 2034 | B95: Cilindros ABC 2,5 kg | C95: Cilindro | D95: =datos_base!$J$10*parametros_manuales!B$13 -> 574.1 | E95: =datos_base!$J$10*parametros_manuales!C$13 -> 459.28 | F95: =datos_base!$J$10*parametros_manuales!D$13 -> 487.985 | G95: =datos_base!$J$10*parametros_manuales!E$13 -> 487.985 | H95: =datos_base!$J$10*parametros_manuales!F$13 -> 459.28 | I95: =datos_base!$J$10*parametros_manuales!G$13 -> 430.575 | J95: =datos_base!$J$10*parametros_manuales!H$13 -> 459.28 | K95: =datos_base!$J$10*parametros_manuales!I$13 -> 459.28 | ... O95: =datos_base!$J$10*parametros_manuales!M$13 -> 631.51 | P95: =SUM(D95:O95) -> 5741
A96: 2034 | B96: Cilindros ABC 5 kg | C96: Cilindro | D96: =datos_base!$J$11*parametros_manuales!B$14 -> 2833.6 | E96: =datos_base!$J$11*parametros_manuales!C$14 -> 2266.88 | F96: =datos_base!$J$11*parametros_manuales!D$14 -> 2408.56 | G96: =datos_base!$J$11*parametros_manuales!E$14 -> 2408.56 | H96: =datos_base!$J$11*parametros_manuales!F$14 -> 2266.88 | I96: =datos_base!$J$11*parametros_manuales!G$14 -> 2125.2 | J96: =datos_base!$J$11*parametros_manuales!H$14 -> 2266.88 | K96: =datos_base!$J$11*parametros_manuales!I$14 -> 2266.88 | ... O96: =datos_base!$J$11*parametros_manuales!M$14 -> 3116.96 | P96: =SUM(D96:O96) -> 28336
A97: 2034 | B97: Cilindros ABC 10 kg | C97: Cilindro | D97: =datos_base!$J$12*parametros_manuales!B$15 -> 173.1 | E97: =datos_base!$J$12*parametros_manuales!C$15 -> 138.48 | F97: =datos_base!$J$12*parametros_manuales!D$15 -> 147.135 | G97: =datos_base!$J$12*parametros_manuales!E$15 -> 147.135 | H97: =datos_base!$J$12*parametros_manuales!F$15 -> 138.48 | I97: =datos_base!$J$12*parametros_manuales!G$15 -> 129.825 | J97: =datos_base!$J$12*parametros_manuales!H$15 -> 138.48 | K97: =datos_base!$J$12*parametros_manuales!I$15 -> 138.48 | ... O97: =datos_base!$J$12*parametros_manuales!M$15 -> 190.41 | P97: =SUM(D97:O97) -> 1731
B98: Total recipientes | D98: =SUM(D90:D97) -> 28105.46 | E98: =SUM(E90:E97) -> 21432.01 | F98: =SUM(F90:F97) -> 20030.995 | G98: =SUM(G90:G97) -> 19154.03 | H98: =SUM(H90:H97) -> 17924.15 | I98: =SUM(I90:I97) -> 17571.235 | J98: =SUM(J90:J97) -> 18801.115 | K98: =SUM(K90:K97) -> 18801.115 | ... P98: =SUM(P90:P97) -> 245976
A100: 2035 | B100: Producto | C100: Tipo | D100: Ene | E100: Feb | F100: Mar | G100: Abr | H100: May | I100: Jun | J100: Jul | K100: Ago | L100: Sep | M100: Oct | N100: Nov | O100: Dic | P100: Total anual
A101: 2035 | B101: ABC 1 kg | C101: Terminado | D101: =datos_base!$K$2*parametros_manuales!B$12 -> 3848.76 | E101: =datos_base!$K$2*parametros_manuales!C$12 -> 2886.57 | F101: =datos_base!$K$2*parametros_manuales!D$12 -> 2565.84 | G101: =datos_base!$K$2*parametros_manuales!E$12 -> 2405.475 | H101: =datos_base!$K$2*parametros_manuales!F$12 -> 2245.11 | I101: =datos_base!$K$2*parametros_manuales!G$12 -> 2245.11 | J101: =datos_base!$K$2*parametros_manuales!H$12 -> 2405.475 | K101: =datos_base!$K$2*parametros_manuales!I$12 -> 2405.475 | ... O101: =datos_base!$K$2*parametros_manuales!M$12 -> 3848.76 | P101: =SUM(D101:O101) -> 32073
A102: 2035 | B102: ABC 2,5 kg | C102: Terminado | D102: =datos_base!$K$3*parametros_manuales!B$13 -> 742.5 | E102: =datos_base!$K$3*parametros_manuales!C$13 -> 594 | F102: =datos_base!$K$3*parametros_manuales!D$13 -> 631.125 | G102: =datos_base!$K$3*parametros_manuales!E$13 -> 631.125 | H102: =datos_base!$K$3*parametros_manuales!F$13 -> 594 | I102: =datos_base!$K$3*parametros_manuales!G$13 -> 556.875 | J102: =datos_base!$K$3*parametros_manuales!H$13 -> 594 | K102: =datos_base!$K$3*parametros_manuales!I$13 -> 594 | ... O102: =datos_base!$K$3*parametros_manuales!M$13 -> 816.75 | P102: =SUM(D102:O102) -> 7425
A103: 2035 | B103: ABC 5 kg | C103: Terminado | D103: =datos_base!$K$4*parametros_manuales!B$14 -> 3075.1 | E103: =datos_base!$K$4*parametros_manuales!C$14 -> 2460.08 | F103: =datos_base!$K$4*parametros_manuales!D$14 -> 2613.835 | G103: =datos_base!$K$4*parametros_manuales!E$14 -> 2613.835 | H103: =datos_base!$K$4*parametros_manuales!F$14 -> 2460.08 | I103: =datos_base!$K$4*parametros_manuales!G$14 -> 2306.325 | J103: =datos_base!$K$4*parametros_manuales!H$14 -> 2460.08 | K103: =datos_base!$K$4*parametros_manuales!I$14 -> 2460.08 | ... O103: =datos_base!$K$4*parametros_manuales!M$14 -> 3382.61 | P103: =SUM(D103:O103) -> 30751
A104: 2035 | B104: ABC 10 kg | C104: Terminado | D104: =datos_base!$K$5*parametros_manuales!B$15 -> 184.1 | E104: =datos_base!$K$5*parametros_manuales!C$15 -> 147.28 | F104: =datos_base!$K$5*parametros_manuales!D$15 -> 156.485 | G104: =datos_base!$K$5*parametros_manuales!E$15 -> 156.485 | H104: =datos_base!$K$5*parametros_manuales!F$15 -> 147.28 | I104: =datos_base!$K$5*parametros_manuales!G$15 -> 138.075 | J104: =datos_base!$K$5*parametros_manuales!H$15 -> 147.28 | K104: =datos_base!$K$5*parametros_manuales!I$15 -> 147.28 | ... O104: =datos_base!$K$5*parametros_manuales!M$15 -> 202.51 | P104: =SUM(D104:O104) -> 1841
A105: 2035 | B105: Cilindros ABC 1 kg | C105: Cilindro | D105: =datos_base!$K$9*parametros_manuales!B$12 -> 20465.76 | E105: =datos_base!$K$9*parametros_manuales!C$12 -> 15349.32 | F105: =datos_base!$K$9*parametros_manuales!D$12 -> 13643.84 | G105: =datos_base!$K$9*parametros_manuales!E$12 -> 12791.1 | H105: =datos_base!$K$9*parametros_manuales!F$12 -> 11938.36 | I105: =datos_base!$K$9*parametros_manuales!G$12 -> 11938.36 | J105: =datos_base!$K$9*parametros_manuales!H$12 -> 12791.1 | K105: =datos_base!$K$9*parametros_manuales!I$12 -> 12791.1 | ... O105: =datos_base!$K$9*parametros_manuales!M$12 -> 20465.76 | P105: =SUM(D105:O105) -> 170548
A106: 2035 | B106: Cilindros ABC 2,5 kg | C106: Cilindro | D106: =datos_base!$K$10*parametros_manuales!B$13 -> 666.9 | E106: =datos_base!$K$10*parametros_manuales!C$13 -> 533.52 | F106: =datos_base!$K$10*parametros_manuales!D$13 -> 566.865 | G106: =datos_base!$K$10*parametros_manuales!E$13 -> 566.865 | H106: =datos_base!$K$10*parametros_manuales!F$13 -> 533.52 | I106: =datos_base!$K$10*parametros_manuales!G$13 -> 500.175 | J106: =datos_base!$K$10*parametros_manuales!H$13 -> 533.52 | K106: =datos_base!$K$10*parametros_manuales!I$13 -> 533.52 | ... O106: =datos_base!$K$10*parametros_manuales!M$13 -> 733.59 | P106: =SUM(D106:O106) -> 6669
A107: 2035 | B107: Cilindros ABC 5 kg | C107: Cilindro | D107: =datos_base!$K$11*parametros_manuales!B$14 -> 3291.5 | E107: =datos_base!$K$11*parametros_manuales!C$14 -> 2633.2 | F107: =datos_base!$K$11*parametros_manuales!D$14 -> 2797.775 | G107: =datos_base!$K$11*parametros_manuales!E$14 -> 2797.775 | H107: =datos_base!$K$11*parametros_manuales!F$14 -> 2633.2 | I107: =datos_base!$K$11*parametros_manuales!G$14 -> 2468.625 | J107: =datos_base!$K$11*parametros_manuales!H$14 -> 2633.2 | K107: =datos_base!$K$11*parametros_manuales!I$14 -> 2633.2 | ... O107: =datos_base!$K$11*parametros_manuales!M$14 -> 3620.65 | P107: =SUM(D107:O107) -> 32915
A108: 2035 | B108: Cilindros ABC 10 kg | C108: Cilindro | D108: =datos_base!$K$12*parametros_manuales!B$15 -> 201.1 | E108: =datos_base!$K$12*parametros_manuales!C$15 -> 160.88 | F108: =datos_base!$K$12*parametros_manuales!D$15 -> 170.935 | G108: =datos_base!$K$12*parametros_manuales!E$15 -> 170.935 | H108: =datos_base!$K$12*parametros_manuales!F$15 -> 160.88 | I108: =datos_base!$K$12*parametros_manuales!G$15 -> 150.825 | J108: =datos_base!$K$12*parametros_manuales!H$15 -> 160.88 | K108: =datos_base!$K$12*parametros_manuales!I$15 -> 160.88 | ... O108: =datos_base!$K$12*parametros_manuales!M$15 -> 221.21 | P108: =SUM(D108:O108) -> 2011
B109: Total recipientes | D109: =SUM(D101:D108) -> 32475.72 | E109: =SUM(E101:E108) -> 24764.85 | F109: =SUM(F101:F108) -> 23146.7 | G109: =SUM(G101:G108) -> 22133.595 | H109: =SUM(H101:H108) -> 20712.43 | I109: =SUM(I101:I108) -> 20304.37 | J109: =SUM(J101:J108) -> 21725.535 | K109: =SUM(K101:K108) -> 21725.535 | ... P109: =SUM(P101:P108) -> 284233

Sheet Demanda puesto sin sobrestock
A1: Año 2026 | B1: Ene | C1: Feb | D1: Mar | E1: Abr | F1: May | G1: Jun | H1: Jul | I1: Ago | J1: Sep | K1: Oct | L1: Nov | M1: Dic | N1: Total anual | O1: Mes pico (u/mes) | P1: Demanda pico (u/h) | Q1: Mes pico
A2: =parametros_manuales!$B$19 -> Recepción de materia prima | B2: =(parametros_manuales!$D$19*('Plan mensual'!D2+IF(parametros_manuales!$H$19="Todos",'Plan mensual'!D6,0))+parametros_manuales!$E$19*('Plan mensual'!D3+IF(parametros_manuales!$H$19="Todos",'Plan mensual'!D7,0))+parametros_manuales!$F$19*('Plan mensual'!D4+IF(parametros_manuales!$H$19="Todos",'Plan mensual'!D8,0))+parametros_manuales!$G$19*('Plan mensual'!D5+IF(parametros_manuales!$H$19="Todos",'Plan mensual'!D9,0)))*parametros_manuales!$I$19*parametros_manuales!$J$19 -> 765.78 | C2: =(parametros_manuales!$D$19*('Plan mensual'!E2+IF(parametros_manuales!$H$19="Todos",'Plan mensual'!E6,0))+parametros_manuales!$E$19*('Plan mensual'!E3+IF(parametros_manuales!$H$19="Todos",'Plan mensual'!E7,0))+parametros_manuales!$F$19*('Plan mensual'!E4+IF(parametros_manuales!$H$19="Todos",'Plan mensual'!E8,0))+parametros_manuales!$G$19*('Plan mensual'!E5+IF(parametros_manuales!$H$19="Todos",'Plan mensual'!E9,0)))*parametros_manuales!$I$19*parametros_manuales!$J$19 -> 587.55 | D2: =(parametros_manuales!$D$19*('Plan mensual'!F2+IF(parametros_manuales!$H$19="Todos",'Plan mensual'!F6,0))+parametros_manuales!$E$19*('Plan mensual'!F3+IF(parametros_manuales!$H$19="Todos",'Plan mensual'!F7,0))+parametros_manuales!$F$19*('Plan mensual'!F4+IF(parametros_manuales!$H$19="Todos",'Plan mensual'!F8,0))+parametros_manuales!$G$19*('Plan mensual'!F5+IF(parametros_manuales!$H$19="Todos",'Plan mensual'!F9,0)))*parametros_manuales!$I$19*parametros_manuales!$J$19 -> 558.975 | E2: =(parametros_manuales!$D$19*('Plan mensual'!G2+IF(parametros_manuales!$H$19="Todos",'Plan mensual'!G6,0))+parametros_manuales!$E$19*('Plan mensual'!G3+IF(parametros_manuales!$H$19="Todos",'Plan mensual'!G7,0))+parametros_manuales!$F$19*('Plan mensual'!G4+IF(parametros_manuales!$H$19="Todos",'Plan mensual'!G8,0))+parametros_manuales!$G$19*('Plan mensual'!G5+IF(parametros_manuales!$H$19="Todos",'Plan mensual'!G9,0)))*parametros_manuales!$I$19*parametros_manuales!$J$19 -> 538.08 | F2: =(parametros_manuales!$D$19*('Plan mensual'!H2+IF(parametros_manuales!$H$19="Todos",'Plan mensual'!H6,0))+parametros_manuales!$E$19*('Plan mensual'!H3+IF(parametros_manuales!$H$19="Todos",'Plan mensual'!H7,0))+parametros_manuales!$F$19*('Plan mensual'!H4+IF(parametros_manuales!$H$19="Todos",'Plan mensual'!H8,0))+parametros_manuales!$G$19*('Plan mensual'!H5+IF(parametros_manuales!$H$19="Todos",'Plan mensual'!H9,0)))*parametros_manuales!$I$19*parametros_manuales!$J$19 -> 503.97 | G2: =(parametros_manuales!$D$19*('Plan mensual'!I2+IF(parametros_manuales!$H$19="Todos",'Plan mensual'!I6,0))+parametros_manuales!$E$19*('Plan mensual'!I3+IF(parametros_manuales!$H$19="Todos",'Plan mensual'!I7,0))+parametros_manuales!$F$19*('Plan mensual'!I4+IF(parametros_manuales!$H$19="Todos",'Plan mensual'!I8,0))+parametros_manuales!$G$19*('Plan mensual'!I5+IF(parametros_manuales!$H$19="Todos",'Plan mensual'!I9,0)))*parametros_manuales!$I$19*parametros_manuales!$J$19 -> 490.755 | H2: =(parametros_manuales!$D$19*('Plan mensual'!J2+IF(parametros_manuales!$H$19="Todos",'Plan mensual'!J6,0))+parametros_manuales!$E$19*('Plan mensual'!J3+IF(parametros_manuales!$H$19="Todos",'Plan mensual'!J7,0))+parametros_manuales!$F$19*('Plan mensual'!J4+IF(parametros_manuales!$H$19="Todos",'Plan mensual'!J8,0))+parametros_manuales!$G$19*('Plan mensual'!J5+IF(parametros_manuales!$H$19="Todos",'Plan mensual'!J9,0)))*parametros_manuales!$I$19*parametros_manuales!$J$19 -> 524.865 | I2: =(parametros_manuales!$D$19*('Plan mensual'!K2+IF(parametros_manuales!$H$19="Todos",'Plan mensual'!K6,0))+parametros_manuales!$E$19*('Plan mensual'!K3+IF(parametros_manuales!$H$19="Todos",'Plan mensual'!K7,0))+parametros_manuales!$F$19*('Plan mensual'!K4+IF(parametros_manuales!$H$19="Todos",'Plan mensual'!K8,0))+parametros_manuales!$G$19*('Plan mensual'!K5+IF(parametros_manuales!$H$19="Todos",'Plan mensual'!K9,0)))*parametros_manuales!$I$19*parametros_manuales!$J$19 -> 524.865 | ... M2: =(parametros_manuales!$D$19*('Plan mensual'!O2+IF(parametros_manuales!$H$19="Todos",'Plan mensual'!O6,0))+parametros_manuales!$E$19*('Plan mensual'!O3+IF(parametros_manuales!$H$19="Todos",'Plan mensual'!O7,0))+parametros_manuales!$F$19*('Plan mensual'!O4+IF(parametros_manuales!$H$19="Todos",'Plan mensual'!O8,0))+parametros_manuales!$G$19*('Plan mensual'!O5+IF(parametros_manuales!$H$19="Todos",'Plan mensual'!O9,0)))*parametros_manuales!$I$19*parametros_manuales!$J$19 -> 792.21 | N2: =SUM(B2:M2) -> 6822 | O2: =MAX(B2:M2) -> 792.21 | P2: =O2/(parametros_manuales!$B$7) -> 5.2814 | Q2: =IF(O2=0,"-",INDEX($B$1:$M$1,MATCH(O2,B2:M2,0))) -> Dic
A3: =parametros_manuales!$B$20 -> Corte de chapa (guillotina) — 2,5 a 10 kg | B3: =(parametros_manuales!$D$20*('Plan mensual'!D2+IF(parametros_manuales!$H$20="Todos",'Plan mensual'!D6,0))+parametros_manuales!$E$20*('Plan mensual'!D3+IF(parametros_manuales!$H$20="Todos",'Plan mensual'!D7,0))+parametros_manuales!$F$20*('Plan mensual'!D4+IF(parametros_manuales!$H$20="Todos",'Plan mensual'!D8,0))+parametros_manuales!$G$20*('Plan mensual'!D5+IF(parametros_manuales!$H$20="Todos",'Plan mensual'!D9,0)))*parametros_manuales!$I$20*parametros_manuales!$J$20 -> 264.3 | C3: =(parametros_manuales!$D$20*('Plan mensual'!E2+IF(parametros_manuales!$H$20="Todos",'Plan mensual'!E6,0))+parametros_manuales!$E$20*('Plan mensual'!E3+IF(parametros_manuales!$H$20="Todos",'Plan mensual'!E7,0))+parametros_manuales!$F$20*('Plan mensual'!E4+IF(parametros_manuales!$H$20="Todos",'Plan mensual'!E8,0))+parametros_manuales!$G$20*('Plan mensual'!E5+IF(parametros_manuales!$H$20="Todos",'Plan mensual'!E9,0)))*parametros_manuales!$I$20*parametros_manuales!$J$20 -> 211.44 | D3: =(parametros_manuales!$D$20*('Plan mensual'!F2+IF(parametros_manuales!$H$20="Todos",'Plan mensual'!F6,0))+parametros_manuales!$E$20*('Plan mensual'!F3+IF(parametros_manuales!$H$20="Todos",'Plan mensual'!F7,0))+parametros_manuales!$F$20*('Plan mensual'!F4+IF(parametros_manuales!$H$20="Todos",'Plan mensual'!F8,0))+parametros_manuales!$G$20*('Plan mensual'!F5+IF(parametros_manuales!$H$20="Todos",'Plan mensual'!F9,0)))*parametros_manuales!$I$20*parametros_manuales!$J$20 -> 224.655 | E3: =(parametros_manuales!$D$20*('Plan mensual'!G2+IF(parametros_manuales!$H$20="Todos",'Plan mensual'!G6,0))+parametros_manuales!$E$20*('Plan mensual'!G3+IF(parametros_manuales!$H$20="Todos",'Plan mensual'!G7,0))+parametros_manuales!$F$20*('Plan mensual'!G4+IF(parametros_manuales!$H$20="Todos",'Plan mensual'!G8,0))+parametros_manuales!$G$20*('Plan mensual'!G5+IF(parametros_manuales!$H$20="Todos",'Plan mensual'!G9,0)))*parametros_manuales!$I$20*parametros_manuales!$J$20 -> 224.655 | F3: =(parametros_manuales!$D$20*('Plan mensual'!H2+IF(parametros_manuales!$H$20="Todos",'Plan mensual'!H6,0))+parametros_manuales!$E$20*('Plan mensual'!H3+IF(parametros_manuales!$H$20="Todos",'Plan mensual'!H7,0))+parametros_manuales!$F$20*('Plan mensual'!H4+IF(parametros_manuales!$H$20="Todos",'Plan mensual'!H8,0))+parametros_manuales!$G$20*('Plan mensual'!H5+IF(parametros_manuales!$H$20="Todos",'Plan mensual'!H9,0)))*parametros_manuales!$I$20*parametros_manuales!$J$20 -> 211.44 | G3: =(parametros_manuales!$D$20*('Plan mensual'!I2+IF(parametros_manuales!$H$20="Todos",'Plan mensual'!I6,0))+parametros_manuales!$E$20*('Plan mensual'!I3+IF(parametros_manuales!$H$20="Todos",'Plan mensual'!I7,0))+parametros_manuales!$F$20*('Plan mensual'!I4+IF(parametros_manuales!$H$20="Todos",'Plan mensual'!I8,0))+parametros_manuales!$G$20*('Plan mensual'!I5+IF(parametros_manuales!$H$20="Todos",'Plan mensual'!I9,0)))*parametros_manuales!$I$20*parametros_manuales!$J$20 -> 198.225 | H3: =(parametros_manuales!$D$20*('Plan mensual'!J2+IF(parametros_manuales!$H$20="Todos",'Plan mensual'!J6,0))+parametros_manuales!$E$20*('Plan mensual'!J3+IF(parametros_manuales!$H$20="Todos",'Plan mensual'!J7,0))+parametros_manuales!$F$20*('Plan mensual'!J4+IF(parametros_manuales!$H$20="Todos",'Plan mensual'!J8,0))+parametros_manuales!$G$20*('Plan mensual'!J5+IF(parametros_manuales!$H$20="Todos",'Plan mensual'!J9,0)))*parametros_manuales!$I$20*parametros_manuales!$J$20 -> 211.44 | I3: =(parametros_manuales!$D$20*('Plan mensual'!K2+IF(parametros_manuales!$H$20="Todos",'Plan mensual'!K6,0))+parametros_manuales!$E$20*('Plan mensual'!K3+IF(parametros_manuales!$H$20="Todos",'Plan mensual'!K7,0))+parametros_manuales!$F$20*('Plan mensual'!K4+IF(parametros_manuales!$H$20="Todos",'Plan mensual'!K8,0))+parametros_manuales!$G$20*('Plan mensual'!K5+IF(parametros_manuales!$H$20="Todos",'Plan mensual'!K9,0)))*parametros_manuales!$I$20*parametros_manuales!$J$20 -> 211.44 | ... M3: =(parametros_manuales!$D$20*('Plan mensual'!O2+IF(parametros_manuales!$H$20="Todos",'Plan mensual'!O6,0))+parametros_manuales!$E$20*('Plan mensual'!O3+IF(parametros_manuales!$H$20="Todos",'Plan mensual'!O7,0))+parametros_manuales!$F$20*('Plan mensual'!O4+IF(parametros_manuales!$H$20="Todos",'Plan mensual'!O8,0))+parametros_manuales!$G$20*('Plan mensual'!O5+IF(parametros_manuales!$H$20="Todos",'Plan mensual'!O9,0)))*parametros_manuales!$I$20*parametros_manuales!$J$20 -> 290.73 | N3: =SUM(B3:M3) -> 2643 | O3: =MAX(B3:M3) -> 290.73 | P3: =O3/(parametros_manuales!$B$7) -> 1.9382 | Q3: =IF(O3=0,"-",INDEX($B$1:$M$1,MATCH(O3,B3:M3,0))) -> Dic
A4: =parametros_manuales!$B$21 -> Corte de tubo — 1 kg | B4: =(parametros_manuales!$D$21*('Plan mensual'!D2+IF(parametros_manuales!$H$21="Todos",'Plan mensual'!D6,0))+parametros_manuales!$E$21*('Plan mensual'!D3+IF(parametros_manuales!$H$21="Todos",'Plan mensual'!D7,0))+parametros_manuales!$F$21*('Plan mensual'!D4+IF(parametros_manuales!$H$21="Todos",'Plan mensual'!D8,0))+parametros_manuales!$G$21*('Plan mensual'!D5+IF(parametros_manuales!$H$21="Todos",'Plan mensual'!D9,0)))*parametros_manuales!$I$21*parametros_manuales!$J$21 -> 501.48 | C4: =(parametros_manuales!$D$21*('Plan mensual'!E2+IF(parametros_manuales!$H$21="Todos",'Plan mensual'!E6,0))+parametros_manuales!$E$21*('Plan mensual'!E3+IF(parametros_manuales!$H$21="Todos",'Plan mensual'!E7,0))+parametros_manuales!$F$21*('Plan mensual'!E4+IF(parametros_manuales!$H$21="Todos",'Plan mensual'!E8,0))+parametros_manuales!$G$21*('Plan mensual'!E5+IF(parametros_manuales!$H$21="Todos",'Plan mensual'!E9,0)))*parametros_manuales!$I$21*parametros_manuales!$J$21 -> 376.11 | D4: =(parametros_manuales!$D$21*('Plan mensual'!F2+IF(parametros_manuales!$H$21="Todos",'Plan mensual'!F6,0))+parametros_manuales!$E$21*('Plan mensual'!F3+IF(parametros_manuales!$H$21="Todos",'Plan mensual'!F7,0))+parametros_manuales!$F$21*('Plan mensual'!F4+IF(parametros_manuales!$H$21="Todos",'Plan mensual'!F8,0))+parametros_manuales!$G$21*('Plan mensual'!F5+IF(parametros_manuales!$H$21="Todos",'Plan mensual'!F9,0)))*parametros_manuales!$I$21*parametros_manuales!$J$21 -> 334.32 | E4: =(parametros_manuales!$D$21*('Plan mensual'!G2+IF(parametros_manuales!$H$21="Todos",'Plan mensual'!G6,0))+parametros_manuales!$E$21*('Plan mensual'!G3+IF(parametros_manuales!$H$21="Todos",'Plan mensual'!G7,0))+parametros_manuales!$F$21*('Plan mensual'!G4+IF(parametros_manuales!$H$21="Todos",'Plan mensual'!G8,0))+parametros_manuales!$G$21*('Plan mensual'!G5+IF(parametros_manuales!$H$21="Todos",'Plan mensual'!G9,0)))*parametros_manuales!$I$21*parametros_manuales!$J$21 -> 313.425 | F4: =(parametros_manuales!$D$21*('Plan mensual'!H2+IF(parametros_manuales!$H$21="Todos",'Plan mensual'!H6,0))+parametros_manuales!$E$21*('Plan mensual'!H3+IF(parametros_manuales!$H$21="Todos",'Plan mensual'!H7,0))+parametros_manuales!$F$21*('Plan mensual'!H4+IF(parametros_manuales!$H$21="Todos",'Plan mensual'!H8,0))+parametros_manuales!$G$21*('Plan mensual'!H5+IF(parametros_manuales!$H$21="Todos",'Plan mensual'!H9,0)))*parametros_manuales!$I$21*parametros_manuales!$J$21 -> 292.53 | G4: =(parametros_manuales!$D$21*('Plan mensual'!I2+IF(parametros_manuales!$H$21="Todos",'Plan mensual'!I6,0))+parametros_manuales!$E$21*('Plan mensual'!I3+IF(parametros_manuales!$H$21="Todos",'Plan mensual'!I7,0))+parametros_manuales!$F$21*('Plan mensual'!I4+IF(parametros_manuales!$H$21="Todos",'Plan mensual'!I8,0))+parametros_manuales!$G$21*('Plan mensual'!I5+IF(parametros_manuales!$H$21="Todos",'Plan mensual'!I9,0)))*parametros_manuales!$I$21*parametros_manuales!$J$21 -> 292.53 | H4: =(parametros_manuales!$D$21*('Plan mensual'!J2+IF(parametros_manuales!$H$21="Todos",'Plan mensual'!J6,0))+parametros_manuales!$E$21*('Plan mensual'!J3+IF(parametros_manuales!$H$21="Todos",'Plan mensual'!J7,0))+parametros_manuales!$F$21*('Plan mensual'!J4+IF(parametros_manuales!$H$21="Todos",'Plan mensual'!J8,0))+parametros_manuales!$G$21*('Plan mensual'!J5+IF(parametros_manuales!$H$21="Todos",'Plan mensual'!J9,0)))*parametros_manuales!$I$21*parametros_manuales!$J$21 -> 313.425 | I4: =(parametros_manuales!$D$21*('Plan mensual'!K2+IF(parametros_manuales!$H$21="Todos",'Plan mensual'!K6,0))+parametros_manuales!$E$21*('Plan mensual'!K3+IF(parametros_manuales!$H$21="Todos",'Plan mensual'!K7,0))+parametros_manuales!$F$21*('Plan mensual'!K4+IF(parametros_manuales!$H$21="Todos",'Plan mensual'!K8,0))+parametros_manuales!$G$21*('Plan mensual'!K5+IF(parametros_manuales!$H$21="Todos",'Plan mensual'!K9,0)))*parametros_manuales!$I$21*parametros_manuales!$J$21 -> 313.425 | ... M4: =(parametros_manuales!$D$21*('Plan mensual'!O2+IF(parametros_manuales!$H$21="Todos",'Plan mensual'!O6,0))+parametros_manuales!$E$21*('Plan mensual'!O3+IF(parametros_manuales!$H$21="Todos",'Plan mensual'!O7,0))+parametros_manuales!$F$21*('Plan mensual'!O4+IF(parametros_manuales!$H$21="Todos",'Plan mensual'!O8,0))+parametros_manuales!$G$21*('Plan mensual'!O5+IF(parametros_manuales!$H$21="Todos",'Plan mensual'!O9,0)))*parametros_manuales!$I$21*parametros_manuales!$J$21 -> 501.48 | N4: =SUM(B4:M4) -> 4179 | O4: =MAX(B4:M4) -> 501.48 | P4: =O4/(parametros_manuales!$B$7) -> 3.3432 | Q4: =IF(O4=0,"-",INDEX($B$1:$M$1,MATCH(O4,B4:M4,0))) -> Ene
A5: =parametros_manuales!$B$22 -> Corte de disco y embutido (cúpula y fondo) | B5: =(parametros_manuales!$D$22*('Plan mensual'!D2+IF(parametros_manuales!$H$22="Todos",'Plan mensual'!D6,0))+parametros_manuales!$E$22*('Plan mensual'!D3+IF(parametros_manuales!$H$22="Todos",'Plan mensual'!D7,0))+parametros_manuales!$F$22*('Plan mensual'!D4+IF(parametros_manuales!$H$22="Todos",'Plan mensual'!D8,0))+parametros_manuales!$G$22*('Plan mensual'!D5+IF(parametros_manuales!$H$22="Todos",'Plan mensual'!D9,0)))*parametros_manuales!$I$22*parametros_manuales!$J$22 -> 1531.56 | C5: =(parametros_manuales!$D$22*('Plan mensual'!E2+IF(parametros_manuales!$H$22="Todos",'Plan mensual'!E6,0))+parametros_manuales!$E$22*('Plan mensual'!E3+IF(parametros_manuales!$H$22="Todos",'Plan mensual'!E7,0))+parametros_manuales!$F$22*('Plan mensual'!E4+IF(parametros_manuales!$H$22="Todos",'Plan mensual'!E8,0))+parametros_manuales!$G$22*('Plan mensual'!E5+IF(parametros_manuales!$H$22="Todos",'Plan mensual'!E9,0)))*parametros_manuales!$I$22*parametros_manuales!$J$22 -> 1175.1 | D5: =(parametros_manuales!$D$22*('Plan mensual'!F2+IF(parametros_manuales!$H$22="Todos",'Plan mensual'!F6,0))+parametros_manuales!$E$22*('Plan mensual'!F3+IF(parametros_manuales!$H$22="Todos",'Plan mensual'!F7,0))+parametros_manuales!$F$22*('Plan mensual'!F4+IF(parametros_manuales!$H$22="Todos",'Plan mensual'!F8,0))+parametros_manuales!$G$22*('Plan mensual'!F5+IF(parametros_manuales!$H$22="Todos",'Plan mensual'!F9,0)))*parametros_manuales!$I$22*parametros_manuales!$J$22 -> 1117.95 | E5: =(parametros_manuales!$D$22*('Plan mensual'!G2+IF(parametros_manuales!$H$22="Todos",'Plan mensual'!G6,0))+parametros_manuales!$E$22*('Plan mensual'!G3+IF(parametros_manuales!$H$22="Todos",'Plan mensual'!G7,0))+parametros_manuales!$F$22*('Plan mensual'!G4+IF(parametros_manuales!$H$22="Todos",'Plan mensual'!G8,0))+parametros_manuales!$G$22*('Plan mensual'!G5+IF(parametros_manuales!$H$22="Todos",'Plan mensual'!G9,0)))*parametros_manuales!$I$22*parametros_manuales!$J$22 -> 1076.16 | F5: =(parametros_manuales!$D$22*('Plan mensual'!H2+IF(parametros_manuales!$H$22="Todos",'Plan mensual'!H6,0))+parametros_manuales!$E$22*('Plan mensual'!H3+IF(parametros_manuales!$H$22="Todos",'Plan mensual'!H7,0))+parametros_manuales!$F$22*('Plan mensual'!H4+IF(parametros_manuales!$H$22="Todos",'Plan mensual'!H8,0))+parametros_manuales!$G$22*('Plan mensual'!H5+IF(parametros_manuales!$H$22="Todos",'Plan mensual'!H9,0)))*parametros_manuales!$I$22*parametros_manuales!$J$22 -> 1007.94 | G5: =(parametros_manuales!$D$22*('Plan mensual'!I2+IF(parametros_manuales!$H$22="Todos",'Plan mensual'!I6,0))+parametros_manuales!$E$22*('Plan mensual'!I3+IF(parametros_manuales!$H$22="Todos",'Plan mensual'!I7,0))+parametros_manuales!$F$22*('Plan mensual'!I4+IF(parametros_manuales!$H$22="Todos",'Plan mensual'!I8,0))+parametros_manuales!$G$22*('Plan mensual'!I5+IF(parametros_manuales!$H$22="Todos",'Plan mensual'!I9,0)))*parametros_manuales!$I$22*parametros_manuales!$J$22 -> 981.51 | H5: =(parametros_manuales!$D$22*('Plan mensual'!J2+IF(parametros_manuales!$H$22="Todos",'Plan mensual'!J6,0))+parametros_manuales!$E$22*('Plan mensual'!J3+IF(parametros_manuales!$H$22="Todos",'Plan mensual'!J7,0))+parametros_manuales!$F$22*('Plan mensual'!J4+IF(parametros_manuales!$H$22="Todos",'Plan mensual'!J8,0))+parametros_manuales!$G$22*('Plan mensual'!J5+IF(parametros_manuales!$H$22="Todos",'Plan mensual'!J9,0)))*parametros_manuales!$I$22*parametros_manuales!$J$22 -> 1049.73 | I5: =(parametros_manuales!$D$22*('Plan mensual'!K2+IF(parametros_manuales!$H$22="Todos",'Plan mensual'!K6,0))+parametros_manuales!$E$22*('Plan mensual'!K3+IF(parametros_manuales!$H$22="Todos",'Plan mensual'!K7,0))+parametros_manuales!$F$22*('Plan mensual'!K4+IF(parametros_manuales!$H$22="Todos",'Plan mensual'!K8,0))+parametros_manuales!$G$22*('Plan mensual'!K5+IF(parametros_manuales!$H$22="Todos",'Plan mensual'!K9,0)))*parametros_manuales!$I$22*parametros_manuales!$J$22 -> 1049.73 | ... M5: =(parametros_manuales!$D$22*('Plan mensual'!O2+IF(parametros_manuales!$H$22="Todos",'Plan mensual'!O6,0))+parametros_manuales!$E$22*('Plan mensual'!O3+IF(parametros_manuales!$H$22="Todos",'Plan mensual'!O7,0))+parametros_manuales!$F$22*('Plan mensual'!O4+IF(parametros_manuales!$H$22="Todos",'Plan mensual'!O8,0))+parametros_manuales!$G$22*('Plan mensual'!O5+IF(parametros_manuales!$H$22="Todos",'Plan mensual'!O9,0)))*parametros_manuales!$I$22*parametros_manuales!$J$22 -> 1584.42 | N5: =SUM(B5:M5) -> 13644 | O5: =MAX(B5:M5) -> 1584.42 | P5: =O5/(parametros_manuales!$B$7) -> 10.5628 | Q5: =IF(O5=0,"-",INDEX($B$1:$M$1,MATCH(O5,B5:M5,0))) -> Dic
A6: =parametros_manuales!$B$23 -> Preparación de cuello | B6: =(parametros_manuales!$D$23*('Plan mensual'!D2+IF(parametros_manuales!$H$23="Todos",'Plan mensual'!D6,0))+parametros_manuales!$E$23*('Plan mensual'!D3+IF(parametros_manuales!$H$23="Todos",'Plan mensual'!D7,0))+parametros_manuales!$F$23*('Plan mensual'!D4+IF(parametros_manuales!$H$23="Todos",'Plan mensual'!D8,0))+parametros_manuales!$G$23*('Plan mensual'!D5+IF(parametros_manuales!$H$23="Todos",'Plan mensual'!D9,0)))*parametros_manuales!$I$23*parametros_manuales!$J$23 -> 765.78 | C6: =(parametros_manuales!$D$23*('Plan mensual'!E2+IF(parametros_manuales!$H$23="Todos",'Plan mensual'!E6,0))+parametros_manuales!$E$23*('Plan mensual'!E3+IF(parametros_manuales!$H$23="Todos",'Plan mensual'!E7,0))+parametros_manuales!$F$23*('Plan mensual'!E4+IF(parametros_manuales!$H$23="Todos",'Plan mensual'!E8,0))+parametros_manuales!$G$23*('Plan mensual'!E5+IF(parametros_manuales!$H$23="Todos",'Plan mensual'!E9,0)))*parametros_manuales!$I$23*parametros_manuales!$J$23 -> 587.55 | D6: =(parametros_manuales!$D$23*('Plan mensual'!F2+IF(parametros_manuales!$H$23="Todos",'Plan mensual'!F6,0))+parametros_manuales!$E$23*('Plan mensual'!F3+IF(parametros_manuales!$H$23="Todos",'Plan mensual'!F7,0))+parametros_manuales!$F$23*('Plan mensual'!F4+IF(parametros_manuales!$H$23="Todos",'Plan mensual'!F8,0))+parametros_manuales!$G$23*('Plan mensual'!F5+IF(parametros_manuales!$H$23="Todos",'Plan mensual'!F9,0)))*parametros_manuales!$I$23*parametros_manuales!$J$23 -> 558.975 | E6: =(parametros_manuales!$D$23*('Plan mensual'!G2+IF(parametros_manuales!$H$23="Todos",'Plan mensual'!G6,0))+parametros_manuales!$E$23*('Plan mensual'!G3+IF(parametros_manuales!$H$23="Todos",'Plan mensual'!G7,0))+parametros_manuales!$F$23*('Plan mensual'!G4+IF(parametros_manuales!$H$23="Todos",'Plan mensual'!G8,0))+parametros_manuales!$G$23*('Plan mensual'!G5+IF(parametros_manuales!$H$23="Todos",'Plan mensual'!G9,0)))*parametros_manuales!$I$23*parametros_manuales!$J$23 -> 538.08 | F6: =(parametros_manuales!$D$23*('Plan mensual'!H2+IF(parametros_manuales!$H$23="Todos",'Plan mensual'!H6,0))+parametros_manuales!$E$23*('Plan mensual'!H3+IF(parametros_manuales!$H$23="Todos",'Plan mensual'!H7,0))+parametros_manuales!$F$23*('Plan mensual'!H4+IF(parametros_manuales!$H$23="Todos",'Plan mensual'!H8,0))+parametros_manuales!$G$23*('Plan mensual'!H5+IF(parametros_manuales!$H$23="Todos",'Plan mensual'!H9,0)))*parametros_manuales!$I$23*parametros_manuales!$J$23 -> 503.97 | G6: =(parametros_manuales!$D$23*('Plan mensual'!I2+IF(parametros_manuales!$H$23="Todos",'Plan mensual'!I6,0))+parametros_manuales!$E$23*('Plan mensual'!I3+IF(parametros_manuales!$H$23="Todos",'Plan mensual'!I7,0))+parametros_manuales!$F$23*('Plan mensual'!I4+IF(parametros_manuales!$H$23="Todos",'Plan mensual'!I8,0))+parametros_manuales!$G$23*('Plan mensual'!I5+IF(parametros_manuales!$H$23="Todos",'Plan mensual'!I9,0)))*parametros_manuales!$I$23*parametros_manuales!$J$23 -> 490.755 | H6: =(parametros_manuales!$D$23*('Plan mensual'!J2+IF(parametros_manuales!$H$23="Todos",'Plan mensual'!J6,0))+parametros_manuales!$E$23*('Plan mensual'!J3+IF(parametros_manuales!$H$23="Todos",'Plan mensual'!J7,0))+parametros_manuales!$F$23*('Plan mensual'!J4+IF(parametros_manuales!$H$23="Todos",'Plan mensual'!J8,0))+parametros_manuales!$G$23*('Plan mensual'!J5+IF(parametros_manuales!$H$23="Todos",'Plan mensual'!J9,0)))*parametros_manuales!$I$23*parametros_manuales!$J$23 -> 524.865 | I6: =(parametros_manuales!$D$23*('Plan mensual'!K2+IF(parametros_manuales!$H$23="Todos",'Plan mensual'!K6,0))+parametros_manuales!$E$23*('Plan mensual'!K3+IF(parametros_manuales!$H$23="Todos",'Plan mensual'!K7,0))+parametros_manuales!$F$23*('Plan mensual'!K4+IF(parametros_manuales!$H$23="Todos",'Plan mensual'!K8,0))+parametros_manuales!$G$23*('Plan mensual'!K5+IF(parametros_manuales!$H$23="Todos",'Plan mensual'!K9,0)))*parametros_manuales!$I$23*parametros_manuales!$J$23 -> 524.865 | ... M6: =(parametros_manuales!$D$23*('Plan mensual'!O2+IF(parametros_manuales!$H$23="Todos",'Plan mensual'!O6,0))+parametros_manuales!$E$23*('Plan mensual'!O3+IF(parametros_manuales!$H$23="Todos",'Plan mensual'!O7,0))+parametros_manuales!$F$23*('Plan mensual'!O4+IF(parametros_manuales!$H$23="Todos",'Plan mensual'!O8,0))+parametros_manuales!$G$23*('Plan mensual'!O5+IF(parametros_manuales!$H$23="Todos",'Plan mensual'!O9,0)))*parametros_manuales!$I$23*parametros_manuales!$J$23 -> 792.21 | N6: =SUM(B6:M6) -> 6822 | O6: =MAX(B6:M6) -> 792.21 | P6: =O6/(parametros_manuales!$B$7) -> 5.2814 | Q6: =IF(O6=0,"-",INDEX($B$1:$M$1,MATCH(O6,B6:M6,0))) -> Dic
A7: =parametros_manuales!$B$24 -> Numerado de cúpula | B7: =(parametros_manuales!$D$24*('Plan mensual'!D2+IF(parametros_manuales!$H$24="Todos",'Plan mensual'!D6,0))+parametros_manuales!$E$24*('Plan mensual'!D3+IF(parametros_manuales!$H$24="Todos",'Plan mensual'!D7,0))+parametros_manuales!$F$24*('Plan mensual'!D4+IF(parametros_manuales!$H$24="Todos",'Plan mensual'!D8,0))+parametros_manuales!$G$24*('Plan mensual'!D5+IF(parametros_manuales!$H$24="Todos",'Plan mensual'!D9,0)))*parametros_manuales!$I$24*parametros_manuales!$J$24 -> 765.78 | C7: =(parametros_manuales!$D$24*('Plan mensual'!E2+IF(parametros_manuales!$H$24="Todos",'Plan mensual'!E6,0))+parametros_manuales!$E$24*('Plan mensual'!E3+IF(parametros_manuales!$H$24="Todos",'Plan mensual'!E7,0))+parametros_manuales!$F$24*('Plan mensual'!E4+IF(parametros_manuales!$H$24="Todos",'Plan mensual'!E8,0))+parametros_manuales!$G$24*('Plan mensual'!E5+IF(parametros_manuales!$H$24="Todos",'Plan mensual'!E9,0)))*parametros_manuales!$I$24*parametros_manuales!$J$24 -> 587.55 | D7: =(parametros_manuales!$D$24*('Plan mensual'!F2+IF(parametros_manuales!$H$24="Todos",'Plan mensual'!F6,0))+parametros_manuales!$E$24*('Plan mensual'!F3+IF(parametros_manuales!$H$24="Todos",'Plan mensual'!F7,0))+parametros_manuales!$F$24*('Plan mensual'!F4+IF(parametros_manuales!$H$24="Todos",'Plan mensual'!F8,0))+parametros_manuales!$G$24*('Plan mensual'!F5+IF(parametros_manuales!$H$24="Todos",'Plan mensual'!F9,0)))*parametros_manuales!$I$24*parametros_manuales!$J$24 -> 558.975 | E7: =(parametros_manuales!$D$24*('Plan mensual'!G2+IF(parametros_manuales!$H$24="Todos",'Plan mensual'!G6,0))+parametros_manuales!$E$24*('Plan mensual'!G3+IF(parametros_manuales!$H$24="Todos",'Plan mensual'!G7,0))+parametros_manuales!$F$24*('Plan mensual'!G4+IF(parametros_manuales!$H$24="Todos",'Plan mensual'!G8,0))+parametros_manuales!$G$24*('Plan mensual'!G5+IF(parametros_manuales!$H$24="Todos",'Plan mensual'!G9,0)))*parametros_manuales!$I$24*parametros_manuales!$J$24 -> 538.08 | F7: =(parametros_manuales!$D$24*('Plan mensual'!H2+IF(parametros_manuales!$H$24="Todos",'Plan mensual'!H6,0))+parametros_manuales!$E$24*('Plan mensual'!H3+IF(parametros_manuales!$H$24="Todos",'Plan mensual'!H7,0))+parametros_manuales!$F$24*('Plan mensual'!H4+IF(parametros_manuales!$H$24="Todos",'Plan mensual'!H8,0))+parametros_manuales!$G$24*('Plan mensual'!H5+IF(parametros_manuales!$H$24="Todos",'Plan mensual'!H9,0)))*parametros_manuales!$I$24*parametros_manuales!$J$24 -> 503.97 | G7: =(parametros_manuales!$D$24*('Plan mensual'!I2+IF(parametros_manuales!$H$24="Todos",'Plan mensual'!I6,0))+parametros_manuales!$E$24*('Plan mensual'!I3+IF(parametros_manuales!$H$24="Todos",'Plan mensual'!I7,0))+parametros_manuales!$F$24*('Plan mensual'!I4+IF(parametros_manuales!$H$24="Todos",'Plan mensual'!I8,0))+parametros_manuales!$G$24*('Plan mensual'!I5+IF(parametros_manuales!$H$24="Todos",'Plan mensual'!I9,0)))*parametros_manuales!$I$24*parametros_manuales!$J$24 -> 490.755 | H7: =(parametros_manuales!$D$24*('Plan mensual'!J2+IF(parametros_manuales!$H$24="Todos",'Plan mensual'!J6,0))+parametros_manuales!$E$24*('Plan mensual'!J3+IF(parametros_manuales!$H$24="Todos",'Plan mensual'!J7,0))+parametros_manuales!$F$24*('Plan mensual'!J4+IF(parametros_manuales!$H$24="Todos",'Plan mensual'!J8,0))+parametros_manuales!$G$24*('Plan mensual'!J5+IF(parametros_manuales!$H$24="Todos",'Plan mensual'!J9,0)))*parametros_manuales!$I$24*parametros_manuales!$J$24 -> 524.865 | I7: =(parametros_manuales!$D$24*('Plan mensual'!K2+IF(parametros_manuales!$H$24="Todos",'Plan mensual'!K6,0))+parametros_manuales!$E$24*('Plan mensual'!K3+IF(parametros_manuales!$H$24="Todos",'Plan mensual'!K7,0))+parametros_manuales!$F$24*('Plan mensual'!K4+IF(parametros_manuales!$H$24="Todos",'Plan mensual'!K8,0))+parametros_manuales!$G$24*('Plan mensual'!K5+IF(parametros_manuales!$H$24="Todos",'Plan mensual'!K9,0)))*parametros_manuales!$I$24*parametros_manuales!$J$24 -> 524.865 | ... M7: =(parametros_manuales!$D$24*('Plan mensual'!O2+IF(parametros_manuales!$H$24="Todos",'Plan mensual'!O6,0))+parametros_manuales!$E$24*('Plan mensual'!O3+IF(parametros_manuales!$H$24="Todos",'Plan mensual'!O7,0))+parametros_manuales!$F$24*('Plan mensual'!O4+IF(parametros_manuales!$H$24="Todos",'Plan mensual'!O8,0))+parametros_manuales!$G$24*('Plan mensual'!O5+IF(parametros_manuales!$H$24="Todos",'Plan mensual'!O9,0)))*parametros_manuales!$I$24*parametros_manuales!$J$24 -> 792.21 | N7: =SUM(B7:M7) -> 6822 | O7: =MAX(B7:M7) -> 792.21 | P7: =O7/(parametros_manuales!$B$7) -> 5.2814 | Q7: =IF(O7=0,"-",INDEX($B$1:$M$1,MATCH(O7,B7:M7,0))) -> Dic
A8: =parametros_manuales!$B$25 -> Soldadura del cuello a la cúpula | B8: =(parametros_manuales!$D$25*('Plan mensual'!D2+IF(parametros_manuales!$H$25="Todos",'Plan mensual'!D6,0))+parametros_manuales!$E$25*('Plan mensual'!D3+IF(parametros_manuales!$H$25="Todos",'Plan mensual'!D7,0))+parametros_manuales!$F$25*('Plan mensual'!D4+IF(parametros_manuales!$H$25="Todos",'Plan mensual'!D8,0))+parametros_manuales!$G$25*('Plan mensual'!D5+IF(parametros_manuales!$H$25="Todos",'Plan mensual'!D9,0)))*parametros_manuales!$I$25*parametros_manuales!$J$25 -> 765.78 | C8: =(parametros_manuales!$D$25*('Plan mensual'!E2+IF(parametros_manuales!$H$25="Todos",'Plan mensual'!E6,0))+parametros_manuales!$E$25*('Plan mensual'!E3+IF(parametros_manuales!$H$25="Todos",'Plan mensual'!E7,0))+parametros_manuales!$F$25*('Plan mensual'!E4+IF(parametros_manuales!$H$25="Todos",'Plan mensual'!E8,0))+parametros_manuales!$G$25*('Plan mensual'!E5+IF(parametros_manuales!$H$25="Todos",'Plan mensual'!E9,0)))*parametros_manuales!$I$25*parametros_manuales!$J$25 -> 587.55 | D8: =(parametros_manuales!$D$25*('Plan mensual'!F2+IF(parametros_manuales!$H$25="Todos",'Plan mensual'!F6,0))+parametros_manuales!$E$25*('Plan mensual'!F3+IF(parametros_manuales!$H$25="Todos",'Plan mensual'!F7,0))+parametros_manuales!$F$25*('Plan mensual'!F4+IF(parametros_manuales!$H$25="Todos",'Plan mensual'!F8,0))+parametros_manuales!$G$25*('Plan mensual'!F5+IF(parametros_manuales!$H$25="Todos",'Plan mensual'!F9,0)))*parametros_manuales!$I$25*parametros_manuales!$J$25 -> 558.975 | E8: =(parametros_manuales!$D$25*('Plan mensual'!G2+IF(parametros_manuales!$H$25="Todos",'Plan mensual'!G6,0))+parametros_manuales!$E$25*('Plan mensual'!G3+IF(parametros_manuales!$H$25="Todos",'Plan mensual'!G7,0))+parametros_manuales!$F$25*('Plan mensual'!G4+IF(parametros_manuales!$H$25="Todos",'Plan mensual'!G8,0))+parametros_manuales!$G$25*('Plan mensual'!G5+IF(parametros_manuales!$H$25="Todos",'Plan mensual'!G9,0)))*parametros_manuales!$I$25*parametros_manuales!$J$25 -> 538.08 | F8: =(parametros_manuales!$D$25*('Plan mensual'!H2+IF(parametros_manuales!$H$25="Todos",'Plan mensual'!H6,0))+parametros_manuales!$E$25*('Plan mensual'!H3+IF(parametros_manuales!$H$25="Todos",'Plan mensual'!H7,0))+parametros_manuales!$F$25*('Plan mensual'!H4+IF(parametros_manuales!$H$25="Todos",'Plan mensual'!H8,0))+parametros_manuales!$G$25*('Plan mensual'!H5+IF(parametros_manuales!$H$25="Todos",'Plan mensual'!H9,0)))*parametros_manuales!$I$25*parametros_manuales!$J$25 -> 503.97 | G8: =(parametros_manuales!$D$25*('Plan mensual'!I2+IF(parametros_manuales!$H$25="Todos",'Plan mensual'!I6,0))+parametros_manuales!$E$25*('Plan mensual'!I3+IF(parametros_manuales!$H$25="Todos",'Plan mensual'!I7,0))+parametros_manuales!$F$25*('Plan mensual'!I4+IF(parametros_manuales!$H$25="Todos",'Plan mensual'!I8,0))+parametros_manuales!$G$25*('Plan mensual'!I5+IF(parametros_manuales!$H$25="Todos",'Plan mensual'!I9,0)))*parametros_manuales!$I$25*parametros_manuales!$J$25 -> 490.755 | H8: =(parametros_manuales!$D$25*('Plan mensual'!J2+IF(parametros_manuales!$H$25="Todos",'Plan mensual'!J6,0))+parametros_manuales!$E$25*('Plan mensual'!J3+IF(parametros_manuales!$H$25="Todos",'Plan mensual'!J7,0))+parametros_manuales!$F$25*('Plan mensual'!J4+IF(parametros_manuales!$H$25="Todos",'Plan mensual'!J8,0))+parametros_manuales!$G$25*('Plan mensual'!J5+IF(parametros_manuales!$H$25="Todos",'Plan mensual'!J9,0)))*parametros_manuales!$I$25*parametros_manuales!$J$25 -> 524.865 | I8: =(parametros_manuales!$D$25*('Plan mensual'!K2+IF(parametros_manuales!$H$25="Todos",'Plan mensual'!K6,0))+parametros_manuales!$E$25*('Plan mensual'!K3+IF(parametros_manuales!$H$25="Todos",'Plan mensual'!K7,0))+parametros_manuales!$F$25*('Plan mensual'!K4+IF(parametros_manuales!$H$25="Todos",'Plan mensual'!K8,0))+parametros_manuales!$G$25*('Plan mensual'!K5+IF(parametros_manuales!$H$25="Todos",'Plan mensual'!K9,0)))*parametros_manuales!$I$25*parametros_manuales!$J$25 -> 524.865 | ... M8: =(parametros_manuales!$D$25*('Plan mensual'!O2+IF(parametros_manuales!$H$25="Todos",'Plan mensual'!O6,0))+parametros_manuales!$E$25*('Plan mensual'!O3+IF(parametros_manuales!$H$25="Todos",'Plan mensual'!O7,0))+parametros_manuales!$F$25*('Plan mensual'!O4+IF(parametros_manuales!$H$25="Todos",'Plan mensual'!O8,0))+parametros_manuales!$G$25*('Plan mensual'!O5+IF(parametros_manuales!$H$25="Todos",'Plan mensual'!O9,0)))*parametros_manuales!$I$25*parametros_manuales!$J$25 -> 792.21 | N8: =SUM(B8:M8) -> 6822 | O8: =MAX(B8:M8) -> 792.21 | P8: =O8/(parametros_manuales!$B$7) -> 5.2814 | Q8: =IF(O8=0,"-",INDEX($B$1:$M$1,MATCH(O8,B8:M8,0))) -> Dic
A9: =parametros_manuales!$B$26 -> Cilindrado | B9: =(parametros_manuales!$D$26*('Plan mensual'!D2+IF(parametros_manuales!$H$26="Todos",'Plan mensual'!D6,0))+parametros_manuales!$E$26*('Plan mensual'!D3+IF(parametros_manuales!$H$26="Todos",'Plan mensual'!D7,0))+parametros_manuales!$F$26*('Plan mensual'!D4+IF(parametros_manuales!$H$26="Todos",'Plan mensual'!D8,0))+parametros_manuales!$G$26*('Plan mensual'!D5+IF(parametros_manuales!$H$26="Todos",'Plan mensual'!D9,0)))*parametros_manuales!$I$26*parametros_manuales!$J$26 -> 264.3 | C9: =(parametros_manuales!$D$26*('Plan mensual'!E2+IF(parametros_manuales!$H$26="Todos",'Plan mensual'!E6,0))+parametros_manuales!$E$26*('Plan mensual'!E3+IF(parametros_manuales!$H$26="Todos",'Plan mensual'!E7,0))+parametros_manuales!$F$26*('Plan mensual'!E4+IF(parametros_manuales!$H$26="Todos",'Plan mensual'!E8,0))+parametros_manuales!$G$26*('Plan mensual'!E5+IF(parametros_manuales!$H$26="Todos",'Plan mensual'!E9,0)))*parametros_manuales!$I$26*parametros_manuales!$J$26 -> 211.44 | D9: =(parametros_manuales!$D$26*('Plan mensual'!F2+IF(parametros_manuales!$H$26="Todos",'Plan mensual'!F6,0))+parametros_manuales!$E$26*('Plan mensual'!F3+IF(parametros_manuales!$H$26="Todos",'Plan mensual'!F7,0))+parametros_manuales!$F$26*('Plan mensual'!F4+IF(parametros_manuales!$H$26="Todos",'Plan mensual'!F8,0))+parametros_manuales!$G$26*('Plan mensual'!F5+IF(parametros_manuales!$H$26="Todos",'Plan mensual'!F9,0)))*parametros_manuales!$I$26*parametros_manuales!$J$26 -> 224.655 | E9: =(parametros_manuales!$D$26*('Plan mensual'!G2+IF(parametros_manuales!$H$26="Todos",'Plan mensual'!G6,0))+parametros_manuales!$E$26*('Plan mensual'!G3+IF(parametros_manuales!$H$26="Todos",'Plan mensual'!G7,0))+parametros_manuales!$F$26*('Plan mensual'!G4+IF(parametros_manuales!$H$26="Todos",'Plan mensual'!G8,0))+parametros_manuales!$G$26*('Plan mensual'!G5+IF(parametros_manuales!$H$26="Todos",'Plan mensual'!G9,0)))*parametros_manuales!$I$26*parametros_manuales!$J$26 -> 224.655 | F9: =(parametros_manuales!$D$26*('Plan mensual'!H2+IF(parametros_manuales!$H$26="Todos",'Plan mensual'!H6,0))+parametros_manuales!$E$26*('Plan mensual'!H3+IF(parametros_manuales!$H$26="Todos",'Plan mensual'!H7,0))+parametros_manuales!$F$26*('Plan mensual'!H4+IF(parametros_manuales!$H$26="Todos",'Plan mensual'!H8,0))+parametros_manuales!$G$26*('Plan mensual'!H5+IF(parametros_manuales!$H$26="Todos",'Plan mensual'!H9,0)))*parametros_manuales!$I$26*parametros_manuales!$J$26 -> 211.44 | G9: =(parametros_manuales!$D$26*('Plan mensual'!I2+IF(parametros_manuales!$H$26="Todos",'Plan mensual'!I6,0))+parametros_manuales!$E$26*('Plan mensual'!I3+IF(parametros_manuales!$H$26="Todos",'Plan mensual'!I7,0))+parametros_manuales!$F$26*('Plan mensual'!I4+IF(parametros_manuales!$H$26="Todos",'Plan mensual'!I8,0))+parametros_manuales!$G$26*('Plan mensual'!I5+IF(parametros_manuales!$H$26="Todos",'Plan mensual'!I9,0)))*parametros_manuales!$I$26*parametros_manuales!$J$26 -> 198.225 | H9: =(parametros_manuales!$D$26*('Plan mensual'!J2+IF(parametros_manuales!$H$26="Todos",'Plan mensual'!J6,0))+parametros_manuales!$E$26*('Plan mensual'!J3+IF(parametros_manuales!$H$26="Todos",'Plan mensual'!J7,0))+parametros_manuales!$F$26*('Plan mensual'!J4+IF(parametros_manuales!$H$26="Todos",'Plan mensual'!J8,0))+parametros_manuales!$G$26*('Plan mensual'!J5+IF(parametros_manuales!$H$26="Todos",'Plan mensual'!J9,0)))*parametros_manuales!$I$26*parametros_manuales!$J$26 -> 211.44 | I9: =(parametros_manuales!$D$26*('Plan mensual'!K2+IF(parametros_manuales!$H$26="Todos",'Plan mensual'!K6,0))+parametros_manuales!$E$26*('Plan mensual'!K3+IF(parametros_manuales!$H$26="Todos",'Plan mensual'!K7,0))+parametros_manuales!$F$26*('Plan mensual'!K4+IF(parametros_manuales!$H$26="Todos",'Plan mensual'!K8,0))+parametros_manuales!$G$26*('Plan mensual'!K5+IF(parametros_manuales!$H$26="Todos",'Plan mensual'!K9,0)))*parametros_manuales!$I$26*parametros_manuales!$J$26 -> 211.44 | ... M9: =(parametros_manuales!$D$26*('Plan mensual'!O2+IF(parametros_manuales!$H$26="Todos",'Plan mensual'!O6,0))+parametros_manuales!$E$26*('Plan mensual'!O3+IF(parametros_manuales!$H$26="Todos",'Plan mensual'!O7,0))+parametros_manuales!$F$26*('Plan mensual'!O4+IF(parametros_manuales!$H$26="Todos",'Plan mensual'!O8,0))+parametros_manuales!$G$26*('Plan mensual'!O5+IF(parametros_manuales!$H$26="Todos",'Plan mensual'!O9,0)))*parametros_manuales!$I$26*parametros_manuales!$J$26 -> 290.73 | N9: =SUM(B9:M9) -> 2643 | O9: =MAX(B9:M9) -> 290.73 | P9: =O9/(parametros_manuales!$B$7) -> 1.9382 | Q9: =IF(O9=0,"-",INDEX($B$1:$M$1,MATCH(O9,B9:M9,0))) -> Dic
A10: =parametros_manuales!$B$27 -> Soldadura longitudinal | B10: =(parametros_manuales!$D$27*('Plan mensual'!D2+IF(parametros_manuales!$H$27="Todos",'Plan mensual'!D6,0))+parametros_manuales!$E$27*('Plan mensual'!D3+IF(parametros_manuales!$H$27="Todos",'Plan mensual'!D7,0))+parametros_manuales!$F$27*('Plan mensual'!D4+IF(parametros_manuales!$H$27="Todos",'Plan mensual'!D8,0))+parametros_manuales!$G$27*('Plan mensual'!D5+IF(parametros_manuales!$H$27="Todos",'Plan mensual'!D9,0)))*parametros_manuales!$I$27*parametros_manuales!$J$27 -> 264.3 | C10: =(parametros_manuales!$D$27*('Plan mensual'!E2+IF(parametros_manuales!$H$27="Todos",'Plan mensual'!E6,0))+parametros_manuales!$E$27*('Plan mensual'!E3+IF(parametros_manuales!$H$27="Todos",'Plan mensual'!E7,0))+parametros_manuales!$F$27*('Plan mensual'!E4+IF(parametros_manuales!$H$27="Todos",'Plan mensual'!E8,0))+parametros_manuales!$G$27*('Plan mensual'!E5+IF(parametros_manuales!$H$27="Todos",'Plan mensual'!E9,0)))*parametros_manuales!$I$27*parametros_manuales!$J$27 -> 211.44 | D10: =(parametros_manuales!$D$27*('Plan mensual'!F2+IF(parametros_manuales!$H$27="Todos",'Plan mensual'!F6,0))+parametros_manuales!$E$27*('Plan mensual'!F3+IF(parametros_manuales!$H$27="Todos",'Plan mensual'!F7,0))+parametros_manuales!$F$27*('Plan mensual'!F4+IF(parametros_manuales!$H$27="Todos",'Plan mensual'!F8,0))+parametros_manuales!$G$27*('Plan mensual'!F5+IF(parametros_manuales!$H$27="Todos",'Plan mensual'!F9,0)))*parametros_manuales!$I$27*parametros_manuales!$J$27 -> 224.655 | E10: =(parametros_manuales!$D$27*('Plan mensual'!G2+IF(parametros_manuales!$H$27="Todos",'Plan mensual'!G6,0))+parametros_manuales!$E$27*('Plan mensual'!G3+IF(parametros_manuales!$H$27="Todos",'Plan mensual'!G7,0))+parametros_manuales!$F$27*('Plan mensual'!G4+IF(parametros_manuales!$H$27="Todos",'Plan mensual'!G8,0))+parametros_manuales!$G$27*('Plan mensual'!G5+IF(parametros_manuales!$H$27="Todos",'Plan mensual'!G9,0)))*parametros_manuales!$I$27*parametros_manuales!$J$27 -> 224.655 | F10: =(parametros_manuales!$D$27*('Plan mensual'!H2+IF(parametros_manuales!$H$27="Todos",'Plan mensual'!H6,0))+parametros_manuales!$E$27*('Plan mensual'!H3+IF(parametros_manuales!$H$27="Todos",'Plan mensual'!H7,0))+parametros_manuales!$F$27*('Plan mensual'!H4+IF(parametros_manuales!$H$27="Todos",'Plan mensual'!H8,0))+parametros_manuales!$G$27*('Plan mensual'!H5+IF(parametros_manuales!$H$27="Todos",'Plan mensual'!H9,0)))*parametros_manuales!$I$27*parametros_manuales!$J$27 -> 211.44 | G10: =(parametros_manuales!$D$27*('Plan mensual'!I2+IF(parametros_manuales!$H$27="Todos",'Plan mensual'!I6,0))+parametros_manuales!$E$27*('Plan mensual'!I3+IF(parametros_manuales!$H$27="Todos",'Plan mensual'!I7,0))+parametros_manuales!$F$27*('Plan mensual'!I4+IF(parametros_manuales!$H$27="Todos",'Plan mensual'!I8,0))+parametros_manuales!$G$27*('Plan mensual'!I5+IF(parametros_manuales!$H$27="Todos",'Plan mensual'!I9,0)))*parametros_manuales!$I$27*parametros_manuales!$J$27 -> 198.225 | H10: =(parametros_manuales!$D$27*('Plan mensual'!J2+IF(parametros_manuales!$H$27="Todos",'Plan mensual'!J6,0))+parametros_manuales!$E$27*('Plan mensual'!J3+IF(parametros_manuales!$H$27="Todos",'Plan mensual'!J7,0))+parametros_manuales!$F$27*('Plan mensual'!J4+IF(parametros_manuales!$H$27="Todos",'Plan mensual'!J8,0))+parametros_manuales!$G$27*('Plan mensual'!J5+IF(parametros_manuales!$H$27="Todos",'Plan mensual'!J9,0)))*parametros_manuales!$I$27*parametros_manuales!$J$27 -> 211.44 | I10: =(parametros_manuales!$D$27*('Plan mensual'!K2+IF(parametros_manuales!$H$27="Todos",'Plan mensual'!K6,0))+parametros_manuales!$E$27*('Plan mensual'!K3+IF(parametros_manuales!$H$27="Todos",'Plan mensual'!K7,0))+parametros_manuales!$F$27*('Plan mensual'!K4+IF(parametros_manuales!$H$27="Todos",'Plan mensual'!K8,0))+parametros_manuales!$G$27*('Plan mensual'!K5+IF(parametros_manuales!$H$27="Todos",'Plan mensual'!K9,0)))*parametros_manuales!$I$27*parametros_manuales!$J$27 -> 211.44 | ... M10: =(parametros_manuales!$D$27*('Plan mensual'!O2+IF(parametros_manuales!$H$27="Todos",'Plan mensual'!O6,0))+parametros_manuales!$E$27*('Plan mensual'!O3+IF(parametros_manuales!$H$27="Todos",'Plan mensual'!O7,0))+parametros_manuales!$F$27*('Plan mensual'!O4+IF(parametros_manuales!$H$27="Todos",'Plan mensual'!O8,0))+parametros_manuales!$G$27*('Plan mensual'!O5+IF(parametros_manuales!$H$27="Todos",'Plan mensual'!O9,0)))*parametros_manuales!$I$27*parametros_manuales!$J$27 -> 290.73 | N10: =SUM(B10:M10) -> 2643 | O10: =MAX(B10:M10) -> 290.73 | P10: =O10/(parametros_manuales!$B$7) -> 1.9382 | Q10: =IF(O10=0,"-",INDEX($B$1:$M$1,MATCH(O10,B10:M10,0))) -> Dic
A11: =parametros_manuales!$B$28 -> Encastre de fondo | B11: =(parametros_manuales!$D$28*('Plan mensual'!D2+IF(parametros_manuales!$H$28="Todos",'Plan mensual'!D6,0))+parametros_manuales!$E$28*('Plan mensual'!D3+IF(parametros_manuales!$H$28="Todos",'Plan mensual'!D7,0))+parametros_manuales!$F$28*('Plan mensual'!D4+IF(parametros_manuales!$H$28="Todos",'Plan mensual'!D8,0))+parametros_manuales!$G$28*('Plan mensual'!D5+IF(parametros_manuales!$H$28="Todos",'Plan mensual'!D9,0)))*parametros_manuales!$I$28*parametros_manuales!$J$28 -> 765.78 | C11: =(parametros_manuales!$D$28*('Plan mensual'!E2+IF(parametros_manuales!$H$28="Todos",'Plan mensual'!E6,0))+parametros_manuales!$E$28*('Plan mensual'!E3+IF(parametros_manuales!$H$28="Todos",'Plan mensual'!E7,0))+parametros_manuales!$F$28*('Plan mensual'!E4+IF(parametros_manuales!$H$28="Todos",'Plan mensual'!E8,0))+parametros_manuales!$G$28*('Plan mensual'!E5+IF(parametros_manuales!$H$28="Todos",'Plan mensual'!E9,0)))*parametros_manuales!$I$28*parametros_manuales!$J$28 -> 587.55 | D11: =(parametros_manuales!$D$28*('Plan mensual'!F2+IF(parametros_manuales!$H$28="Todos",'Plan mensual'!F6,0))+parametros_manuales!$E$28*('Plan mensual'!F3+IF(parametros_manuales!$H$28="Todos",'Plan mensual'!F7,0))+parametros_manuales!$F$28*('Plan mensual'!F4+IF(parametros_manuales!$H$28="Todos",'Plan mensual'!F8,0))+parametros_manuales!$G$28*('Plan mensual'!F5+IF(parametros_manuales!$H$28="Todos",'Plan mensual'!F9,0)))*parametros_manuales!$I$28*parametros_manuales!$J$28 -> 558.975 | E11: =(parametros_manuales!$D$28*('Plan mensual'!G2+IF(parametros_manuales!$H$28="Todos",'Plan mensual'!G6,0))+parametros_manuales!$E$28*('Plan mensual'!G3+IF(parametros_manuales!$H$28="Todos",'Plan mensual'!G7,0))+parametros_manuales!$F$28*('Plan mensual'!G4+IF(parametros_manuales!$H$28="Todos",'Plan mensual'!G8,0))+parametros_manuales!$G$28*('Plan mensual'!G5+IF(parametros_manuales!$H$28="Todos",'Plan mensual'!G9,0)))*parametros_manuales!$I$28*parametros_manuales!$J$28 -> 538.08 | F11: =(parametros_manuales!$D$28*('Plan mensual'!H2+IF(parametros_manuales!$H$28="Todos",'Plan mensual'!H6,0))+parametros_manuales!$E$28*('Plan mensual'!H3+IF(parametros_manuales!$H$28="Todos",'Plan mensual'!H7,0))+parametros_manuales!$F$28*('Plan mensual'!H4+IF(parametros_manuales!$H$28="Todos",'Plan mensual'!H8,0))+parametros_manuales!$G$28*('Plan mensual'!H5+IF(parametros_manuales!$H$28="Todos",'Plan mensual'!H9,0)))*parametros_manuales!$I$28*parametros_manuales!$J$28 -> 503.97 | G11: =(parametros_manuales!$D$28*('Plan mensual'!I2+IF(parametros_manuales!$H$28="Todos",'Plan mensual'!I6,0))+parametros_manuales!$E$28*('Plan mensual'!I3+IF(parametros_manuales!$H$28="Todos",'Plan mensual'!I7,0))+parametros_manuales!$F$28*('Plan mensual'!I4+IF(parametros_manuales!$H$28="Todos",'Plan mensual'!I8,0))+parametros_manuales!$G$28*('Plan mensual'!I5+IF(parametros_manuales!$H$28="Todos",'Plan mensual'!I9,0)))*parametros_manuales!$I$28*parametros_manuales!$J$28 -> 490.755 | H11: =(parametros_manuales!$D$28*('Plan mensual'!J2+IF(parametros_manuales!$H$28="Todos",'Plan mensual'!J6,0))+parametros_manuales!$E$28*('Plan mensual'!J3+IF(parametros_manuales!$H$28="Todos",'Plan mensual'!J7,0))+parametros_manuales!$F$28*('Plan mensual'!J4+IF(parametros_manuales!$H$28="Todos",'Plan mensual'!J8,0))+parametros_manuales!$G$28*('Plan mensual'!J5+IF(parametros_manuales!$H$28="Todos",'Plan mensual'!J9,0)))*parametros_manuales!$I$28*parametros_manuales!$J$28 -> 524.865 | I11: =(parametros_manuales!$D$28*('Plan mensual'!K2+IF(parametros_manuales!$H$28="Todos",'Plan mensual'!K6,0))+parametros_manuales!$E$28*('Plan mensual'!K3+IF(parametros_manuales!$H$28="Todos",'Plan mensual'!K7,0))+parametros_manuales!$F$28*('Plan mensual'!K4+IF(parametros_manuales!$H$28="Todos",'Plan mensual'!K8,0))+parametros_manuales!$G$28*('Plan mensual'!K5+IF(parametros_manuales!$H$28="Todos",'Plan mensual'!K9,0)))*parametros_manuales!$I$28*parametros_manuales!$J$28 -> 524.865 | ... M11: =(parametros_manuales!$D$28*('Plan mensual'!O2+IF(parametros_manuales!$H$28="Todos",'Plan mensual'!O6,0))+parametros_manuales!$E$28*('Plan mensual'!O3+IF(parametros_manuales!$H$28="Todos",'Plan mensual'!O7,0))+parametros_manuales!$F$28*('Plan mensual'!O4+IF(parametros_manuales!$H$28="Todos",'Plan mensual'!O8,0))+parametros_manuales!$G$28*('Plan mensual'!O5+IF(parametros_manuales!$H$28="Todos",'Plan mensual'!O9,0)))*parametros_manuales!$I$28*parametros_manuales!$J$28 -> 792.21 | N11: =SUM(B11:M11) -> 6822 | O11: =MAX(B11:M11) -> 792.21 | P11: =O11/(parametros_manuales!$B$7) -> 5.2814 | Q11: =IF(O11=0,"-",INDEX($B$1:$M$1,MATCH(O11,B11:M11,0))) -> Dic
A12: =parametros_manuales!$B$29 -> Bordoneado | B12: =(parametros_manuales!$D$29*('Plan mensual'!D2+IF(parametros_manuales!$H$29="Todos",'Plan mensual'!D6,0))+parametros_manuales!$E$29*('Plan mensual'!D3+IF(parametros_manuales!$H$29="Todos",'Plan mensual'!D7,0))+parametros_manuales!$F$29*('Plan mensual'!D4+IF(parametros_manuales!$H$29="Todos",'Plan mensual'!D8,0))+parametros_manuales!$G$29*('Plan mensual'!D5+IF(parametros_manuales!$H$29="Todos",'Plan mensual'!D9,0)))*parametros_manuales!$I$29*parametros_manuales!$J$29 -> 765.78 | C12: =(parametros_manuales!$D$29*('Plan mensual'!E2+IF(parametros_manuales!$H$29="Todos",'Plan mensual'!E6,0))+parametros_manuales!$E$29*('Plan mensual'!E3+IF(parametros_manuales!$H$29="Todos",'Plan mensual'!E7,0))+parametros_manuales!$F$29*('Plan mensual'!E4+IF(parametros_manuales!$H$29="Todos",'Plan mensual'!E8,0))+parametros_manuales!$G$29*('Plan mensual'!E5+IF(parametros_manuales!$H$29="Todos",'Plan mensual'!E9,0)))*parametros_manuales!$I$29*parametros_manuales!$J$29 -> 587.55 | D12: =(parametros_manuales!$D$29*('Plan mensual'!F2+IF(parametros_manuales!$H$29="Todos",'Plan mensual'!F6,0))+parametros_manuales!$E$29*('Plan mensual'!F3+IF(parametros_manuales!$H$29="Todos",'Plan mensual'!F7,0))+parametros_manuales!$F$29*('Plan mensual'!F4+IF(parametros_manuales!$H$29="Todos",'Plan mensual'!F8,0))+parametros_manuales!$G$29*('Plan mensual'!F5+IF(parametros_manuales!$H$29="Todos",'Plan mensual'!F9,0)))*parametros_manuales!$I$29*parametros_manuales!$J$29 -> 558.975 | E12: =(parametros_manuales!$D$29*('Plan mensual'!G2+IF(parametros_manuales!$H$29="Todos",'Plan mensual'!G6,0))+parametros_manuales!$E$29*('Plan mensual'!G3+IF(parametros_manuales!$H$29="Todos",'Plan mensual'!G7,0))+parametros_manuales!$F$29*('Plan mensual'!G4+IF(parametros_manuales!$H$29="Todos",'Plan mensual'!G8,0))+parametros_manuales!$G$29*('Plan mensual'!G5+IF(parametros_manuales!$H$29="Todos",'Plan mensual'!G9,0)))*parametros_manuales!$I$29*parametros_manuales!$J$29 -> 538.08 | F12: =(parametros_manuales!$D$29*('Plan mensual'!H2+IF(parametros_manuales!$H$29="Todos",'Plan mensual'!H6,0))+parametros_manuales!$E$29*('Plan mensual'!H3+IF(parametros_manuales!$H$29="Todos",'Plan mensual'!H7,0))+parametros_manuales!$F$29*('Plan mensual'!H4+IF(parametros_manuales!$H$29="Todos",'Plan mensual'!H8,0))+parametros_manuales!$G$29*('Plan mensual'!H5+IF(parametros_manuales!$H$29="Todos",'Plan mensual'!H9,0)))*parametros_manuales!$I$29*parametros_manuales!$J$29 -> 503.97 | G12: =(parametros_manuales!$D$29*('Plan mensual'!I2+IF(parametros_manuales!$H$29="Todos",'Plan mensual'!I6,0))+parametros_manuales!$E$29*('Plan mensual'!I3+IF(parametros_manuales!$H$29="Todos",'Plan mensual'!I7,0))+parametros_manuales!$F$29*('Plan mensual'!I4+IF(parametros_manuales!$H$29="Todos",'Plan mensual'!I8,0))+parametros_manuales!$G$29*('Plan mensual'!I5+IF(parametros_manuales!$H$29="Todos",'Plan mensual'!I9,0)))*parametros_manuales!$I$29*parametros_manuales!$J$29 -> 490.755 | H12: =(parametros_manuales!$D$29*('Plan mensual'!J2+IF(parametros_manuales!$H$29="Todos",'Plan mensual'!J6,0))+parametros_manuales!$E$29*('Plan mensual'!J3+IF(parametros_manuales!$H$29="Todos",'Plan mensual'!J7,0))+parametros_manuales!$F$29*('Plan mensual'!J4+IF(parametros_manuales!$H$29="Todos",'Plan mensual'!J8,0))+parametros_manuales!$G$29*('Plan mensual'!J5+IF(parametros_manuales!$H$29="Todos",'Plan mensual'!J9,0)))*parametros_manuales!$I$29*parametros_manuales!$J$29 -> 524.865 | I12: =(parametros_manuales!$D$29*('Plan mensual'!K2+IF(parametros_manuales!$H$29="Todos",'Plan mensual'!K6,0))+parametros_manuales!$E$29*('Plan mensual'!K3+IF(parametros_manuales!$H$29="Todos",'Plan mensual'!K7,0))+parametros_manuales!$F$29*('Plan mensual'!K4+IF(parametros_manuales!$H$29="Todos",'Plan mensual'!K8,0))+parametros_manuales!$G$29*('Plan mensual'!K5+IF(parametros_manuales!$H$29="Todos",'Plan mensual'!K9,0)))*parametros_manuales!$I$29*parametros_manuales!$J$29 -> 524.865 | ... M12: =(parametros_manuales!$D$29*('Plan mensual'!O2+IF(parametros_manuales!$H$29="Todos",'Plan mensual'!O6,0))+parametros_manuales!$E$29*('Plan mensual'!O3+IF(parametros_manuales!$H$29="Todos",'Plan mensual'!O7,0))+parametros_manuales!$F$29*('Plan mensual'!O4+IF(parametros_manuales!$H$29="Todos",'Plan mensual'!O8,0))+parametros_manuales!$G$29*('Plan mensual'!O5+IF(parametros_manuales!$H$29="Todos",'Plan mensual'!O9,0)))*parametros_manuales!$I$29*parametros_manuales!$J$29 -> 792.21 | N12: =SUM(B12:M12) -> 6822 | O12: =MAX(B12:M12) -> 792.21 | P12: =O12/(parametros_manuales!$B$7) -> 5.2814 | Q12: =IF(O12=0,"-",INDEX($B$1:$M$1,MATCH(O12,B12:M12,0))) -> Dic
A13: =parametros_manuales!$B$30 -> Soldadura circunferencial de cúpula y fondo | B13: =(parametros_manuales!$D$30*('Plan mensual'!D2+IF(parametros_manuales!$H$30="Todos",'Plan mensual'!D6,0))+parametros_manuales!$E$30*('Plan mensual'!D3+IF(parametros_manuales!$H$30="Todos",'Plan mensual'!D7,0))+parametros_manuales!$F$30*('Plan mensual'!D4+IF(parametros_manuales!$H$30="Todos",'Plan mensual'!D8,0))+parametros_manuales!$G$30*('Plan mensual'!D5+IF(parametros_manuales!$H$30="Todos",'Plan mensual'!D9,0)))*parametros_manuales!$I$30*parametros_manuales!$J$30 -> 765.78 | C13: =(parametros_manuales!$D$30*('Plan mensual'!E2+IF(parametros_manuales!$H$30="Todos",'Plan mensual'!E6,0))+parametros_manuales!$E$30*('Plan mensual'!E3+IF(parametros_manuales!$H$30="Todos",'Plan mensual'!E7,0))+parametros_manuales!$F$30*('Plan mensual'!E4+IF(parametros_manuales!$H$30="Todos",'Plan mensual'!E8,0))+parametros_manuales!$G$30*('Plan mensual'!E5+IF(parametros_manuales!$H$30="Todos",'Plan mensual'!E9,0)))*parametros_manuales!$I$30*parametros_manuales!$J$30 -> 587.55 | D13: =(parametros_manuales!$D$30*('Plan mensual'!F2+IF(parametros_manuales!$H$30="Todos",'Plan mensual'!F6,0))+parametros_manuales!$E$30*('Plan mensual'!F3+IF(parametros_manuales!$H$30="Todos",'Plan mensual'!F7,0))+parametros_manuales!$F$30*('Plan mensual'!F4+IF(parametros_manuales!$H$30="Todos",'Plan mensual'!F8,0))+parametros_manuales!$G$30*('Plan mensual'!F5+IF(parametros_manuales!$H$30="Todos",'Plan mensual'!F9,0)))*parametros_manuales!$I$30*parametros_manuales!$J$30 -> 558.975 | E13: =(parametros_manuales!$D$30*('Plan mensual'!G2+IF(parametros_manuales!$H$30="Todos",'Plan mensual'!G6,0))+parametros_manuales!$E$30*('Plan mensual'!G3+IF(parametros_manuales!$H$30="Todos",'Plan mensual'!G7,0))+parametros_manuales!$F$30*('Plan mensual'!G4+IF(parametros_manuales!$H$30="Todos",'Plan mensual'!G8,0))+parametros_manuales!$G$30*('Plan mensual'!G5+IF(parametros_manuales!$H$30="Todos",'Plan mensual'!G9,0)))*parametros_manuales!$I$30*parametros_manuales!$J$30 -> 538.08 | F13: =(parametros_manuales!$D$30*('Plan mensual'!H2+IF(parametros_manuales!$H$30="Todos",'Plan mensual'!H6,0))+parametros_manuales!$E$30*('Plan mensual'!H3+IF(parametros_manuales!$H$30="Todos",'Plan mensual'!H7,0))+parametros_manuales!$F$30*('Plan mensual'!H4+IF(parametros_manuales!$H$30="Todos",'Plan mensual'!H8,0))+parametros_manuales!$G$30*('Plan mensual'!H5+IF(parametros_manuales!$H$30="Todos",'Plan mensual'!H9,0)))*parametros_manuales!$I$30*parametros_manuales!$J$30 -> 503.97 | G13: =(parametros_manuales!$D$30*('Plan mensual'!I2+IF(parametros_manuales!$H$30="Todos",'Plan mensual'!I6,0))+parametros_manuales!$E$30*('Plan mensual'!I3+IF(parametros_manuales!$H$30="Todos",'Plan mensual'!I7,0))+parametros_manuales!$F$30*('Plan mensual'!I4+IF(parametros_manuales!$H$30="Todos",'Plan mensual'!I8,0))+parametros_manuales!$G$30*('Plan mensual'!I5+IF(parametros_manuales!$H$30="Todos",'Plan mensual'!I9,0)))*parametros_manuales!$I$30*parametros_manuales!$J$30 -> 490.755 | H13: =(parametros_manuales!$D$30*('Plan mensual'!J2+IF(parametros_manuales!$H$30="Todos",'Plan mensual'!J6,0))+parametros_manuales!$E$30*('Plan mensual'!J3+IF(parametros_manuales!$H$30="Todos",'Plan mensual'!J7,0))+parametros_manuales!$F$30*('Plan mensual'!J4+IF(parametros_manuales!$H$30="Todos",'Plan mensual'!J8,0))+parametros_manuales!$G$30*('Plan mensual'!J5+IF(parametros_manuales!$H$30="Todos",'Plan mensual'!J9,0)))*parametros_manuales!$I$30*parametros_manuales!$J$30 -> 524.865 | I13: =(parametros_manuales!$D$30*('Plan mensual'!K2+IF(parametros_manuales!$H$30="Todos",'Plan mensual'!K6,0))+parametros_manuales!$E$30*('Plan mensual'!K3+IF(parametros_manuales!$H$30="Todos",'Plan mensual'!K7,0))+parametros_manuales!$F$30*('Plan mensual'!K4+IF(parametros_manuales!$H$30="Todos",'Plan mensual'!K8,0))+parametros_manuales!$G$30*('Plan mensual'!K5+IF(parametros_manuales!$H$30="Todos",'Plan mensual'!K9,0)))*parametros_manuales!$I$30*parametros_manuales!$J$30 -> 524.865 | ... M13: =(parametros_manuales!$D$30*('Plan mensual'!O2+IF(parametros_manuales!$H$30="Todos",'Plan mensual'!O6,0))+parametros_manuales!$E$30*('Plan mensual'!O3+IF(parametros_manuales!$H$30="Todos",'Plan mensual'!O7,0))+parametros_manuales!$F$30*('Plan mensual'!O4+IF(parametros_manuales!$H$30="Todos",'Plan mensual'!O8,0))+parametros_manuales!$G$30*('Plan mensual'!O5+IF(parametros_manuales!$H$30="Todos",'Plan mensual'!O9,0)))*parametros_manuales!$I$30*parametros_manuales!$J$30 -> 792.21 | N13: =SUM(B13:M13) -> 6822 | O13: =MAX(B13:M13) -> 792.21 | P13: =O13/(parametros_manuales!$B$7) -> 5.2814 | Q13: =IF(O13=0,"-",INDEX($B$1:$M$1,MATCH(O13,B13:M13,0))) -> Dic
A14: =parametros_manuales!$B$31 -> Control de calidad — Espesor | B14: =(parametros_manuales!$D$31*('Plan mensual'!D2+IF(parametros_manuales!$H$31="Todos",'Plan mensual'!D6,0))+parametros_manuales!$E$31*('Plan mensual'!D3+IF(parametros_manuales!$H$31="Todos",'Plan mensual'!D7,0))+parametros_manuales!$F$31*('Plan mensual'!D4+IF(parametros_manuales!$H$31="Todos",'Plan mensual'!D8,0))+parametros_manuales!$G$31*('Plan mensual'!D5+IF(parametros_manuales!$H$31="Todos",'Plan mensual'!D9,0)))*parametros_manuales!$I$31*parametros_manuales!$J$31 -> 15.3156 | C14: =(parametros_manuales!$D$31*('Plan mensual'!E2+IF(parametros_manuales!$H$31="Todos",'Plan mensual'!E6,0))+parametros_manuales!$E$31*('Plan mensual'!E3+IF(parametros_manuales!$H$31="Todos",'Plan mensual'!E7,0))+parametros_manuales!$F$31*('Plan mensual'!E4+IF(parametros_manuales!$H$31="Todos",'Plan mensual'!E8,0))+parametros_manuales!$G$31*('Plan mensual'!E5+IF(parametros_manuales!$H$31="Todos",'Plan mensual'!E9,0)))*parametros_manuales!$I$31*parametros_manuales!$J$31 -> 11.751 | D14: =(parametros_manuales!$D$31*('Plan mensual'!F2+IF(parametros_manuales!$H$31="Todos",'Plan mensual'!F6,0))+parametros_manuales!$E$31*('Plan mensual'!F3+IF(parametros_manuales!$H$31="Todos",'Plan mensual'!F7,0))+parametros_manuales!$F$31*('Plan mensual'!F4+IF(parametros_manuales!$H$31="Todos",'Plan mensual'!F8,0))+parametros_manuales!$G$31*('Plan mensual'!F5+IF(parametros_manuales!$H$31="Todos",'Plan mensual'!F9,0)))*parametros_manuales!$I$31*parametros_manuales!$J$31 -> 11.1795 | E14: =(parametros_manuales!$D$31*('Plan mensual'!G2+IF(parametros_manuales!$H$31="Todos",'Plan mensual'!G6,0))+parametros_manuales!$E$31*('Plan mensual'!G3+IF(parametros_manuales!$H$31="Todos",'Plan mensual'!G7,0))+parametros_manuales!$F$31*('Plan mensual'!G4+IF(parametros_manuales!$H$31="Todos",'Plan mensual'!G8,0))+parametros_manuales!$G$31*('Plan mensual'!G5+IF(parametros_manuales!$H$31="Todos",'Plan mensual'!G9,0)))*parametros_manuales!$I$31*parametros_manuales!$J$31 -> 10.7616 | F14: =(parametros_manuales!$D$31*('Plan mensual'!H2+IF(parametros_manuales!$H$31="Todos",'Plan mensual'!H6,0))+parametros_manuales!$E$31*('Plan mensual'!H3+IF(parametros_manuales!$H$31="Todos",'Plan mensual'!H7,0))+parametros_manuales!$F$31*('Plan mensual'!H4+IF(parametros_manuales!$H$31="Todos",'Plan mensual'!H8,0))+parametros_manuales!$G$31*('Plan mensual'!H5+IF(parametros_manuales!$H$31="Todos",'Plan mensual'!H9,0)))*parametros_manuales!$I$31*parametros_manuales!$J$31 -> 10.0794 | G14: =(parametros_manuales!$D$31*('Plan mensual'!I2+IF(parametros_manuales!$H$31="Todos",'Plan mensual'!I6,0))+parametros_manuales!$E$31*('Plan mensual'!I3+IF(parametros_manuales!$H$31="Todos",'Plan mensual'!I7,0))+parametros_manuales!$F$31*('Plan mensual'!I4+IF(parametros_manuales!$H$31="Todos",'Plan mensual'!I8,0))+parametros_manuales!$G$31*('Plan mensual'!I5+IF(parametros_manuales!$H$31="Todos",'Plan mensual'!I9,0)))*parametros_manuales!$I$31*parametros_manuales!$J$31 -> 9.8151 | H14: =(parametros_manuales!$D$31*('Plan mensual'!J2+IF(parametros_manuales!$H$31="Todos",'Plan mensual'!J6,0))+parametros_manuales!$E$31*('Plan mensual'!J3+IF(parametros_manuales!$H$31="Todos",'Plan mensual'!J7,0))+parametros_manuales!$F$31*('Plan mensual'!J4+IF(parametros_manuales!$H$31="Todos",'Plan mensual'!J8,0))+parametros_manuales!$G$31*('Plan mensual'!J5+IF(parametros_manuales!$H$31="Todos",'Plan mensual'!J9,0)))*parametros_manuales!$I$31*parametros_manuales!$J$31 -> 10.4973 | I14: =(parametros_manuales!$D$31*('Plan mensual'!K2+IF(parametros_manuales!$H$31="Todos",'Plan mensual'!K6,0))+parametros_manuales!$E$31*('Plan mensual'!K3+IF(parametros_manuales!$H$31="Todos",'Plan mensual'!K7,0))+parametros_manuales!$F$31*('Plan mensual'!K4+IF(parametros_manuales!$H$31="Todos",'Plan mensual'!K8,0))+parametros_manuales!$G$31*('Plan mensual'!K5+IF(parametros_manuales!$H$31="Todos",'Plan mensual'!K9,0)))*parametros_manuales!$I$31*parametros_manuales!$J$31 -> 10.4973 | ... M14: =(parametros_manuales!$D$31*('Plan mensual'!O2+IF(parametros_manuales!$H$31="Todos",'Plan mensual'!O6,0))+parametros_manuales!$E$31*('Plan mensual'!O3+IF(parametros_manuales!$H$31="Todos",'Plan mensual'!O7,0))+parametros_manuales!$F$31*('Plan mensual'!O4+IF(parametros_manuales!$H$31="Todos",'Plan mensual'!O8,0))+parametros_manuales!$G$31*('Plan mensual'!O5+IF(parametros_manuales!$H$31="Todos",'Plan mensual'!O9,0)))*parametros_manuales!$I$31*parametros_manuales!$J$31 -> 15.8442 | N14: =SUM(B14:M14) -> 136.44 | O14: =MAX(B14:M14) -> 15.8442 | P14: =O14/(parametros_manuales!$B$7) -> 0.105628 | Q14: =IF(O14=0,"-",INDEX($B$1:$M$1,MATCH(O14,B14:M14,0))) -> Dic
A15: =parametros_manuales!$B$32 -> Prueba hidráulica | B15: =(parametros_manuales!$D$32*('Plan mensual'!D2+IF(parametros_manuales!$H$32="Todos",'Plan mensual'!D6,0))+parametros_manuales!$E$32*('Plan mensual'!D3+IF(parametros_manuales!$H$32="Todos",'Plan mensual'!D7,0))+parametros_manuales!$F$32*('Plan mensual'!D4+IF(parametros_manuales!$H$32="Todos",'Plan mensual'!D8,0))+parametros_manuales!$G$32*('Plan mensual'!D5+IF(parametros_manuales!$H$32="Todos",'Plan mensual'!D9,0)))*parametros_manuales!$I$32*parametros_manuales!$J$32 -> 765.78 | C15: =(parametros_manuales!$D$32*('Plan mensual'!E2+IF(parametros_manuales!$H$32="Todos",'Plan mensual'!E6,0))+parametros_manuales!$E$32*('Plan mensual'!E3+IF(parametros_manuales!$H$32="Todos",'Plan mensual'!E7,0))+parametros_manuales!$F$32*('Plan mensual'!E4+IF(parametros_manuales!$H$32="Todos",'Plan mensual'!E8,0))+parametros_manuales!$G$32*('Plan mensual'!E5+IF(parametros_manuales!$H$32="Todos",'Plan mensual'!E9,0)))*parametros_manuales!$I$32*parametros_manuales!$J$32 -> 587.55 | D15: =(parametros_manuales!$D$32*('Plan mensual'!F2+IF(parametros_manuales!$H$32="Todos",'Plan mensual'!F6,0))+parametros_manuales!$E$32*('Plan mensual'!F3+IF(parametros_manuales!$H$32="Todos",'Plan mensual'!F7,0))+parametros_manuales!$F$32*('Plan mensual'!F4+IF(parametros_manuales!$H$32="Todos",'Plan mensual'!F8,0))+parametros_manuales!$G$32*('Plan mensual'!F5+IF(parametros_manuales!$H$32="Todos",'Plan mensual'!F9,0)))*parametros_manuales!$I$32*parametros_manuales!$J$32 -> 558.975 | E15: =(parametros_manuales!$D$32*('Plan mensual'!G2+IF(parametros_manuales!$H$32="Todos",'Plan mensual'!G6,0))+parametros_manuales!$E$32*('Plan mensual'!G3+IF(parametros_manuales!$H$32="Todos",'Plan mensual'!G7,0))+parametros_manuales!$F$32*('Plan mensual'!G4+IF(parametros_manuales!$H$32="Todos",'Plan mensual'!G8,0))+parametros_manuales!$G$32*('Plan mensual'!G5+IF(parametros_manuales!$H$32="Todos",'Plan mensual'!G9,0)))*parametros_manuales!$I$32*parametros_manuales!$J$32 -> 538.08 | F15: =(parametros_manuales!$D$32*('Plan mensual'!H2+IF(parametros_manuales!$H$32="Todos",'Plan mensual'!H6,0))+parametros_manuales!$E$32*('Plan mensual'!H3+IF(parametros_manuales!$H$32="Todos",'Plan mensual'!H7,0))+parametros_manuales!$F$32*('Plan mensual'!H4+IF(parametros_manuales!$H$32="Todos",'Plan mensual'!H8,0))+parametros_manuales!$G$32*('Plan mensual'!H5+IF(parametros_manuales!$H$32="Todos",'Plan mensual'!H9,0)))*parametros_manuales!$I$32*parametros_manuales!$J$32 -> 503.97 | G15: =(parametros_manuales!$D$32*('Plan mensual'!I2+IF(parametros_manuales!$H$32="Todos",'Plan mensual'!I6,0))+parametros_manuales!$E$32*('Plan mensual'!I3+IF(parametros_manuales!$H$32="Todos",'Plan mensual'!I7,0))+parametros_manuales!$F$32*('Plan mensual'!I4+IF(parametros_manuales!$H$32="Todos",'Plan mensual'!I8,0))+parametros_manuales!$G$32*('Plan mensual'!I5+IF(parametros_manuales!$H$32="Todos",'Plan mensual'!I9,0)))*parametros_manuales!$I$32*parametros_manuales!$J$32 -> 490.755 | H15: =(parametros_manuales!$D$32*('Plan mensual'!J2+IF(parametros_manuales!$H$32="Todos",'Plan mensual'!J6,0))+parametros_manuales!$E$32*('Plan mensual'!J3+IF(parametros_manuales!$H$32="Todos",'Plan mensual'!J7,0))+parametros_manuales!$F$32*('Plan mensual'!J4+IF(parametros_manuales!$H$32="Todos",'Plan mensual'!J8,0))+parametros_manuales!$G$32*('Plan mensual'!J5+IF(parametros_manuales!$H$32="Todos",'Plan mensual'!J9,0)))*parametros_manuales!$I$32*parametros_manuales!$J$32 -> 524.865 | I15: =(parametros_manuales!$D$32*('Plan mensual'!K2+IF(parametros_manuales!$H$32="Todos",'Plan mensual'!K6,0))+parametros_manuales!$E$32*('Plan mensual'!K3+IF(parametros_manuales!$H$32="Todos",'Plan mensual'!K7,0))+parametros_manuales!$F$32*('Plan mensual'!K4+IF(parametros_manuales!$H$32="Todos",'Plan mensual'!K8,0))+parametros_manuales!$G$32*('Plan mensual'!K5+IF(parametros_manuales!$H$32="Todos",'Plan mensual'!K9,0)))*parametros_manuales!$I$32*parametros_manuales!$J$32 -> 524.865 | ... M15: =(parametros_manuales!$D$32*('Plan mensual'!O2+IF(parametros_manuales!$H$32="Todos",'Plan mensual'!O6,0))+parametros_manuales!$E$32*('Plan mensual'!O3+IF(parametros_manuales!$H$32="Todos",'Plan mensual'!O7,0))+parametros_manuales!$F$32*('Plan mensual'!O4+IF(parametros_manuales!$H$32="Todos",'Plan mensual'!O8,0))+parametros_manuales!$G$32*('Plan mensual'!O5+IF(parametros_manuales!$H$32="Todos",'Plan mensual'!O9,0)))*parametros_manuales!$I$32*parametros_manuales!$J$32 -> 792.21 | N15: =SUM(B15:M15) -> 6822 | O15: =MAX(B15:M15) -> 792.21 | P15: =O15/(parametros_manuales!$B$7) -> 5.2814 | Q15: =IF(O15=0,"-",INDEX($B$1:$M$1,MATCH(O15,B15:M15,0))) -> Dic
A16: =parametros_manuales!$B$33 -> Secado | B16: =(parametros_manuales!$D$33*('Plan mensual'!D2+IF(parametros_manuales!$H$33="Todos",'Plan mensual'!D6,0))+parametros_manuales!$E$33*('Plan mensual'!D3+IF(parametros_manuales!$H$33="Todos",'Plan mensual'!D7,0))+parametros_manuales!$F$33*('Plan mensual'!D4+IF(parametros_manuales!$H$33="Todos",'Plan mensual'!D8,0))+parametros_manuales!$G$33*('Plan mensual'!D5+IF(parametros_manuales!$H$33="Todos",'Plan mensual'!D9,0)))*parametros_manuales!$I$33*parametros_manuales!$J$33 -> 765.78 | C16: =(parametros_manuales!$D$33*('Plan mensual'!E2+IF(parametros_manuales!$H$33="Todos",'Plan mensual'!E6,0))+parametros_manuales!$E$33*('Plan mensual'!E3+IF(parametros_manuales!$H$33="Todos",'Plan mensual'!E7,0))+parametros_manuales!$F$33*('Plan mensual'!E4+IF(parametros_manuales!$H$33="Todos",'Plan mensual'!E8,0))+parametros_manuales!$G$33*('Plan mensual'!E5+IF(parametros_manuales!$H$33="Todos",'Plan mensual'!E9,0)))*parametros_manuales!$I$33*parametros_manuales!$J$33 -> 587.55 | D16: =(parametros_manuales!$D$33*('Plan mensual'!F2+IF(parametros_manuales!$H$33="Todos",'Plan mensual'!F6,0))+parametros_manuales!$E$33*('Plan mensual'!F3+IF(parametros_manuales!$H$33="Todos",'Plan mensual'!F7,0))+parametros_manuales!$F$33*('Plan mensual'!F4+IF(parametros_manuales!$H$33="Todos",'Plan mensual'!F8,0))+parametros_manuales!$G$33*('Plan mensual'!F5+IF(parametros_manuales!$H$33="Todos",'Plan mensual'!F9,0)))*parametros_manuales!$I$33*parametros_manuales!$J$33 -> 558.975 | E16: =(parametros_manuales!$D$33*('Plan mensual'!G2+IF(parametros_manuales!$H$33="Todos",'Plan mensual'!G6,0))+parametros_manuales!$E$33*('Plan mensual'!G3+IF(parametros_manuales!$H$33="Todos",'Plan mensual'!G7,0))+parametros_manuales!$F$33*('Plan mensual'!G4+IF(parametros_manuales!$H$33="Todos",'Plan mensual'!G8,0))+parametros_manuales!$G$33*('Plan mensual'!G5+IF(parametros_manuales!$H$33="Todos",'Plan mensual'!G9,0)))*parametros_manuales!$I$33*parametros_manuales!$J$33 -> 538.08 | F16: =(parametros_manuales!$D$33*('Plan mensual'!H2+IF(parametros_manuales!$H$33="Todos",'Plan mensual'!H6,0))+parametros_manuales!$E$33*('Plan mensual'!H3+IF(parametros_manuales!$H$33="Todos",'Plan mensual'!H7,0))+parametros_manuales!$F$33*('Plan mensual'!H4+IF(parametros_manuales!$H$33="Todos",'Plan mensual'!H8,0))+parametros_manuales!$G$33*('Plan mensual'!H5+IF(parametros_manuales!$H$33="Todos",'Plan mensual'!H9,0)))*parametros_manuales!$I$33*parametros_manuales!$J$33 -> 503.97 | G16: =(parametros_manuales!$D$33*('Plan mensual'!I2+IF(parametros_manuales!$H$33="Todos",'Plan mensual'!I6,0))+parametros_manuales!$E$33*('Plan mensual'!I3+IF(parametros_manuales!$H$33="Todos",'Plan mensual'!I7,0))+parametros_manuales!$F$33*('Plan mensual'!I4+IF(parametros_manuales!$H$33="Todos",'Plan mensual'!I8,0))+parametros_manuales!$G$33*('Plan mensual'!I5+IF(parametros_manuales!$H$33="Todos",'Plan mensual'!I9,0)))*parametros_manuales!$I$33*parametros_manuales!$J$33 -> 490.755 | H16: =(parametros_manuales!$D$33*('Plan mensual'!J2+IF(parametros_manuales!$H$33="Todos",'Plan mensual'!J6,0))+parametros_manuales!$E$33*('Plan mensual'!J3+IF(parametros_manuales!$H$33="Todos",'Plan mensual'!J7,0))+parametros_manuales!$F$33*('Plan mensual'!J4+IF(parametros_manuales!$H$33="Todos",'Plan mensual'!J8,0))+parametros_manuales!$G$33*('Plan mensual'!J5+IF(parametros_manuales!$H$33="Todos",'Plan mensual'!J9,0)))*parametros_manuales!$I$33*parametros_manuales!$J$33 -> 524.865 | I16: =(parametros_manuales!$D$33*('Plan mensual'!K2+IF(parametros_manuales!$H$33="Todos",'Plan mensual'!K6,0))+parametros_manuales!$E$33*('Plan mensual'!K3+IF(parametros_manuales!$H$33="Todos",'Plan mensual'!K7,0))+parametros_manuales!$F$33*('Plan mensual'!K4+IF(parametros_manuales!$H$33="Todos",'Plan mensual'!K8,0))+parametros_manuales!$G$33*('Plan mensual'!K5+IF(parametros_manuales!$H$33="Todos",'Plan mensual'!K9,0)))*parametros_manuales!$I$33*parametros_manuales!$J$33 -> 524.865 | ... M16: =(parametros_manuales!$D$33*('Plan mensual'!O2+IF(parametros_manuales!$H$33="Todos",'Plan mensual'!O6,0))+parametros_manuales!$E$33*('Plan mensual'!O3+IF(parametros_manuales!$H$33="Todos",'Plan mensual'!O7,0))+parametros_manuales!$F$33*('Plan mensual'!O4+IF(parametros_manuales!$H$33="Todos",'Plan mensual'!O8,0))+parametros_manuales!$G$33*('Plan mensual'!O5+IF(parametros_manuales!$H$33="Todos",'Plan mensual'!O9,0)))*parametros_manuales!$I$33*parametros_manuales!$J$33 -> 792.21 | N16: =SUM(B16:M16) -> 6822 | O16: =MAX(B16:M16) -> 792.21 | P16: =O16/(parametros_manuales!$B$7) -> 5.2814 | Q16: =IF(O16=0,"-",INDEX($B$1:$M$1,MATCH(O16,B16:M16,0))) -> Dic
A17: =parametros_manuales!$B$34 -> Granallado | B17: =(parametros_manuales!$D$34*('Plan mensual'!D2+IF(parametros_manuales!$H$34="Todos",'Plan mensual'!D6,0))+parametros_manuales!$E$34*('Plan mensual'!D3+IF(parametros_manuales!$H$34="Todos",'Plan mensual'!D7,0))+parametros_manuales!$F$34*('Plan mensual'!D4+IF(parametros_manuales!$H$34="Todos",'Plan mensual'!D8,0))+parametros_manuales!$G$34*('Plan mensual'!D5+IF(parametros_manuales!$H$34="Todos",'Plan mensual'!D9,0)))*parametros_manuales!$I$34*parametros_manuales!$J$34 -> 765.78 | C17: =(parametros_manuales!$D$34*('Plan mensual'!E2+IF(parametros_manuales!$H$34="Todos",'Plan mensual'!E6,0))+parametros_manuales!$E$34*('Plan mensual'!E3+IF(parametros_manuales!$H$34="Todos",'Plan mensual'!E7,0))+parametros_manuales!$F$34*('Plan mensual'!E4+IF(parametros_manuales!$H$34="Todos",'Plan mensual'!E8,0))+parametros_manuales!$G$34*('Plan mensual'!E5+IF(parametros_manuales!$H$34="Todos",'Plan mensual'!E9,0)))*parametros_manuales!$I$34*parametros_manuales!$J$34 -> 587.55 | D17: =(parametros_manuales!$D$34*('Plan mensual'!F2+IF(parametros_manuales!$H$34="Todos",'Plan mensual'!F6,0))+parametros_manuales!$E$34*('Plan mensual'!F3+IF(parametros_manuales!$H$34="Todos",'Plan mensual'!F7,0))+parametros_manuales!$F$34*('Plan mensual'!F4+IF(parametros_manuales!$H$34="Todos",'Plan mensual'!F8,0))+parametros_manuales!$G$34*('Plan mensual'!F5+IF(parametros_manuales!$H$34="Todos",'Plan mensual'!F9,0)))*parametros_manuales!$I$34*parametros_manuales!$J$34 -> 558.975 | E17: =(parametros_manuales!$D$34*('Plan mensual'!G2+IF(parametros_manuales!$H$34="Todos",'Plan mensual'!G6,0))+parametros_manuales!$E$34*('Plan mensual'!G3+IF(parametros_manuales!$H$34="Todos",'Plan mensual'!G7,0))+parametros_manuales!$F$34*('Plan mensual'!G4+IF(parametros_manuales!$H$34="Todos",'Plan mensual'!G8,0))+parametros_manuales!$G$34*('Plan mensual'!G5+IF(parametros_manuales!$H$34="Todos",'Plan mensual'!G9,0)))*parametros_manuales!$I$34*parametros_manuales!$J$34 -> 538.08 | F17: =(parametros_manuales!$D$34*('Plan mensual'!H2+IF(parametros_manuales!$H$34="Todos",'Plan mensual'!H6,0))+parametros_manuales!$E$34*('Plan mensual'!H3+IF(parametros_manuales!$H$34="Todos",'Plan mensual'!H7,0))+parametros_manuales!$F$34*('Plan mensual'!H4+IF(parametros_manuales!$H$34="Todos",'Plan mensual'!H8,0))+parametros_manuales!$G$34*('Plan mensual'!H5+IF(parametros_manuales!$H$34="Todos",'Plan mensual'!H9,0)))*parametros_manuales!$I$34*parametros_manuales!$J$34 -> 503.97 | G17: =(parametros_manuales!$D$34*('Plan mensual'!I2+IF(parametros_manuales!$H$34="Todos",'Plan mensual'!I6,0))+parametros_manuales!$E$34*('Plan mensual'!I3+IF(parametros_manuales!$H$34="Todos",'Plan mensual'!I7,0))+parametros_manuales!$F$34*('Plan mensual'!I4+IF(parametros_manuales!$H$34="Todos",'Plan mensual'!I8,0))+parametros_manuales!$G$34*('Plan mensual'!I5+IF(parametros_manuales!$H$34="Todos",'Plan mensual'!I9,0)))*parametros_manuales!$I$34*parametros_manuales!$J$34 -> 490.755 | H17: =(parametros_manuales!$D$34*('Plan mensual'!J2+IF(parametros_manuales!$H$34="Todos",'Plan mensual'!J6,0))+parametros_manuales!$E$34*('Plan mensual'!J3+IF(parametros_manuales!$H$34="Todos",'Plan mensual'!J7,0))+parametros_manuales!$F$34*('Plan mensual'!J4+IF(parametros_manuales!$H$34="Todos",'Plan mensual'!J8,0))+parametros_manuales!$G$34*('Plan mensual'!J5+IF(parametros_manuales!$H$34="Todos",'Plan mensual'!J9,0)))*parametros_manuales!$I$34*parametros_manuales!$J$34 -> 524.865 | I17: =(parametros_manuales!$D$34*('Plan mensual'!K2+IF(parametros_manuales!$H$34="Todos",'Plan mensual'!K6,0))+parametros_manuales!$E$34*('Plan mensual'!K3+IF(parametros_manuales!$H$34="Todos",'Plan mensual'!K7,0))+parametros_manuales!$F$34*('Plan mensual'!K4+IF(parametros_manuales!$H$34="Todos",'Plan mensual'!K8,0))+parametros_manuales!$G$34*('Plan mensual'!K5+IF(parametros_manuales!$H$34="Todos",'Plan mensual'!K9,0)))*parametros_manuales!$I$34*parametros_manuales!$J$34 -> 524.865 | ... M17: =(parametros_manuales!$D$34*('Plan mensual'!O2+IF(parametros_manuales!$H$34="Todos",'Plan mensual'!O6,0))+parametros_manuales!$E$34*('Plan mensual'!O3+IF(parametros_manuales!$H$34="Todos",'Plan mensual'!O7,0))+parametros_manuales!$F$34*('Plan mensual'!O4+IF(parametros_manuales!$H$34="Todos",'Plan mensual'!O8,0))+parametros_manuales!$G$34*('Plan mensual'!O5+IF(parametros_manuales!$H$34="Todos",'Plan mensual'!O9,0)))*parametros_manuales!$I$34*parametros_manuales!$J$34 -> 792.21 | N17: =SUM(B17:M17) -> 6822 | O17: =MAX(B17:M17) -> 792.21 | P17: =O17/(parametros_manuales!$B$7) -> 5.2814 | Q17: =IF(O17=0,"-",INDEX($B$1:$M$1,MATCH(O17,B17:M17,0))) -> Dic
A18: =parametros_manuales!$B$35 -> Detección de defectos | B18: =(parametros_manuales!$D$35*('Plan mensual'!D2+IF(parametros_manuales!$H$35="Todos",'Plan mensual'!D6,0))+parametros_manuales!$E$35*('Plan mensual'!D3+IF(parametros_manuales!$H$35="Todos",'Plan mensual'!D7,0))+parametros_manuales!$F$35*('Plan mensual'!D4+IF(parametros_manuales!$H$35="Todos",'Plan mensual'!D8,0))+parametros_manuales!$G$35*('Plan mensual'!D5+IF(parametros_manuales!$H$35="Todos",'Plan mensual'!D9,0)))*parametros_manuales!$I$35*parametros_manuales!$J$35 -> 765.78 | C18: =(parametros_manuales!$D$35*('Plan mensual'!E2+IF(parametros_manuales!$H$35="Todos",'Plan mensual'!E6,0))+parametros_manuales!$E$35*('Plan mensual'!E3+IF(parametros_manuales!$H$35="Todos",'Plan mensual'!E7,0))+parametros_manuales!$F$35*('Plan mensual'!E4+IF(parametros_manuales!$H$35="Todos",'Plan mensual'!E8,0))+parametros_manuales!$G$35*('Plan mensual'!E5+IF(parametros_manuales!$H$35="Todos",'Plan mensual'!E9,0)))*parametros_manuales!$I$35*parametros_manuales!$J$35 -> 587.55 | D18: =(parametros_manuales!$D$35*('Plan mensual'!F2+IF(parametros_manuales!$H$35="Todos",'Plan mensual'!F6,0))+parametros_manuales!$E$35*('Plan mensual'!F3+IF(parametros_manuales!$H$35="Todos",'Plan mensual'!F7,0))+parametros_manuales!$F$35*('Plan mensual'!F4+IF(parametros_manuales!$H$35="Todos",'Plan mensual'!F8,0))+parametros_manuales!$G$35*('Plan mensual'!F5+IF(parametros_manuales!$H$35="Todos",'Plan mensual'!F9,0)))*parametros_manuales!$I$35*parametros_manuales!$J$35 -> 558.975 | E18: =(parametros_manuales!$D$35*('Plan mensual'!G2+IF(parametros_manuales!$H$35="Todos",'Plan mensual'!G6,0))+parametros_manuales!$E$35*('Plan mensual'!G3+IF(parametros_manuales!$H$35="Todos",'Plan mensual'!G7,0))+parametros_manuales!$F$35*('Plan mensual'!G4+IF(parametros_manuales!$H$35="Todos",'Plan mensual'!G8,0))+parametros_manuales!$G$35*('Plan mensual'!G5+IF(parametros_manuales!$H$35="Todos",'Plan mensual'!G9,0)))*parametros_manuales!$I$35*parametros_manuales!$J$35 -> 538.08 | F18: =(parametros_manuales!$D$35*('Plan mensual'!H2+IF(parametros_manuales!$H$35="Todos",'Plan mensual'!H6,0))+parametros_manuales!$E$35*('Plan mensual'!H3+IF(parametros_manuales!$H$35="Todos",'Plan mensual'!H7,0))+parametros_manuales!$F$35*('Plan mensual'!H4+IF(parametros_manuales!$H$35="Todos",'Plan mensual'!H8,0))+parametros_manuales!$G$35*('Plan mensual'!H5+IF(parametros_manuales!$H$35="Todos",'Plan mensual'!H9,0)))*parametros_manuales!$I$35*parametros_manuales!$J$35 -> 503.97 | G18: =(parametros_manuales!$D$35*('Plan mensual'!I2+IF(parametros_manuales!$H$35="Todos",'Plan mensual'!I6,0))+parametros_manuales!$E$35*('Plan mensual'!I3+IF(parametros_manuales!$H$35="Todos",'Plan mensual'!I7,0))+parametros_manuales!$F$35*('Plan mensual'!I4+IF(parametros_manuales!$H$35="Todos",'Plan mensual'!I8,0))+parametros_manuales!$G$35*('Plan mensual'!I5+IF(parametros_manuales!$H$35="Todos",'Plan mensual'!I9,0)))*parametros_manuales!$I$35*parametros_manuales!$J$35 -> 490.755 | H18: =(parametros_manuales!$D$35*('Plan mensual'!J2+IF(parametros_manuales!$H$35="Todos",'Plan mensual'!J6,0))+parametros_manuales!$E$35*('Plan mensual'!J3+IF(parametros_manuales!$H$35="Todos",'Plan mensual'!J7,0))+parametros_manuales!$F$35*('Plan mensual'!J4+IF(parametros_manuales!$H$35="Todos",'Plan mensual'!J8,0))+parametros_manuales!$G$35*('Plan mensual'!J5+IF(parametros_manuales!$H$35="Todos",'Plan mensual'!J9,0)))*parametros_manuales!$I$35*parametros_manuales!$J$35 -> 524.865 | I18: =(parametros_manuales!$D$35*('Plan mensual'!K2+IF(parametros_manuales!$H$35="Todos",'Plan mensual'!K6,0))+parametros_manuales!$E$35*('Plan mensual'!K3+IF(parametros_manuales!$H$35="Todos",'Plan mensual'!K7,0))+parametros_manuales!$F$35*('Plan mensual'!K4+IF(parametros_manuales!$H$35="Todos",'Plan mensual'!K8,0))+parametros_manuales!$G$35*('Plan mensual'!K5+IF(parametros_manuales!$H$35="Todos",'Plan mensual'!K9,0)))*parametros_manuales!$I$35*parametros_manuales!$J$35 -> 524.865 | ... M18: =(parametros_manuales!$D$35*('Plan mensual'!O2+IF(parametros_manuales!$H$35="Todos",'Plan mensual'!O6,0))+parametros_manuales!$E$35*('Plan mensual'!O3+IF(parametros_manuales!$H$35="Todos",'Plan mensual'!O7,0))+parametros_manuales!$F$35*('Plan mensual'!O4+IF(parametros_manuales!$H$35="Todos",'Plan mensual'!O8,0))+parametros_manuales!$G$35*('Plan mensual'!O5+IF(parametros_manuales!$H$35="Todos",'Plan mensual'!O9,0)))*parametros_manuales!$I$35*parametros_manuales!$J$35 -> 792.21 | N18: =SUM(B18:M18) -> 6822 | O18: =MAX(B18:M18) -> 792.21 | P18: =O18/(parametros_manuales!$B$7) -> 5.2814 | Q18: =IF(O18=0,"-",INDEX($B$1:$M$1,MATCH(O18,B18:M18,0))) -> Dic
A19: =parametros_manuales!$B$36 -> Corrección de defectos | B19: =(parametros_manuales!$D$36*('Plan mensual'!D2+IF(parametros_manuales!$H$36="Todos",'Plan mensual'!D6,0))+parametros_manuales!$E$36*('Plan mensual'!D3+IF(parametros_manuales!$H$36="Todos",'Plan mensual'!D7,0))+parametros_manuales!$F$36*('Plan mensual'!D4+IF(parametros_manuales!$H$36="Todos",'Plan mensual'!D8,0))+parametros_manuales!$G$36*('Plan mensual'!D5+IF(parametros_manuales!$H$36="Todos",'Plan mensual'!D9,0)))*parametros_manuales!$I$36*parametros_manuales!$J$36 -> 38.289 | C19: =(parametros_manuales!$D$36*('Plan mensual'!E2+IF(parametros_manuales!$H$36="Todos",'Plan mensual'!E6,0))+parametros_manuales!$E$36*('Plan mensual'!E3+IF(parametros_manuales!$H$36="Todos",'Plan mensual'!E7,0))+parametros_manuales!$F$36*('Plan mensual'!E4+IF(parametros_manuales!$H$36="Todos",'Plan mensual'!E8,0))+parametros_manuales!$G$36*('Plan mensual'!E5+IF(parametros_manuales!$H$36="Todos",'Plan mensual'!E9,0)))*parametros_manuales!$I$36*parametros_manuales!$J$36 -> 29.3775 | D19: =(parametros_manuales!$D$36*('Plan mensual'!F2+IF(parametros_manuales!$H$36="Todos",'Plan mensual'!F6,0))+parametros_manuales!$E$36*('Plan mensual'!F3+IF(parametros_manuales!$H$36="Todos",'Plan mensual'!F7,0))+parametros_manuales!$F$36*('Plan mensual'!F4+IF(parametros_manuales!$H$36="Todos",'Plan mensual'!F8,0))+parametros_manuales!$G$36*('Plan mensual'!F5+IF(parametros_manuales!$H$36="Todos",'Plan mensual'!F9,0)))*parametros_manuales!$I$36*parametros_manuales!$J$36 -> 27.94875 | E19: =(parametros_manuales!$D$36*('Plan mensual'!G2+IF(parametros_manuales!$H$36="Todos",'Plan mensual'!G6,0))+parametros_manuales!$E$36*('Plan mensual'!G3+IF(parametros_manuales!$H$36="Todos",'Plan mensual'!G7,0))+parametros_manuales!$F$36*('Plan mensual'!G4+IF(parametros_manuales!$H$36="Todos",'Plan mensual'!G8,0))+parametros_manuales!$G$36*('Plan mensual'!G5+IF(parametros_manuales!$H$36="Todos",'Plan mensual'!G9,0)))*parametros_manuales!$I$36*parametros_manuales!$J$36 -> 26.904 | F19: =(parametros_manuales!$D$36*('Plan mensual'!H2+IF(parametros_manuales!$H$36="Todos",'Plan mensual'!H6,0))+parametros_manuales!$E$36*('Plan mensual'!H3+IF(parametros_manuales!$H$36="Todos",'Plan mensual'!H7,0))+parametros_manuales!$F$36*('Plan mensual'!H4+IF(parametros_manuales!$H$36="Todos",'Plan mensual'!H8,0))+parametros_manuales!$G$36*('Plan mensual'!H5+IF(parametros_manuales!$H$36="Todos",'Plan mensual'!H9,0)))*parametros_manuales!$I$36*parametros_manuales!$J$36 -> 25.1985 | G19: =(parametros_manuales!$D$36*('Plan mensual'!I2+IF(parametros_manuales!$H$36="Todos",'Plan mensual'!I6,0))+parametros_manuales!$E$36*('Plan mensual'!I3+IF(parametros_manuales!$H$36="Todos",'Plan mensual'!I7,0))+parametros_manuales!$F$36*('Plan mensual'!I4+IF(parametros_manuales!$H$36="Todos",'Plan mensual'!I8,0))+parametros_manuales!$G$36*('Plan mensual'!I5+IF(parametros_manuales!$H$36="Todos",'Plan mensual'!I9,0)))*parametros_manuales!$I$36*parametros_manuales!$J$36 -> 24.53775 | H19: =(parametros_manuales!$D$36*('Plan mensual'!J2+IF(parametros_manuales!$H$36="Todos",'Plan mensual'!J6,0))+parametros_manuales!$E$36*('Plan mensual'!J3+IF(parametros_manuales!$H$36="Todos",'Plan mensual'!J7,0))+parametros_manuales!$F$36*('Plan mensual'!J4+IF(parametros_manuales!$H$36="Todos",'Plan mensual'!J8,0))+parametros_manuales!$G$36*('Plan mensual'!J5+IF(parametros_manuales!$H$36="Todos",'Plan mensual'!J9,0)))*parametros_manuales!$I$36*parametros_manuales!$J$36 -> 26.24325 | I19: =(parametros_manuales!$D$36*('Plan mensual'!K2+IF(parametros_manuales!$H$36="Todos",'Plan mensual'!K6,0))+parametros_manuales!$E$36*('Plan mensual'!K3+IF(parametros_manuales!$H$36="Todos",'Plan mensual'!K7,0))+parametros_manuales!$F$36*('Plan mensual'!K4+IF(parametros_manuales!$H$36="Todos",'Plan mensual'!K8,0))+parametros_manuales!$G$36*('Plan mensual'!K5+IF(parametros_manuales!$H$36="Todos",'Plan mensual'!K9,0)))*parametros_manuales!$I$36*parametros_manuales!$J$36 -> 26.24325 | ... M19: =(parametros_manuales!$D$36*('Plan mensual'!O2+IF(parametros_manuales!$H$36="Todos",'Plan mensual'!O6,0))+parametros_manuales!$E$36*('Plan mensual'!O3+IF(parametros_manuales!$H$36="Todos",'Plan mensual'!O7,0))+parametros_manuales!$F$36*('Plan mensual'!O4+IF(parametros_manuales!$H$36="Todos",'Plan mensual'!O8,0))+parametros_manuales!$G$36*('Plan mensual'!O5+IF(parametros_manuales!$H$36="Todos",'Plan mensual'!O9,0)))*parametros_manuales!$I$36*parametros_manuales!$J$36 -> 39.6105 | N19: =SUM(B19:M19) -> 341.1 | O19: =MAX(B19:M19) -> 39.6105 | P19: =O19/(parametros_manuales!$B$7) -> 0.26407 | Q19: =IF(O19=0,"-",INDEX($B$1:$M$1,MATCH(O19,B19:M19,0))) -> Dic
A20: =parametros_manuales!$B$37 -> Pintura en polvo + horno | B20: =(parametros_manuales!$D$37*('Plan mensual'!D2+IF(parametros_manuales!$H$37="Todos",'Plan mensual'!D6,0))+parametros_manuales!$E$37*('Plan mensual'!D3+IF(parametros_manuales!$H$37="Todos",'Plan mensual'!D7,0))+parametros_manuales!$F$37*('Plan mensual'!D4+IF(parametros_manuales!$H$37="Todos",'Plan mensual'!D8,0))+parametros_manuales!$G$37*('Plan mensual'!D5+IF(parametros_manuales!$H$37="Todos",'Plan mensual'!D9,0)))*parametros_manuales!$I$37*parametros_manuales!$J$37 -> 765.78 | C20: =(parametros_manuales!$D$37*('Plan mensual'!E2+IF(parametros_manuales!$H$37="Todos",'Plan mensual'!E6,0))+parametros_manuales!$E$37*('Plan mensual'!E3+IF(parametros_manuales!$H$37="Todos",'Plan mensual'!E7,0))+parametros_manuales!$F$37*('Plan mensual'!E4+IF(parametros_manuales!$H$37="Todos",'Plan mensual'!E8,0))+parametros_manuales!$G$37*('Plan mensual'!E5+IF(parametros_manuales!$H$37="Todos",'Plan mensual'!E9,0)))*parametros_manuales!$I$37*parametros_manuales!$J$37 -> 587.55 | D20: =(parametros_manuales!$D$37*('Plan mensual'!F2+IF(parametros_manuales!$H$37="Todos",'Plan mensual'!F6,0))+parametros_manuales!$E$37*('Plan mensual'!F3+IF(parametros_manuales!$H$37="Todos",'Plan mensual'!F7,0))+parametros_manuales!$F$37*('Plan mensual'!F4+IF(parametros_manuales!$H$37="Todos",'Plan mensual'!F8,0))+parametros_manuales!$G$37*('Plan mensual'!F5+IF(parametros_manuales!$H$37="Todos",'Plan mensual'!F9,0)))*parametros_manuales!$I$37*parametros_manuales!$J$37 -> 558.975 | E20: =(parametros_manuales!$D$37*('Plan mensual'!G2+IF(parametros_manuales!$H$37="Todos",'Plan mensual'!G6,0))+parametros_manuales!$E$37*('Plan mensual'!G3+IF(parametros_manuales!$H$37="Todos",'Plan mensual'!G7,0))+parametros_manuales!$F$37*('Plan mensual'!G4+IF(parametros_manuales!$H$37="Todos",'Plan mensual'!G8,0))+parametros_manuales!$G$37*('Plan mensual'!G5+IF(parametros_manuales!$H$37="Todos",'Plan mensual'!G9,0)))*parametros_manuales!$I$37*parametros_manuales!$J$37 -> 538.08 | F20: =(parametros_manuales!$D$37*('Plan mensual'!H2+IF(parametros_manuales!$H$37="Todos",'Plan mensual'!H6,0))+parametros_manuales!$E$37*('Plan mensual'!H3+IF(parametros_manuales!$H$37="Todos",'Plan mensual'!H7,0))+parametros_manuales!$F$37*('Plan mensual'!H4+IF(parametros_manuales!$H$37="Todos",'Plan mensual'!H8,0))+parametros_manuales!$G$37*('Plan mensual'!H5+IF(parametros_manuales!$H$37="Todos",'Plan mensual'!H9,0)))*parametros_manuales!$I$37*parametros_manuales!$J$37 -> 503.97 | G20: =(parametros_manuales!$D$37*('Plan mensual'!I2+IF(parametros_manuales!$H$37="Todos",'Plan mensual'!I6,0))+parametros_manuales!$E$37*('Plan mensual'!I3+IF(parametros_manuales!$H$37="Todos",'Plan mensual'!I7,0))+parametros_manuales!$F$37*('Plan mensual'!I4+IF(parametros_manuales!$H$37="Todos",'Plan mensual'!I8,0))+parametros_manuales!$G$37*('Plan mensual'!I5+IF(parametros_manuales!$H$37="Todos",'Plan mensual'!I9,0)))*parametros_manuales!$I$37*parametros_manuales!$J$37 -> 490.755 | H20: =(parametros_manuales!$D$37*('Plan mensual'!J2+IF(parametros_manuales!$H$37="Todos",'Plan mensual'!J6,0))+parametros_manuales!$E$37*('Plan mensual'!J3+IF(parametros_manuales!$H$37="Todos",'Plan mensual'!J7,0))+parametros_manuales!$F$37*('Plan mensual'!J4+IF(parametros_manuales!$H$37="Todos",'Plan mensual'!J8,0))+parametros_manuales!$G$37*('Plan mensual'!J5+IF(parametros_manuales!$H$37="Todos",'Plan mensual'!J9,0)))*parametros_manuales!$I$37*parametros_manuales!$J$37 -> 524.865 | I20: =(parametros_manuales!$D$37*('Plan mensual'!K2+IF(parametros_manuales!$H$37="Todos",'Plan mensual'!K6,0))+parametros_manuales!$E$37*('Plan mensual'!K3+IF(parametros_manuales!$H$37="Todos",'Plan mensual'!K7,0))+parametros_manuales!$F$37*('Plan mensual'!K4+IF(parametros_manuales!$H$37="Todos",'Plan mensual'!K8,0))+parametros_manuales!$G$37*('Plan mensual'!K5+IF(parametros_manuales!$H$37="Todos",'Plan mensual'!K9,0)))*parametros_manuales!$I$37*parametros_manuales!$J$37 -> 524.865 | ... M20: =(parametros_manuales!$D$37*('Plan mensual'!O2+IF(parametros_manuales!$H$37="Todos",'Plan mensual'!O6,0))+parametros_manuales!$E$37*('Plan mensual'!O3+IF(parametros_manuales!$H$37="Todos",'Plan mensual'!O7,0))+parametros_manuales!$F$37*('Plan mensual'!O4+IF(parametros_manuales!$H$37="Todos",'Plan mensual'!O8,0))+parametros_manuales!$G$37*('Plan mensual'!O5+IF(parametros_manuales!$H$37="Todos",'Plan mensual'!O9,0)))*parametros_manuales!$I$37*parametros_manuales!$J$37 -> 792.21 | N20: =SUM(B20:M20) -> 6822 | O20: =MAX(B20:M20) -> 792.21 | P20: =O20/(parametros_manuales!$B$7) -> 5.2814 | Q20: =IF(O20=0,"-",INDEX($B$1:$M$1,MATCH(O20,B20:M20,0))) -> Dic
A21: =parametros_manuales!$B$38 -> Carga de polvo | B21: =(parametros_manuales!$D$38*('Plan mensual'!D2+IF(parametros_manuales!$H$38="Todos",'Plan mensual'!D6,0))+parametros_manuales!$E$38*('Plan mensual'!D3+IF(parametros_manuales!$H$38="Todos",'Plan mensual'!D7,0))+parametros_manuales!$F$38*('Plan mensual'!D4+IF(parametros_manuales!$H$38="Todos",'Plan mensual'!D8,0))+parametros_manuales!$G$38*('Plan mensual'!D5+IF(parametros_manuales!$H$38="Todos",'Plan mensual'!D9,0)))*parametros_manuales!$I$38*parametros_manuales!$J$38 -> 765.78 | C21: =(parametros_manuales!$D$38*('Plan mensual'!E2+IF(parametros_manuales!$H$38="Todos",'Plan mensual'!E6,0))+parametros_manuales!$E$38*('Plan mensual'!E3+IF(parametros_manuales!$H$38="Todos",'Plan mensual'!E7,0))+parametros_manuales!$F$38*('Plan mensual'!E4+IF(parametros_manuales!$H$38="Todos",'Plan mensual'!E8,0))+parametros_manuales!$G$38*('Plan mensual'!E5+IF(parametros_manuales!$H$38="Todos",'Plan mensual'!E9,0)))*parametros_manuales!$I$38*parametros_manuales!$J$38 -> 587.55 | D21: =(parametros_manuales!$D$38*('Plan mensual'!F2+IF(parametros_manuales!$H$38="Todos",'Plan mensual'!F6,0))+parametros_manuales!$E$38*('Plan mensual'!F3+IF(parametros_manuales!$H$38="Todos",'Plan mensual'!F7,0))+parametros_manuales!$F$38*('Plan mensual'!F4+IF(parametros_manuales!$H$38="Todos",'Plan mensual'!F8,0))+parametros_manuales!$G$38*('Plan mensual'!F5+IF(parametros_manuales!$H$38="Todos",'Plan mensual'!F9,0)))*parametros_manuales!$I$38*parametros_manuales!$J$38 -> 558.975 | E21: =(parametros_manuales!$D$38*('Plan mensual'!G2+IF(parametros_manuales!$H$38="Todos",'Plan mensual'!G6,0))+parametros_manuales!$E$38*('Plan mensual'!G3+IF(parametros_manuales!$H$38="Todos",'Plan mensual'!G7,0))+parametros_manuales!$F$38*('Plan mensual'!G4+IF(parametros_manuales!$H$38="Todos",'Plan mensual'!G8,0))+parametros_manuales!$G$38*('Plan mensual'!G5+IF(parametros_manuales!$H$38="Todos",'Plan mensual'!G9,0)))*parametros_manuales!$I$38*parametros_manuales!$J$38 -> 538.08 | F21: =(parametros_manuales!$D$38*('Plan mensual'!H2+IF(parametros_manuales!$H$38="Todos",'Plan mensual'!H6,0))+parametros_manuales!$E$38*('Plan mensual'!H3+IF(parametros_manuales!$H$38="Todos",'Plan mensual'!H7,0))+parametros_manuales!$F$38*('Plan mensual'!H4+IF(parametros_manuales!$H$38="Todos",'Plan mensual'!H8,0))+parametros_manuales!$G$38*('Plan mensual'!H5+IF(parametros_manuales!$H$38="Todos",'Plan mensual'!H9,0)))*parametros_manuales!$I$38*parametros_manuales!$J$38 -> 503.97 | G21: =(parametros_manuales!$D$38*('Plan mensual'!I2+IF(parametros_manuales!$H$38="Todos",'Plan mensual'!I6,0))+parametros_manuales!$E$38*('Plan mensual'!I3+IF(parametros_manuales!$H$38="Todos",'Plan mensual'!I7,0))+parametros_manuales!$F$38*('Plan mensual'!I4+IF(parametros_manuales!$H$38="Todos",'Plan mensual'!I8,0))+parametros_manuales!$G$38*('Plan mensual'!I5+IF(parametros_manuales!$H$38="Todos",'Plan mensual'!I9,0)))*parametros_manuales!$I$38*parametros_manuales!$J$38 -> 490.755 | H21: =(parametros_manuales!$D$38*('Plan mensual'!J2+IF(parametros_manuales!$H$38="Todos",'Plan mensual'!J6,0))+parametros_manuales!$E$38*('Plan mensual'!J3+IF(parametros_manuales!$H$38="Todos",'Plan mensual'!J7,0))+parametros_manuales!$F$38*('Plan mensual'!J4+IF(parametros_manuales!$H$38="Todos",'Plan mensual'!J8,0))+parametros_manuales!$G$38*('Plan mensual'!J5+IF(parametros_manuales!$H$38="Todos",'Plan mensual'!J9,0)))*parametros_manuales!$I$38*parametros_manuales!$J$38 -> 524.865 | I21: =(parametros_manuales!$D$38*('Plan mensual'!K2+IF(parametros_manuales!$H$38="Todos",'Plan mensual'!K6,0))+parametros_manuales!$E$38*('Plan mensual'!K3+IF(parametros_manuales!$H$38="Todos",'Plan mensual'!K7,0))+parametros_manuales!$F$38*('Plan mensual'!K4+IF(parametros_manuales!$H$38="Todos",'Plan mensual'!K8,0))+parametros_manuales!$G$38*('Plan mensual'!K5+IF(parametros_manuales!$H$38="Todos",'Plan mensual'!K9,0)))*parametros_manuales!$I$38*parametros_manuales!$J$38 -> 524.865 | ... M21: =(parametros_manuales!$D$38*('Plan mensual'!O2+IF(parametros_manuales!$H$38="Todos",'Plan mensual'!O6,0))+parametros_manuales!$E$38*('Plan mensual'!O3+IF(parametros_manuales!$H$38="Todos",'Plan mensual'!O7,0))+parametros_manuales!$F$38*('Plan mensual'!O4+IF(parametros_manuales!$H$38="Todos",'Plan mensual'!O8,0))+parametros_manuales!$G$38*('Plan mensual'!O5+IF(parametros_manuales!$H$38="Todos",'Plan mensual'!O9,0)))*parametros_manuales!$I$38*parametros_manuales!$J$38 -> 792.21 | N21: =SUM(B21:M21) -> 6822 | O21: =MAX(B21:M21) -> 792.21 | P21: =O21/(parametros_manuales!$B$7) -> 5.2814 | Q21: =IF(O21=0,"-",INDEX($B$1:$M$1,MATCH(O21,B21:M21,0))) -> Dic
A22: =parametros_manuales!$B$39 -> Ensamblaje | B22: =(parametros_manuales!$D$39*('Plan mensual'!D2+IF(parametros_manuales!$H$39="Todos",'Plan mensual'!D6,0))+parametros_manuales!$E$39*('Plan mensual'!D3+IF(parametros_manuales!$H$39="Todos",'Plan mensual'!D7,0))+parametros_manuales!$F$39*('Plan mensual'!D4+IF(parametros_manuales!$H$39="Todos",'Plan mensual'!D8,0))+parametros_manuales!$G$39*('Plan mensual'!D5+IF(parametros_manuales!$H$39="Todos",'Plan mensual'!D9,0)))*parametros_manuales!$I$39*parametros_manuales!$J$39 -> 765.78 | C22: =(parametros_manuales!$D$39*('Plan mensual'!E2+IF(parametros_manuales!$H$39="Todos",'Plan mensual'!E6,0))+parametros_manuales!$E$39*('Plan mensual'!E3+IF(parametros_manuales!$H$39="Todos",'Plan mensual'!E7,0))+parametros_manuales!$F$39*('Plan mensual'!E4+IF(parametros_manuales!$H$39="Todos",'Plan mensual'!E8,0))+parametros_manuales!$G$39*('Plan mensual'!E5+IF(parametros_manuales!$H$39="Todos",'Plan mensual'!E9,0)))*parametros_manuales!$I$39*parametros_manuales!$J$39 -> 587.55 | D22: =(parametros_manuales!$D$39*('Plan mensual'!F2+IF(parametros_manuales!$H$39="Todos",'Plan mensual'!F6,0))+parametros_manuales!$E$39*('Plan mensual'!F3+IF(parametros_manuales!$H$39="Todos",'Plan mensual'!F7,0))+parametros_manuales!$F$39*('Plan mensual'!F4+IF(parametros_manuales!$H$39="Todos",'Plan mensual'!F8,0))+parametros_manuales!$G$39*('Plan mensual'!F5+IF(parametros_manuales!$H$39="Todos",'Plan mensual'!F9,0)))*parametros_manuales!$I$39*parametros_manuales!$J$39 -> 558.975 | E22: =(parametros_manuales!$D$39*('Plan mensual'!G2+IF(parametros_manuales!$H$39="Todos",'Plan mensual'!G6,0))+parametros_manuales!$E$39*('Plan mensual'!G3+IF(parametros_manuales!$H$39="Todos",'Plan mensual'!G7,0))+parametros_manuales!$F$39*('Plan mensual'!G4+IF(parametros_manuales!$H$39="Todos",'Plan mensual'!G8,0))+parametros_manuales!$G$39*('Plan mensual'!G5+IF(parametros_manuales!$H$39="Todos",'Plan mensual'!G9,0)))*parametros_manuales!$I$39*parametros_manuales!$J$39 -> 538.08 | F22: =(parametros_manuales!$D$39*('Plan mensual'!H2+IF(parametros_manuales!$H$39="Todos",'Plan mensual'!H6,0))+parametros_manuales!$E$39*('Plan mensual'!H3+IF(parametros_manuales!$H$39="Todos",'Plan mensual'!H7,0))+parametros_manuales!$F$39*('Plan mensual'!H4+IF(parametros_manuales!$H$39="Todos",'Plan mensual'!H8,0))+parametros_manuales!$G$39*('Plan mensual'!H5+IF(parametros_manuales!$H$39="Todos",'Plan mensual'!H9,0)))*parametros_manuales!$I$39*parametros_manuales!$J$39 -> 503.97 | G22: =(parametros_manuales!$D$39*('Plan mensual'!I2+IF(parametros_manuales!$H$39="Todos",'Plan mensual'!I6,0))+parametros_manuales!$E$39*('Plan mensual'!I3+IF(parametros_manuales!$H$39="Todos",'Plan mensual'!I7,0))+parametros_manuales!$F$39*('Plan mensual'!I4+IF(parametros_manuales!$H$39="Todos",'Plan mensual'!I8,0))+parametros_manuales!$G$39*('Plan mensual'!I5+IF(parametros_manuales!$H$39="Todos",'Plan mensual'!I9,0)))*parametros_manuales!$I$39*parametros_manuales!$J$39 -> 490.755 | H22: =(parametros_manuales!$D$39*('Plan mensual'!J2+IF(parametros_manuales!$H$39="Todos",'Plan mensual'!J6,0))+parametros_manuales!$E$39*('Plan mensual'!J3+IF(parametros_manuales!$H$39="Todos",'Plan mensual'!J7,0))+parametros_manuales!$F$39*('Plan mensual'!J4+IF(parametros_manuales!$H$39="Todos",'Plan mensual'!J8,0))+parametros_manuales!$G$39*('Plan mensual'!J5+IF(parametros_manuales!$H$39="Todos",'Plan mensual'!J9,0)))*parametros_manuales!$I$39*parametros_manuales!$J$39 -> 524.865 | I22: =(parametros_manuales!$D$39*('Plan mensual'!K2+IF(parametros_manuales!$H$39="Todos",'Plan mensual'!K6,0))+parametros_manuales!$E$39*('Plan mensual'!K3+IF(parametros_manuales!$H$39="Todos",'Plan mensual'!K7,0))+parametros_manuales!$F$39*('Plan mensual'!K4+IF(parametros_manuales!$H$39="Todos",'Plan mensual'!K8,0))+parametros_manuales!$G$39*('Plan mensual'!K5+IF(parametros_manuales!$H$39="Todos",'Plan mensual'!K9,0)))*parametros_manuales!$I$39*parametros_manuales!$J$39 -> 524.865 | ... M22: =(parametros_manuales!$D$39*('Plan mensual'!O2+IF(parametros_manuales!$H$39="Todos",'Plan mensual'!O6,0))+parametros_manuales!$E$39*('Plan mensual'!O3+IF(parametros_manuales!$H$39="Todos",'Plan mensual'!O7,0))+parametros_manuales!$F$39*('Plan mensual'!O4+IF(parametros_manuales!$H$39="Todos",'Plan mensual'!O8,0))+parametros_manuales!$G$39*('Plan mensual'!O5+IF(parametros_manuales!$H$39="Todos",'Plan mensual'!O9,0)))*parametros_manuales!$I$39*parametros_manuales!$J$39 -> 792.21 | N22: =SUM(B22:M22) -> 6822 | O22: =MAX(B22:M22) -> 792.21 | P22: =O22/(parametros_manuales!$B$7) -> 5.2814 | Q22: =IF(O22=0,"-",INDEX($B$1:$M$1,MATCH(O22,B22:M22,0))) -> Dic
A23: =parametros_manuales!$B$40 -> Presurización | B23: =(parametros_manuales!$D$40*('Plan mensual'!D2+IF(parametros_manuales!$H$40="Todos",'Plan mensual'!D6,0))+parametros_manuales!$E$40*('Plan mensual'!D3+IF(parametros_manuales!$H$40="Todos",'Plan mensual'!D7,0))+parametros_manuales!$F$40*('Plan mensual'!D4+IF(parametros_manuales!$H$40="Todos",'Plan mensual'!D8,0))+parametros_manuales!$G$40*('Plan mensual'!D5+IF(parametros_manuales!$H$40="Todos",'Plan mensual'!D9,0)))*parametros_manuales!$I$40*parametros_manuales!$J$40 -> 765.78 | C23: =(parametros_manuales!$D$40*('Plan mensual'!E2+IF(parametros_manuales!$H$40="Todos",'Plan mensual'!E6,0))+parametros_manuales!$E$40*('Plan mensual'!E3+IF(parametros_manuales!$H$40="Todos",'Plan mensual'!E7,0))+parametros_manuales!$F$40*('Plan mensual'!E4+IF(parametros_manuales!$H$40="Todos",'Plan mensual'!E8,0))+parametros_manuales!$G$40*('Plan mensual'!E5+IF(parametros_manuales!$H$40="Todos",'Plan mensual'!E9,0)))*parametros_manuales!$I$40*parametros_manuales!$J$40 -> 587.55 | D23: =(parametros_manuales!$D$40*('Plan mensual'!F2+IF(parametros_manuales!$H$40="Todos",'Plan mensual'!F6,0))+parametros_manuales!$E$40*('Plan mensual'!F3+IF(parametros_manuales!$H$40="Todos",'Plan mensual'!F7,0))+parametros_manuales!$F$40*('Plan mensual'!F4+IF(parametros_manuales!$H$40="Todos",'Plan mensual'!F8,0))+parametros_manuales!$G$40*('Plan mensual'!F5+IF(parametros_manuales!$H$40="Todos",'Plan mensual'!F9,0)))*parametros_manuales!$I$40*parametros_manuales!$J$40 -> 558.975 | E23: =(parametros_manuales!$D$40*('Plan mensual'!G2+IF(parametros_manuales!$H$40="Todos",'Plan mensual'!G6,0))+parametros_manuales!$E$40*('Plan mensual'!G3+IF(parametros_manuales!$H$40="Todos",'Plan mensual'!G7,0))+parametros_manuales!$F$40*('Plan mensual'!G4+IF(parametros_manuales!$H$40="Todos",'Plan mensual'!G8,0))+parametros_manuales!$G$40*('Plan mensual'!G5+IF(parametros_manuales!$H$40="Todos",'Plan mensual'!G9,0)))*parametros_manuales!$I$40*parametros_manuales!$J$40 -> 538.08 | F23: =(parametros_manuales!$D$40*('Plan mensual'!H2+IF(parametros_manuales!$H$40="Todos",'Plan mensual'!H6,0))+parametros_manuales!$E$40*('Plan mensual'!H3+IF(parametros_manuales!$H$40="Todos",'Plan mensual'!H7,0))+parametros_manuales!$F$40*('Plan mensual'!H4+IF(parametros_manuales!$H$40="Todos",'Plan mensual'!H8,0))+parametros_manuales!$G$40*('Plan mensual'!H5+IF(parametros_manuales!$H$40="Todos",'Plan mensual'!H9,0)))*parametros_manuales!$I$40*parametros_manuales!$J$40 -> 503.97 | G23: =(parametros_manuales!$D$40*('Plan mensual'!I2+IF(parametros_manuales!$H$40="Todos",'Plan mensual'!I6,0))+parametros_manuales!$E$40*('Plan mensual'!I3+IF(parametros_manuales!$H$40="Todos",'Plan mensual'!I7,0))+parametros_manuales!$F$40*('Plan mensual'!I4+IF(parametros_manuales!$H$40="Todos",'Plan mensual'!I8,0))+parametros_manuales!$G$40*('Plan mensual'!I5+IF(parametros_manuales!$H$40="Todos",'Plan mensual'!I9,0)))*parametros_manuales!$I$40*parametros_manuales!$J$40 -> 490.755 | H23: =(parametros_manuales!$D$40*('Plan mensual'!J2+IF(parametros_manuales!$H$40="Todos",'Plan mensual'!J6,0))+parametros_manuales!$E$40*('Plan mensual'!J3+IF(parametros_manuales!$H$40="Todos",'Plan mensual'!J7,0))+parametros_manuales!$F$40*('Plan mensual'!J4+IF(parametros_manuales!$H$40="Todos",'Plan mensual'!J8,0))+parametros_manuales!$G$40*('Plan mensual'!J5+IF(parametros_manuales!$H$40="Todos",'Plan mensual'!J9,0)))*parametros_manuales!$I$40*parametros_manuales!$J$40 -> 524.865 | I23: =(parametros_manuales!$D$40*('Plan mensual'!K2+IF(parametros_manuales!$H$40="Todos",'Plan mensual'!K6,0))+parametros_manuales!$E$40*('Plan mensual'!K3+IF(parametros_manuales!$H$40="Todos",'Plan mensual'!K7,0))+parametros_manuales!$F$40*('Plan mensual'!K4+IF(parametros_manuales!$H$40="Todos",'Plan mensual'!K8,0))+parametros_manuales!$G$40*('Plan mensual'!K5+IF(parametros_manuales!$H$40="Todos",'Plan mensual'!K9,0)))*parametros_manuales!$I$40*parametros_manuales!$J$40 -> 524.865 | ... M23: =(parametros_manuales!$D$40*('Plan mensual'!O2+IF(parametros_manuales!$H$40="Todos",'Plan mensual'!O6,0))+parametros_manuales!$E$40*('Plan mensual'!O3+IF(parametros_manuales!$H$40="Todos",'Plan mensual'!O7,0))+parametros_manuales!$F$40*('Plan mensual'!O4+IF(parametros_manuales!$H$40="Todos",'Plan mensual'!O8,0))+parametros_manuales!$G$40*('Plan mensual'!O5+IF(parametros_manuales!$H$40="Todos",'Plan mensual'!O9,0)))*parametros_manuales!$I$40*parametros_manuales!$J$40 -> 792.21 | N23: =SUM(B23:M23) -> 6822 | O23: =MAX(B23:M23) -> 792.21 | P23: =O23/(parametros_manuales!$B$7) -> 5.2814 | Q23: =IF(O23=0,"-",INDEX($B$1:$M$1,MATCH(O23,B23:M23,0))) -> Dic
A24: =parametros_manuales!$B$41 -> Control de calidad — Ensayo de pérdidas | B24: =(parametros_manuales!$D$41*('Plan mensual'!D2+IF(parametros_manuales!$H$41="Todos",'Plan mensual'!D6,0))+parametros_manuales!$E$41*('Plan mensual'!D3+IF(parametros_manuales!$H$41="Todos",'Plan mensual'!D7,0))+parametros_manuales!$F$41*('Plan mensual'!D4+IF(parametros_manuales!$H$41="Todos",'Plan mensual'!D8,0))+parametros_manuales!$G$41*('Plan mensual'!D5+IF(parametros_manuales!$H$41="Todos",'Plan mensual'!D9,0)))*parametros_manuales!$I$41*parametros_manuales!$J$41 -> 765.78 | C24: =(parametros_manuales!$D$41*('Plan mensual'!E2+IF(parametros_manuales!$H$41="Todos",'Plan mensual'!E6,0))+parametros_manuales!$E$41*('Plan mensual'!E3+IF(parametros_manuales!$H$41="Todos",'Plan mensual'!E7,0))+parametros_manuales!$F$41*('Plan mensual'!E4+IF(parametros_manuales!$H$41="Todos",'Plan mensual'!E8,0))+parametros_manuales!$G$41*('Plan mensual'!E5+IF(parametros_manuales!$H$41="Todos",'Plan mensual'!E9,0)))*parametros_manuales!$I$41*parametros_manuales!$J$41 -> 587.55 | D24: =(parametros_manuales!$D$41*('Plan mensual'!F2+IF(parametros_manuales!$H$41="Todos",'Plan mensual'!F6,0))+parametros_manuales!$E$41*('Plan mensual'!F3+IF(parametros_manuales!$H$41="Todos",'Plan mensual'!F7,0))+parametros_manuales!$F$41*('Plan mensual'!F4+IF(parametros_manuales!$H$41="Todos",'Plan mensual'!F8,0))+parametros_manuales!$G$41*('Plan mensual'!F5+IF(parametros_manuales!$H$41="Todos",'Plan mensual'!F9,0)))*parametros_manuales!$I$41*parametros_manuales!$J$41 -> 558.975 | E24: =(parametros_manuales!$D$41*('Plan mensual'!G2+IF(parametros_manuales!$H$41="Todos",'Plan mensual'!G6,0))+parametros_manuales!$E$41*('Plan mensual'!G3+IF(parametros_manuales!$H$41="Todos",'Plan mensual'!G7,0))+parametros_manuales!$F$41*('Plan mensual'!G4+IF(parametros_manuales!$H$41="Todos",'Plan mensual'!G8,0))+parametros_manuales!$G$41*('Plan mensual'!G5+IF(parametros_manuales!$H$41="Todos",'Plan mensual'!G9,0)))*parametros_manuales!$I$41*parametros_manuales!$J$41 -> 538.08 | F24: =(parametros_manuales!$D$41*('Plan mensual'!H2+IF(parametros_manuales!$H$41="Todos",'Plan mensual'!H6,0))+parametros_manuales!$E$41*('Plan mensual'!H3+IF(parametros_manuales!$H$41="Todos",'Plan mensual'!H7,0))+parametros_manuales!$F$41*('Plan mensual'!H4+IF(parametros_manuales!$H$41="Todos",'Plan mensual'!H8,0))+parametros_manuales!$G$41*('Plan mensual'!H5+IF(parametros_manuales!$H$41="Todos",'Plan mensual'!H9,0)))*parametros_manuales!$I$41*parametros_manuales!$J$41 -> 503.97 | G24: =(parametros_manuales!$D$41*('Plan mensual'!I2+IF(parametros_manuales!$H$41="Todos",'Plan mensual'!I6,0))+parametros_manuales!$E$41*('Plan mensual'!I3+IF(parametros_manuales!$H$41="Todos",'Plan mensual'!I7,0))+parametros_manuales!$F$41*('Plan mensual'!I4+IF(parametros_manuales!$H$41="Todos",'Plan mensual'!I8,0))+parametros_manuales!$G$41*('Plan mensual'!I5+IF(parametros_manuales!$H$41="Todos",'Plan mensual'!I9,0)))*parametros_manuales!$I$41*parametros_manuales!$J$41 -> 490.755 | H24: =(parametros_manuales!$D$41*('Plan mensual'!J2+IF(parametros_manuales!$H$41="Todos",'Plan mensual'!J6,0))+parametros_manuales!$E$41*('Plan mensual'!J3+IF(parametros_manuales!$H$41="Todos",'Plan mensual'!J7,0))+parametros_manuales!$F$41*('Plan mensual'!J4+IF(parametros_manuales!$H$41="Todos",'Plan mensual'!J8,0))+parametros_manuales!$G$41*('Plan mensual'!J5+IF(parametros_manuales!$H$41="Todos",'Plan mensual'!J9,0)))*parametros_manuales!$I$41*parametros_manuales!$J$41 -> 524.865 | I24: =(parametros_manuales!$D$41*('Plan mensual'!K2+IF(parametros_manuales!$H$41="Todos",'Plan mensual'!K6,0))+parametros_manuales!$E$41*('Plan mensual'!K3+IF(parametros_manuales!$H$41="Todos",'Plan mensual'!K7,0))+parametros_manuales!$F$41*('Plan mensual'!K4+IF(parametros_manuales!$H$41="Todos",'Plan mensual'!K8,0))+parametros_manuales!$G$41*('Plan mensual'!K5+IF(parametros_manuales!$H$41="Todos",'Plan mensual'!K9,0)))*parametros_manuales!$I$41*parametros_manuales!$J$41 -> 524.865 | ... M24: =(parametros_manuales!$D$41*('Plan mensual'!O2+IF(parametros_manuales!$H$41="Todos",'Plan mensual'!O6,0))+parametros_manuales!$E$41*('Plan mensual'!O3+IF(parametros_manuales!$H$41="Todos",'Plan mensual'!O7,0))+parametros_manuales!$F$41*('Plan mensual'!O4+IF(parametros_manuales!$H$41="Todos",'Plan mensual'!O8,0))+parametros_manuales!$G$41*('Plan mensual'!O5+IF(parametros_manuales!$H$41="Todos",'Plan mensual'!O9,0)))*parametros_manuales!$I$41*parametros_manuales!$J$41 -> 792.21 | N24: =SUM(B24:M24) -> 6822 | O24: =MAX(B24:M24) -> 792.21 | P24: =O24/(parametros_manuales!$B$7) -> 5.2814 | Q24: =IF(O24=0,"-",INDEX($B$1:$M$1,MATCH(O24,B24:M24,0))) -> Dic
A25: =parametros_manuales!$B$42 -> Etiquetado | B25: =(parametros_manuales!$D$42*('Plan mensual'!D2+IF(parametros_manuales!$H$42="Todos",'Plan mensual'!D6,0))+parametros_manuales!$E$42*('Plan mensual'!D3+IF(parametros_manuales!$H$42="Todos",'Plan mensual'!D7,0))+parametros_manuales!$F$42*('Plan mensual'!D4+IF(parametros_manuales!$H$42="Todos",'Plan mensual'!D8,0))+parametros_manuales!$G$42*('Plan mensual'!D5+IF(parametros_manuales!$H$42="Todos",'Plan mensual'!D9,0)))*parametros_manuales!$I$42*parametros_manuales!$J$42 -> 765.78 | C25: =(parametros_manuales!$D$42*('Plan mensual'!E2+IF(parametros_manuales!$H$42="Todos",'Plan mensual'!E6,0))+parametros_manuales!$E$42*('Plan mensual'!E3+IF(parametros_manuales!$H$42="Todos",'Plan mensual'!E7,0))+parametros_manuales!$F$42*('Plan mensual'!E4+IF(parametros_manuales!$H$42="Todos",'Plan mensual'!E8,0))+parametros_manuales!$G$42*('Plan mensual'!E5+IF(parametros_manuales!$H$42="Todos",'Plan mensual'!E9,0)))*parametros_manuales!$I$42*parametros_manuales!$J$42 -> 587.55 | D25: =(parametros_manuales!$D$42*('Plan mensual'!F2+IF(parametros_manuales!$H$42="Todos",'Plan mensual'!F6,0))+parametros_manuales!$E$42*('Plan mensual'!F3+IF(parametros_manuales!$H$42="Todos",'Plan mensual'!F7,0))+parametros_manuales!$F$42*('Plan mensual'!F4+IF(parametros_manuales!$H$42="Todos",'Plan mensual'!F8,0))+parametros_manuales!$G$42*('Plan mensual'!F5+IF(parametros_manuales!$H$42="Todos",'Plan mensual'!F9,0)))*parametros_manuales!$I$42*parametros_manuales!$J$42 -> 558.975 | E25: =(parametros_manuales!$D$42*('Plan mensual'!G2+IF(parametros_manuales!$H$42="Todos",'Plan mensual'!G6,0))+parametros_manuales!$E$42*('Plan mensual'!G3+IF(parametros_manuales!$H$42="Todos",'Plan mensual'!G7,0))+parametros_manuales!$F$42*('Plan mensual'!G4+IF(parametros_manuales!$H$42="Todos",'Plan mensual'!G8,0))+parametros_manuales!$G$42*('Plan mensual'!G5+IF(parametros_manuales!$H$42="Todos",'Plan mensual'!G9,0)))*parametros_manuales!$I$42*parametros_manuales!$J$42 -> 538.08 | F25: =(parametros_manuales!$D$42*('Plan mensual'!H2+IF(parametros_manuales!$H$42="Todos",'Plan mensual'!H6,0))+parametros_manuales!$E$42*('Plan mensual'!H3+IF(parametros_manuales!$H$42="Todos",'Plan mensual'!H7,0))+parametros_manuales!$F$42*('Plan mensual'!H4+IF(parametros_manuales!$H$42="Todos",'Plan mensual'!H8,0))+parametros_manuales!$G$42*('Plan mensual'!H5+IF(parametros_manuales!$H$42="Todos",'Plan mensual'!H9,0)))*parametros_manuales!$I$42*parametros_manuales!$J$42 -> 503.97 | G25: =(parametros_manuales!$D$42*('Plan mensual'!I2+IF(parametros_manuales!$H$42="Todos",'Plan mensual'!I6,0))+parametros_manuales!$E$42*('Plan mensual'!I3+IF(parametros_manuales!$H$42="Todos",'Plan mensual'!I7,0))+parametros_manuales!$F$42*('Plan mensual'!I4+IF(parametros_manuales!$H$42="Todos",'Plan mensual'!I8,0))+parametros_manuales!$G$42*('Plan mensual'!I5+IF(parametros_manuales!$H$42="Todos",'Plan mensual'!I9,0)))*parametros_manuales!$I$42*parametros_manuales!$J$42 -> 490.755 | H25: =(parametros_manuales!$D$42*('Plan mensual'!J2+IF(parametros_manuales!$H$42="Todos",'Plan mensual'!J6,0))+parametros_manuales!$E$42*('Plan mensual'!J3+IF(parametros_manuales!$H$42="Todos",'Plan mensual'!J7,0))+parametros_manuales!$F$42*('Plan mensual'!J4+IF(parametros_manuales!$H$42="Todos",'Plan mensual'!J8,0))+parametros_manuales!$G$42*('Plan mensual'!J5+IF(parametros_manuales!$H$42="Todos",'Plan mensual'!J9,0)))*parametros_manuales!$I$42*parametros_manuales!$J$42 -> 524.865 | I25: =(parametros_manuales!$D$42*('Plan mensual'!K2+IF(parametros_manuales!$H$42="Todos",'Plan mensual'!K6,0))+parametros_manuales!$E$42*('Plan mensual'!K3+IF(parametros_manuales!$H$42="Todos",'Plan mensual'!K7,0))+parametros_manuales!$F$42*('Plan mensual'!K4+IF(parametros_manuales!$H$42="Todos",'Plan mensual'!K8,0))+parametros_manuales!$G$42*('Plan mensual'!K5+IF(parametros_manuales!$H$42="Todos",'Plan mensual'!K9,0)))*parametros_manuales!$I$42*parametros_manuales!$J$42 -> 524.865 | ... M25: =(parametros_manuales!$D$42*('Plan mensual'!O2+IF(parametros_manuales!$H$42="Todos",'Plan mensual'!O6,0))+parametros_manuales!$E$42*('Plan mensual'!O3+IF(parametros_manuales!$H$42="Todos",'Plan mensual'!O7,0))+parametros_manuales!$F$42*('Plan mensual'!O4+IF(parametros_manuales!$H$42="Todos",'Plan mensual'!O8,0))+parametros_manuales!$G$42*('Plan mensual'!O5+IF(parametros_manuales!$H$42="Todos",'Plan mensual'!O9,0)))*parametros_manuales!$I$42*parametros_manuales!$J$42 -> 792.21 | N25: =SUM(B25:M25) -> 6822 | O25: =MAX(B25:M25) -> 792.21 | P25: =O25/(parametros_manuales!$B$7) -> 5.2814 | Q25: =IF(O25=0,"-",INDEX($B$1:$M$1,MATCH(O25,B25:M25,0))) -> Dic
A26: =parametros_manuales!$B$43 -> Embalaje y paletizado | B26: =(parametros_manuales!$D$43*('Plan mensual'!D2+IF(parametros_manuales!$H$43="Todos",'Plan mensual'!D6,0))+parametros_manuales!$E$43*('Plan mensual'!D3+IF(parametros_manuales!$H$43="Todos",'Plan mensual'!D7,0))+parametros_manuales!$F$43*('Plan mensual'!D4+IF(parametros_manuales!$H$43="Todos",'Plan mensual'!D8,0))+parametros_manuales!$G$43*('Plan mensual'!D5+IF(parametros_manuales!$H$43="Todos",'Plan mensual'!D9,0)))*parametros_manuales!$I$43*parametros_manuales!$J$43 -> 765.78 | C26: =(parametros_manuales!$D$43*('Plan mensual'!E2+IF(parametros_manuales!$H$43="Todos",'Plan mensual'!E6,0))+parametros_manuales!$E$43*('Plan mensual'!E3+IF(parametros_manuales!$H$43="Todos",'Plan mensual'!E7,0))+parametros_manuales!$F$43*('Plan mensual'!E4+IF(parametros_manuales!$H$43="Todos",'Plan mensual'!E8,0))+parametros_manuales!$G$43*('Plan mensual'!E5+IF(parametros_manuales!$H$43="Todos",'Plan mensual'!E9,0)))*parametros_manuales!$I$43*parametros_manuales!$J$43 -> 587.55 | D26: =(parametros_manuales!$D$43*('Plan mensual'!F2+IF(parametros_manuales!$H$43="Todos",'Plan mensual'!F6,0))+parametros_manuales!$E$43*('Plan mensual'!F3+IF(parametros_manuales!$H$43="Todos",'Plan mensual'!F7,0))+parametros_manuales!$F$43*('Plan mensual'!F4+IF(parametros_manuales!$H$43="Todos",'Plan mensual'!F8,0))+parametros_manuales!$G$43*('Plan mensual'!F5+IF(parametros_manuales!$H$43="Todos",'Plan mensual'!F9,0)))*parametros_manuales!$I$43*parametros_manuales!$J$43 -> 558.975 | E26: =(parametros_manuales!$D$43*('Plan mensual'!G2+IF(parametros_manuales!$H$43="Todos",'Plan mensual'!G6,0))+parametros_manuales!$E$43*('Plan mensual'!G3+IF(parametros_manuales!$H$43="Todos",'Plan mensual'!G7,0))+parametros_manuales!$F$43*('Plan mensual'!G4+IF(parametros_manuales!$H$43="Todos",'Plan mensual'!G8,0))+parametros_manuales!$G$43*('Plan mensual'!G5+IF(parametros_manuales!$H$43="Todos",'Plan mensual'!G9,0)))*parametros_manuales!$I$43*parametros_manuales!$J$43 -> 538.08 | F26: =(parametros_manuales!$D$43*('Plan mensual'!H2+IF(parametros_manuales!$H$43="Todos",'Plan mensual'!H6,0))+parametros_manuales!$E$43*('Plan mensual'!H3+IF(parametros_manuales!$H$43="Todos",'Plan mensual'!H7,0))+parametros_manuales!$F$43*('Plan mensual'!H4+IF(parametros_manuales!$H$43="Todos",'Plan mensual'!H8,0))+parametros_manuales!$G$43*('Plan mensual'!H5+IF(parametros_manuales!$H$43="Todos",'Plan mensual'!H9,0)))*parametros_manuales!$I$43*parametros_manuales!$J$43 -> 503.97 | G26: =(parametros_manuales!$D$43*('Plan mensual'!I2+IF(parametros_manuales!$H$43="Todos",'Plan mensual'!I6,0))+parametros_manuales!$E$43*('Plan mensual'!I3+IF(parametros_manuales!$H$43="Todos",'Plan mensual'!I7,0))+parametros_manuales!$F$43*('Plan mensual'!I4+IF(parametros_manuales!$H$43="Todos",'Plan mensual'!I8,0))+parametros_manuales!$G$43*('Plan mensual'!I5+IF(parametros_manuales!$H$43="Todos",'Plan mensual'!I9,0)))*parametros_manuales!$I$43*parametros_manuales!$J$43 -> 490.755 | H26: =(parametros_manuales!$D$43*('Plan mensual'!J2+IF(parametros_manuales!$H$43="Todos",'Plan mensual'!J6,0))+parametros_manuales!$E$43*('Plan mensual'!J3+IF(parametros_manuales!$H$43="Todos",'Plan mensual'!J7,0))+parametros_manuales!$F$43*('Plan mensual'!J4+IF(parametros_manuales!$H$43="Todos",'Plan mensual'!J8,0))+parametros_manuales!$G$43*('Plan mensual'!J5+IF(parametros_manuales!$H$43="Todos",'Plan mensual'!J9,0)))*parametros_manuales!$I$43*parametros_manuales!$J$43 -> 524.865 | I26: =(parametros_manuales!$D$43*('Plan mensual'!K2+IF(parametros_manuales!$H$43="Todos",'Plan mensual'!K6,0))+parametros_manuales!$E$43*('Plan mensual'!K3+IF(parametros_manuales!$H$43="Todos",'Plan mensual'!K7,0))+parametros_manuales!$F$43*('Plan mensual'!K4+IF(parametros_manuales!$H$43="Todos",'Plan mensual'!K8,0))+parametros_manuales!$G$43*('Plan mensual'!K5+IF(parametros_manuales!$H$43="Todos",'Plan mensual'!K9,0)))*parametros_manuales!$I$43*parametros_manuales!$J$43 -> 524.865 | ... M26: =(parametros_manuales!$D$43*('Plan mensual'!O2+IF(parametros_manuales!$H$43="Todos",'Plan mensual'!O6,0))+parametros_manuales!$E$43*('Plan mensual'!O3+IF(parametros_manuales!$H$43="Todos",'Plan mensual'!O7,0))+parametros_manuales!$F$43*('Plan mensual'!O4+IF(parametros_manuales!$H$43="Todos",'Plan mensual'!O8,0))+parametros_manuales!$G$43*('Plan mensual'!O5+IF(parametros_manuales!$H$43="Todos",'Plan mensual'!O9,0)))*parametros_manuales!$I$43*parametros_manuales!$J$43 -> 792.21 | N26: =SUM(B26:M26) -> 6822 | O26: =MAX(B26:M26) -> 792.21 | P26: =O26/(parametros_manuales!$B$7) -> 5.2814 | Q26: =IF(O26=0,"-",INDEX($B$1:$M$1,MATCH(O26,B26:M26,0))) -> Dic
A28: Año 2027 | B28: Ene | C28: Feb | D28: Mar | E28: Abr | F28: May | G28: Jun | H28: Jul | I28: Ago | J28: Sep | K28: Oct | L28: Nov | M28: Dic | N28: Total anual | O28: Mes pico (u/mes) | P28: Demanda pico (u/h) | Q28: Mes pico
A29: =parametros_manuales!$B$19 -> Recepción de materia prima | B29: =(parametros_manuales!$D$19*('Plan mensual'!D13+IF(parametros_manuales!$H$19="Todos",'Plan mensual'!D17,0))+parametros_manuales!$E$19*('Plan mensual'!D14+IF(parametros_manuales!$H$19="Todos",'Plan mensual'!D18,0))+parametros_manuales!$F$19*('Plan mensual'!D15+IF(parametros_manuales!$H$19="Todos",'Plan mensual'!D19,0))+parametros_manuales!$G$19*('Plan mensual'!D16+IF(parametros_manuales!$H$19="Todos",'Plan mensual'!D20,0)))*parametros_manuales!$I$19*parametros_manuales!$J$19 -> 1192.94 | C29: =(parametros_manuales!$D$19*('Plan mensual'!E13+IF(parametros_manuales!$H$19="Todos",'Plan mensual'!E17,0))+parametros_manuales!$E$19*('Plan mensual'!E14+IF(parametros_manuales!$H$19="Todos",'Plan mensual'!E18,0))+parametros_manuales!$F$19*('Plan mensual'!E15+IF(parametros_manuales!$H$19="Todos",'Plan mensual'!E19,0))+parametros_manuales!$G$19*('Plan mensual'!E16+IF(parametros_manuales!$H$19="Todos",'Plan mensual'!E20,0)))*parametros_manuales!$I$19*parametros_manuales!$J$19 -> 918.37 | D29: =(parametros_manuales!$D$19*('Plan mensual'!F13+IF(parametros_manuales!$H$19="Todos",'Plan mensual'!F17,0))+parametros_manuales!$E$19*('Plan mensual'!F14+IF(parametros_manuales!$H$19="Todos",'Plan mensual'!F18,0))+parametros_manuales!$F$19*('Plan mensual'!F15+IF(parametros_manuales!$H$19="Todos",'Plan mensual'!F19,0))+parametros_manuales!$G$19*('Plan mensual'!F16+IF(parametros_manuales!$H$19="Todos",'Plan mensual'!F20,0)))*parametros_manuales!$I$19*parametros_manuales!$J$19 -> 882.065 | E29: =(parametros_manuales!$D$19*('Plan mensual'!G13+IF(parametros_manuales!$H$19="Todos",'Plan mensual'!G17,0))+parametros_manuales!$E$19*('Plan mensual'!G14+IF(parametros_manuales!$H$19="Todos",'Plan mensual'!G18,0))+parametros_manuales!$F$19*('Plan mensual'!G15+IF(parametros_manuales!$H$19="Todos",'Plan mensual'!G19,0))+parametros_manuales!$G$19*('Plan mensual'!G16+IF(parametros_manuales!$H$19="Todos",'Plan mensual'!G20,0)))*parametros_manuales!$I$19*parametros_manuales!$J$19 -> 852.08 | F29: =(parametros_manuales!$D$19*('Plan mensual'!H13+IF(parametros_manuales!$H$19="Todos",'Plan mensual'!H17,0))+parametros_manuales!$E$19*('Plan mensual'!H14+IF(parametros_manuales!$H$19="Todos",'Plan mensual'!H18,0))+parametros_manuales!$F$19*('Plan mensual'!H15+IF(parametros_manuales!$H$19="Todos",'Plan mensual'!H19,0))+parametros_manuales!$G$19*('Plan mensual'!H16+IF(parametros_manuales!$H$19="Todos",'Plan mensual'!H20,0)))*parametros_manuales!$I$19*parametros_manuales!$J$19 -> 798.43 | G29: =(parametros_manuales!$D$19*('Plan mensual'!I13+IF(parametros_manuales!$H$19="Todos",'Plan mensual'!I17,0))+parametros_manuales!$E$19*('Plan mensual'!I14+IF(parametros_manuales!$H$19="Todos",'Plan mensual'!I18,0))+parametros_manuales!$F$19*('Plan mensual'!I15+IF(parametros_manuales!$H$19="Todos",'Plan mensual'!I19,0))+parametros_manuales!$G$19*('Plan mensual'!I16+IF(parametros_manuales!$H$19="Todos",'Plan mensual'!I20,0)))*parametros_manuales!$I$19*parametros_manuales!$J$19 -> 774.765 | H29: =(parametros_manuales!$D$19*('Plan mensual'!J13+IF(parametros_manuales!$H$19="Todos",'Plan mensual'!J17,0))+parametros_manuales!$E$19*('Plan mensual'!J14+IF(parametros_manuales!$H$19="Todos",'Plan mensual'!J18,0))+parametros_manuales!$F$19*('Plan mensual'!J15+IF(parametros_manuales!$H$19="Todos",'Plan mensual'!J19,0))+parametros_manuales!$G$19*('Plan mensual'!J16+IF(parametros_manuales!$H$19="Todos",'Plan mensual'!J20,0)))*parametros_manuales!$I$19*parametros_manuales!$J$19 -> 828.415 | I29: =(parametros_manuales!$D$19*('Plan mensual'!K13+IF(parametros_manuales!$H$19="Todos",'Plan mensual'!K17,0))+parametros_manuales!$E$19*('Plan mensual'!K14+IF(parametros_manuales!$H$19="Todos",'Plan mensual'!K18,0))+parametros_manuales!$F$19*('Plan mensual'!K15+IF(parametros_manuales!$H$19="Todos",'Plan mensual'!K19,0))+parametros_manuales!$G$19*('Plan mensual'!K16+IF(parametros_manuales!$H$19="Todos",'Plan mensual'!K20,0)))*parametros_manuales!$I$19*parametros_manuales!$J$19 -> 828.415 | ... M29: =(parametros_manuales!$D$19*('Plan mensual'!O13+IF(parametros_manuales!$H$19="Todos",'Plan mensual'!O17,0))+parametros_manuales!$E$19*('Plan mensual'!O14+IF(parametros_manuales!$H$19="Todos",'Plan mensual'!O18,0))+parametros_manuales!$F$19*('Plan mensual'!O15+IF(parametros_manuales!$H$19="Todos",'Plan mensual'!O19,0))+parametros_manuales!$G$19*('Plan mensual'!O16+IF(parametros_manuales!$H$19="Todos",'Plan mensual'!O20,0)))*parametros_manuales!$I$19*parametros_manuales!$J$19 -> 1240.27 | N29: =SUM(B29:M29) -> 10730 | O29: =MAX(B29:M29) -> 1240.27 | P29: =O29/(parametros_manuales!$B$7) -> 8.2684667 | Q29: =IF(O29=0,"-",INDEX($B$28:$M$28,MATCH(O29,B29:M29,0))) -> Dic
