Workbook
Name Umbral_aprov: parametros_carros!$B$8

Sheet datos_base
A1: Carros terminados | B1: 2026 | C1: 2027 | D1: 2028 | E1: 2029 | F1: 2030 | G1: 2031 | H1: 2032 | I1: 2033 | J1: 2034 | K1: 2035
A2: Carro ABC 25 kg | B2: 34 | C2: 58 | D2: 76 | E2: 100 | F2: 156 | G2: 212 | H2: 273 | I2: 338 | J2: 393 | K2: 453
A3: Carro ABC 50 kg | B3: 75 | C3: 128 | D3: 166 | E3: 221 | F3: 343 | G3: 466 | H3: 599 | I3: 743 | J3: 866 | K3: 997
A4: Carro ABC 70 kg | B4: 16 | C4: 29 | D4: 36 | E4: 48 | F4: 74 | G4: 101 | H4: 131 | I4: 163 | J4: 189 | K4: 218
A5: Carro ABC 100 kg | B5: 11 | C5: 18 | D5: 24 | E5: 33 | F5: 50 | G5: 67 | H5: 87 | I5: 108 | J5: 126 | K5: 145
A6: Total terminados | B6: =SUM(B2:B5) -> 136 | C6: =SUM(C2:C5) -> 233 | D6: =SUM(D2:D5) -> 302 | E6: =SUM(E2:E5) -> 402 | F6: =SUM(F2:F5) -> 623 | G6: =SUM(G2:G5) -> 846 | H6: =SUM(H2:H5) -> 1090 | I6: =SUM(I2:I5) -> 1352 | ... K6: =SUM(K2:K5) -> 1813
A8: Cilindros vendidos vacíos | B8: 2026 | C8: 2027 | D8: 2028 | E8: 2029 | F8: 2030 | G8: 2031 | H8: 2032 | I8: 2033 | J8: 2034 | K8: 2035
A9: Cilindros ABC 25 kg | B9: 0 | C9: 0 | D9: 14 | E9: 50 | F9: 93 | G9: 135 | H9: 191 | I9: 247 | J9: 277 | K9: 322
A10: Cilindros ABC 50 kg | B10: 0 | C10: 0 | D10: 32 | E10: 111 | F10: 205 | G10: 298 | H10: 421 | I10: 544 | J10: 610 | K10: 708
A11: Cilindros ABC 70 kg | B11: 0 | C11: 0 | D11: 7 | E11: 24 | F11: 45 | G11: 65 | H11: 92 | I11: 119 | J11: 133 | K11: 155
A12: Cilindros ABC 100 kg | B12: 0 | C12: 0 | D12: 5 | E12: 16 | F12: 30 | G12: 43 | H12: 60 | I12: 78 | J12: 88 | K12: 102
A13: Total cilindros | B13: =SUM(B9:B12) -> 0 | C13: =SUM(C9:C12) -> 0 | D13: =SUM(D9:D12) -> 58 | E13: =SUM(E9:E12) -> 201 | F13: =SUM(F9:F12) -> 373 | G13: =SUM(G9:G12) -> 541 | H13: =SUM(H9:H12) -> 764 | I13: =SUM(I9:I12) -> 988 | ... K13: =SUM(K9:K12) -> 1287
A15: Total recipientes a fabricar | B15: =B6+B13 -> 136 | C15: =C6+C13 -> 233 | D15: =D6+D13 -> 360 | E15: =E6+E13 -> 603 | F15: =F6+F13 -> 996 | G15: =G6+G13 -> 1387 | H15: =H6+H13 -> 1854 | I15: =I6+I13 -> 2340 | ... K15: =K6+K13 -> 3100
A17: Total por modelo (terminados + cilindros) | B17: 2026 | C17: 2027 | D17: 2028 | E17: 2029 | F17: 2030 | G17: 2031 | H17: 2032 | I17: 2033 | J17: 2034 | K17: 2035
A18: Recipientes de 25 kg | B18: =B2+B9 -> 34 | C18: =C2+C9 -> 58 | D18: =D2+D9 -> 90 | E18: =E2+E9 -> 150 | F18: =F2+F9 -> 249 | G18: =G2+G9 -> 347 | H18: =H2+H9 -> 464 | I18: =I2+I9 -> 585 | ... K18: =K2+K9 -> 775
A19: Recipientes de 50 kg | B19: =B3+B10 -> 75 | C19: =C3+C10 -> 128 | D19: =D3+D10 -> 198 | E19: =E3+E10 -> 332 | F19: =F3+F10 -> 548 | G19: =G3+G10 -> 764 | H19: =H3+H10 -> 1020 | I19: =I3+I10 -> 1287 | ... K19: =K3+K10 -> 1705
A20: Recipientes de 70 kg | B20: =B4+B11 -> 16 | C20: =C4+C11 -> 29 | D20: =D4+D11 -> 43 | E20: =E4+E11 -> 72 | F20: =F4+F11 -> 119 | G20: =G4+G11 -> 166 | H20: =H4+H11 -> 223 | I20: =I4+I11 -> 282 | ... K20: =K4+K11 -> 373
A21: Recipientes de 100 kg | B21: =B5+B12 -> 11 | C21: =C5+C12 -> 18 | D21: =D5+D12 -> 29 | E21: =E5+E12 -> 49 | F21: =F5+F12 -> 80 | G21: =G5+G12 -> 110 | H21: =H5+H12 -> 147 | I21: =I5+I12 -> 186 | ... K21: =K5+K12 -> 247
A22: Total | B22: =SUM(B18:B21) -> 136 | C22: =SUM(C18:C21) -> 233 | D22: =SUM(D18:D21) -> 360 | E22: =SUM(E18:E21) -> 603 | F22: =SUM(F18:F21) -> 996 | G22: =SUM(G18:G21) -> 1387 | H22: =SUM(H18:H21) -> 1854 | I22: =SUM(I18:I21) -> 2340 | ... K22: =SUM(K18:K21) -> 3100
A24: Fuente: Dimensionamiento-Tecnico-FLAMA.xlsx, hoja DATOS-BASE: terminados filas 7 a 10 ('ABC 25/50/70/100 kg s/ruedas') y cilindros filas 19 a 22. Las recargas de carros (fila 38) no pasan por la línea de fabricación y no se incluyen.
A26: Datos de cada modelo (Word, Tabla 0) | B26: Ø (mm) | C26: Chapa (mm) | D26: Altura cuerpo (mm) | E26: Cuerpo vacío (kg) | F26: Lleno de agua (kg) | G26: Volumen interior (l) | H26: Carro vacío c/ruedas (kg) | I26: Carro terminado (kg) | J26: Manga mínima (m) | K26: Casquete
A27: Carro 25 kg | B27: 276.5 | C27: 3.2 | D27: 490 | E27: 10.6 | F27: 43 | G27: 35 | H27: 25 | I27: 53 | J27: 5 | K27: 10" (MP-15)
A28: Carro 50 kg | B28: 320 | C28: 3.2 | D28: 640 | E28: 16 | F28: 68 | G28: 60 | H28: 36 | I28: 90 | J28: 5 | K28: 12" (MP-16)
A29: Carro 70 kg | B29: 390 | C29: 4.75 | D29: 680 | E29: 30.7 | F29: 127 | G29: 93 | H29: 61 | I29: 136 | J29: 5 | K29: 15" (MP-17)
A30: Carro 100 kg | B30: 390 | C30: 4.75 | D30: 900 | E30: 40.7 | F30: 157 | G30: 118 | H30: 71 | I30: 179 | J30: 12 | K30: 15" (MP-17)
A32: Chapa LAC 1500 × 3000 mm: 3,2 mm (25 y 50 kg) y 4,75 mm (70 y 100 kg). Cupla M30 × 1,5 (25 y 50 kg) y 2½" BSP (70 y 100 kg). Prueba hidráulica a 4 MPa; presión de servicio 14 bar (N₂).

Sheet parametros_carros
A1: Parámetro | B1: Valor | C1: Nota
A2: Días hábiles por mes | B2: 20 | C2: Mismo valor que Manuales y que el Word (20 días por mes)
A3: Horas por día (1 turno) | B3: 8 | C3: Jornada de 8 h
A4: Refrigerio y pausas (min/turno) | B4: 30 | C4: Ajustado para que el turno productivo dé 410 min, como en el Word (ritmo pico = 410 min / 20 carros = 20,5 min por carro)
A5: Horas productivas por turno | B5: =B3-B4/60 -> 7.5 | C5: Horas/día − refrigerio y pausas (= 410 min)
A6: Turnos por día | B6: 1 | C6: Un solo turno (editable; los turnos por puesto se cargan en Resumen Capacidad)
A7: Horas productivas por mes | B7: =B2*B5*B6 -> 150 | C7: Días × horas productivas × turnos
A8: Umbral de aprovechamiento (solo para resaltar) | B8: 0.9 | C8: El Word toma 80 % del turno como límite para una persona. Las celdas que lo superan se pintan de rojo
A10: ESTACIONALIDAD (% de la demanda anual por mes)
A11: Modelo | B11: Ene | C11: Feb | D11: Mar | E11: Abr | F11: May | G11: Jun | H11: Jul | I11: Ago | J11: Sep | K11: Oct | L11: Nov | M11: Dic | N11: Total
A12: 25 kg | B12: 0.085 | C12: 0.075 | D12: 0.09 | E12: 0.09 | F12: 0.09 | G12: 0.08 | H12: 0.09 | I12: 0.09 | J12: 0.085 | K12: 0.075 | L12: 0.07 | M12: 0.08 | N12: =SUM(B12:M12) -> 1 | O12: Perfil 'Industrial s/ruedas (25 – 100 kg)' (FLAMA, DATOS-BASE fila 104), igual para los 4 modelos
A13: 50 kg | B13: 0.085 | C13: 0.075 | D13: 0.09 | E13: 0.09 | F13: 0.09 | G13: 0.08 | H13: 0.09 | I13: 0.09 | J13: 0.085 | K13: 0.075 | L13: 0.07 | M13: 0.08 | N13: =SUM(B13:M13) -> 1
A14: 70 kg | B14: 0.085 | C14: 0.075 | D14: 0.09 | E14: 0.09 | F14: 0.09 | G14: 0.08 | H14: 0.09 | I14: 0.09 | J14: 0.085 | K14: 0.075 | L14: 0.07 | M14: 0.08 | N14: =SUM(B14:M14) -> 1
A15: 100 kg | B15: 0.085 | C15: 0.075 | D15: 0.09 | E15: 0.09 | F15: 0.09 | G15: 0.08 | H15: 0.09 | I15: 0.09 | J15: 0.085 | K15: 0.075 | L15: 0.07 | M15: 0.08 | N15: =SUM(B15:M15) -> 1
A17: CAPACIDAD POR PUESTO (tiempos en minutos por recipiente, del Word)
A18: N° | B18: Puesto | C18: Máquina / equipo principal | D18: t 25 kg (min/u) | E18: t 50 kg (min/u) | F18: t 70 kg (min/u) | G18: t 100 kg (min/u) | H18: Alcance | I18: Tiempo ponderado (min/u) | J18: Disponibilidad | K18: Cap. real (u/h) | L18: Cap. real (u/mes) | M18: Control: min/día con el pico del Word | N18: Word: min/día pico | O18: SUPOSICIONES
A19: 1 | B19: Recepción de materia prima | C19: Autoelevador Heli CPCD50 K2 (compartido con manuales) + balanza de plataforma + medidor de espesores Melisam MR017 | D19: =(93+330+110+90+90)/400 -> 1.7825 | E19: =(93+330+110+90+90)/400 -> 1.7825 | F19: =(93+330+110+90+90)/400 -> 1.7825 | G19: =(93+330+110+90+90)/400 -> 1.7825 | H19: Todos | I19: =IF(H19="Todos",(D19*datos_base!$K$18+E19*datos_base!$K$19+F19*datos_base!$K$20+G19*datos_base!$K$21)/datos_base!$K$22,(D19*datos_base!$K$2+E19*datos_base!$K$3+F19*datos_base!$K$4+G19*datos_base!$K$5)/datos_base!$K$6) -> 1.7825 | J19: =H45 -> 0.95188889 | K19: =IF(I19>0,60/I19*J19,0) -> 32.041141 | L19: =K19*$B$7 -> 4806.1711 | M19: =5*D19+11*E19+3*F19+1*G19+F45 -> 57.3 | N19: 60 | O19: Tabla 4 del Word (min/mes en el pico de 400 carros): chapa 93 + casquetes 330 + polvo 110 + caño y barra 90 + otros insumos 90, repartidos por carro. La tabla suma 1.146 min/mes aunque el Word indica 1.199. Lo hace el operario de almacén
A20: 2 | B20: Corte de chapa (guillotina) | C20: Guillotina hidráulica CENA 8 × 3200, NC E21 (compartida con manuales) + mesa elevadora de tijera 3 t + ventosas | D20: =10.6/9+3.5/9+0.2+0.8 -> 2.5666667 | E20: =8.8/6+5.5/6+0.2+0.8 -> 3.3833333 | F20: =14.5/4+5*2/23+12.1*(2/3)/4+0.2+0.8 -> 7.0764493 | G20: =14.5/4+5*2/23+12.1*(2/3)/4+0.2+0.8 -> 7.0764493 | H20: Todos | I20: =IF(H20="Todos",(D20*datos_base!$K$18+E20*datos_base!$K$19+F20*datos_base!$K$20+G20*datos_base!$K$21)/datos_base!$K$22,(D20*datos_base!$K$2+E20*datos_base!$K$3+F20*datos_base!$K$4+G20*datos_base!$K$5)/datos_base!$K$6) -> 3.9177899 | J20: =H46 -> 0.93777778 | K20: =IF(I20>0,60/I20*J20,0) -> 14.361839 | L20: =K20*$B$7 -> 2154.2758 | M20: =5*D20+11*E20+3*F20+1*G20+F46 -> 106.3558 | N20: 107 | O20: Hoja 25 kg: 10,6 min / 9 cuerpos + tiras de patas 3,5 min / 9. Hoja 50 kg: 8,8 min / 6 + tiras de 40 mm 5,5 min / 6. Hoja mixta 70+100: 14,5 min / 4 + tiras de placas (5 min cada 23 placas, 2 por cuerpo) + tiras de triángulos (12,1 min en 2 de cada 3 hojas mixtas). Todos: pata 0,2 min + piezas de accesorios a largo 0,8 min (4 cortes de 0,2). Las hojas de 4,75 mm las cortan dos personas
A21: 2.1 | B21: Marcado del cuerpo | C21: Marcadora por micropercusión DTMAQ MPE 150130 + mesa con topes + punzón DPS | D21: 1.5 | E21: 1.5 | F21: 1.8 | G21: 1.8 | H21: Todos | I21: =IF(H21="Todos",(D21*datos_base!$K$18+E21*datos_base!$K$19+F21*datos_base!$K$20+G21*datos_base!$K$21)/datos_base!$K$22,(D21*datos_base!$K$2+E21*datos_base!$K$3+F21*datos_base!$K$4+G21*datos_base!$K$5)/datos_base!$K$6) -> 1.56 | J21: =H47 -> 0.98777778 | K21: =IF(I21>0,60/I21*J21,0) -> 37.991453 | L21: =K21*$B$7 -> 5698.7179 | M21: =5*D21+11*E21+3*F21+1*G21+F47 -> 36.7 | N21: 37 | O21: Tabla de secuencia del puesto 2.1: 1,5 min por cuerpo de 25 y 50 kg y 1,8 min en 70 y 100 kg (entre dos). Lo hace el operario de corte
A22: 3 | B22: Cilindrado | C22: Roladora hidráulica CNC de 4 rodillos W12 8 × 1500 (Anhui Runbang), exclusiva de carros | D22: 2.6 | E22: 2.8 | F22: =4.5+12/11.5 -> 5.5434783 | G22: =5+12/11.5 -> 6.0434783 | H22: Todos | I22: =IF(H22="Todos",(D22*datos_base!$K$18+E22*datos_base!$K$19+F22*datos_base!$K$20+G22*datos_base!$K$21)/datos_base!$K$22,(D22*datos_base!$K$2+E22*datos_base!$K$3+F22*datos_base!$K$4+G22*datos_base!$K$5)/datos_base!$K$6) -> 3.3385344 | J22: =H48 -> 0.96 | K22: =IF(I22>0,60/I22*J22,0) -> 17.25308 | L22: =K22*$B$7 -> 2587.962 | M22: =5*D22+11*E22+3*F22+1*G22+F48 -> 84.473913 | N22: 84 | O22: Ciclo por pieza: 2,6 / 2,8 / 4,5 / 5,0 min. En 70 y 100 kg se suma la tanda de tiras de refuerzo (12 min cada 23 placas = 11,5 cuerpos). No se comparte con manuales (rodillos grandes)
A23: 4 | B23: Punteo del cuerpo | C23: Virador de soldadura Serecon ZJ R-410 sobre base fija + MIG/MAG Pampa 300 | D23: 3 | E23: 3.3 | F23: =7.8+35/11.5+1 -> 11.843478 | G23: =8+35/11.5+1 -> 12.043478 | H23: Todos | I23: =IF(H23="Todos",(D23*datos_base!$K$18+E23*datos_base!$K$19+F23*datos_base!$K$20+G23*datos_base!$K$21)/datos_base!$K$22,(D23*datos_base!$K$2+E23*datos_base!$K$3+F23*datos_base!$K$4+G23*datos_base!$K$5)/datos_base!$K$6) -> 4.9496311 | J23: =H49 -> 0.98888889 | K23: =IF(I23>0,60/I23*J23,0) -> 11.987425 | L23: =K23*$B$7 -> 1798.1138 | M23: =5*D23+11*E23+3*F23+1*G23+F49 -> 103.87391 | N23: 104 | O23: 3,0 / 3,3 min; 70 y 100 kg con los dos refuerzos 7,8 / 8,0 min + corte de placas (35 min por tanda de 23 placas = 11,5 cuerpos) + 1 min de ayuda para sacar el cuerpo de la roladora
A24: 5 | B24: Soldadura longitudinal | C24: Soldadora longitudinal automática ZH-1300 (Dragon Welding) + fuente MIG-350IX + chiller SDL-1000 | D24: 3 | E24: 3.3 | F24: 3.9 | G24: 4.6 | H24: Todos | I24: =IF(H24="Todos",(D24*datos_base!$K$18+E24*datos_base!$K$19+F24*datos_base!$K$20+G24*datos_base!$K$21)/datos_base!$K$22,(D24*datos_base!$K$2+E24*datos_base!$K$3+F24*datos_base!$K$4+G24*datos_base!$K$5)/datos_base!$K$6) -> 3.4007742 | J24: =H50 -> 0.98222222 | K24: =IF(I24>0,60/I24*J24,0) -> 17.329387 | L24: =K24*$B$7 -> 2599.4081 | M24: =5*D24+11*E24+3*F24+1*G24+F50 -> 75.6 | N24: 76 | O24: Arco (490-900 mm a 500 mm/min en 3,2 mm y 350 mm/min en 4,75 mm) + 2 min de carga, mordazas, retiro e inspección. El mismo operario hace el punteo
A25: 6 | B25: Soldadura de cupla en la cúpula | C25: Posicionador VEVOR 30 kg sobre mesa Müller + soporte de torcha + MIG/MAG Pampa 300 | D25: 3.2 | E25: 3.2 | F25: 4 | G25: 4 | H25: Todos | I25: =IF(H25="Todos",(D25*datos_base!$K$18+E25*datos_base!$K$19+F25*datos_base!$K$20+G25*datos_base!$K$21)/datos_base!$K$22,(D25*datos_base!$K$2+E25*datos_base!$K$3+F25*datos_base!$K$4+G25*datos_base!$K$5)/datos_base!$K$6) -> 3.36 | J25: =H51 -> 0.98 | K25: =IF(I25>0,60/I25*J25,0) -> 17.5 | L25: =K25*$B$7 -> 2625 | M25: =5*D25+11*E25+3*F25+1*G25+F51 -> 76.2 | N25: 76 | O25: 3,2 min por cúpula con cupla M30 (25 y 50 kg) y 4,0 min con cupla 2½" (70 y 100 kg). El Word lo asigna al operario de punteo y soldadura longitudinal
A26: 7 | B26: Armado y soldadura circunferencial | C26: Virador de 1.000 kg (USA Tools) con soporte fijo de torcha X-Y-Z + MIG/MAG Pampa 300 | D26: 14.6 | E26: 15.2 | F26: 19.4 | G26: 19.4 | H26: Todos | I26: =IF(H26="Todos",(D26*datos_base!$K$18+E26*datos_base!$K$19+F26*datos_base!$K$20+G26*datos_base!$K$21)/datos_base!$K$22,(D26*datos_base!$K$2+E26*datos_base!$K$3+F26*datos_base!$K$4+G26*datos_base!$K$5)/datos_base!$K$6) -> 15.89 | J26: =H52 -> 0.98 | K26: =IF(I26>0,60/I26*J26,0) -> 3.7004405 | L26: =K26*$B$7 -> 555.06608 | M26: =5*D26+11*E26+3*F26+1*G26+F52 -> 326.8 | N26: 327 | O26: Encastre, punteo, soldadura automática (cilindro girando, torcha fija) e inspección de fondo y cúpula: 14,6 / 15,2 / 19,4 min. Puesto más cargado de la línea: operario propio
A27: 8 | B27: Soldadura de accesorios | C27: Virador de 1.000 kg + MIG/MAG Pampa 300 (soldadura manual) | D27: 15.7 | E27: 15.9 | F27: 17.6 | G27: 17.6 | H27: Todos | I27: =IF(H27="Todos",(D27*datos_base!$K$18+E27*datos_base!$K$19+F27*datos_base!$K$20+G27*datos_base!$K$21)/datos_base!$K$22,(D27*datos_base!$K$2+E27*datos_base!$K$3+F27*datos_base!$K$4+G27*datos_base!$K$5)/datos_base!$K$6) -> 16.19 | J27: =H53 -> 0.98 | K27: =IF(I27>0,60/I27*J27,0) -> 3.6318715 | L27: =K27*$B$7 -> 544.78073 | M27: =5*D27+11*E27+3*F27+1*G27+F53 -> 332.8 | N27: 333 | O27: Marcar posiciones, puntear y soldar manija, flejes, pata, triángulos y caño del eje: 15,7 / 15,9 / 17,6 min por carro. Operario propio
A28: 8.1 | B28: Fabricación de accesorios | C28: Sensitiva Bosch GCO 220 + prensa hidráulica 20 t + dobladora de caños 12 t + taladro de banco | D28: 11 | E28: 11 | F28: 11 | G28: 11 | H28: Todos | I28: =IF(H28="Todos",(D28*datos_base!$K$18+E28*datos_base!$K$19+F28*datos_base!$K$20+G28*datos_base!$K$21)/datos_base!$K$22,(D28*datos_base!$K$2+E28*datos_base!$K$3+F28*datos_base!$K$4+G28*datos_base!$K$5)/datos_base!$K$6) -> 11 | J28: =H54 -> 0.96666667 | K28: =IF(I28>0,60/I28*J28,0) -> 5.2727273 | L28: =K28*$B$7 -> 790.90909 | M28: =5*D28+11*E28+3*F28+1*G28+F54 -> 235 | N28: 235 | O28: 11,0 min por juego (manija, caño del eje, eje, 2 triángulos, 2 flejes y pata). El Word lo asigna al operario de cilindrado
A29: 9 | B29: Prueba hidráulica | C29: Máquina de prueba Yukon M-000200 + 2 bandejas de prueba + tanque y bomba | D29: =7.9+4*0.12 -> 8.38 | E29: =8.7+4*0.12 -> 9.18 | F29: =8.7+4*0.12 -> 9.18 | G29: =8.7+4*0.12 -> 9.18 | H29: Todos | I29: =IF(H29="Todos",(D29*datos_base!$K$18+E29*datos_base!$K$19+F29*datos_base!$K$20+G29*datos_base!$K$21)/datos_base!$K$22,(D29*datos_base!$K$2+E29*datos_base!$K$3+F29*datos_base!$K$4+G29*datos_base!$K$5)/datos_base!$K$6) -> 8.98 | J29: =H55 -> 0.97777778 | K29: =IF(I29>0,60/I29*J29,0) -> 6.5330364 | L29: =K29*$B$7 -> 979.95546 | M29: =5*D29+11*E29+3*F29+1*G29+F55 -> 189.6 | N29: 190 | O29: Estanquidad al 100 %: 7,9 min (25 kg) y 8,7 min (resto, con la ayuda para dar vuelta el cilindro y el juego provisorio) + expansión 4 min en la muestra (≈12 % del lote semanal)
A30: 10 | B30: Secado | C30: Secadora eléctrica Melisam MR011 (1 boca) | D30: 8 | E30: 10 | F30: 12 | G30: 14 | H30: Todos | I30: =IF(H30="Todos",(D30*datos_base!$K$18+E30*datos_base!$K$19+F30*datos_base!$K$20+G30*datos_base!$K$21)/datos_base!$K$22,(D30*datos_base!$K$2+E30*datos_base!$K$3+F30*datos_base!$K$4+G30*datos_base!$K$5)/datos_base!$K$6) -> 10.059355 | J30: =H56 -> 1 | K30: =IF(I30>0,60/I30*J30,0) -> 5.9645972 | L30: =K30*$B$7 -> 894.68958 | M30: =5*D30+11*E30+3*F30+1*G30+F56 -> 200 | N30: 200 | O30: Tiempo de máquina por modelo. El operario (el de prueba hidráulica) solo ocupa 2 min por carro: el secado corre solo
A31: 11 | B31: Pulmón de despacho y carga a pintura | C31: Autoelevador Heli CPCD50 + tarimas de carga con topes (2 operarios) | D31: 1.45 | E31: 1.45 | F31: 2.2 | G31: 2.2 | H31: Todos | I31: =IF(H31="Todos",(D31*datos_base!$K$18+E31*datos_base!$K$19+F31*datos_base!$K$20+G31*datos_base!$K$21)/datos_base!$K$22,(D31*datos_base!$K$2+E31*datos_base!$K$3+F31*datos_base!$K$4+G31*datos_base!$K$5)/datos_base!$K$6) -> 1.6 | J31: =H57 -> 0.99111111 | K31: =IF(I31>0,60/I31*J31,0) -> 37.166667 | L31: =K31*$B$7 -> 5575 | M31: =5*D31+11*E31+3*F31+1*G31+F57 -> 36 | N31: 36 | O31: Por cada uno de los 2 operarios (almacén y montaje): 5,8 min por tarima de 4 carros chicos y 4,4 min por tarima de 2 grandes
A32: 12 | B32: Recepción de pintados y cambio de juego | C32: Criques carrito 2 t + zorra de retorno (2 operarios). Pintura en polvo tercerizada | D32: =1.45+3/2 -> 2.95 | E32: =1.45+3/2 -> 2.95 | F32: =2.2+3.3/2 -> 3.85 | G32: =2.2+3.3/2 -> 3.85 | H32: Todos | I32: =IF(H32="Todos",(D32*datos_base!$K$18+E32*datos_base!$K$19+F32*datos_base!$K$20+G32*datos_base!$K$21)/datos_base!$K$22,(D32*datos_base!$K$2+E32*datos_base!$K$3+F32*datos_base!$K$4+G32*datos_base!$K$5)/datos_base!$K$6) -> 3.13 | J32: =H58 -> 0.99111111 | K32: =IF(I32>0,60/I32*J32,0) -> 18.998935 | L32: =K32*$B$7 -> 2849.8403 | M32: =5*D32+11*E32+3*F32+1*G32+F58 -> 66.6 | N32: =(180+153)/5 -> 66.6 | O32: Por operario: descarga igual que la carga (1,45 / 2,2 min) + la mitad del cambio de juego provisorio (3,0 / 3,3 min por carro). La pintura es tercerizada (3 días hábiles ida y vuelta; USD 13,5 / 20,3 / 27,5 / 32 por carro)
A33: 13 B | B33: Carga de polvo y presurización | C33: Cargadora de polvo por vacío Yukon M-000121 + balanza 300 kg + batería de N₂ + llave dinamométrica | D33: 8.3 | E33: 11.3 | F33: 13.8 | G33: 17.3 | H33: Terminados | I33: =IF(H33="Todos",(D33*datos_base!$K$18+E33*datos_base!$K$19+F33*datos_base!$K$20+G33*datos_base!$K$21)/datos_base!$K$22,(D33*datos_base!$K$2+E33*datos_base!$K$3+F33*datos_base!$K$4+G33*datos_base!$K$5)/datos_base!$K$6) -> 11.330888 | J33: =H59 -> 0.89333333 | K33: =IF(I33>0,60/I33*J33,0) -> 4.7304324 | L33: =K33*$B$7 -> 709.56486 | M33: =5*D33+11*E33+3*F33+1*G33+F59 -> 272.5 | N33: 273 | O33: Estación B: balanza, carga de polvo (≈5 s por kg), válvula, presurización a 14 bar y detector de fugas. Operario de carga
A34: 13 A-C / 15 | B34: Montaje, manga, precinto y etiquetado | C34: Puesto manual (estaciones A y C) + mesa de etiquetado | D34: =3.6+2.5 -> 6.1 | E34: =3.6+2.5 -> 6.1 | F34: =4.3+2.5 -> 6.8 | G34: =5.3+2.5 -> 7.8 | H34: Terminados | I34: =IF(H34="Todos",(D34*datos_base!$K$18+E34*datos_base!$K$19+F34*datos_base!$K$20+G34*datos_base!$K$21)/datos_base!$K$22,(D34*datos_base!$K$2+E34*datos_base!$K$3+F34*datos_base!$K$4+G34*datos_base!$K$5)/datos_base!$K$6) -> 6.3201324 | J34: =H60 -> 0.95333333 | K34: =IF(I34>0,60/I34*J34,0) -> 9.0504433 | L34: =K34*$B$7 -> 1357.5665 | M34: =5*D34+11*E34+3*F34+1*G34+F60 -> 146.8 | N34: 147 | O34: Estaciones A y C: 3,6 / 3,6 / 4,3 / 5,3 min + placa de características y traslado al depósito (puesto 15) 2,5 min. Operario de montaje
A35: 14-17 | B35: Calidad: pérdidas, inspección final, liberación y ensayos de lote | C35: Sala de pérdidas 5 × 5 m (21 °C) + recinto de descarga + Yukon M-000200 + balanza | D35: =1+8*3/100+3*0.25+1.5+0.3+4*0.25 -> 4.79 | E35: =1+8*3/100+3*0.25+1.5+0.3+4*0.25 -> 4.79 | F35: =1+8*3/100+3*0.25+1.5+0.3+4*0.25 -> 4.79 | G35: =1+8*3/100+3*0.25+1.5+0.3+4*0.25 -> 4.79 | H35: Terminados | I35: =IF(H35="Todos",(D35*datos_base!$K$18+E35*datos_base!$K$19+F35*datos_base!$K$20+G35*datos_base!$K$21)/datos_base!$K$22,(D35*datos_base!$K$2+E35*datos_base!$K$3+F35*datos_base!$K$4+G35*datos_base!$K$5)/datos_base!$K$6) -> 4.79 | J35: =H61 -> 0.62977778 | K35: =IF(I35>0,60/I35*J35,0) -> 7.8886569 | L35: =K35*$B$7 -> 1183.2985 | M35: =5*D35+11*E35+3*F35+1*G35+F61 -> 262.4 | N35: 262 | O35: Técnico de calidad, por carro: recepción de pintados 1 min + espesor 0,24; pérdidas 3 min × 25 % de muestra; inspección final 1,5; liberación 0,3; medidas 4 min × 25 %
A36: 16 | B36: Depósito de producto terminado y despacho | C36: Autoelevador + tarima de carga (2 operarios) | D36: 1.2 | E36: 1.2 | F36: 2 | G36: 2 | H36: Todos | I36: =IF(H36="Todos",(D36*datos_base!$K$18+E36*datos_base!$K$19+F36*datos_base!$K$20+G36*datos_base!$K$21)/datos_base!$K$22,(D36*datos_base!$K$2+E36*datos_base!$K$3+F36*datos_base!$K$4+G36*datos_base!$K$5)/datos_base!$K$6) -> 1.36 | J36: =H62 -> 0.97777778 | K36: =IF(I36>0,60/I36*J36,0) -> 43.137255 | L36: =K36*$B$7 -> 6470.5882 | M36: =5*D36+11*E36+3*F36+1*G36+F62 -> 37.2 | N36: =186/5 -> 37.2 | O36: Por cada uno de los 2 operarios: 1,2 min por carro chico y 2,0 min por carro grande
A38: Alcance: "Todos" = carros terminados + cilindros vendidos vacíos; "Terminados" = solo los que se cargan como matafuego (puestos 13 a 17, salvo el despacho).
A39: Tiempo ponderado = promedio de los 4 tiempos con la mezcla de modelos de 2035 (datos_base). Cap. real (u/h) = 60 / tiempo ponderado × disponibilidad. Cap. real (u/mes) = cap. real × horas productivas del mes.
A40: Control: carga en min/día con la mezcla del pico del Word (5 de 25 kg, 11 de 50 kg, 3 de 70 kg y 1 de 100 kg = 20 carros/día, más los tiempos fijos). Tiene que dar parecido a la columna del Word.
A41: Ocupación (Demanda por puesto y Resumen Capacidad) = (carga del mes pico + pérdida por cambios y tiempos fijos) / horas productivas del mes: es comparable con el '% del turno' del Word. En Resumen se divide por máquinas × turnos.
A42: Los puestos 11, 12 y 16 los hacen 2 operarios a la vez (almacén y montaje): el tiempo es el de cada uno. La guillotina y el autoelevador se comparten con la línea de manuales: su carga real es la suma de las dos planillas.
A43: DISPONIBILIDAD (cambios de modelo y tiempos fijos por día)
A44: N° | B44: Puesto | C44: Cambio (min/cambio) | D44: N° cambios/día | E44: Otros tiempos fijos (min/día) | F44: Pérdida total (min/día) | G44: Pérdida (h/mes) | H44: Disponibilidad | I44: SUPOSICIONES
A45: =A19 -> 1 | B45: =B19 -> Recepción de materia prima | C45: 0 | D45: 0 | E45: =20+33/20 -> 21.65 | F45: =C45*D45+E45 -> 21.65 | G45: =F45*$B$2/60 -> 7.2166667 | H45: =MAX(0,1-G45/$B$7) -> 0.95188889 | I45: Carga diaria de los 2 carros de abastecimiento (20 min/día) + cuplas 33 min/mes
A46: =A20 -> 2 | B46: =B20 -> Corte de chapa (guillotina) | C46: 0.5 | D46: 6 | E46: =5+20 -> 25 | F46: =C46*D46+E46 -> 28 | G46: =F46*$B$2/60 -> 9.3333333 | H46: =MAX(0,1-G46/$B$7) -> 0.93777778 | I46: 6 cambios de tope por día (2 de patas + 4 de piezas) × 0,5 min; preparación 5 min + traer y devolver 2 paquetes 20 min
A47: =A21 -> 2.1 | B47: =B21 -> Marcado del cuerpo | C47: 0.5 | D47: 3 | E47: 4 | F47: =C47*D47+E47 -> 5.5 | G47: =F47*$B$2/60 -> 1.8333333 | H47: =MAX(0,1-G47/$B$7) -> 0.98777778 | I47: 3 cambios de modelo por día (mover el tope lateral) + 4 min de preparación (prueba de profundidad)
A48: =A22 -> 3 | B48: =B22 -> Cilindrado | C48: 4 | D48: 3 | E48: 6 | F48: =C48*D48+E48 -> 18 | G48: =F48*$B$2/60 -> 6 | H48: =MAX(0,1-G48/$B$7) -> 0.96 | I48: 3 cambios de programa por día × 4 min (programa, ajuste y primera pieza); traer y devolver carros 3 × 2 min
A49: =A23 -> 4 | B49: =B23 -> Punteo del cuerpo | C49: 0 | D49: 0 | E49: 5 | F49: =C49*D49+E49 -> 5 | G49: =F49*$B$2/60 -> 1.6666667 | H49: =MAX(0,1-G49/$B$7) -> 0.98888889 | I49: Preparación: gas, soldadora y extracción
A50: =A24 -> 5 | B50: =B24 -> Soldadura longitudinal | C50: 1 | D50: 3 | E50: 5 | F50: =C50*D50+E50 -> 8 | G50: =F50*$B$2/60 -> 2.6666667 | H50: =MAX(0,1-G50/$B$7) -> 0.98222222 | I50: 3 cambios de programa por día × 1 min; preparación 5 min
A51: =A25 -> 6 | B51: =B25 -> Soldadura de cupla en la cúpula | C51: 2 | D51: 2 | E51: 5 | F51: =C51*D51+E51 -> 9 | G51: =F51*$B$2/60 -> 3 | H51: =MAX(0,1-G51/$B$7) -> 0.98 | I51: 2 cambios de medida por día × 2 min (topes del adaptador y velocidad); preparación 5 min
A52: =A26 -> 7 | B52: =B26 -> Armado y soldadura circunferencial | C52: 2 | D52: 2 | E52: 5 | F52: =C52*D52+E52 -> 9 | G52: =F52*$B$2/60 -> 3 | H52: =MAX(0,1-G52/$B$7) -> 0.98 | I52: 2 cambios de medida por día × 2 min; preparación 5 min
A53: =A27 -> 8 | B53: =B27 -> Soldadura de accesorios | C53: 2 | D53: 2 | E53: 5 | F53: =C53*D53+E53 -> 9 | G53: =F53*$B$2/60 -> 3 | H53: =MAX(0,1-G53/$B$7) -> 0.98 | I53: 2 cambios de modelo por día × 2 min; preparación 5 min
A54: =A28 -> 8.1 | B54: =B28 -> Fabricación de accesorios | C54: 2 | D54: 3 | E54: =6+3 -> 9 | F54: =C54*D54+E54 -> 15 | G54: =F54*$B$2/60 -> 5 | H54: =MAX(0,1-G54/$B$7) -> 0.96666667 | I54: 3 cambios de modelo por día × 2 min; traslados 6 min + preparación 3 min
A55: =A29 -> 9 | B55: =B29 -> Prueba hidráulica | C55: 0 | D55: 0 | E55: 10 | F55: =C55*D55+E55 -> 10 | G55: =F55*$B$2/60 -> 3.3333333 | H55: =MAX(0,1-G55/$B$7) -> 0.97777778 | I55: Preparación: arranque, manómetro patrón, filtros y orden
A56: =A30 -> 10 | B56: =B30 -> Secado | C56: 0 | D56: 0 | E56: 0 | F56: =C56*D56+E56 -> 0 | G56: =F56*$B$2/60 -> 0 | H56: =MAX(0,1-G56/$B$7) -> 1 | I56: Sin cambios: el tiempo se programa por modelo
A57: =A31 -> 11 | B57: =B31 -> Pulmón de despacho y carga a pintura | C57: 0 | D57: 0 | E57: =2*10/5 -> 4 | F57: =C57*D57+E57 -> 4 | G57: =F57*$B$2/60 -> 1.3333333 | H57: =MAX(0,1-G57/$B$7) -> 0.99111111 | I57: 10 min por viaje, 2 viajes por semana en el pico
A58: =A32 -> 12 | B58: =B32 -> Recepción de pintados y cambio de juego | C58: 0 | D58: 0 | E58: =2*10/5 -> 4 | F58: =C58*D58+E58 -> 4 | G58: =F58*$B$2/60 -> 1.3333333 | H58: =MAX(0,1-G58/$B$7) -> 0.99111111 | I58: 10 min por viaje, 2 viajes por semana en el pico
A59: =A33 -> 13 B | B59: =B33 -> Carga de polvo y presurización | C59: 0 | D59: 0 | E59: =32+16 -> 48 | F59: =C59*D59+E59 -> 48 | G59: =F59*$B$2/60 -> 16 | H59: =MAX(0,1-G59/$B$7) -> 0.89333333 | I59: Recargas de la muestra 32 min/día + arranque, cierre y cambio de big bag 16 min/día
A60: =A34 -> 13 A-C / 15 | B60: =B34 -> Montaje, manga, precinto y etiquetado | C60: 0 | D60: 0 | E60: 21 | F60: =C60*D60+E60 -> 21 | G60: =F60*$B$2/60 -> 7 | H60: =MAX(0,1-G60/$B$7) -> 0.95333333 | I60: Recargas, orden y preparación
A61: =A35 -> 14-17 | B61: =B35 -> Calidad: pérdidas, inspección final, liberación y ensayos de lote | C61: 0 | D61: 0 | E61: =15*2/5+20/5+5+10*4/5+(115+243+27+273+60)/5 -> 166.6 | F61: =C61*D61+E61 -> 166.6 | G61: =F61*$B$2/60 -> 55.533333 | H61: =MAX(0,1-G61/$B$7) -> 0.62977778 | I61: Fijo por día: actas, sala, registro, certificados y ensayos de lote (manga, rodadura y funcionamiento ≈13,5 carros por semana, 718 min/semana). Dependen de la cantidad de lotes, no del volumen
A62: =A36 -> 16 | B62: =B36 -> Depósito de producto terminado y despacho | C62: 0 | D62: 0 | E62: =10*5/5 -> 10 | F62: =C62*D62+E62 -> 10 | G62: =F62*$B$2/60 -> 3.3333333 | H62: =MAX(0,1-G62/$B$7) -> 0.97777778 | I62: 10 min por viaje, 5 viajes por semana
A64: Celdas verdes = datos editables (tiempos, alcance, cambios y tiempos fijos). Disponibilidad = 1 − pérdida del mes / horas productivas del mes.

Sheet Plan mensual
A1: 2026 | B1: Producto | C1: Tipo | D1: Ene | E1: Feb | F1: Mar | G1: Abr | H1: May | I1: Jun | J1: Jul | K1: Ago | L1: Sep | M1: Oct | N1: Nov | O1: Dic | P1: Total anual
A2: 2026 | B2: Carro ABC 25 kg | C2: Terminado | D2: =datos_base!$B$2*parametros_carros!B$12 -> 2.89 | E2: =datos_base!$B$2*parametros_carros!C$12 -> 2.55 | F2: =datos_base!$B$2*parametros_carros!D$12 -> 3.06 | G2: =datos_base!$B$2*parametros_carros!E$12 -> 3.06 | H2: =datos_base!$B$2*parametros_carros!F$12 -> 3.06 | I2: =datos_base!$B$2*parametros_carros!G$12 -> 2.72 | J2: =datos_base!$B$2*parametros_carros!H$12 -> 3.06 | K2: =datos_base!$B$2*parametros_carros!I$12 -> 3.06 | ... O2: =datos_base!$B$2*parametros_carros!M$12 -> 2.72 | P2: =SUM(D2:O2) -> 34
A3: 2026 | B3: Carro ABC 50 kg | C3: Terminado | D3: =datos_base!$B$3*parametros_carros!B$13 -> 6.375 | E3: =datos_base!$B$3*parametros_carros!C$13 -> 5.625 | F3: =datos_base!$B$3*parametros_carros!D$13 -> 6.75 | G3: =datos_base!$B$3*parametros_carros!E$13 -> 6.75 | H3: =datos_base!$B$3*parametros_carros!F$13 -> 6.75 | I3: =datos_base!$B$3*parametros_carros!G$13 -> 6 | J3: =datos_base!$B$3*parametros_carros!H$13 -> 6.75 | K3: =datos_base!$B$3*parametros_carros!I$13 -> 6.75 | ... O3: =datos_base!$B$3*parametros_carros!M$13 -> 6 | P3: =SUM(D3:O3) -> 75
A4: 2026 | B4: Carro ABC 70 kg | C4: Terminado | D4: =datos_base!$B$4*parametros_carros!B$14 -> 1.36 | E4: =datos_base!$B$4*parametros_carros!C$14 -> 1.2 | F4: =datos_base!$B$4*parametros_carros!D$14 -> 1.44 | G4: =datos_base!$B$4*parametros_carros!E$14 -> 1.44 | H4: =datos_base!$B$4*parametros_carros!F$14 -> 1.44 | I4: =datos_base!$B$4*parametros_carros!G$14 -> 1.28 | J4: =datos_base!$B$4*parametros_carros!H$14 -> 1.44 | K4: =datos_base!$B$4*parametros_carros!I$14 -> 1.44 | ... O4: =datos_base!$B$4*parametros_carros!M$14 -> 1.28 | P4: =SUM(D4:O4) -> 16
A5: 2026 | B5: Carro ABC 100 kg | C5: Terminado | D5: =datos_base!$B$5*parametros_carros!B$15 -> 0.935 | E5: =datos_base!$B$5*parametros_carros!C$15 -> 0.825 | F5: =datos_base!$B$5*parametros_carros!D$15 -> 0.99 | G5: =datos_base!$B$5*parametros_carros!E$15 -> 0.99 | H5: =datos_base!$B$5*parametros_carros!F$15 -> 0.99 | I5: =datos_base!$B$5*parametros_carros!G$15 -> 0.88 | J5: =datos_base!$B$5*parametros_carros!H$15 -> 0.99 | K5: =datos_base!$B$5*parametros_carros!I$15 -> 0.99 | ... O5: =datos_base!$B$5*parametros_carros!M$15 -> 0.88 | P5: =SUM(D5:O5) -> 11
A6: 2026 | B6: Cilindros ABC 25 kg | C6: Cilindro | D6: =datos_base!$B$9*parametros_carros!B$12 -> 0 | E6: =datos_base!$B$9*parametros_carros!C$12 -> 0 | F6: =datos_base!$B$9*parametros_carros!D$12 -> 0 | G6: =datos_base!$B$9*parametros_carros!E$12 -> 0 | H6: =datos_base!$B$9*parametros_carros!F$12 -> 0 | I6: =datos_base!$B$9*parametros_carros!G$12 -> 0 | J6: =datos_base!$B$9*parametros_carros!H$12 -> 0 | K6: =datos_base!$B$9*parametros_carros!I$12 -> 0 | ... O6: =datos_base!$B$9*parametros_carros!M$12 -> 0 | P6: =SUM(D6:O6) -> 0
A7: 2026 | B7: Cilindros ABC 50 kg | C7: Cilindro | D7: =datos_base!$B$10*parametros_carros!B$13 -> 0 | E7: =datos_base!$B$10*parametros_carros!C$13 -> 0 | F7: =datos_base!$B$10*parametros_carros!D$13 -> 0 | G7: =datos_base!$B$10*parametros_carros!E$13 -> 0 | H7: =datos_base!$B$10*parametros_carros!F$13 -> 0 | I7: =datos_base!$B$10*parametros_carros!G$13 -> 0 | J7: =datos_base!$B$10*parametros_carros!H$13 -> 0 | K7: =datos_base!$B$10*parametros_carros!I$13 -> 0 | ... O7: =datos_base!$B$10*parametros_carros!M$13 -> 0 | P7: =SUM(D7:O7) -> 0
A8: 2026 | B8: Cilindros ABC 70 kg | C8: Cilindro | D8: =datos_base!$B$11*parametros_carros!B$14 -> 0 | E8: =datos_base!$B$11*parametros_carros!C$14 -> 0 | F8: =datos_base!$B$11*parametros_carros!D$14 -> 0 | G8: =datos_base!$B$11*parametros_carros!E$14 -> 0 | H8: =datos_base!$B$11*parametros_carros!F$14 -> 0 | I8: =datos_base!$B$11*parametros_carros!G$14 -> 0 | J8: =datos_base!$B$11*parametros_carros!H$14 -> 0 | K8: =datos_base!$B$11*parametros_carros!I$14 -> 0 | ... O8: =datos_base!$B$11*parametros_carros!M$14 -> 0 | P8: =SUM(D8:O8) -> 0
A9: 2026 | B9: Cilindros ABC 100 kg | C9: Cilindro | D9: =datos_base!$B$12*parametros_carros!B$15 -> 0 | E9: =datos_base!$B$12*parametros_carros!C$15 -> 0 | F9: =datos_base!$B$12*parametros_carros!D$15 -> 0 | G9: =datos_base!$B$12*parametros_carros!E$15 -> 0 | H9: =datos_base!$B$12*parametros_carros!F$15 -> 0 | I9: =datos_base!$B$12*parametros_carros!G$15 -> 0 | J9: =datos_base!$B$12*parametros_carros!H$15 -> 0 | K9: =datos_base!$B$12*parametros_carros!I$15 -> 0 | ... O9: =datos_base!$B$12*parametros_carros!M$15 -> 0 | P9: =SUM(D9:O9) -> 0
B10: Total recipientes | D10: =SUM(D2:D9) -> 11.56 | E10: =SUM(E2:E9) -> 10.2 | F10: =SUM(F2:F9) -> 12.24 | G10: =SUM(G2:G9) -> 12.24 | H10: =SUM(H2:H9) -> 12.24 | I10: =SUM(I2:I9) -> 10.88 | J10: =SUM(J2:J9) -> 12.24 | K10: =SUM(K2:K9) -> 12.24 | ... P10: =SUM(P2:P9) -> 136
A12: 2027 | B12: Producto | C12: Tipo | D12: Ene | E12: Feb | F12: Mar | G12: Abr | H12: May | I12: Jun | J12: Jul | K12: Ago | L12: Sep | M12: Oct | N12: Nov | O12: Dic | P12: Total anual
A13: 2027 | B13: Carro ABC 25 kg | C13: Terminado | D13: =datos_base!$C$2*parametros_carros!B$12 -> 4.93 | E13: =datos_base!$C$2*parametros_carros!C$12 -> 4.35 | F13: =datos_base!$C$2*parametros_carros!D$12 -> 5.22 | G13: =datos_base!$C$2*parametros_carros!E$12 -> 5.22 | H13: =datos_base!$C$2*parametros_carros!F$12 -> 5.22 | I13: =datos_base!$C$2*parametros_carros!G$12 -> 4.64 | J13: =datos_base!$C$2*parametros_carros!H$12 -> 5.22 | K13: =datos_base!$C$2*parametros_carros!I$12 -> 5.22 | ... O13: =datos_base!$C$2*parametros_carros!M$12 -> 4.64 | P13: =SUM(D13:O13) -> 58
A14: 2027 | B14: Carro ABC 50 kg | C14: Terminado | D14: =datos_base!$C$3*parametros_carros!B$13 -> 10.88 | E14: =datos_base!$C$3*parametros_carros!C$13 -> 9.6 | F14: =datos_base!$C$3*parametros_carros!D$13 -> 11.52 | G14: =datos_base!$C$3*parametros_carros!E$13 -> 11.52 | H14: =datos_base!$C$3*parametros_carros!F$13 -> 11.52 | I14: =datos_base!$C$3*parametros_carros!G$13 -> 10.24 | J14: =datos_base!$C$3*parametros_carros!H$13 -> 11.52 | K14: =datos_base!$C$3*parametros_carros!I$13 -> 11.52 | ... O14: =datos_base!$C$3*parametros_carros!M$13 -> 10.24 | P14: =SUM(D14:O14) -> 128
A15: 2027 | B15: Carro ABC 70 kg | C15: Terminado | D15: =datos_base!$C$4*parametros_carros!B$14 -> 2.465 | E15: =datos_base!$C$4*parametros_carros!C$14 -> 2.175 | F15: =datos_base!$C$4*parametros_carros!D$14 -> 2.61 | G15: =datos_base!$C$4*parametros_carros!E$14 -> 2.61 | H15: =datos_base!$C$4*parametros_carros!F$14 -> 2.61 | I15: =datos_base!$C$4*parametros_carros!G$14 -> 2.32 | J15: =datos_base!$C$4*parametros_carros!H$14 -> 2.61 | K15: =datos_base!$C$4*parametros_carros!I$14 -> 2.61 | ... O15: =datos_base!$C$4*parametros_carros!M$14 -> 2.32 | P15: =SUM(D15:O15) -> 29
A16: 2027 | B16: Carro ABC 100 kg | C16: Terminado | D16: =datos_base!$C$5*parametros_carros!B$15 -> 1.53 | E16: =datos_base!$C$5*parametros_carros!C$15 -> 1.35 | F16: =datos_base!$C$5*parametros_carros!D$15 -> 1.62 | G16: =datos_base!$C$5*parametros_carros!E$15 -> 1.62 | H16: =datos_base!$C$5*parametros_carros!F$15 -> 1.62 | I16: =datos_base!$C$5*parametros_carros!G$15 -> 1.44 | J16: =datos_base!$C$5*parametros_carros!H$15 -> 1.62 | K16: =datos_base!$C$5*parametros_carros!I$15 -> 1.62 | ... O16: =datos_base!$C$5*parametros_carros!M$15 -> 1.44 | P16: =SUM(D16:O16) -> 18
A17: 2027 | B17: Cilindros ABC 25 kg | C17: Cilindro | D17: =datos_base!$C$9*parametros_carros!B$12 -> 0 | E17: =datos_base!$C$9*parametros_carros!C$12 -> 0 | F17: =datos_base!$C$9*parametros_carros!D$12 -> 0 | G17: =datos_base!$C$9*parametros_carros!E$12 -> 0 | H17: =datos_base!$C$9*parametros_carros!F$12 -> 0 | I17: =datos_base!$C$9*parametros_carros!G$12 -> 0 | J17: =datos_base!$C$9*parametros_carros!H$12 -> 0 | K17: =datos_base!$C$9*parametros_carros!I$12 -> 0 | ... O17: =datos_base!$C$9*parametros_carros!M$12 -> 0 | P17: =SUM(D17:O17) -> 0
A18: 2027 | B18: Cilindros ABC 50 kg | C18: Cilindro | D18: =datos_base!$C$10*parametros_carros!B$13 -> 0 | E18: =datos_base!$C$10*parametros_carros!C$13 -> 0 | F18: =datos_base!$C$10*parametros_carros!D$13 -> 0 | G18: =datos_base!$C$10*parametros_carros!E$13 -> 0 | H18: =datos_base!$C$10*parametros_carros!F$13 -> 0 | I18: =datos_base!$C$10*parametros_carros!G$13 -> 0 | J18: =datos_base!$C$10*parametros_carros!H$13 -> 0 | K18: =datos_base!$C$10*parametros_carros!I$13 -> 0 | ... O18: =datos_base!$C$10*parametros_carros!M$13 -> 0 | P18: =SUM(D18:O18) -> 0
A19: 2027 | B19: Cilindros ABC 70 kg | C19: Cilindro | D19: =datos_base!$C$11*parametros_carros!B$14 -> 0 | E19: =datos_base!$C$11*parametros_carros!C$14 -> 0 | F19: =datos_base!$C$11*parametros_carros!D$14 -> 0 | G19: =datos_base!$C$11*parametros_carros!E$14 -> 0 | H19: =datos_base!$C$11*parametros_carros!F$14 -> 0 | I19: =datos_base!$C$11*parametros_carros!G$14 -> 0 | J19: =datos_base!$C$11*parametros_carros!H$14 -> 0 | K19: =datos_base!$C$11*parametros_carros!I$14 -> 0 | ... O19: =datos_base!$C$11*parametros_carros!M$14 -> 0 | P19: =SUM(D19:O19) -> 0
A20: 2027 | B20: Cilindros ABC 100 kg | C20: Cilindro | D20: =datos_base!$C$12*parametros_carros!B$15 -> 0 | E20: =datos_base!$C$12*parametros_carros!C$15 -> 0 | F20: =datos_base!$C$12*parametros_carros!D$15 -> 0 | G20: =datos_base!$C$12*parametros_carros!E$15 -> 0 | H20: =datos_base!$C$12*parametros_carros!F$15 -> 0 | I20: =datos_base!$C$12*parametros_carros!G$15 -> 0 | J20: =datos_base!$C$12*parametros_carros!H$15 -> 0 | K20: =datos_base!$C$12*parametros_carros!I$15 -> 0 | ... O20: =datos_base!$C$12*parametros_carros!M$15 -> 0 | P20: =SUM(D20:O20) -> 0
B21: Total recipientes | D21: =SUM(D13:D20) -> 19.805 | E21: =SUM(E13:E20) -> 17.475 | F21: =SUM(F13:F20) -> 20.97 | G21: =SUM(G13:G20) -> 20.97 | H21: =SUM(H13:H20) -> 20.97 | I21: =SUM(I13:I20) -> 18.64 | J21: =SUM(J13:J20) -> 20.97 | K21: =SUM(K13:K20) -> 20.97 | ... P21: =SUM(P13:P20) -> 233
A23: 2028 | B23: Producto | C23: Tipo | D23: Ene | E23: Feb | F23: Mar | G23: Abr | H23: May | I23: Jun | J23: Jul | K23: Ago | L23: Sep | M23: Oct | N23: Nov | O23: Dic | P23: Total anual
A24: 2028 | B24: Carro ABC 25 kg | C24: Terminado | D24: =datos_base!$D$2*parametros_carros!B$12 -> 6.46 | E24: =datos_base!$D$2*parametros_carros!C$12 -> 5.7 | F24: =datos_base!$D$2*parametros_carros!D$12 -> 6.84 | G24: =datos_base!$D$2*parametros_carros!E$12 -> 6.84 | H24: =datos_base!$D$2*parametros_carros!F$12 -> 6.84 | I24: =datos_base!$D$2*parametros_carros!G$12 -> 6.08 | J24: =datos_base!$D$2*parametros_carros!H$12 -> 6.84 | K24: =datos_base!$D$2*parametros_carros!I$12 -> 6.84 | ... O24: =datos_base!$D$2*parametros_carros!M$12 -> 6.08 | P24: =SUM(D24:O24) -> 76
A25: 2028 | B25: Carro ABC 50 kg | C25: Terminado | D25: =datos_base!$D$3*parametros_carros!B$13 -> 14.11 | E25: =datos_base!$D$3*parametros_carros!C$13 -> 12.45 | F25: =datos_base!$D$3*parametros_carros!D$13 -> 14.94 | G25: =datos_base!$D$3*parametros_carros!E$13 -> 14.94 | H25: =datos_base!$D$3*parametros_carros!F$13 -> 14.94 | I25: =datos_base!$D$3*parametros_carros!G$13 -> 13.28 | J25: =datos_base!$D$3*parametros_carros!H$13 -> 14.94 | K25: =datos_base!$D$3*parametros_carros!I$13 -> 14.94 | ... O25: =datos_base!$D$3*parametros_carros!M$13 -> 13.28 | P25: =SUM(D25:O25) -> 166
A26: 2028 | B26: Carro ABC 70 kg | C26: Terminado | D26: =datos_base!$D$4*parametros_carros!B$14 -> 3.06 | E26: =datos_base!$D$4*parametros_carros!C$14 -> 2.7 | F26: =datos_base!$D$4*parametros_carros!D$14 -> 3.24 | G26: =datos_base!$D$4*parametros_carros!E$14 -> 3.24 | H26: =datos_base!$D$4*parametros_carros!F$14 -> 3.24 | I26: =datos_base!$D$4*parametros_carros!G$14 -> 2.88 | J26: =datos_base!$D$4*parametros_carros!H$14 -> 3.24 | K26: =datos_base!$D$4*parametros_carros!I$14 -> 3.24 | ... O26: =datos_base!$D$4*parametros_carros!M$14 -> 2.88 | P26: =SUM(D26:O26) -> 36
A27: 2028 | B27: Carro ABC 100 kg | C27: Terminado | D27: =datos_base!$D$5*parametros_carros!B$15 -> 2.04 | E27: =datos_base!$D$5*parametros_carros!C$15 -> 1.8 | F27: =datos_base!$D$5*parametros_carros!D$15 -> 2.16 | G27: =datos_base!$D$5*parametros_carros!E$15 -> 2.16 | H27: =datos_base!$D$5*parametros_carros!F$15 -> 2.16 | I27: =datos_base!$D$5*parametros_carros!G$15 -> 1.92 | J27: =datos_base!$D$5*parametros_carros!H$15 -> 2.16 | K27: =datos_base!$D$5*parametros_carros!I$15 -> 2.16 | ... O27: =datos_base!$D$5*parametros_carros!M$15 -> 1.92 | P27: =SUM(D27:O27) -> 24
A28: 2028 | B28: Cilindros ABC 25 kg | C28: Cilindro | D28: =datos_base!$D$9*parametros_carros!B$12 -> 1.19 | E28: =datos_base!$D$9*parametros_carros!C$12 -> 1.05 | F28: =datos_base!$D$9*parametros_carros!D$12 -> 1.26 | G28: =datos_base!$D$9*parametros_carros!E$12 -> 1.26 | H28: =datos_base!$D$9*parametros_carros!F$12 -> 1.26 | I28: =datos_base!$D$9*parametros_carros!G$12 -> 1.12 | J28: =datos_base!$D$9*parametros_carros!H$12 -> 1.26 | K28: =datos_base!$D$9*parametros_carros!I$12 -> 1.26 | ... O28: =datos_base!$D$9*parametros_carros!M$12 -> 1.12 | P28: =SUM(D28:O28) -> 14
A29: 2028 | B29: Cilindros ABC 50 kg | C29: Cilindro | D29: =datos_base!$D$10*parametros_carros!B$13 -> 2.72 | E29: =datos_base!$D$10*parametros_carros!C$13 -> 2.4 | F29: =datos_base!$D$10*parametros_carros!D$13 -> 2.88 | G29: =datos_base!$D$10*parametros_carros!E$13 -> 2.88 | H29: =datos_base!$D$10*parametros_carros!F$13 -> 2.88 | I29: =datos_base!$D$10*parametros_carros!G$13 -> 2.56 | J29: =datos_base!$D$10*parametros_carros!H$13 -> 2.88 | K29: =datos_base!$D$10*parametros_carros!I$13 -> 2.88 | ... O29: =datos_base!$D$10*parametros_carros!M$13 -> 2.56 | P29: =SUM(D29:O29) -> 32
A30: 2028 | B30: Cilindros ABC 70 kg | C30: Cilindro | D30: =datos_base!$D$11*parametros_carros!B$14 -> 0.595 | E30: =datos_base!$D$11*parametros_carros!C$14 -> 0.525 | F30: =datos_base!$D$11*parametros_carros!D$14 -> 0.63 | G30: =datos_base!$D$11*parametros_carros!E$14 -> 0.63 | H30: =datos_base!$D$11*parametros_carros!F$14 -> 0.63 | I30: =datos_base!$D$11*parametros_carros!G$14 -> 0.56 | J30: =datos_base!$D$11*parametros_carros!H$14 -> 0.63 | K30: =datos_base!$D$11*parametros_carros!I$14 -> 0.63 | ... O30: =datos_base!$D$11*parametros_carros!M$14 -> 0.56 | P30: =SUM(D30:O30) -> 7
A31: 2028 | B31: Cilindros ABC 100 kg | C31: Cilindro | D31: =datos_base!$D$12*parametros_carros!B$15 -> 0.425 | E31: =datos_base!$D$12*parametros_carros!C$15 -> 0.375 | F31: =datos_base!$D$12*parametros_carros!D$15 -> 0.45 | G31: =datos_base!$D$12*parametros_carros!E$15 -> 0.45 | H31: =datos_base!$D$12*parametros_carros!F$15 -> 0.45 | I31: =datos_base!$D$12*parametros_carros!G$15 -> 0.4 | J31: =datos_base!$D$12*parametros_carros!H$15 -> 0.45 | K31: =datos_base!$D$12*parametros_carros!I$15 -> 0.45 | ... O31: =datos_base!$D$12*parametros_carros!M$15 -> 0.4 | P31: =SUM(D31:O31) -> 5
B32: Total recipientes | D32: =SUM(D24:D31) -> 30.6 | E32: =SUM(E24:E31) -> 27 | F32: =SUM(F24:F31) -> 32.4 | G32: =SUM(G24:G31) -> 32.4 | H32: =SUM(H24:H31) -> 32.4 | I32: =SUM(I24:I31) -> 28.8 | J32: =SUM(J24:J31) -> 32.4 | K32: =SUM(K24:K31) -> 32.4 | ... P32: =SUM(P24:P31) -> 360
A34: 2029 | B34: Producto | C34: Tipo | D34: Ene | E34: Feb | F34: Mar | G34: Abr | H34: May | I34: Jun | J34: Jul | K34: Ago | L34: Sep | M34: Oct | N34: Nov | O34: Dic | P34: Total anual
A35: 2029 | B35: Carro ABC 25 kg | C35: Terminado | D35: =datos_base!$E$2*parametros_carros!B$12 -> 8.5 | E35: =datos_base!$E$2*parametros_carros!C$12 -> 7.5 | F35: =datos_base!$E$2*parametros_carros!D$12 -> 9 | G35: =datos_base!$E$2*parametros_carros!E$12 -> 9 | H35: =datos_base!$E$2*parametros_carros!F$12 -> 9 | I35: =datos_base!$E$2*parametros_carros!G$12 -> 8 | J35: =datos_base!$E$2*parametros_carros!H$12 -> 9 | K35: =datos_base!$E$2*parametros_carros!I$12 -> 9 | ... O35: =datos_base!$E$2*parametros_carros!M$12 -> 8 | P35: =SUM(D35:O35) -> 100
A36: 2029 | B36: Carro ABC 50 kg | C36: Terminado | D36: =datos_base!$E$3*parametros_carros!B$13 -> 18.785 | E36: =datos_base!$E$3*parametros_carros!C$13 -> 16.575 | F36: =datos_base!$E$3*parametros_carros!D$13 -> 19.89 | G36: =datos_base!$E$3*parametros_carros!E$13 -> 19.89 | H36: =datos_base!$E$3*parametros_carros!F$13 -> 19.89 | I36: =datos_base!$E$3*parametros_carros!G$13 -> 17.68 | J36: =datos_base!$E$3*parametros_carros!H$13 -> 19.89 | K36: =datos_base!$E$3*parametros_carros!I$13 -> 19.89 | ... O36: =datos_base!$E$3*parametros_carros!M$13 -> 17.68 | P36: =SUM(D36:O36) -> 221
A37: 2029 | B37: Carro ABC 70 kg | C37: Terminado | D37: =datos_base!$E$4*parametros_carros!B$14 -> 4.08 | E37: =datos_base!$E$4*parametros_carros!C$14 -> 3.6 | F37: =datos_base!$E$4*parametros_carros!D$14 -> 4.32 | G37: =datos_base!$E$4*parametros_carros!E$14 -> 4.32 | H37: =datos_base!$E$4*parametros_carros!F$14 -> 4.32 | I37: =datos_base!$E$4*parametros_carros!G$14 -> 3.84 | J37: =datos_base!$E$4*parametros_carros!H$14 -> 4.32 | K37: =datos_base!$E$4*parametros_carros!I$14 -> 4.32 | ... O37: =datos_base!$E$4*parametros_carros!M$14 -> 3.84 | P37: =SUM(D37:O37) -> 48
A38: 2029 | B38: Carro ABC 100 kg | C38: Terminado | D38: =datos_base!$E$5*parametros_carros!B$15 -> 2.805 | E38: =datos_base!$E$5*parametros_carros!C$15 -> 2.475 | F38: =datos_base!$E$5*parametros_carros!D$15 -> 2.97 | G38: =datos_base!$E$5*parametros_carros!E$15 -> 2.97 | H38: =datos_base!$E$5*parametros_carros!F$15 -> 2.97 | I38: =datos_base!$E$5*parametros_carros!G$15 -> 2.64 | J38: =datos_base!$E$5*parametros_carros!H$15 -> 2.97 | K38: =datos_base!$E$5*parametros_carros!I$15 -> 2.97 | ... O38: =datos_base!$E$5*parametros_carros!M$15 -> 2.64 | P38: =SUM(D38:O38) -> 33
A39: 2029 | B39: Cilindros ABC 25 kg | C39: Cilindro | D39: =datos_base!$E$9*parametros_carros!B$12 -> 4.25 | E39: =datos_base!$E$9*parametros_carros!C$12 -> 3.75 | F39: =datos_base!$E$9*parametros_carros!D$12 -> 4.5 | G39: =datos_base!$E$9*parametros_carros!E$12 -> 4.5 | H39: =datos_base!$E$9*parametros_carros!F$12 -> 4.5 | I39: =datos_base!$E$9*parametros_carros!G$12 -> 4 | J39: =datos_base!$E$9*parametros_carros!H$12 -> 4.5 | K39: =datos_base!$E$9*parametros_carros!I$12 -> 4.5 | ... O39: =datos_base!$E$9*parametros_carros!M$12 -> 4 | P39: =SUM(D39:O39) -> 50
A40: 2029 | B40: Cilindros ABC 50 kg | C40: Cilindro | D40: =datos_base!$E$10*parametros_carros!B$13 -> 9.435 | E40: =datos_base!$E$10*parametros_carros!C$13 -> 8.325 | F40: =datos_base!$E$10*parametros_carros!D$13 -> 9.99 | G40: =datos_base!$E$10*parametros_carros!E$13 -> 9.99 | H40: =datos_base!$E$10*parametros_carros!F$13 -> 9.99 | I40: =datos_base!$E$10*parametros_carros!G$13 -> 8.88 | J40: =datos_base!$E$10*parametros_carros!H$13 -> 9.99 | K40: =datos_base!$E$10*parametros_carros!I$13 -> 9.99 | ... O40: =datos_base!$E$10*parametros_carros!M$13 -> 8.88 | P40: =SUM(D40:O40) -> 111
A41: 2029 | B41: Cilindros ABC 70 kg | C41: Cilindro | D41: =datos_base!$E$11*parametros_carros!B$14 -> 2.04 | E41: =datos_base!$E$11*parametros_carros!C$14 -> 1.8 | F41: =datos_base!$E$11*parametros_carros!D$14 -> 2.16 | G41: =datos_base!$E$11*parametros_carros!E$14 -> 2.16 | H41: =datos_base!$E$11*parametros_carros!F$14 -> 2.16 | I41: =datos_base!$E$11*parametros_carros!G$14 -> 1.92 | J41: =datos_base!$E$11*parametros_carros!H$14 -> 2.16 | K41: =datos_base!$E$11*parametros_carros!I$14 -> 2.16 | ... O41: =datos_base!$E$11*parametros_carros!M$14 -> 1.92 | P41: =SUM(D41:O41) -> 24
A42: 2029 | B42: Cilindros ABC 100 kg | C42: Cilindro | D42: =datos_base!$E$12*parametros_carros!B$15 -> 1.36 | E42: =datos_base!$E$12*parametros_carros!C$15 -> 1.2 | F42: =datos_base!$E$12*parametros_carros!D$15 -> 1.44 | G42: =datos_base!$E$12*parametros_carros!E$15 -> 1.44 | H42: =datos_base!$E$12*parametros_carros!F$15 -> 1.44 | I42: =datos_base!$E$12*parametros_carros!G$15 -> 1.28 | J42: =datos_base!$E$12*parametros_carros!H$15 -> 1.44 | K42: =datos_base!$E$12*parametros_carros!I$15 -> 1.44 | ... O42: =datos_base!$E$12*parametros_carros!M$15 -> 1.28 | P42: =SUM(D42:O42) -> 16
B43: Total recipientes | D43: =SUM(D35:D42) -> 51.255 | E43: =SUM(E35:E42) -> 45.225 | F43: =SUM(F35:F42) -> 54.27 | G43: =SUM(G35:G42) -> 54.27 | H43: =SUM(H35:H42) -> 54.27 | I43: =SUM(I35:I42) -> 48.24 | J43: =SUM(J35:J42) -> 54.27 | K43: =SUM(K35:K42) -> 54.27 | ... P43: =SUM(P35:P42) -> 603
A45: 2030 | B45: Producto | C45: Tipo | D45: Ene | E45: Feb | F45: Mar | G45: Abr | H45: May | I45: Jun | J45: Jul | K45: Ago | L45: Sep | M45: Oct | N45: Nov | O45: Dic | P45: Total anual
A46: 2030 | B46: Carro ABC 25 kg | C46: Terminado | D46: =datos_base!$F$2*parametros_carros!B$12 -> 13.26 | E46: =datos_base!$F$2*parametros_carros!C$12 -> 11.7 | F46: =datos_base!$F$2*parametros_carros!D$12 -> 14.04 | G46: =datos_base!$F$2*parametros_carros!E$12 -> 14.04 | H46: =datos_base!$F$2*parametros_carros!F$12 -> 14.04 | I46: =datos_base!$F$2*parametros_carros!G$12 -> 12.48 | J46: =datos_base!$F$2*parametros_carros!H$12 -> 14.04 | K46: =datos_base!$F$2*parametros_carros!I$12 -> 14.04 | ... O46: =datos_base!$F$2*parametros_carros!M$12 -> 12.48 | P46: =SUM(D46:O46) -> 156
A47: 2030 | B47: Carro ABC 50 kg | C47: Terminado | D47: =datos_base!$F$3*parametros_carros!B$13 -> 29.155 | E47: =datos_base!$F$3*parametros_carros!C$13 -> 25.725 | F47: =datos_base!$F$3*parametros_carros!D$13 -> 30.87 | G47: =datos_base!$F$3*parametros_carros!E$13 -> 30.87 | H47: =datos_base!$F$3*parametros_carros!F$13 -> 30.87 | I47: =datos_base!$F$3*parametros_carros!G$13 -> 27.44 | J47: =datos_base!$F$3*parametros_carros!H$13 -> 30.87 | K47: =datos_base!$F$3*parametros_carros!I$13 -> 30.87 | ... O47: =datos_base!$F$3*parametros_carros!M$13 -> 27.44 | P47: =SUM(D47:O47) -> 343
A48: 2030 | B48: Carro ABC 70 kg | C48: Terminado | D48: =datos_base!$F$4*parametros_carros!B$14 -> 6.29 | E48: =datos_base!$F$4*parametros_carros!C$14 -> 5.55 | F48: =datos_base!$F$4*parametros_carros!D$14 -> 6.66 | G48: =datos_base!$F$4*parametros_carros!E$14 -> 6.66 | H48: =datos_base!$F$4*parametros_carros!F$14 -> 6.66 | I48: =datos_base!$F$4*parametros_carros!G$14 -> 5.92 | J48: =datos_base!$F$4*parametros_carros!H$14 -> 6.66 | K48: =datos_base!$F$4*parametros_carros!I$14 -> 6.66 | ... O48: =datos_base!$F$4*parametros_carros!M$14 -> 5.92 | P48: =SUM(D48:O48) -> 74
A49: 2030 | B49: Carro ABC 100 kg | C49: Terminado | D49: =datos_base!$F$5*parametros_carros!B$15 -> 4.25 | E49: =datos_base!$F$5*parametros_carros!C$15 -> 3.75 | F49: =datos_base!$F$5*parametros_carros!D$15 -> 4.5 | G49: =datos_base!$F$5*parametros_carros!E$15 -> 4.5 | H49: =datos_base!$F$5*parametros_carros!F$15 -> 4.5 | I49: =datos_base!$F$5*parametros_carros!G$15 -> 4 | J49: =datos_base!$F$5*parametros_carros!H$15 -> 4.5 | K49: =datos_base!$F$5*parametros_carros!I$15 -> 4.5 | ... O49: =datos_base!$F$5*parametros_carros!M$15 -> 4 | P49: =SUM(D49:O49) -> 50
A50: 2030 | B50: Cilindros ABC 25 kg | C50: Cilindro | D50: =datos_base!$F$9*parametros_carros!B$12 -> 7.905 | E50: =datos_base!$F$9*parametros_carros!C$12 -> 6.975 | F50: =datos_base!$F$9*parametros_carros!D$12 -> 8.37 | G50: =datos_base!$F$9*parametros_carros!E$12 -> 8.37 | H50: =datos_base!$F$9*parametros_carros!F$12 -> 8.37 | I50: =datos_base!$F$9*parametros_carros!G$12 -> 7.44 | J50: =datos_base!$F$9*parametros_carros!H$12 -> 8.37 | K50: =datos_base!$F$9*parametros_carros!I$12 -> 8.37 | ... O50: =datos_base!$F$9*parametros_carros!M$12 -> 7.44 | P50: =SUM(D50:O50) -> 93
A51: 2030 | B51: Cilindros ABC 50 kg | C51: Cilindro | D51: =datos_base!$F$10*parametros_carros!B$13 -> 17.425 | E51: =datos_base!$F$10*parametros_carros!C$13 -> 15.375 | F51: =datos_base!$F$10*parametros_carros!D$13 -> 18.45 | G51: =datos_base!$F$10*parametros_carros!E$13 -> 18.45 | H51: =datos_base!$F$10*parametros_carros!F$13 -> 18.45 | I51: =datos_base!$F$10*parametros_carros!G$13 -> 16.4 | J51: =datos_base!$F$10*parametros_carros!H$13 -> 18.45 | K51: =datos_base!$F$10*parametros_carros!I$13 -> 18.45 | ... O51: =datos_base!$F$10*parametros_carros!M$13 -> 16.4 | P51: =SUM(D51:O51) -> 205
A52: 2030 | B52: Cilindros ABC 70 kg | C52: Cilindro | D52: =datos_base!$F$11*parametros_carros!B$14 -> 3.825 | E52: =datos_base!$F$11*parametros_carros!C$14 -> 3.375 | F52: =datos_base!$F$11*parametros_carros!D$14 -> 4.05 | G52: =datos_base!$F$11*parametros_carros!E$14 -> 4.05 | H52: =datos_base!$F$11*parametros_carros!F$14 -> 4.05 | I52: =datos_base!$F$11*parametros_carros!G$14 -> 3.6 | J52: =datos_base!$F$11*parametros_carros!H$14 -> 4.05 | K52: =datos_base!$F$11*parametros_carros!I$14 -> 4.05 | ... O52: =datos_base!$F$11*parametros_carros!M$14 -> 3.6 | P52: =SUM(D52:O52) -> 45
A53: 2030 | B53: Cilindros ABC 100 kg | C53: Cilindro | D53: =datos_base!$F$12*parametros_carros!B$15 -> 2.55 | E53: =datos_base!$F$12*parametros_carros!C$15 -> 2.25 | F53: =datos_base!$F$12*parametros_carros!D$15 -> 2.7 | G53: =datos_base!$F$12*parametros_carros!E$15 -> 2.7 | H53: =datos_base!$F$12*parametros_carros!F$15 -> 2.7 | I53: =datos_base!$F$12*parametros_carros!G$15 -> 2.4 | J53: =datos_base!$F$12*parametros_carros!H$15 -> 2.7 | K53: =datos_base!$F$12*parametros_carros!I$15 -> 2.7 | ... O53: =datos_base!$F$12*parametros_carros!M$15 -> 2.4 | P53: =SUM(D53:O53) -> 30
B54: Total recipientes | D54: =SUM(D46:D53) -> 84.66 | E54: =SUM(E46:E53) -> 74.7 | F54: =SUM(F46:F53) -> 89.64 | G54: =SUM(G46:G53) -> 89.64 | H54: =SUM(H46:H53) -> 89.64 | I54: =SUM(I46:I53) -> 79.68 | J54: =SUM(J46:J53) -> 89.64 | K54: =SUM(K46:K53) -> 89.64 | ... P54: =SUM(P46:P53) -> 996
A56: 2031 | B56: Producto | C56: Tipo | D56: Ene | E56: Feb | F56: Mar | G56: Abr | H56: May | I56: Jun | J56: Jul | K56: Ago | L56: Sep | M56: Oct | N56: Nov | O56: Dic | P56: Total anual
A57: 2031 | B57: Carro ABC 25 kg | C57: Terminado | D57: =datos_base!$G$2*parametros_carros!B$12 -> 18.02 | E57: =datos_base!$G$2*parametros_carros!C$12 -> 15.9 | F57: =datos_base!$G$2*parametros_carros!D$12 -> 19.08 | G57: =datos_base!$G$2*parametros_carros!E$12 -> 19.08 | H57: =datos_base!$G$2*parametros_carros!F$12 -> 19.08 | I57: =datos_base!$G$2*parametros_carros!G$12 -> 16.96 | J57: =datos_base!$G$2*parametros_carros!H$12 -> 19.08 | K57: =datos_base!$G$2*parametros_carros!I$12 -> 19.08 | ... O57: =datos_base!$G$2*parametros_carros!M$12 -> 16.96 | P57: =SUM(D57:O57) -> 212
A58: 2031 | B58: Carro ABC 50 kg | C58: Terminado | D58: =datos_base!$G$3*parametros_carros!B$13 -> 39.61 | E58: =datos_base!$G$3*parametros_carros!C$13 -> 34.95 | F58: =datos_base!$G$3*parametros_carros!D$13 -> 41.94 | G58: =datos_base!$G$3*parametros_carros!E$13 -> 41.94 | H58: =datos_base!$G$3*parametros_carros!F$13 -> 41.94 | I58: =datos_base!$G$3*parametros_carros!G$13 -> 37.28 | J58: =datos_base!$G$3*parametros_carros!H$13 -> 41.94 | K58: =datos_base!$G$3*parametros_carros!I$13 -> 41.94 | ... O58: =datos_base!$G$3*parametros_carros!M$13 -> 37.28 | P58: =SUM(D58:O58) -> 466
A59: 2031 | B59: Carro ABC 70 kg | C59: Terminado | D59: =datos_base!$G$4*parametros_carros!B$14 -> 8.585 | E59: =datos_base!$G$4*parametros_carros!C$14 -> 7.575 | F59: =datos_base!$G$4*parametros_carros!D$14 -> 9.09 | G59: =datos_base!$G$4*parametros_carros!E$14 -> 9.09 | H59: =datos_base!$G$4*parametros_carros!F$14 -> 9.09 | I59: =datos_base!$G$4*parametros_carros!G$14 -> 8.08 | J59: =datos_base!$G$4*parametros_carros!H$14 -> 9.09 | K59: =datos_base!$G$4*parametros_carros!I$14 -> 9.09 | ... O59: =datos_base!$G$4*parametros_carros!M$14 -> 8.08 | P59: =SUM(D59:O59) -> 101
A60: 2031 | B60: Carro ABC 100 kg | C60: Terminado | D60: =datos_base!$G$5*parametros_carros!B$15 -> 5.695 | E60: =datos_base!$G$5*parametros_carros!C$15 -> 5.025 | F60: =datos_base!$G$5*parametros_carros!D$15 -> 6.03 | G60: =datos_base!$G$5*parametros_carros!E$15 -> 6.03 | H60: =datos_base!$G$5*parametros_carros!F$15 -> 6.03 | I60: =datos_base!$G$5*parametros_carros!G$15 -> 5.36 | J60: =datos_base!$G$5*parametros_carros!H$15 -> 6.03 | K60: =datos_base!$G$5*parametros_carros!I$15 -> 6.03 | ... O60: =datos_base!$G$5*parametros_carros!M$15 -> 5.36 | P60: =SUM(D60:O60) -> 67
A61: 2031 | B61: Cilindros ABC 25 kg | C61: Cilindro | D61: =datos_base!$G$9*parametros_carros!B$12 -> 11.475 | E61: =datos_base!$G$9*parametros_carros!C$12 -> 10.125 | F61: =datos_base!$G$9*parametros_carros!D$12 -> 12.15 | G61: =datos_base!$G$9*parametros_carros!E$12 -> 12.15 | H61: =datos_base!$G$9*parametros_carros!F$12 -> 12.15 | I61: =datos_base!$G$9*parametros_carros!G$12 -> 10.8 | J61: =datos_base!$G$9*parametros_carros!H$12 -> 12.15 | K61: =datos_base!$G$9*parametros_carros!I$12 -> 12.15 | ... O61: =datos_base!$G$9*parametros_carros!M$12 -> 10.8 | P61: =SUM(D61:O61) -> 135
A62: 2031 | B62: Cilindros ABC 50 kg | C62: Cilindro | D62: =datos_base!$G$10*parametros_carros!B$13 -> 25.33 | E62: =datos_base!$G$10*parametros_carros!C$13 -> 22.35 | F62: =datos_base!$G$10*parametros_carros!D$13 -> 26.82 | G62: =datos_base!$G$10*parametros_carros!E$13 -> 26.82 | H62: =datos_base!$G$10*parametros_carros!F$13 -> 26.82 | I62: =datos_base!$G$10*parametros_carros!G$13 -> 23.84 | J62: =datos_base!$G$10*parametros_carros!H$13 -> 26.82 | K62: =datos_base!$G$10*parametros_carros!I$13 -> 26.82 | ... O62: =datos_base!$G$10*parametros_carros!M$13 -> 23.84 | P62: =SUM(D62:O62) -> 298
A63: 2031 | B63: Cilindros ABC 70 kg | C63: Cilindro | D63: =datos_base!$G$11*parametros_carros!B$14 -> 5.525 | E63: =datos_base!$G$11*parametros_carros!C$14 -> 4.875 | F63: =datos_base!$G$11*parametros_carros!D$14 -> 5.85 | G63: =datos_base!$G$11*parametros_carros!E$14 -> 5.85 | H63: =datos_base!$G$11*parametros_carros!F$14 -> 5.85 | I63: =datos_base!$G$11*parametros_carros!G$14 -> 5.2 | J63: =datos_base!$G$11*parametros_carros!H$14 -> 5.85 | K63: =datos_base!$G$11*parametros_carros!I$14 -> 5.85 | ... O63: =datos_base!$G$11*parametros_carros!M$14 -> 5.2 | P63: =SUM(D63:O63) -> 65
A64: 2031 | B64: Cilindros ABC 100 kg | C64: Cilindro | D64: =datos_base!$G$12*parametros_carros!B$15 -> 3.655 | E64: =datos_base!$G$12*parametros_carros!C$15 -> 3.225 | F64: =datos_base!$G$12*parametros_carros!D$15 -> 3.87 | G64: =datos_base!$G$12*parametros_carros!E$15 -> 3.87 | H64: =datos_base!$G$12*parametros_carros!F$15 -> 3.87 | I64: =datos_base!$G$12*parametros_carros!G$15 -> 3.44 | J64: =datos_base!$G$12*parametros_carros!H$15 -> 3.87 | K64: =datos_base!$G$12*parametros_carros!I$15 -> 3.87 | ... O64: =datos_base!$G$12*parametros_carros!M$15 -> 3.44 | P64: =SUM(D64:O64) -> 43
B65: Total recipientes | D65: =SUM(D57:D64) -> 117.895 | E65: =SUM(E57:E64) -> 104.025 | F65: =SUM(F57:F64) -> 124.83 | G65: =SUM(G57:G64) -> 124.83 | H65: =SUM(H57:H64) -> 124.83 | I65: =SUM(I57:I64) -> 110.96 | J65: =SUM(J57:J64) -> 124.83 | K65: =SUM(K57:K64) -> 124.83 | ... P65: =SUM(P57:P64) -> 1387
A67: 2032 | B67: Producto | C67: Tipo | D67: Ene | E67: Feb | F67: Mar | G67: Abr | H67: May | I67: Jun | J67: Jul | K67: Ago | L67: Sep | M67: Oct | N67: Nov | O67: Dic | P67: Total anual
A68: 2032 | B68: Carro ABC 25 kg | C68: Terminado | D68: =datos_base!$H$2*parametros_carros!B$12 -> 23.205 | E68: =datos_base!$H$2*parametros_carros!C$12 -> 20.475 | F68: =datos_base!$H$2*parametros_carros!D$12 -> 24.57 | G68: =datos_base!$H$2*parametros_carros!E$12 -> 24.57 | H68: =datos_base!$H$2*parametros_carros!F$12 -> 24.57 | I68: =datos_base!$H$2*parametros_carros!G$12 -> 21.84 | J68: =datos_base!$H$2*parametros_carros!H$12 -> 24.57 | K68: =datos_base!$H$2*parametros_carros!I$12 -> 24.57 | ... O68: =datos_base!$H$2*parametros_carros!M$12 -> 21.84 | P68: =SUM(D68:O68) -> 273
A69: 2032 | B69: Carro ABC 50 kg | C69: Terminado | D69: =datos_base!$H$3*parametros_carros!B$13 -> 50.915 | E69: =datos_base!$H$3*parametros_carros!C$13 -> 44.925 | F69: =datos_base!$H$3*parametros_carros!D$13 -> 53.91 | G69: =datos_base!$H$3*parametros_carros!E$13 -> 53.91 | H69: =datos_base!$H$3*parametros_carros!F$13 -> 53.91 | I69: =datos_base!$H$3*parametros_carros!G$13 -> 47.92 | J69: =datos_base!$H$3*parametros_carros!H$13 -> 53.91 | K69: =datos_base!$H$3*parametros_carros!I$13 -> 53.91 | ... O69: =datos_base!$H$3*parametros_carros!M$13 -> 47.92 | P69: =SUM(D69:O69) -> 599
A70: 2032 | B70: Carro ABC 70 kg | C70: Terminado | D70: =datos_base!$H$4*parametros_carros!B$14 -> 11.135 | E70: =datos_base!$H$4*parametros_carros!C$14 -> 9.825 | F70: =datos_base!$H$4*parametros_carros!D$14 -> 11.79 | G70: =datos_base!$H$4*parametros_carros!E$14 -> 11.79 | H70: =datos_base!$H$4*parametros_carros!F$14 -> 11.79 | I70: =datos_base!$H$4*parametros_carros!G$14 -> 10.48 | J70: =datos_base!$H$4*parametros_carros!H$14 -> 11.79 | K70: =datos_base!$H$4*parametros_carros!I$14 -> 11.79 | ... O70: =datos_base!$H$4*parametros_carros!M$14 -> 10.48 | P70: =SUM(D70:O70) -> 131
A71: 2032 | B71: Carro ABC 100 kg | C71: Terminado | D71: =datos_base!$H$5*parametros_carros!B$15 -> 7.395 | E71: =datos_base!$H$5*parametros_carros!C$15 -> 6.525 | F71: =datos_base!$H$5*parametros_carros!D$15 -> 7.83 | G71: =datos_base!$H$5*parametros_carros!E$15 -> 7.83 | H71: =datos_base!$H$5*parametros_carros!F$15 -> 7.83 | I71: =datos_base!$H$5*parametros_carros!G$15 -> 6.96 | J71: =datos_base!$H$5*parametros_carros!H$15 -> 7.83 | K71: =datos_base!$H$5*parametros_carros!I$15 -> 7.83 | ... O71: =datos_base!$H$5*parametros_carros!M$15 -> 6.96 | P71: =SUM(D71:O71) -> 87
A72: 2032 | B72: Cilindros ABC 25 kg | C72: Cilindro | D72: =datos_base!$H$9*parametros_carros!B$12 -> 16.235 | E72: =datos_base!$H$9*parametros_carros!C$12 -> 14.325 | F72: =datos_base!$H$9*parametros_carros!D$12 -> 17.19 | G72: =datos_base!$H$9*parametros_carros!E$12 -> 17.19 | H72: =datos_base!$H$9*parametros_carros!F$12 -> 17.19 | I72: =datos_base!$H$9*parametros_carros!G$12 -> 15.28 | J72: =datos_base!$H$9*parametros_carros!H$12 -> 17.19 | K72: =datos_base!$H$9*parametros_carros!I$12 -> 17.19 | ... O72: =datos_base!$H$9*parametros_carros!M$12 -> 15.28 | P72: =SUM(D72:O72) -> 191
A73: 2032 | B73: Cilindros ABC 50 kg | C73: Cilindro | D73: =datos_base!$H$10*parametros_carros!B$13 -> 35.785 | E73: =datos_base!$H$10*parametros_carros!C$13 -> 31.575 | F73: =datos_base!$H$10*parametros_carros!D$13 -> 37.89 | G73: =datos_base!$H$10*parametros_carros!E$13 -> 37.89 | H73: =datos_base!$H$10*parametros_carros!F$13 -> 37.89 | I73: =datos_base!$H$10*parametros_carros!G$13 -> 33.68 | J73: =datos_base!$H$10*parametros_carros!H$13 -> 37.89 | K73: =datos_base!$H$10*parametros_carros!I$13 -> 37.89 | ... O73: =datos_base!$H$10*parametros_carros!M$13 -> 33.68 | P73: =SUM(D73:O73) -> 421
A74: 2032 | B74: Cilindros ABC 70 kg | C74: Cilindro | D74: =datos_base!$H$11*parametros_carros!B$14 -> 7.82 | E74: =datos_base!$H$11*parametros_carros!C$14 -> 6.9 | F74: =datos_base!$H$11*parametros_carros!D$14 -> 8.28 | G74: =datos_base!$H$11*parametros_carros!E$14 -> 8.28 | H74: =datos_base!$H$11*parametros_carros!F$14 -> 8.28 | I74: =datos_base!$H$11*parametros_carros!G$14 -> 7.36 | J74: =datos_base!$H$11*parametros_carros!H$14 -> 8.28 | K74: =datos_base!$H$11*parametros_carros!I$14 -> 8.28 | ... O74: =datos_base!$H$11*parametros_carros!M$14 -> 7.36 | P74: =SUM(D74:O74) -> 92
A75: 2032 | B75: Cilindros ABC 100 kg | C75: Cilindro | D75: =datos_base!$H$12*parametros_carros!B$15 -> 5.1 | E75: =datos_base!$H$12*parametros_carros!C$15 -> 4.5 | F75: =datos_base!$H$12*parametros_carros!D$15 -> 5.4 | G75: =datos_base!$H$12*parametros_carros!E$15 -> 5.4 | H75: =datos_base!$H$12*parametros_carros!F$15 -> 5.4 | I75: =datos_base!$H$12*parametros_carros!G$15 -> 4.8 | J75: =datos_base!$H$12*parametros_carros!H$15 -> 5.4 | K75: =datos_base!$H$12*parametros_carros!I$15 -> 5.4 | ... O75: =datos_base!$H$12*parametros_carros!M$15 -> 4.8 | P75: =SUM(D75:O75) -> 60
B76: Total recipientes | D76: =SUM(D68:D75) -> 157.59 | E76: =SUM(E68:E75) -> 139.05 | F76: =SUM(F68:F75) -> 166.86 | G76: =SUM(G68:G75) -> 166.86 | H76: =SUM(H68:H75) -> 166.86 | I76: =SUM(I68:I75) -> 148.32 | J76: =SUM(J68:J75) -> 166.86 | K76: =SUM(K68:K75) -> 166.86 | ... P76: =SUM(P68:P75) -> 1854
A78: 2033 | B78: Producto | C78: Tipo | D78: Ene | E78: Feb | F78: Mar | G78: Abr | H78: May | I78: Jun | J78: Jul | K78: Ago | L78: Sep | M78: Oct | N78: Nov | O78: Dic | P78: Total anual
A79: 2033 | B79: Carro ABC 25 kg | C79: Terminado | D79: =datos_base!$I$2*parametros_carros!B$12 -> 28.73 | E79: =datos_base!$I$2*parametros_carros!C$12 -> 25.35 | F79: =datos_base!$I$2*parametros_carros!D$12 -> 30.42 | G79: =datos_base!$I$2*parametros_carros!E$12 -> 30.42 | H79: =datos_base!$I$2*parametros_carros!F$12 -> 30.42 | I79: =datos_base!$I$2*parametros_carros!G$12 -> 27.04 | J79: =datos_base!$I$2*parametros_carros!H$12 -> 30.42 | K79: =datos_base!$I$2*parametros_carros!I$12 -> 30.42 | ... O79: =datos_base!$I$2*parametros_carros!M$12 -> 27.04 | P79: =SUM(D79:O79) -> 338
A80: 2033 | B80: Carro ABC 50 kg | C80: Terminado | D80: =datos_base!$I$3*parametros_carros!B$13 -> 63.155 | E80: =datos_base!$I$3*parametros_carros!C$13 -> 55.725 | F80: =datos_base!$I$3*parametros_carros!D$13 -> 66.87 | G80: =datos_base!$I$3*parametros_carros!E$13 -> 66.87 | H80: =datos_base!$I$3*parametros_carros!F$13 -> 66.87 | I80: =datos_base!$I$3*parametros_carros!G$13 -> 59.44 | J80: =datos_base!$I$3*parametros_carros!H$13 -> 66.87 | K80: =datos_base!$I$3*parametros_carros!I$13 -> 66.87 | ... O80: =datos_base!$I$3*parametros_carros!M$13 -> 59.44 | P80: =SUM(D80:O80) -> 743
A81: 2033 | B81: Carro ABC 70 kg | C81: Terminado | D81: =datos_base!$I$4*parametros_carros!B$14 -> 13.855 | E81: =datos_base!$I$4*parametros_carros!C$14 -> 12.225 | F81: =datos_base!$I$4*parametros_carros!D$14 -> 14.67 | G81: =datos_base!$I$4*parametros_carros!E$14 -> 14.67 | H81: =datos_base!$I$4*parametros_carros!F$14 -> 14.67 | I81: =datos_base!$I$4*parametros_carros!G$14 -> 13.04 | J81: =datos_base!$I$4*parametros_carros!H$14 -> 14.67 | K81: =datos_base!$I$4*parametros_carros!I$14 -> 14.67 | ... O81: =datos_base!$I$4*parametros_carros!M$14 -> 13.04 | P81: =SUM(D81:O81) -> 163
A82: 2033 | B82: Carro ABC 100 kg | C82: Terminado | D82: =datos_base!$I$5*parametros_carros!B$15 -> 9.18 | E82: =datos_base!$I$5*parametros_carros!C$15 -> 8.1 | F82: =datos_base!$I$5*parametros_carros!D$15 -> 9.72 | G82: =datos_base!$I$5*parametros_carros!E$15 -> 9.72 | H82: =datos_base!$I$5*parametros_carros!F$15 -> 9.72 | I82: =datos_base!$I$5*parametros_carros!G$15 -> 8.64 | J82: =datos_base!$I$5*parametros_carros!H$15 -> 9.72 | K82: =datos_base!$I$5*parametros_carros!I$15 -> 9.72 | ... O82: =datos_base!$I$5*parametros_carros!M$15 -> 8.64 | P82: =SUM(D82:O82) -> 108
A83: 2033 | B83: Cilindros ABC 25 kg | C83: Cilindro | D83: =datos_base!$I$9*parametros_carros!B$12 -> 20.995 | E83: =datos_base!$I$9*parametros_carros!C$12 -> 18.525 | F83: =datos_base!$I$9*parametros_carros!D$12 -> 22.23 | G83: =datos_base!$I$9*parametros_carros!E$12 -> 22.23 | H83: =datos_base!$I$9*parametros_carros!F$12 -> 22.23 | I83: =datos_base!$I$9*parametros_carros!G$12 -> 19.76 | J83: =datos_base!$I$9*parametros_carros!H$12 -> 22.23 | K83: =datos_base!$I$9*parametros_carros!I$12 -> 22.23 | ... O83: =datos_base!$I$9*parametros_carros!M$12 -> 19.76 | P83: =SUM(D83:O83) -> 247
A84: 2033 | B84: Cilindros ABC 50 kg | C84: Cilindro | D84: =datos_base!$I$10*parametros_carros!B$13 -> 46.24 | E84: =datos_base!$I$10*parametros_carros!C$13 -> 40.8 | F84: =datos_base!$I$10*parametros_carros!D$13 -> 48.96 | G84: =datos_base!$I$10*parametros_carros!E$13 -> 48.96 | H84: =datos_base!$I$10*parametros_carros!F$13 -> 48.96 | I84: =datos_base!$I$10*parametros_carros!G$13 -> 43.52 | J84: =datos_base!$I$10*parametros_carros!H$13 -> 48.96 | K84: =datos_base!$I$10*parametros_carros!I$13 -> 48.96 | ... O84: =datos_base!$I$10*parametros_carros!M$13 -> 43.52 | P84: =SUM(D84:O84) -> 544
A85: 2033 | B85: Cilindros ABC 70 kg | C85: Cilindro | D85: =datos_base!$I$11*parametros_carros!B$14 -> 10.115 | E85: =datos_base!$I$11*parametros_carros!C$14 -> 8.925 | F85: =datos_base!$I$11*parametros_carros!D$14 -> 10.71 | G85: =datos_base!$I$11*parametros_carros!E$14 -> 10.71 | H85: =datos_base!$I$11*parametros_carros!F$14 -> 10.71 | I85: =datos_base!$I$11*parametros_carros!G$14 -> 9.52 | J85: =datos_base!$I$11*parametros_carros!H$14 -> 10.71 | K85: =datos_base!$I$11*parametros_carros!I$14 -> 10.71 | ... O85: =datos_base!$I$11*parametros_carros!M$14 -> 9.52 | P85: =SUM(D85:O85) -> 119
A86: 2033 | B86: Cilindros ABC 100 kg | C86: Cilindro | D86: =datos_base!$I$12*parametros_carros!B$15 -> 6.63 | E86: =datos_base!$I$12*parametros_carros!C$15 -> 5.85 | F86: =datos_base!$I$12*parametros_carros!D$15 -> 7.02 | G86: =datos_base!$I$12*parametros_carros!E$15 -> 7.02 | H86: =datos_base!$I$12*parametros_carros!F$15 -> 7.02 | I86: =datos_base!$I$12*parametros_carros!G$15 -> 6.24 | J86: =datos_base!$I$12*parametros_carros!H$15 -> 7.02 | K86: =datos_base!$I$12*parametros_carros!I$15 -> 7.02 | ... O86: =datos_base!$I$12*parametros_carros!M$15 -> 6.24 | P86: =SUM(D86:O86) -> 78
B87: Total recipientes | D87: =SUM(D79:D86) -> 198.9 | E87: =SUM(E79:E86) -> 175.5 | F87: =SUM(F79:F86) -> 210.6 | G87: =SUM(G79:G86) -> 210.6 | H87: =SUM(H79:H86) -> 210.6 | I87: =SUM(I79:I86) -> 187.2 | J87: =SUM(J79:J86) -> 210.6 | K87: =SUM(K79:K86) -> 210.6 | ... P87: =SUM(P79:P86) -> 2340
A89: 2034 | B89: Producto | C89: Tipo | D89: Ene | E89: Feb | F89: Mar | G89: Abr | H89: May | I89: Jun | J89: Jul | K89: Ago | L89: Sep | M89: Oct | N89: Nov | O89: Dic | P89: Total anual
A90: 2034 | B90: Carro ABC 25 kg | C90: Terminado | D90: =datos_base!$J$2*parametros_carros!B$12 -> 33.405 | E90: =datos_base!$J$2*parametros_carros!C$12 -> 29.475 | F90: =datos_base!$J$2*parametros_carros!D$12 -> 35.37 | G90: =datos_base!$J$2*parametros_carros!E$12 -> 35.37 | H90: =datos_base!$J$2*parametros_carros!F$12 -> 35.37 | I90: =datos_base!$J$2*parametros_carros!G$12 -> 31.44 | J90: =datos_base!$J$2*parametros_carros!H$12 -> 35.37 | K90: =datos_base!$J$2*parametros_carros!I$12 -> 35.37 | ... O90: =datos_base!$J$2*parametros_carros!M$12 -> 31.44 | P90: =SUM(D90:O90) -> 393
A91: 2034 | B91: Carro ABC 50 kg | C91: Terminado | D91: =datos_base!$J$3*parametros_carros!B$13 -> 73.61 | E91: =datos_base!$J$3*parametros_carros!C$13 -> 64.95 | F91: =datos_base!$J$3*parametros_carros!D$13 -> 77.94 | G91: =datos_base!$J$3*parametros_carros!E$13 -> 77.94 | H91: =datos_base!$J$3*parametros_carros!F$13 -> 77.94 | I91: =datos_base!$J$3*parametros_carros!G$13 -> 69.28 | J91: =datos_base!$J$3*parametros_carros!H$13 -> 77.94 | K91: =datos_base!$J$3*parametros_carros!I$13 -> 77.94 | ... O91: =datos_base!$J$3*parametros_carros!M$13 -> 69.28 | P91: =SUM(D91:O91) -> 866
A92: 2034 | B92: Carro ABC 70 kg | C92: Terminado | D92: =datos_base!$J$4*parametros_carros!B$14 -> 16.065 | E92: =datos_base!$J$4*parametros_carros!C$14 -> 14.175 | F92: =datos_base!$J$4*parametros_carros!D$14 -> 17.01 | G92: =datos_base!$J$4*parametros_carros!E$14 -> 17.01 | H92: =datos_base!$J$4*parametros_carros!F$14 -> 17.01 | I92: =datos_base!$J$4*parametros_carros!G$14 -> 15.12 | J92: =datos_base!$J$4*parametros_carros!H$14 -> 17.01 | K92: =datos_base!$J$4*parametros_carros!I$14 -> 17.01 | ... O92: =datos_base!$J$4*parametros_carros!M$14 -> 15.12 | P92: =SUM(D92:O92) -> 189
A93: 2034 | B93: Carro ABC 100 kg | C93: Terminado | D93: =datos_base!$J$5*parametros_carros!B$15 -> 10.71 | E93: =datos_base!$J$5*parametros_carros!C$15 -> 9.45 | F93: =datos_base!$J$5*parametros_carros!D$15 -> 11.34 | G93: =datos_base!$J$5*parametros_carros!E$15 -> 11.34 | H93: =datos_base!$J$5*parametros_carros!F$15 -> 11.34 | I93: =datos_base!$J$5*parametros_carros!G$15 -> 10.08 | J93: =datos_base!$J$5*parametros_carros!H$15 -> 11.34 | K93: =datos_base!$J$5*parametros_carros!I$15 -> 11.34 | ... O93: =datos_base!$J$5*parametros_carros!M$15 -> 10.08 | P93: =SUM(D93:O93) -> 126
A94: 2034 | B94: Cilindros ABC 25 kg | C94: Cilindro | D94: =datos_base!$J$9*parametros_carros!B$12 -> 23.545 | E94: =datos_base!$J$9*parametros_carros!C$12 -> 20.775 | F94: =datos_base!$J$9*parametros_carros!D$12 -> 24.93 | G94: =datos_base!$J$9*parametros_carros!E$12 -> 24.93 | H94: =datos_base!$J$9*parametros_carros!F$12 -> 24.93 | I94: =datos_base!$J$9*parametros_carros!G$12 -> 22.16 | J94: =datos_base!$J$9*parametros_carros!H$12 -> 24.93 | K94: =datos_base!$J$9*parametros_carros!I$12 -> 24.93 | ... O94: =datos_base!$J$9*parametros_carros!M$12 -> 22.16 | P94: =SUM(D94:O94) -> 277
A95: 2034 | B95: Cilindros ABC 50 kg | C95: Cilindro | D95: =datos_base!$J$10*parametros_carros!B$13 -> 51.85 | E95: =datos_base!$J$10*parametros_carros!C$13 -> 45.75 | F95: =datos_base!$J$10*parametros_carros!D$13 -> 54.9 | G95: =datos_base!$J$10*parametros_carros!E$13 -> 54.9 | H95: =datos_base!$J$10*parametros_carros!F$13 -> 54.9 | I95: =datos_base!$J$10*parametros_carros!G$13 -> 48.8 | J95: =datos_base!$J$10*parametros_carros!H$13 -> 54.9 | K95: =datos_base!$J$10*parametros_carros!I$13 -> 54.9 | ... O95: =datos_base!$J$10*parametros_carros!M$13 -> 48.8 | P95: =SUM(D95:O95) -> 610
A96: 2034 | B96: Cilindros ABC 70 kg | C96: Cilindro | D96: =datos_base!$J$11*parametros_carros!B$14 -> 11.305 | E96: =datos_base!$J$11*parametros_carros!C$14 -> 9.975 | F96: =datos_base!$J$11*parametros_carros!D$14 -> 11.97 | G96: =datos_base!$J$11*parametros_carros!E$14 -> 11.97 | H96: =datos_base!$J$11*parametros_carros!F$14 -> 11.97 | I96: =datos_base!$J$11*parametros_carros!G$14 -> 10.64 | J96: =datos_base!$J$11*parametros_carros!H$14 -> 11.97 | K96: =datos_base!$J$11*parametros_carros!I$14 -> 11.97 | ... O96: =datos_base!$J$11*parametros_carros!M$14 -> 10.64 | P96: =SUM(D96:O96) -> 133
A97: 2034 | B97: Cilindros ABC 100 kg | C97: Cilindro | D97: =datos_base!$J$12*parametros_carros!B$15 -> 7.48 | E97: =datos_base!$J$12*parametros_carros!C$15 -> 6.6 | F97: =datos_base!$J$12*parametros_carros!D$15 -> 7.92 | G97: =datos_base!$J$12*parametros_carros!E$15 -> 7.92 | H97: =datos_base!$J$12*parametros_carros!F$15 -> 7.92 | I97: =datos_base!$J$12*parametros_carros!G$15 -> 7.04 | J97: =datos_base!$J$12*parametros_carros!H$15 -> 7.92 | K97: =datos_base!$J$12*parametros_carros!I$15 -> 7.92 | ... O97: =datos_base!$J$12*parametros_carros!M$15 -> 7.04 | P97: =SUM(D97:O97) -> 88
B98: Total recipientes | D98: =SUM(D90:D97) -> 227.97 | E98: =SUM(E90:E97) -> 201.15 | F98: =SUM(F90:F97) -> 241.38 | G98: =SUM(G90:G97) -> 241.38 | H98: =SUM(H90:H97) -> 241.38 | I98: =SUM(I90:I97) -> 214.56 | J98: =SUM(J90:J97) -> 241.38 | K98: =SUM(K90:K97) -> 241.38 | ... P98: =SUM(P90:P97) -> 2682
A100: 2035 | B100: Producto | C100: Tipo | D100: Ene | E100: Feb | F100: Mar | G100: Abr | H100: May | I100: Jun | J100: Jul | K100: Ago | L100: Sep | M100: Oct | N100: Nov | O100: Dic | P100: Total anual
A101: 2035 | B101: Carro ABC 25 kg | C101: Terminado | D101: =datos_base!$K$2*parametros_carros!B$12 -> 38.505 | E101: =datos_base!$K$2*parametros_carros!C$12 -> 33.975 | F101: =datos_base!$K$2*parametros_carros!D$12 -> 40.77 | G101: =datos_base!$K$2*parametros_carros!E$12 -> 40.77 | H101: =datos_base!$K$2*parametros_carros!F$12 -> 40.77 | I101: =datos_base!$K$2*parametros_carros!G$12 -> 36.24 | J101: =datos_base!$K$2*parametros_carros!H$12 -> 40.77 | K101: =datos_base!$K$2*parametros_carros!I$12 -> 40.77 | ... O101: =datos_base!$K$2*parametros_carros!M$12 -> 36.24 | P101: =SUM(D101:O101) -> 453
A102: 2035 | B102: Carro ABC 50 kg | C102: Terminado | D102: =datos_base!$K$3*parametros_carros!B$13 -> 84.745 | E102: =datos_base!$K$3*parametros_carros!C$13 -> 74.775 | F102: =datos_base!$K$3*parametros_carros!D$13 -> 89.73 | G102: =datos_base!$K$3*parametros_carros!E$13 -> 89.73 | H102: =datos_base!$K$3*parametros_carros!F$13 -> 89.73 | I102: =datos_base!$K$3*parametros_carros!G$13 -> 79.76 | J102: =datos_base!$K$3*parametros_carros!H$13 -> 89.73 | K102: =datos_base!$K$3*parametros_carros!I$13 -> 89.73 | ... O102: =datos_base!$K$3*parametros_carros!M$13 -> 79.76 | P102: =SUM(D102:O102) -> 997
A103: 2035 | B103: Carro ABC 70 kg | C103: Terminado | D103: =datos_base!$K$4*parametros_carros!B$14 -> 18.53 | E103: =datos_base!$K$4*parametros_carros!C$14 -> 16.35 | F103: =datos_base!$K$4*parametros_carros!D$14 -> 19.62 | G103: =datos_base!$K$4*parametros_carros!E$14 -> 19.62 | H103: =datos_base!$K$4*parametros_carros!F$14 -> 19.62 | I103: =datos_base!$K$4*parametros_carros!G$14 -> 17.44 | J103: =datos_base!$K$4*parametros_carros!H$14 -> 19.62 | K103: =datos_base!$K$4*parametros_carros!I$14 -> 19.62 | ... O103: =datos_base!$K$4*parametros_carros!M$14 -> 17.44 | P103: =SUM(D103:O103) -> 218
A104: 2035 | B104: Carro ABC 100 kg | C104: Terminado | D104: =datos_base!$K$5*parametros_carros!B$15 -> 12.325 | E104: =datos_base!$K$5*parametros_carros!C$15 -> 10.875 | F104: =datos_base!$K$5*parametros_carros!D$15 -> 13.05 | G104: =datos_base!$K$5*parametros_carros!E$15 -> 13.05 | H104: =datos_base!$K$5*parametros_carros!F$15 -> 13.05 | I104: =datos_base!$K$5*parametros_carros!G$15 -> 11.6 | J104: =datos_base!$K$5*parametros_carros!H$15 -> 13.05 | K104: =datos_base!$K$5*parametros_carros!I$15 -> 13.05 | ... O104: =datos_base!$K$5*parametros_carros!M$15 -> 11.6 | P104: =SUM(D104:O104) -> 145
A105: 2035 | B105: Cilindros ABC 25 kg | C105: Cilindro | D105: =datos_base!$K$9*parametros_carros!B$12 -> 27.37 | E105: =datos_base!$K$9*parametros_carros!C$12 -> 24.15 | F105: =datos_base!$K$9*parametros_carros!D$12 -> 28.98 | G105: =datos_base!$K$9*parametros_carros!E$12 -> 28.98 | H105: =datos_base!$K$9*parametros_carros!F$12 -> 28.98 | I105: =datos_base!$K$9*parametros_carros!G$12 -> 25.76 | J105: =datos_base!$K$9*parametros_carros!H$12 -> 28.98 | K105: =datos_base!$K$9*parametros_carros!I$12 -> 28.98 | ... O105: =datos_base!$K$9*parametros_carros!M$12 -> 25.76 | P105: =SUM(D105:O105) -> 322
A106: 2035 | B106: Cilindros ABC 50 kg | C106: Cilindro | D106: =datos_base!$K$10*parametros_carros!B$13 -> 60.18 | E106: =datos_base!$K$10*parametros_carros!C$13 -> 53.1 | F106: =datos_base!$K$10*parametros_carros!D$13 -> 63.72 | G106: =datos_base!$K$10*parametros_carros!E$13 -> 63.72 | H106: =datos_base!$K$10*parametros_carros!F$13 -> 63.72 | I106: =datos_base!$K$10*parametros_carros!G$13 -> 56.64 | J106: =datos_base!$K$10*parametros_carros!H$13 -> 63.72 | K106: =datos_base!$K$10*parametros_carros!I$13 -> 63.72 | ... O106: =datos_base!$K$10*parametros_carros!M$13 -> 56.64 | P106: =SUM(D106:O106) -> 708
A107: 2035 | B107: Cilindros ABC 70 kg | C107: Cilindro | D107: =datos_base!$K$11*parametros_carros!B$14 -> 13.175 | E107: =datos_base!$K$11*parametros_carros!C$14 -> 11.625 | F107: =datos_base!$K$11*parametros_carros!D$14 -> 13.95 | G107: =datos_base!$K$11*parametros_carros!E$14 -> 13.95 | H107: =datos_base!$K$11*parametros_carros!F$14 -> 13.95 | I107: =datos_base!$K$11*parametros_carros!G$14 -> 12.4 | J107: =datos_base!$K$11*parametros_carros!H$14 -> 13.95 | K107: =datos_base!$K$11*parametros_carros!I$14 -> 13.95 | ... O107: =datos_base!$K$11*parametros_carros!M$14 -> 12.4 | P107: =SUM(D107:O107) -> 155
A108: 2035 | B108: Cilindros ABC 100 kg | C108: Cilindro | D108: =datos_base!$K$12*parametros_carros!B$15 -> 8.67 | E108: =datos_base!$K$12*parametros_carros!C$15 -> 7.65 | F108: =datos_base!$K$12*parametros_carros!D$15 -> 9.18 | G108: =datos_base!$K$12*parametros_carros!E$15 -> 9.18 | H108: =datos_base!$K$12*parametros_carros!F$15 -> 9.18 | I108: =datos_base!$K$12*parametros_carros!G$15 -> 8.16 | J108: =datos_base!$K$12*parametros_carros!H$15 -> 9.18 | K108: =datos_base!$K$12*parametros_carros!I$15 -> 9.18 | ... O108: =datos_base!$K$12*parametros_carros!M$15 -> 8.16 | P108: =SUM(D108:O108) -> 102
B109: Total recipientes | D109: =SUM(D101:D108) -> 263.5 | E109: =SUM(E101:E108) -> 232.5 | F109: =SUM(F101:F108) -> 279 | G109: =SUM(G101:G108) -> 279 | H109: =SUM(H101:H108) -> 279 | I109: =SUM(I101:I108) -> 248 | J109: =SUM(J101:J108) -> 279 | K109: =SUM(K101:K108) -> 279 | ... P109: =SUM(P101:P108) -> 3100

Sheet Demanda por puesto
A1: Año 2026 — carga (h/mes) | B1: Ene | C1: Feb | D1: Mar | E1: Abr | F1: May | G1: Jun | H1: Jul | I1: Ago | J1: Sep | K1: Oct | L1: Nov | M1: Dic | N1: Total anual (h) | O1: Mes pico (h/mes) | P1: Ocupación pico (1 puesto, 1 turno, con fijos) | Q1: Mes pico
A2: =parametros_carros!$B$19 -> Recepción de materia prima | B2: =(parametros_carros!$D$19*('Plan mensual'!D2+IF(parametros_carros!$H$19="Todos",'Plan mensual'!D6,0))+parametros_carros!$E$19*('Plan mensual'!D3+IF(parametros_carros!$H$19="Todos",'Plan mensual'!D7,0))+parametros_carros!$F$19*('Plan mensual'!D4+IF(parametros_carros!$H$19="Todos",'Plan mensual'!D8,0))+parametros_carros!$G$19*('Plan mensual'!D5+IF(parametros_carros!$H$19="Todos",'Plan mensual'!D9,0)))/60 -> 0.34342833 | C2: =(parametros_carros!$D$19*('Plan mensual'!E2+IF(parametros_carros!$H$19="Todos",'Plan mensual'!E6,0))+parametros_carros!$E$19*('Plan mensual'!E3+IF(parametros_carros!$H$19="Todos",'Plan mensual'!E7,0))+parametros_carros!$F$19*('Plan mensual'!E4+IF(parametros_carros!$H$19="Todos",'Plan mensual'!E8,0))+parametros_carros!$G$19*('Plan mensual'!E5+IF(parametros_carros!$H$19="Todos",'Plan mensual'!E9,0)))/60 -> 0.303025 | D2: =(parametros_carros!$D$19*('Plan mensual'!F2+IF(parametros_carros!$H$19="Todos",'Plan mensual'!F6,0))+parametros_carros!$E$19*('Plan mensual'!F3+IF(parametros_carros!$H$19="Todos",'Plan mensual'!F7,0))+parametros_carros!$F$19*('Plan mensual'!F4+IF(parametros_carros!$H$19="Todos",'Plan mensual'!F8,0))+parametros_carros!$G$19*('Plan mensual'!F5+IF(parametros_carros!$H$19="Todos",'Plan mensual'!F9,0)))/60 -> 0.36363 | E2: =(parametros_carros!$D$19*('Plan mensual'!G2+IF(parametros_carros!$H$19="Todos",'Plan mensual'!G6,0))+parametros_carros!$E$19*('Plan mensual'!G3+IF(parametros_carros!$H$19="Todos",'Plan mensual'!G7,0))+parametros_carros!$F$19*('Plan mensual'!G4+IF(parametros_carros!$H$19="Todos",'Plan mensual'!G8,0))+parametros_carros!$G$19*('Plan mensual'!G5+IF(parametros_carros!$H$19="Todos",'Plan mensual'!G9,0)))/60 -> 0.36363 | F2: =(parametros_carros!$D$19*('Plan mensual'!H2+IF(parametros_carros!$H$19="Todos",'Plan mensual'!H6,0))+parametros_carros!$E$19*('Plan mensual'!H3+IF(parametros_carros!$H$19="Todos",'Plan mensual'!H7,0))+parametros_carros!$F$19*('Plan mensual'!H4+IF(parametros_carros!$H$19="Todos",'Plan mensual'!H8,0))+parametros_carros!$G$19*('Plan mensual'!H5+IF(parametros_carros!$H$19="Todos",'Plan mensual'!H9,0)))/60 -> 0.36363 | G2: =(parametros_carros!$D$19*('Plan mensual'!I2+IF(parametros_carros!$H$19="Todos",'Plan mensual'!I6,0))+parametros_carros!$E$19*('Plan mensual'!I3+IF(parametros_carros!$H$19="Todos",'Plan mensual'!I7,0))+parametros_carros!$F$19*('Plan mensual'!I4+IF(parametros_carros!$H$19="Todos",'Plan mensual'!I8,0))+parametros_carros!$G$19*('Plan mensual'!I5+IF(parametros_carros!$H$19="Todos",'Plan mensual'!I9,0)))/60 -> 0.32322667 | H2: =(parametros_carros!$D$19*('Plan mensual'!J2+IF(parametros_carros!$H$19="Todos",'Plan mensual'!J6,0))+parametros_carros!$E$19*('Plan mensual'!J3+IF(parametros_carros!$H$19="Todos",'Plan mensual'!J7,0))+parametros_carros!$F$19*('Plan mensual'!J4+IF(parametros_carros!$H$19="Todos",'Plan mensual'!J8,0))+parametros_carros!$G$19*('Plan mensual'!J5+IF(parametros_carros!$H$19="Todos",'Plan mensual'!J9,0)))/60 -> 0.36363 | I2: =(parametros_carros!$D$19*('Plan mensual'!K2+IF(parametros_carros!$H$19="Todos",'Plan mensual'!K6,0))+parametros_carros!$E$19*('Plan mensual'!K3+IF(parametros_carros!$H$19="Todos",'Plan mensual'!K7,0))+parametros_carros!$F$19*('Plan mensual'!K4+IF(parametros_carros!$H$19="Todos",'Plan mensual'!K8,0))+parametros_carros!$G$19*('Plan mensual'!K5+IF(parametros_carros!$H$19="Todos",'Plan mensual'!K9,0)))/60 -> 0.36363 | ... M2: =(parametros_carros!$D$19*('Plan mensual'!O2+IF(parametros_carros!$H$19="Todos",'Plan mensual'!O6,0))+parametros_carros!$E$19*('Plan mensual'!O3+IF(parametros_carros!$H$19="Todos",'Plan mensual'!O7,0))+parametros_carros!$F$19*('Plan mensual'!O4+IF(parametros_carros!$H$19="Todos",'Plan mensual'!O8,0))+parametros_carros!$G$19*('Plan mensual'!O5+IF(parametros_carros!$H$19="Todos",'Plan mensual'!O9,0)))/60 -> 0.32322667 | N2: =SUM(B2:M2) -> 4.0403333 | O2: =MAX(B2:M2) -> 0.36363 | P2: =IF(parametros_carros!$B$7=0,0,(O2+parametros_carros!$G$45)/parametros_carros!$B$7) -> 0.050535311 | Q2: =IF(O2=0,"-",INDEX($B$1:$M$1,MATCH(O2,B2:M2,0))) -> Mar
A3: =parametros_carros!$B$20 -> Corte de chapa (guillotina) | B3: =(parametros_carros!$D$20*('Plan mensual'!D2+IF(parametros_carros!$H$20="Todos",'Plan mensual'!D6,0))+parametros_carros!$E$20*('Plan mensual'!D3+IF(parametros_carros!$H$20="Todos",'Plan mensual'!D7,0))+parametros_carros!$F$20*('Plan mensual'!D4+IF(parametros_carros!$H$20="Todos",'Plan mensual'!D8,0))+parametros_carros!$G$20*('Plan mensual'!D5+IF(parametros_carros!$H$20="Todos",'Plan mensual'!D9,0)))/60 -> 0.75378113 | C3: =(parametros_carros!$D$20*('Plan mensual'!E2+IF(parametros_carros!$H$20="Todos",'Plan mensual'!E6,0))+parametros_carros!$E$20*('Plan mensual'!E3+IF(parametros_carros!$H$20="Todos",'Plan mensual'!E7,0))+parametros_carros!$F$20*('Plan mensual'!E4+IF(parametros_carros!$H$20="Todos",'Plan mensual'!E8,0))+parametros_carros!$G$20*('Plan mensual'!E5+IF(parametros_carros!$H$20="Todos",'Plan mensual'!E9,0)))/60 -> 0.665101 | D3: =(parametros_carros!$D$20*('Plan mensual'!F2+IF(parametros_carros!$H$20="Todos",'Plan mensual'!F6,0))+parametros_carros!$E$20*('Plan mensual'!F3+IF(parametros_carros!$H$20="Todos",'Plan mensual'!F7,0))+parametros_carros!$F$20*('Plan mensual'!F4+IF(parametros_carros!$H$20="Todos",'Plan mensual'!F8,0))+parametros_carros!$G$20*('Plan mensual'!F5+IF(parametros_carros!$H$20="Todos",'Plan mensual'!F9,0)))/60 -> 0.7981212 | E3: =(parametros_carros!$D$20*('Plan mensual'!G2+IF(parametros_carros!$H$20="Todos",'Plan mensual'!G6,0))+parametros_carros!$E$20*('Plan mensual'!G3+IF(parametros_carros!$H$20="Todos",'Plan mensual'!G7,0))+parametros_carros!$F$20*('Plan mensual'!G4+IF(parametros_carros!$H$20="Todos",'Plan mensual'!G8,0))+parametros_carros!$G$20*('Plan mensual'!G5+IF(parametros_carros!$H$20="Todos",'Plan mensual'!G9,0)))/60 -> 0.7981212 | F3: =(parametros_carros!$D$20*('Plan mensual'!H2+IF(parametros_carros!$H$20="Todos",'Plan mensual'!H6,0))+parametros_carros!$E$20*('Plan mensual'!H3+IF(parametros_carros!$H$20="Todos",'Plan mensual'!H7,0))+parametros_carros!$F$20*('Plan mensual'!H4+IF(parametros_carros!$H$20="Todos",'Plan mensual'!H8,0))+parametros_carros!$G$20*('Plan mensual'!H5+IF(parametros_carros!$H$20="Todos",'Plan mensual'!H9,0)))/60 -> 0.7981212 | G3: =(parametros_carros!$D$20*('Plan mensual'!I2+IF(parametros_carros!$H$20="Todos",'Plan mensual'!I6,0))+parametros_carros!$E$20*('Plan mensual'!I3+IF(parametros_carros!$H$20="Todos",'Plan mensual'!I7,0))+parametros_carros!$F$20*('Plan mensual'!I4+IF(parametros_carros!$H$20="Todos",'Plan mensual'!I8,0))+parametros_carros!$G$20*('Plan mensual'!I5+IF(parametros_carros!$H$20="Todos",'Plan mensual'!I9,0)))/60 -> 0.70944106 | H3: =(parametros_carros!$D$20*('Plan mensual'!J2+IF(parametros_carros!$H$20="Todos",'Plan mensual'!J6,0))+parametros_carros!$E$20*('Plan mensual'!J3+IF(parametros_carros!$H$20="Todos",'Plan mensual'!J7,0))+parametros_carros!$F$20*('Plan mensual'!J4+IF(parametros_carros!$H$20="Todos",'Plan mensual'!J8,0))+parametros_carros!$G$20*('Plan mensual'!J5+IF(parametros_carros!$H$20="Todos",'Plan mensual'!J9,0)))/60 -> 0.7981212 | I3: =(parametros_carros!$D$20*('Plan mensual'!K2+IF(parametros_carros!$H$20="Todos",'Plan mensual'!K6,0))+parametros_carros!$E$20*('Plan mensual'!K3+IF(parametros_carros!$H$20="Todos",'Plan mensual'!K7,0))+parametros_carros!$F$20*('Plan mensual'!K4+IF(parametros_carros!$H$20="Todos",'Plan mensual'!K8,0))+parametros_carros!$G$20*('Plan mensual'!K5+IF(parametros_carros!$H$20="Todos",'Plan mensual'!K9,0)))/60 -> 0.7981212 | ... M3: =(parametros_carros!$D$20*('Plan mensual'!O2+IF(parametros_carros!$H$20="Todos",'Plan mensual'!O6,0))+parametros_carros!$E$20*('Plan mensual'!O3+IF(parametros_carros!$H$20="Todos",'Plan mensual'!O7,0))+parametros_carros!$F$20*('Plan mensual'!O4+IF(parametros_carros!$H$20="Todos",'Plan mensual'!O8,0))+parametros_carros!$G$20*('Plan mensual'!O5+IF(parametros_carros!$H$20="Todos",'Plan mensual'!O9,0)))/60 -> 0.70944106 | N3: =SUM(B3:M3) -> 8.8680133 | O3: =MAX(B3:M3) -> 0.7981212 | P3: =IF(parametros_carros!$B$7=0,0,(O3+parametros_carros!$G$46)/parametros_carros!$B$7) -> 0.06754303 | Q3: =IF(O3=0,"-",INDEX($B$1:$M$1,MATCH(O3,B3:M3,0))) -> Mar
A4: =parametros_carros!$B$21 -> Marcado del cuerpo | B4: =(parametros_carros!$D$21*('Plan mensual'!D2+IF(parametros_carros!$H$21="Todos",'Plan mensual'!D6,0))+parametros_carros!$E$21*('Plan mensual'!D3+IF(parametros_carros!$H$21="Todos",'Plan mensual'!D7,0))+parametros_carros!$F$21*('Plan mensual'!D4+IF(parametros_carros!$H$21="Todos",'Plan mensual'!D8,0))+parametros_carros!$G$21*('Plan mensual'!D5+IF(parametros_carros!$H$21="Todos",'Plan mensual'!D9,0)))/60 -> 0.300475 | C4: =(parametros_carros!$D$21*('Plan mensual'!E2+IF(parametros_carros!$H$21="Todos",'Plan mensual'!E6,0))+parametros_carros!$E$21*('Plan mensual'!E3+IF(parametros_carros!$H$21="Todos",'Plan mensual'!E7,0))+parametros_carros!$F$21*('Plan mensual'!E4+IF(parametros_carros!$H$21="Todos",'Plan mensual'!E8,0))+parametros_carros!$G$21*('Plan mensual'!E5+IF(parametros_carros!$H$21="Todos",'Plan mensual'!E9,0)))/60 -> 0.265125 | D4: =(parametros_carros!$D$21*('Plan mensual'!F2+IF(parametros_carros!$H$21="Todos",'Plan mensual'!F6,0))+parametros_carros!$E$21*('Plan mensual'!F3+IF(parametros_carros!$H$21="Todos",'Plan mensual'!F7,0))+parametros_carros!$F$21*('Plan mensual'!F4+IF(parametros_carros!$H$21="Todos",'Plan mensual'!F8,0))+parametros_carros!$G$21*('Plan mensual'!F5+IF(parametros_carros!$H$21="Todos",'Plan mensual'!F9,0)))/60 -> 0.31815 | E4: =(parametros_carros!$D$21*('Plan mensual'!G2+IF(parametros_carros!$H$21="Todos",'Plan mensual'!G6,0))+parametros_carros!$E$21*('Plan mensual'!G3+IF(parametros_carros!$H$21="Todos",'Plan mensual'!G7,0))+parametros_carros!$F$21*('Plan mensual'!G4+IF(parametros_carros!$H$21="Todos",'Plan mensual'!G8,0))+parametros_carros!$G$21*('Plan mensual'!G5+IF(parametros_carros!$H$21="Todos",'Plan mensual'!G9,0)))/60 -> 0.31815 | F4: =(parametros_carros!$D$21*('Plan mensual'!H2+IF(parametros_carros!$H$21="Todos",'Plan mensual'!H6,0))+parametros_carros!$E$21*('Plan mensual'!H3+IF(parametros_carros!$H$21="Todos",'Plan mensual'!H7,0))+parametros_carros!$F$21*('Plan mensual'!H4+IF(parametros_carros!$H$21="Todos",'Plan mensual'!H8,0))+parametros_carros!$G$21*('Plan mensual'!H5+IF(parametros_carros!$H$21="Todos",'Plan mensual'!H9,0)))/60 -> 0.31815 | G4: =(parametros_carros!$D$21*('Plan mensual'!I2+IF(parametros_carros!$H$21="Todos",'Plan mensual'!I6,0))+parametros_carros!$E$21*('Plan mensual'!I3+IF(parametros_carros!$H$21="Todos",'Plan mensual'!I7,0))+parametros_carros!$F$21*('Plan mensual'!I4+IF(parametros_carros!$H$21="Todos",'Plan mensual'!I8,0))+parametros_carros!$G$21*('Plan mensual'!I5+IF(parametros_carros!$H$21="Todos",'Plan mensual'!I9,0)))/60 -> 0.2828 | H4: =(parametros_carros!$D$21*('Plan mensual'!J2+IF(parametros_carros!$H$21="Todos",'Plan mensual'!J6,0))+parametros_carros!$E$21*('Plan mensual'!J3+IF(parametros_carros!$H$21="Todos",'Plan mensual'!J7,0))+parametros_carros!$F$21*('Plan mensual'!J4+IF(parametros_carros!$H$21="Todos",'Plan mensual'!J8,0))+parametros_carros!$G$21*('Plan mensual'!J5+IF(parametros_carros!$H$21="Todos",'Plan mensual'!J9,0)))/60 -> 0.31815 | I4: =(parametros_carros!$D$21*('Plan mensual'!K2+IF(parametros_carros!$H$21="Todos",'Plan mensual'!K6,0))+parametros_carros!$E$21*('Plan mensual'!K3+IF(parametros_carros!$H$21="Todos",'Plan mensual'!K7,0))+parametros_carros!$F$21*('Plan mensual'!K4+IF(parametros_carros!$H$21="Todos",'Plan mensual'!K8,0))+parametros_carros!$G$21*('Plan mensual'!K5+IF(parametros_carros!$H$21="Todos",'Plan mensual'!K9,0)))/60 -> 0.31815 | ... M4: =(parametros_carros!$D$21*('Plan mensual'!O2+IF(parametros_carros!$H$21="Todos",'Plan mensual'!O6,0))+parametros_carros!$E$21*('Plan mensual'!O3+IF(parametros_carros!$H$21="Todos",'Plan mensual'!O7,0))+parametros_carros!$F$21*('Plan mensual'!O4+IF(parametros_carros!$H$21="Todos",'Plan mensual'!O8,0))+parametros_carros!$G$21*('Plan mensual'!O5+IF(parametros_carros!$H$21="Todos",'Plan mensual'!O9,0)))/60 -> 0.2828 | N4: =SUM(B4:M4) -> 3.535 | O4: =MAX(B4:M4) -> 0.31815 | P4: =IF(parametros_carros!$B$7=0,0,(O4+parametros_carros!$G$47)/parametros_carros!$B$7) -> 0.014343222 | Q4: =IF(O4=0,"-",INDEX($B$1:$M$1,MATCH(O4,B4:M4,0))) -> Mar
A5: =parametros_carros!$B$22 -> Cilindrado | B5: =(parametros_carros!$D$22*('Plan mensual'!D2+IF(parametros_carros!$H$22="Todos",'Plan mensual'!D6,0))+parametros_carros!$E$22*('Plan mensual'!D3+IF(parametros_carros!$H$22="Todos",'Plan mensual'!D7,0))+parametros_carros!$F$22*('Plan mensual'!D4+IF(parametros_carros!$H$22="Todos",'Plan mensual'!D8,0))+parametros_carros!$G$22*('Plan mensual'!D5+IF(parametros_carros!$H$22="Todos",'Plan mensual'!D9,0)))/60 -> 0.64256304 | C5: =(parametros_carros!$D$22*('Plan mensual'!E2+IF(parametros_carros!$H$22="Todos",'Plan mensual'!E6,0))+parametros_carros!$E$22*('Plan mensual'!E3+IF(parametros_carros!$H$22="Todos",'Plan mensual'!E7,0))+parametros_carros!$F$22*('Plan mensual'!E4+IF(parametros_carros!$H$22="Todos",'Plan mensual'!E8,0))+parametros_carros!$G$22*('Plan mensual'!E5+IF(parametros_carros!$H$22="Todos",'Plan mensual'!E9,0)))/60 -> 0.56696739 | D5: =(parametros_carros!$D$22*('Plan mensual'!F2+IF(parametros_carros!$H$22="Todos",'Plan mensual'!F6,0))+parametros_carros!$E$22*('Plan mensual'!F3+IF(parametros_carros!$H$22="Todos",'Plan mensual'!F7,0))+parametros_carros!$F$22*('Plan mensual'!F4+IF(parametros_carros!$H$22="Todos",'Plan mensual'!F8,0))+parametros_carros!$G$22*('Plan mensual'!F5+IF(parametros_carros!$H$22="Todos",'Plan mensual'!F9,0)))/60 -> 0.68036087 | E5: =(parametros_carros!$D$22*('Plan mensual'!G2+IF(parametros_carros!$H$22="Todos",'Plan mensual'!G6,0))+parametros_carros!$E$22*('Plan mensual'!G3+IF(parametros_carros!$H$22="Todos",'Plan mensual'!G7,0))+parametros_carros!$F$22*('Plan mensual'!G4+IF(parametros_carros!$H$22="Todos",'Plan mensual'!G8,0))+parametros_carros!$G$22*('Plan mensual'!G5+IF(parametros_carros!$H$22="Todos",'Plan mensual'!G9,0)))/60 -> 0.68036087 | F5: =(parametros_carros!$D$22*('Plan mensual'!H2+IF(parametros_carros!$H$22="Todos",'Plan mensual'!H6,0))+parametros_carros!$E$22*('Plan mensual'!H3+IF(parametros_carros!$H$22="Todos",'Plan mensual'!H7,0))+parametros_carros!$F$22*('Plan mensual'!H4+IF(parametros_carros!$H$22="Todos",'Plan mensual'!H8,0))+parametros_carros!$G$22*('Plan mensual'!H5+IF(parametros_carros!$H$22="Todos",'Plan mensual'!H9,0)))/60 -> 0.68036087 | G5: =(parametros_carros!$D$22*('Plan mensual'!I2+IF(parametros_carros!$H$22="Todos",'Plan mensual'!I6,0))+parametros_carros!$E$22*('Plan mensual'!I3+IF(parametros_carros!$H$22="Todos",'Plan mensual'!I7,0))+parametros_carros!$F$22*('Plan mensual'!I4+IF(parametros_carros!$H$22="Todos",'Plan mensual'!I8,0))+parametros_carros!$G$22*('Plan mensual'!I5+IF(parametros_carros!$H$22="Todos",'Plan mensual'!I9,0)))/60 -> 0.60476522 | H5: =(parametros_carros!$D$22*('Plan mensual'!J2+IF(parametros_carros!$H$22="Todos",'Plan mensual'!J6,0))+parametros_carros!$E$22*('Plan mensual'!J3+IF(parametros_carros!$H$22="Todos",'Plan mensual'!J7,0))+parametros_carros!$F$22*('Plan mensual'!J4+IF(parametros_carros!$H$22="Todos",'Plan mensual'!J8,0))+parametros_carros!$G$22*('Plan mensual'!J5+IF(parametros_carros!$H$22="Todos",'Plan mensual'!J9,0)))/60 -> 0.68036087 | I5: =(parametros_carros!$D$22*('Plan mensual'!K2+IF(parametros_carros!$H$22="Todos",'Plan mensual'!K6,0))+parametros_carros!$E$22*('Plan mensual'!K3+IF(parametros_carros!$H$22="Todos",'Plan mensual'!K7,0))+parametros_carros!$F$22*('Plan mensual'!K4+IF(parametros_carros!$H$22="Todos",'Plan mensual'!K8,0))+parametros_carros!$G$22*('Plan mensual'!K5+IF(parametros_carros!$H$22="Todos",'Plan mensual'!K9,0)))/60 -> 0.68036087 | ... M5: =(parametros_carros!$D$22*('Plan mensual'!O2+IF(parametros_carros!$H$22="Todos",'Plan mensual'!O6,0))+parametros_carros!$E$22*('Plan mensual'!O3+IF(parametros_carros!$H$22="Todos",'Plan mensual'!O7,0))+parametros_carros!$F$22*('Plan mensual'!O4+IF(parametros_carros!$H$22="Todos",'Plan mensual'!O8,0))+parametros_carros!$G$22*('Plan mensual'!O5+IF(parametros_carros!$H$22="Todos",'Plan mensual'!O9,0)))/60 -> 0.60476522 | N5: =SUM(B5:M5) -> 7.5595652 | O5: =MAX(B5:M5) -> 0.68036087 | P5: =IF(parametros_carros!$B$7=0,0,(O5+parametros_carros!$G$48)/parametros_carros!$B$7) -> 0.044535739 | Q5: =IF(O5=0,"-",INDEX($B$1:$M$1,MATCH(O5,B5:M5,0))) -> Mar
A6: =parametros_carros!$B$23 -> Punteo del cuerpo | B6: =(parametros_carros!$D$23*('Plan mensual'!D2+IF(parametros_carros!$H$23="Todos",'Plan mensual'!D6,0))+parametros_carros!$E$23*('Plan mensual'!D3+IF(parametros_carros!$H$23="Todos",'Plan mensual'!D7,0))+parametros_carros!$F$23*('Plan mensual'!D4+IF(parametros_carros!$H$23="Todos",'Plan mensual'!D8,0))+parametros_carros!$G$23*('Plan mensual'!D5+IF(parametros_carros!$H$23="Todos",'Plan mensual'!D9,0)))/60 -> 0.95125471 | C6: =(parametros_carros!$D$23*('Plan mensual'!E2+IF(parametros_carros!$H$23="Todos",'Plan mensual'!E6,0))+parametros_carros!$E$23*('Plan mensual'!E3+IF(parametros_carros!$H$23="Todos",'Plan mensual'!E7,0))+parametros_carros!$F$23*('Plan mensual'!E4+IF(parametros_carros!$H$23="Todos",'Plan mensual'!E8,0))+parametros_carros!$G$23*('Plan mensual'!E5+IF(parametros_carros!$H$23="Todos",'Plan mensual'!E9,0)))/60 -> 0.83934239 | D6: =(parametros_carros!$D$23*('Plan mensual'!F2+IF(parametros_carros!$H$23="Todos",'Plan mensual'!F6,0))+parametros_carros!$E$23*('Plan mensual'!F3+IF(parametros_carros!$H$23="Todos",'Plan mensual'!F7,0))+parametros_carros!$F$23*('Plan mensual'!F4+IF(parametros_carros!$H$23="Todos",'Plan mensual'!F8,0))+parametros_carros!$G$23*('Plan mensual'!F5+IF(parametros_carros!$H$23="Todos",'Plan mensual'!F9,0)))/60 -> 1.0072109 | E6: =(parametros_carros!$D$23*('Plan mensual'!G2+IF(parametros_carros!$H$23="Todos",'Plan mensual'!G6,0))+parametros_carros!$E$23*('Plan mensual'!G3+IF(parametros_carros!$H$23="Todos",'Plan mensual'!G7,0))+parametros_carros!$F$23*('Plan mensual'!G4+IF(parametros_carros!$H$23="Todos",'Plan mensual'!G8,0))+parametros_carros!$G$23*('Plan mensual'!G5+IF(parametros_carros!$H$23="Todos",'Plan mensual'!G9,0)))/60 -> 1.0072109 | F6: =(parametros_carros!$D$23*('Plan mensual'!H2+IF(parametros_carros!$H$23="Todos",'Plan mensual'!H6,0))+parametros_carros!$E$23*('Plan mensual'!H3+IF(parametros_carros!$H$23="Todos",'Plan mensual'!H7,0))+parametros_carros!$F$23*('Plan mensual'!H4+IF(parametros_carros!$H$23="Todos",'Plan mensual'!H8,0))+parametros_carros!$G$23*('Plan mensual'!H5+IF(parametros_carros!$H$23="Todos",'Plan mensual'!H9,0)))/60 -> 1.0072109 | G6: =(parametros_carros!$D$23*('Plan mensual'!I2+IF(parametros_carros!$H$23="Todos",'Plan mensual'!I6,0))+parametros_carros!$E$23*('Plan mensual'!I3+IF(parametros_carros!$H$23="Todos",'Plan mensual'!I7,0))+parametros_carros!$F$23*('Plan mensual'!I4+IF(parametros_carros!$H$23="Todos",'Plan mensual'!I8,0))+parametros_carros!$G$23*('Plan mensual'!I5+IF(parametros_carros!$H$23="Todos",'Plan mensual'!I9,0)))/60 -> 0.89529855 | H6: =(parametros_carros!$D$23*('Plan mensual'!J2+IF(parametros_carros!$H$23="Todos",'Plan mensual'!J6,0))+parametros_carros!$E$23*('Plan mensual'!J3+IF(parametros_carros!$H$23="Todos",'Plan mensual'!J7,0))+parametros_carros!$F$23*('Plan mensual'!J4+IF(parametros_carros!$H$23="Todos",'Plan mensual'!J8,0))+parametros_carros!$G$23*('Plan mensual'!J5+IF(parametros_carros!$H$23="Todos",'Plan mensual'!J9,0)))/60 -> 1.0072109 | I6: =(parametros_carros!$D$23*('Plan mensual'!K2+IF(parametros_carros!$H$23="Todos",'Plan mensual'!K6,0))+parametros_carros!$E$23*('Plan mensual'!K3+IF(parametros_carros!$H$23="Todos",'Plan mensual'!K7,0))+parametros_carros!$F$23*('Plan mensual'!K4+IF(parametros_carros!$H$23="Todos",'Plan mensual'!K8,0))+parametros_carros!$G$23*('Plan mensual'!K5+IF(parametros_carros!$H$23="Todos",'Plan mensual'!K9,0)))/60 -> 1.0072109 | ... M6: =(parametros_carros!$D$23*('Plan mensual'!O2+IF(parametros_carros!$H$23="Todos",'Plan mensual'!O6,0))+parametros_carros!$E$23*('Plan mensual'!O3+IF(parametros_carros!$H$23="Todos",'Plan mensual'!O7,0))+parametros_carros!$F$23*('Plan mensual'!O4+IF(parametros_carros!$H$23="Todos",'Plan mensual'!O8,0))+parametros_carros!$G$23*('Plan mensual'!O5+IF(parametros_carros!$H$23="Todos",'Plan mensual'!O9,0)))/60 -> 0.89529855 | N6: =SUM(B6:M6) -> 11.191232 | O6: =MAX(B6:M6) -> 1.0072109 | P6: =IF(parametros_carros!$B$7=0,0,(O6+parametros_carros!$G$49)/parametros_carros!$B$7) -> 0.01782585 | Q6: =IF(O6=0,"-",INDEX($B$1:$M$1,MATCH(O6,B6:M6,0))) -> Mar
A7: =parametros_carros!$B$24 -> Soldadura longitudinal | B7: =(parametros_carros!$D$24*('Plan mensual'!D2+IF(parametros_carros!$H$24="Todos",'Plan mensual'!D6,0))+parametros_carros!$E$24*('Plan mensual'!D3+IF(parametros_carros!$H$24="Todos",'Plan mensual'!D7,0))+parametros_carros!$F$24*('Plan mensual'!D4+IF(parametros_carros!$H$24="Todos",'Plan mensual'!D8,0))+parametros_carros!$G$24*('Plan mensual'!D5+IF(parametros_carros!$H$24="Todos",'Plan mensual'!D9,0)))/60 -> 0.65520833 | C7: =(parametros_carros!$D$24*('Plan mensual'!E2+IF(parametros_carros!$H$24="Todos",'Plan mensual'!E6,0))+parametros_carros!$E$24*('Plan mensual'!E3+IF(parametros_carros!$H$24="Todos",'Plan mensual'!E7,0))+parametros_carros!$F$24*('Plan mensual'!E4+IF(parametros_carros!$H$24="Todos",'Plan mensual'!E8,0))+parametros_carros!$G$24*('Plan mensual'!E5+IF(parametros_carros!$H$24="Todos",'Plan mensual'!E9,0)))/60 -> 0.578125 | D7: =(parametros_carros!$D$24*('Plan mensual'!F2+IF(parametros_carros!$H$24="Todos",'Plan mensual'!F6,0))+parametros_carros!$E$24*('Plan mensual'!F3+IF(parametros_carros!$H$24="Todos",'Plan mensual'!F7,0))+parametros_carros!$F$24*('Plan mensual'!F4+IF(parametros_carros!$H$24="Todos",'Plan mensual'!F8,0))+parametros_carros!$G$24*('Plan mensual'!F5+IF(parametros_carros!$H$24="Todos",'Plan mensual'!F9,0)))/60 -> 0.69375 | E7: =(parametros_carros!$D$24*('Plan mensual'!G2+IF(parametros_carros!$H$24="Todos",'Plan mensual'!G6,0))+parametros_carros!$E$24*('Plan mensual'!G3+IF(parametros_carros!$H$24="Todos",'Plan mensual'!G7,0))+parametros_carros!$F$24*('Plan mensual'!G4+IF(parametros_carros!$H$24="Todos",'Plan mensual'!G8,0))+parametros_carros!$G$24*('Plan mensual'!G5+IF(parametros_carros!$H$24="Todos",'Plan mensual'!G9,0)))/60 -> 0.69375 | F7: =(parametros_carros!$D$24*('Plan mensual'!H2+IF(parametros_carros!$H$24="Todos",'Plan mensual'!H6,0))+parametros_carros!$E$24*('Plan mensual'!H3+IF(parametros_carros!$H$24="Todos",'Plan mensual'!H7,0))+parametros_carros!$F$24*('Plan mensual'!H4+IF(parametros_carros!$H$24="Todos",'Plan mensual'!H8,0))+parametros_carros!$G$24*('Plan mensual'!H5+IF(parametros_carros!$H$24="Todos",'Plan mensual'!H9,0)))/60 -> 0.69375 | G7: =(parametros_carros!$D$24*('Plan mensual'!I2+IF(parametros_carros!$H$24="Todos",'Plan mensual'!I6,0))+parametros_carros!$E$24*('Plan mensual'!I3+IF(parametros_carros!$H$24="Todos",'Plan mensual'!I7,0))+parametros_carros!$F$24*('Plan mensual'!I4+IF(parametros_carros!$H$24="Todos",'Plan mensual'!I8,0))+parametros_carros!$G$24*('Plan mensual'!I5+IF(parametros_carros!$H$24="Todos",'Plan mensual'!I9,0)))/60 -> 0.61666667 | H7: =(parametros_carros!$D$24*('Plan mensual'!J2+IF(parametros_carros!$H$24="Todos",'Plan mensual'!J6,0))+parametros_carros!$E$24*('Plan mensual'!J3+IF(parametros_carros!$H$24="Todos",'Plan mensual'!J7,0))+parametros_carros!$F$24*('Plan mensual'!J4+IF(parametros_carros!$H$24="Todos",'Plan mensual'!J8,0))+parametros_carros!$G$24*('Plan mensual'!J5+IF(parametros_carros!$H$24="Todos",'Plan mensual'!J9,0)))/60 -> 0.69375 | I7: =(parametros_carros!$D$24*('Plan mensual'!K2+IF(parametros_carros!$H$24="Todos",'Plan mensual'!K6,0))+parametros_carros!$E$24*('Plan mensual'!K3+IF(parametros_carros!$H$24="Todos",'Plan mensual'!K7,0))+parametros_carros!$F$24*('Plan mensual'!K4+IF(parametros_carros!$H$24="Todos",'Plan mensual'!K8,0))+parametros_carros!$G$24*('Plan mensual'!K5+IF(parametros_carros!$H$24="Todos",'Plan mensual'!K9,0)))/60 -> 0.69375 | ... M7: =(parametros_carros!$D$24*('Plan mensual'!O2+IF(parametros_carros!$H$24="Todos",'Plan mensual'!O6,0))+parametros_carros!$E$24*('Plan mensual'!O3+IF(parametros_carros!$H$24="Todos",'Plan mensual'!O7,0))+parametros_carros!$F$24*('Plan mensual'!O4+IF(parametros_carros!$H$24="Todos",'Plan mensual'!O8,0))+parametros_carros!$G$24*('Plan mensual'!O5+IF(parametros_carros!$H$24="Todos",'Plan mensual'!O9,0)))/60 -> 0.61666667 | N7: =SUM(B7:M7) -> 7.7083333 | O7: =MAX(B7:M7) -> 0.69375 | P7: =IF(parametros_carros!$B$7=0,0,(O7+parametros_carros!$G$50)/parametros_carros!$B$7) -> 0.022402778 | Q7: =IF(O7=0,"-",INDEX($B$1:$M$1,MATCH(O7,B7:M7,0))) -> Mar
A8: =parametros_carros!$B$25 -> Soldadura de cupla en la cúpula | B8: =(parametros_carros!$D$25*('Plan mensual'!D2+IF(parametros_carros!$H$25="Todos",'Plan mensual'!D6,0))+parametros_carros!$E$25*('Plan mensual'!D3+IF(parametros_carros!$H$25="Todos",'Plan mensual'!D7,0))+parametros_carros!$F$25*('Plan mensual'!D4+IF(parametros_carros!$H$25="Todos",'Plan mensual'!D8,0))+parametros_carros!$G$25*('Plan mensual'!D5+IF(parametros_carros!$H$25="Todos",'Plan mensual'!D9,0)))/60 -> 0.64713333 | C8: =(parametros_carros!$D$25*('Plan mensual'!E2+IF(parametros_carros!$H$25="Todos",'Plan mensual'!E6,0))+parametros_carros!$E$25*('Plan mensual'!E3+IF(parametros_carros!$H$25="Todos",'Plan mensual'!E7,0))+parametros_carros!$F$25*('Plan mensual'!E4+IF(parametros_carros!$H$25="Todos",'Plan mensual'!E8,0))+parametros_carros!$G$25*('Plan mensual'!E5+IF(parametros_carros!$H$25="Todos",'Plan mensual'!E9,0)))/60 -> 0.571 | D8: =(parametros_carros!$D$25*('Plan mensual'!F2+IF(parametros_carros!$H$25="Todos",'Plan mensual'!F6,0))+parametros_carros!$E$25*('Plan mensual'!F3+IF(parametros_carros!$H$25="Todos",'Plan mensual'!F7,0))+parametros_carros!$F$25*('Plan mensual'!F4+IF(parametros_carros!$H$25="Todos",'Plan mensual'!F8,0))+parametros_carros!$G$25*('Plan mensual'!F5+IF(parametros_carros!$H$25="Todos",'Plan mensual'!F9,0)))/60 -> 0.6852 | E8: =(parametros_carros!$D$25*('Plan mensual'!G2+IF(parametros_carros!$H$25="Todos",'Plan mensual'!G6,0))+parametros_carros!$E$25*('Plan mensual'!G3+IF(parametros_carros!$H$25="Todos",'Plan mensual'!G7,0))+parametros_carros!$F$25*('Plan mensual'!G4+IF(parametros_carros!$H$25="Todos",'Plan mensual'!G8,0))+parametros_carros!$G$25*('Plan mensual'!G5+IF(parametros_carros!$H$25="Todos",'Plan mensual'!G9,0)))/60 -> 0.6852 | F8: =(parametros_carros!$D$25*('Plan mensual'!H2+IF(parametros_carros!$H$25="Todos",'Plan mensual'!H6,0))+parametros_carros!$E$25*('Plan mensual'!H3+IF(parametros_carros!$H$25="Todos",'Plan mensual'!H7,0))+parametros_carros!$F$25*('Plan mensual'!H4+IF(parametros_carros!$H$25="Todos",'Plan mensual'!H8,0))+parametros_carros!$G$25*('Plan mensual'!H5+IF(parametros_carros!$H$25="Todos",'Plan mensual'!H9,0)))/60 -> 0.6852 | G8: =(parametros_carros!$D$25*('Plan mensual'!I2+IF(parametros_carros!$H$25="Todos",'Plan mensual'!I6,0))+parametros_carros!$E$25*('Plan mensual'!I3+IF(parametros_carros!$H$25="Todos",'Plan mensual'!I7,0))+parametros_carros!$F$25*('Plan mensual'!I4+IF(parametros_carros!$H$25="Todos",'Plan mensual'!I8,0))+parametros_carros!$G$25*('Plan mensual'!I5+IF(parametros_carros!$H$25="Todos",'Plan mensual'!I9,0)))/60 -> 0.60906667 | H8: =(parametros_carros!$D$25*('Plan mensual'!J2+IF(parametros_carros!$H$25="Todos",'Plan mensual'!J6,0))+parametros_carros!$E$25*('Plan mensual'!J3+IF(parametros_carros!$H$25="Todos",'Plan mensual'!J7,0))+parametros_carros!$F$25*('Plan mensual'!J4+IF(parametros_carros!$H$25="Todos",'Plan mensual'!J8,0))+parametros_carros!$G$25*('Plan mensual'!J5+IF(parametros_carros!$H$25="Todos",'Plan mensual'!J9,0)))/60 -> 0.6852 | I8: =(parametros_carros!$D$25*('Plan mensual'!K2+IF(parametros_carros!$H$25="Todos",'Plan mensual'!K6,0))+parametros_carros!$E$25*('Plan mensual'!K3+IF(parametros_carros!$H$25="Todos",'Plan mensual'!K7,0))+parametros_carros!$F$25*('Plan mensual'!K4+IF(parametros_carros!$H$25="Todos",'Plan mensual'!K8,0))+parametros_carros!$G$25*('Plan mensual'!K5+IF(parametros_carros!$H$25="Todos",'Plan mensual'!K9,0)))/60 -> 0.6852 | ... M8: =(parametros_carros!$D$25*('Plan mensual'!O2+IF(parametros_carros!$H$25="Todos",'Plan mensual'!O6,0))+parametros_carros!$E$25*('Plan mensual'!O3+IF(parametros_carros!$H$25="Todos",'Plan mensual'!O7,0))+parametros_carros!$F$25*('Plan mensual'!O4+IF(parametros_carros!$H$25="Todos",'Plan mensual'!O8,0))+parametros_carros!$G$25*('Plan mensual'!O5+IF(parametros_carros!$H$25="Todos",'Plan mensual'!O9,0)))/60 -> 0.60906667 | N8: =SUM(B8:M8) -> 7.6133333 | O8: =MAX(B8:M8) -> 0.6852 | P8: =IF(parametros_carros!$B$7=0,0,(O8+parametros_carros!$G$51)/parametros_carros!$B$7) -> 0.024568 | Q8: =IF(O8=0,"-",INDEX($B$1:$M$1,MATCH(O8,B8:M8,0))) -> Mar
A9: =parametros_carros!$B$26 -> Armado y soldadura circunferencial | B9: =(parametros_carros!$D$26*('Plan mensual'!D2+IF(parametros_carros!$H$26="Todos",'Plan mensual'!D6,0))+parametros_carros!$E$26*('Plan mensual'!D3+IF(parametros_carros!$H$26="Todos",'Plan mensual'!D7,0))+parametros_carros!$F$26*('Plan mensual'!D4+IF(parametros_carros!$H$26="Todos",'Plan mensual'!D8,0))+parametros_carros!$G$26*('Plan mensual'!D5+IF(parametros_carros!$H$26="Todos",'Plan mensual'!D9,0)))/60 -> 3.0602833 | C9: =(parametros_carros!$D$26*('Plan mensual'!E2+IF(parametros_carros!$H$26="Todos",'Plan mensual'!E6,0))+parametros_carros!$E$26*('Plan mensual'!E3+IF(parametros_carros!$H$26="Todos",'Plan mensual'!E7,0))+parametros_carros!$F$26*('Plan mensual'!E4+IF(parametros_carros!$H$26="Todos",'Plan mensual'!E8,0))+parametros_carros!$G$26*('Plan mensual'!E5+IF(parametros_carros!$H$26="Todos",'Plan mensual'!E9,0)))/60 -> 2.70025 | D9: =(parametros_carros!$D$26*('Plan mensual'!F2+IF(parametros_carros!$H$26="Todos",'Plan mensual'!F6,0))+parametros_carros!$E$26*('Plan mensual'!F3+IF(parametros_carros!$H$26="Todos",'Plan mensual'!F7,0))+parametros_carros!$F$26*('Plan mensual'!F4+IF(parametros_carros!$H$26="Todos",'Plan mensual'!F8,0))+parametros_carros!$G$26*('Plan mensual'!F5+IF(parametros_carros!$H$26="Todos",'Plan mensual'!F9,0)))/60 -> 3.2403 | E9: =(parametros_carros!$D$26*('Plan mensual'!G2+IF(parametros_carros!$H$26="Todos",'Plan mensual'!G6,0))+parametros_carros!$E$26*('Plan mensual'!G3+IF(parametros_carros!$H$26="Todos",'Plan mensual'!G7,0))+parametros_carros!$F$26*('Plan mensual'!G4+IF(parametros_carros!$H$26="Todos",'Plan mensual'!G8,0))+parametros_carros!$G$26*('Plan mensual'!G5+IF(parametros_carros!$H$26="Todos",'Plan mensual'!G9,0)))/60 -> 3.2403 | F9: =(parametros_carros!$D$26*('Plan mensual'!H2+IF(parametros_carros!$H$26="Todos",'Plan mensual'!H6,0))+parametros_carros!$E$26*('Plan mensual'!H3+IF(parametros_carros!$H$26="Todos",'Plan mensual'!H7,0))+parametros_carros!$F$26*('Plan mensual'!H4+IF(parametros_carros!$H$26="Todos",'Plan mensual'!H8,0))+parametros_carros!$G$26*('Plan mensual'!H5+IF(parametros_carros!$H$26="Todos",'Plan mensual'!H9,0)))/60 -> 3.2403 | G9: =(parametros_carros!$D$26*('Plan mensual'!I2+IF(parametros_carros!$H$26="Todos",'Plan mensual'!I6,0))+parametros_carros!$E$26*('Plan mensual'!I3+IF(parametros_carros!$H$26="Todos",'Plan mensual'!I7,0))+parametros_carros!$F$26*('Plan mensual'!I4+IF(parametros_carros!$H$26="Todos",'Plan mensual'!I8,0))+parametros_carros!$G$26*('Plan mensual'!I5+IF(parametros_carros!$H$26="Todos",'Plan mensual'!I9,0)))/60 -> 2.8802667 | H9: =(parametros_carros!$D$26*('Plan mensual'!J2+IF(parametros_carros!$H$26="Todos",'Plan mensual'!J6,0))+parametros_carros!$E$26*('Plan mensual'!J3+IF(parametros_carros!$H$26="Todos",'Plan mensual'!J7,0))+parametros_carros!$F$26*('Plan mensual'!J4+IF(parametros_carros!$H$26="Todos",'Plan mensual'!J8,0))+parametros_carros!$G$26*('Plan mensual'!J5+IF(parametros_carros!$H$26="Todos",'Plan mensual'!J9,0)))/60 -> 3.2403 | I9: =(parametros_carros!$D$26*('Plan mensual'!K2+IF(parametros_carros!$H$26="Todos",'Plan mensual'!K6,0))+parametros_carros!$E$26*('Plan mensual'!K3+IF(parametros_carros!$H$26="Todos",'Plan mensual'!K7,0))+parametros_carros!$F$26*('Plan mensual'!K4+IF(parametros_carros!$H$26="Todos",'Plan mensual'!K8,0))+parametros_carros!$G$26*('Plan mensual'!K5+IF(parametros_carros!$H$26="Todos",'Plan mensual'!K9,0)))/60 -> 3.2403 | ... M9: =(parametros_carros!$D$26*('Plan mensual'!O2+IF(parametros_carros!$H$26="Todos",'Plan mensual'!O6,0))+parametros_carros!$E$26*('Plan mensual'!O3+IF(parametros_carros!$H$26="Todos",'Plan mensual'!O7,0))+parametros_carros!$F$26*('Plan mensual'!O4+IF(parametros_carros!$H$26="Todos",'Plan mensual'!O8,0))+parametros_carros!$G$26*('Plan mensual'!O5+IF(parametros_carros!$H$26="Todos",'Plan mensual'!O9,0)))/60 -> 2.8802667 | N9: =SUM(B9:M9) -> 36.003333 | O9: =MAX(B9:M9) -> 3.2403 | P9: =IF(parametros_carros!$B$7=0,0,(O9+parametros_carros!$G$52)/parametros_carros!$B$7) -> 0.041602 | Q9: =IF(O9=0,"-",INDEX($B$1:$M$1,MATCH(O9,B9:M9,0))) -> Mar
A10: =parametros_carros!$B$27 -> Soldadura de accesorios | B10: =(parametros_carros!$D$27*('Plan mensual'!D2+IF(parametros_carros!$H$27="Todos",'Plan mensual'!D6,0))+parametros_carros!$E$27*('Plan mensual'!D3+IF(parametros_carros!$H$27="Todos",'Plan mensual'!D7,0))+parametros_carros!$F$27*('Plan mensual'!D4+IF(parametros_carros!$H$27="Todos",'Plan mensual'!D8,0))+parametros_carros!$G$27*('Plan mensual'!D5+IF(parametros_carros!$H$27="Todos",'Plan mensual'!D9,0)))/60 -> 3.1187917 | C10: =(parametros_carros!$D$27*('Plan mensual'!E2+IF(parametros_carros!$H$27="Todos",'Plan mensual'!E6,0))+parametros_carros!$E$27*('Plan mensual'!E3+IF(parametros_carros!$H$27="Todos",'Plan mensual'!E7,0))+parametros_carros!$F$27*('Plan mensual'!E4+IF(parametros_carros!$H$27="Todos",'Plan mensual'!E8,0))+parametros_carros!$G$27*('Plan mensual'!E5+IF(parametros_carros!$H$27="Todos",'Plan mensual'!E9,0)))/60 -> 2.751875 | D10: =(parametros_carros!$D$27*('Plan mensual'!F2+IF(parametros_carros!$H$27="Todos",'Plan mensual'!F6,0))+parametros_carros!$E$27*('Plan mensual'!F3+IF(parametros_carros!$H$27="Todos",'Plan mensual'!F7,0))+parametros_carros!$F$27*('Plan mensual'!F4+IF(parametros_carros!$H$27="Todos",'Plan mensual'!F8,0))+parametros_carros!$G$27*('Plan mensual'!F5+IF(parametros_carros!$H$27="Todos",'Plan mensual'!F9,0)))/60 -> 3.30225 | E10: =(parametros_carros!$D$27*('Plan mensual'!G2+IF(parametros_carros!$H$27="Todos",'Plan mensual'!G6,0))+parametros_carros!$E$27*('Plan mensual'!G3+IF(parametros_carros!$H$27="Todos",'Plan mensual'!G7,0))+parametros_carros!$F$27*('Plan mensual'!G4+IF(parametros_carros!$H$27="Todos",'Plan mensual'!G8,0))+parametros_carros!$G$27*('Plan mensual'!G5+IF(parametros_carros!$H$27="Todos",'Plan mensual'!G9,0)))/60 -> 3.30225 | F10: =(parametros_carros!$D$27*('Plan mensual'!H2+IF(parametros_carros!$H$27="Todos",'Plan mensual'!H6,0))+parametros_carros!$E$27*('Plan mensual'!H3+IF(parametros_carros!$H$27="Todos",'Plan mensual'!H7,0))+parametros_carros!$F$27*('Plan mensual'!H4+IF(parametros_carros!$H$27="Todos",'Plan mensual'!H8,0))+parametros_carros!$G$27*('Plan mensual'!H5+IF(parametros_carros!$H$27="Todos",'Plan mensual'!H9,0)))/60 -> 3.30225 | G10: =(parametros_carros!$D$27*('Plan mensual'!I2+IF(parametros_carros!$H$27="Todos",'Plan mensual'!I6,0))+parametros_carros!$E$27*('Plan mensual'!I3+IF(parametros_carros!$H$27="Todos",'Plan mensual'!I7,0))+parametros_carros!$F$27*('Plan mensual'!I4+IF(parametros_carros!$H$27="Todos",'Plan mensual'!I8,0))+parametros_carros!$G$27*('Plan mensual'!I5+IF(parametros_carros!$H$27="Todos",'Plan mensual'!I9,0)))/60 -> 2.9353333 | H10: =(parametros_carros!$D$27*('Plan mensual'!J2+IF(parametros_carros!$H$27="Todos",'Plan mensual'!J6,0))+parametros_carros!$E$27*('Plan mensual'!J3+IF(parametros_carros!$H$27="Todos",'Plan mensual'!J7,0))+parametros_carros!$F$27*('Plan mensual'!J4+IF(parametros_carros!$H$27="Todos",'Plan mensual'!J8,0))+parametros_carros!$G$27*('Plan mensual'!J5+IF(parametros_carros!$H$27="Todos",'Plan mensual'!J9,0)))/60 -> 3.30225 | I10: =(parametros_carros!$D$27*('Plan mensual'!K2+IF(parametros_carros!$H$27="Todos",'Plan mensual'!K6,0))+parametros_carros!$E$27*('Plan mensual'!K3+IF(parametros_carros!$H$27="Todos",'Plan mensual'!K7,0))+parametros_carros!$F$27*('Plan mensual'!K4+IF(parametros_carros!$H$27="Todos",'Plan mensual'!K8,0))+parametros_carros!$G$27*('Plan mensual'!K5+IF(parametros_carros!$H$27="Todos",'Plan mensual'!K9,0)))/60 -> 3.30225 | ... M10: =(parametros_carros!$D$27*('Plan mensual'!O2+IF(parametros_carros!$H$27="Todos",'Plan mensual'!O6,0))+parametros_carros!$E$27*('Plan mensual'!O3+IF(parametros_carros!$H$27="Todos",'Plan mensual'!O7,0))+parametros_carros!$F$27*('Plan mensual'!O4+IF(parametros_carros!$H$27="Todos",'Plan mensual'!O8,0))+parametros_carros!$G$27*('Plan mensual'!O5+IF(parametros_carros!$H$27="Todos",'Plan mensual'!O9,0)))/60 -> 2.9353333 | N10: =SUM(B10:M10) -> 36.691667 | O10: =MAX(B10:M10) -> 3.30225 | P10: =IF(parametros_carros!$B$7=0,0,(O10+parametros_carros!$G$53)/parametros_carros!$B$7) -> 0.042015 | Q10: =IF(O10=0,"-",INDEX($B$1:$M$1,MATCH(O10,B10:M10,0))) -> Mar
A11: =parametros_carros!$B$28 -> Fabricación de accesorios | B11: =(parametros_carros!$D$28*('Plan mensual'!D2+IF(parametros_carros!$H$28="Todos",'Plan mensual'!D6,0))+parametros_carros!$E$28*('Plan mensual'!D3+IF(parametros_carros!$H$28="Todos",'Plan mensual'!D7,0))+parametros_carros!$F$28*('Plan mensual'!D4+IF(parametros_carros!$H$28="Todos",'Plan mensual'!D8,0))+parametros_carros!$G$28*('Plan mensual'!D5+IF(parametros_carros!$H$28="Todos",'Plan mensual'!D9,0)))/60 -> 2.1193333 | C11: =(parametros_carros!$D$28*('Plan mensual'!E2+IF(parametros_carros!$H$28="Todos",'Plan mensual'!E6,0))+parametros_carros!$E$28*('Plan mensual'!E3+IF(parametros_carros!$H$28="Todos",'Plan mensual'!E7,0))+parametros_carros!$F$28*('Plan mensual'!E4+IF(parametros_carros!$H$28="Todos",'Plan mensual'!E8,0))+parametros_carros!$G$28*('Plan mensual'!E5+IF(parametros_carros!$H$28="Todos",'Plan mensual'!E9,0)))/60 -> 1.87 | D11: =(parametros_carros!$D$28*('Plan mensual'!F2+IF(parametros_carros!$H$28="Todos",'Plan mensual'!F6,0))+parametros_carros!$E$28*('Plan mensual'!F3+IF(parametros_carros!$H$28="Todos",'Plan mensual'!F7,0))+parametros_carros!$F$28*('Plan mensual'!F4+IF(parametros_carros!$H$28="Todos",'Plan mensual'!F8,0))+parametros_carros!$G$28*('Plan mensual'!F5+IF(parametros_carros!$H$28="Todos",'Plan mensual'!F9,0)))/60 -> 2.244 | E11: =(parametros_carros!$D$28*('Plan mensual'!G2+IF(parametros_carros!$H$28="Todos",'Plan mensual'!G6,0))+parametros_carros!$E$28*('Plan mensual'!G3+IF(parametros_carros!$H$28="Todos",'Plan mensual'!G7,0))+parametros_carros!$F$28*('Plan mensual'!G4+IF(parametros_carros!$H$28="Todos",'Plan mensual'!G8,0))+parametros_carros!$G$28*('Plan mensual'!G5+IF(parametros_carros!$H$28="Todos",'Plan mensual'!G9,0)))/60 -> 2.244 | F11: =(parametros_carros!$D$28*('Plan mensual'!H2+IF(parametros_carros!$H$28="Todos",'Plan mensual'!H6,0))+parametros_carros!$E$28*('Plan mensual'!H3+IF(parametros_carros!$H$28="Todos",'Plan mensual'!H7,0))+parametros_carros!$F$28*('Plan mensual'!H4+IF(parametros_carros!$H$28="Todos",'Plan mensual'!H8,0))+parametros_carros!$G$28*('Plan mensual'!H5+IF(parametros_carros!$H$28="Todos",'Plan mensual'!H9,0)))/60 -> 2.244 | G11: =(parametros_carros!$D$28*('Plan mensual'!I2+IF(parametros_carros!$H$28="Todos",'Plan mensual'!I6,0))+parametros_carros!$E$28*('Plan mensual'!I3+IF(parametros_carros!$H$28="Todos",'Plan mensual'!I7,0))+parametros_carros!$F$28*('Plan mensual'!I4+IF(parametros_carros!$H$28="Todos",'Plan mensual'!I8,0))+parametros_carros!$G$28*('Plan mensual'!I5+IF(parametros_carros!$H$28="Todos",'Plan mensual'!I9,0)))/60 -> 1.9946667 | H11: =(parametros_carros!$D$28*('Plan mensual'!J2+IF(parametros_carros!$H$28="Todos",'Plan mensual'!J6,0))+parametros_carros!$E$28*('Plan mensual'!J3+IF(parametros_carros!$H$28="Todos",'Plan mensual'!J7,0))+parametros_carros!$F$28*('Plan mensual'!J4+IF(parametros_carros!$H$28="Todos",'Plan mensual'!J8,0))+parametros_carros!$G$28*('Plan mensual'!J5+IF(parametros_carros!$H$28="Todos",'Plan mensual'!J9,0)))/60 -> 2.244 | I11: =(parametros_carros!$D$28*('Plan mensual'!K2+IF(parametros_carros!$H$28="Todos",'Plan mensual'!K6,0))+parametros_carros!$E$28*('Plan mensual'!K3+IF(parametros_carros!$H$28="Todos",'Plan mensual'!K7,0))+parametros_carros!$F$28*('Plan mensual'!K4+IF(parametros_carros!$H$28="Todos",'Plan mensual'!K8,0))+parametros_carros!$G$28*('Plan mensual'!K5+IF(parametros_carros!$H$28="Todos",'Plan mensual'!K9,0)))/60 -> 2.244 | ... M11: =(parametros_carros!$D$28*('Plan mensual'!O2+IF(parametros_carros!$H$28="Todos",'Plan mensual'!O6,0))+parametros_carros!$E$28*('Plan mensual'!O3+IF(parametros_carros!$H$28="Todos",'Plan mensual'!O7,0))+parametros_carros!$F$28*('Plan mensual'!O4+IF(parametros_carros!$H$28="Todos",'Plan mensual'!O8,0))+parametros_carros!$G$28*('Plan mensual'!O5+IF(parametros_carros!$H$28="Todos",'Plan mensual'!O9,0)))/60 -> 1.9946667 | N11: =SUM(B11:M11) -> 24.933333 | O11: =MAX(B11:M11) -> 2.244 | P11: =IF(parametros_carros!$B$7=0,0,(O11+parametros_carros!$G$54)/parametros_carros!$B$7) -> 0.048293333 | Q11: =IF(O11=0,"-",INDEX($B$1:$M$1,MATCH(O11,B11:M11,0))) -> Mar
A12: =parametros_carros!$B$29 -> Prueba hidráulica | B12: =(parametros_carros!$D$29*('Plan mensual'!D2+IF(parametros_carros!$H$29="Todos",'Plan mensual'!D6,0))+parametros_carros!$E$29*('Plan mensual'!D3+IF(parametros_carros!$H$29="Todos",'Plan mensual'!D7,0))+parametros_carros!$F$29*('Plan mensual'!D4+IF(parametros_carros!$H$29="Todos",'Plan mensual'!D8,0))+parametros_carros!$G$29*('Plan mensual'!D5+IF(parametros_carros!$H$29="Todos",'Plan mensual'!D9,0)))/60 -> 1.7301467 | C12: =(parametros_carros!$D$29*('Plan mensual'!E2+IF(parametros_carros!$H$29="Todos",'Plan mensual'!E6,0))+parametros_carros!$E$29*('Plan mensual'!E3+IF(parametros_carros!$H$29="Todos",'Plan mensual'!E7,0))+parametros_carros!$F$29*('Plan mensual'!E4+IF(parametros_carros!$H$29="Todos",'Plan mensual'!E8,0))+parametros_carros!$G$29*('Plan mensual'!E5+IF(parametros_carros!$H$29="Todos",'Plan mensual'!E9,0)))/60 -> 1.5266 | D12: =(parametros_carros!$D$29*('Plan mensual'!F2+IF(parametros_carros!$H$29="Todos",'Plan mensual'!F6,0))+parametros_carros!$E$29*('Plan mensual'!F3+IF(parametros_carros!$H$29="Todos",'Plan mensual'!F7,0))+parametros_carros!$F$29*('Plan mensual'!F4+IF(parametros_carros!$H$29="Todos",'Plan mensual'!F8,0))+parametros_carros!$G$29*('Plan mensual'!F5+IF(parametros_carros!$H$29="Todos",'Plan mensual'!F9,0)))/60 -> 1.83192 | E12: =(parametros_carros!$D$29*('Plan mensual'!G2+IF(parametros_carros!$H$29="Todos",'Plan mensual'!G6,0))+parametros_carros!$E$29*('Plan mensual'!G3+IF(parametros_carros!$H$29="Todos",'Plan mensual'!G7,0))+parametros_carros!$F$29*('Plan mensual'!G4+IF(parametros_carros!$H$29="Todos",'Plan mensual'!G8,0))+parametros_carros!$G$29*('Plan mensual'!G5+IF(parametros_carros!$H$29="Todos",'Plan mensual'!G9,0)))/60 -> 1.83192 | F12: =(parametros_carros!$D$29*('Plan mensual'!H2+IF(parametros_carros!$H$29="Todos",'Plan mensual'!H6,0))+parametros_carros!$E$29*('Plan mensual'!H3+IF(parametros_carros!$H$29="Todos",'Plan mensual'!H7,0))+parametros_carros!$F$29*('Plan mensual'!H4+IF(parametros_carros!$H$29="Todos",'Plan mensual'!H8,0))+parametros_carros!$G$29*('Plan mensual'!H5+IF(parametros_carros!$H$29="Todos",'Plan mensual'!H9,0)))/60 -> 1.83192 | G12: =(parametros_carros!$D$29*('Plan mensual'!I2+IF(parametros_carros!$H$29="Todos",'Plan mensual'!I6,0))+parametros_carros!$E$29*('Plan mensual'!I3+IF(parametros_carros!$H$29="Todos",'Plan mensual'!I7,0))+parametros_carros!$F$29*('Plan mensual'!I4+IF(parametros_carros!$H$29="Todos",'Plan mensual'!I8,0))+parametros_carros!$G$29*('Plan mensual'!I5+IF(parametros_carros!$H$29="Todos",'Plan mensual'!I9,0)))/60 -> 1.6283733 | H12: =(parametros_carros!$D$29*('Plan mensual'!J2+IF(parametros_carros!$H$29="Todos",'Plan mensual'!J6,0))+parametros_carros!$E$29*('Plan mensual'!J3+IF(parametros_carros!$H$29="Todos",'Plan mensual'!J7,0))+parametros_carros!$F$29*('Plan mensual'!J4+IF(parametros_carros!$H$29="Todos",'Plan mensual'!J8,0))+parametros_carros!$G$29*('Plan mensual'!J5+IF(parametros_carros!$H$29="Todos",'Plan mensual'!J9,0)))/60 -> 1.83192 | I12: =(parametros_carros!$D$29*('Plan mensual'!K2+IF(parametros_carros!$H$29="Todos",'Plan mensual'!K6,0))+parametros_carros!$E$29*('Plan mensual'!K3+IF(parametros_carros!$H$29="Todos",'Plan mensual'!K7,0))+parametros_carros!$F$29*('Plan mensual'!K4+IF(parametros_carros!$H$29="Todos",'Plan mensual'!K8,0))+parametros_carros!$G$29*('Plan mensual'!K5+IF(parametros_carros!$H$29="Todos",'Plan mensual'!K9,0)))/60 -> 1.83192 | ... M12: =(parametros_carros!$D$29*('Plan mensual'!O2+IF(parametros_carros!$H$29="Todos",'Plan mensual'!O6,0))+parametros_carros!$E$29*('Plan mensual'!O3+IF(parametros_carros!$H$29="Todos",'Plan mensual'!O7,0))+parametros_carros!$F$29*('Plan mensual'!O4+IF(parametros_carros!$H$29="Todos",'Plan mensual'!O8,0))+parametros_carros!$G$29*('Plan mensual'!O5+IF(parametros_carros!$H$29="Todos",'Plan mensual'!O9,0)))/60 -> 1.6283733 | N12: =SUM(B12:M12) -> 20.354667 | O12: =MAX(B12:M12) -> 1.83192 | P12: =IF(parametros_carros!$B$7=0,0,(O12+parametros_carros!$G$55)/parametros_carros!$B$7) -> 0.034435022 | Q12: =IF(O12=0,"-",INDEX($B$1:$M$1,MATCH(O12,B12:M12,0))) -> Mar
A13: =parametros_carros!$B$30 -> Secado | B13: =(parametros_carros!$D$30*('Plan mensual'!D2+IF(parametros_carros!$H$30="Todos",'Plan mensual'!D6,0))+parametros_carros!$E$30*('Plan mensual'!D3+IF(parametros_carros!$H$30="Todos",'Plan mensual'!D7,0))+parametros_carros!$F$30*('Plan mensual'!D4+IF(parametros_carros!$H$30="Todos",'Plan mensual'!D8,0))+parametros_carros!$G$30*('Plan mensual'!D5+IF(parametros_carros!$H$30="Todos",'Plan mensual'!D9,0)))/60 -> 1.938 | C13: =(parametros_carros!$D$30*('Plan mensual'!E2+IF(parametros_carros!$H$30="Todos",'Plan mensual'!E6,0))+parametros_carros!$E$30*('Plan mensual'!E3+IF(parametros_carros!$H$30="Todos",'Plan mensual'!E7,0))+parametros_carros!$F$30*('Plan mensual'!E4+IF(parametros_carros!$H$30="Todos",'Plan mensual'!E8,0))+parametros_carros!$G$30*('Plan mensual'!E5+IF(parametros_carros!$H$30="Todos",'Plan mensual'!E9,0)))/60 -> 1.71 | D13: =(parametros_carros!$D$30*('Plan mensual'!F2+IF(parametros_carros!$H$30="Todos",'Plan mensual'!F6,0))+parametros_carros!$E$30*('Plan mensual'!F3+IF(parametros_carros!$H$30="Todos",'Plan mensual'!F7,0))+parametros_carros!$F$30*('Plan mensual'!F4+IF(parametros_carros!$H$30="Todos",'Plan mensual'!F8,0))+parametros_carros!$G$30*('Plan mensual'!F5+IF(parametros_carros!$H$30="Todos",'Plan mensual'!F9,0)))/60 -> 2.052 | E13: =(parametros_carros!$D$30*('Plan mensual'!G2+IF(parametros_carros!$H$30="Todos",'Plan mensual'!G6,0))+parametros_carros!$E$30*('Plan mensual'!G3+IF(parametros_carros!$H$30="Todos",'Plan mensual'!G7,0))+parametros_carros!$F$30*('Plan mensual'!G4+IF(parametros_carros!$H$30="Todos",'Plan mensual'!G8,0))+parametros_carros!$G$30*('Plan mensual'!G5+IF(parametros_carros!$H$30="Todos",'Plan mensual'!G9,0)))/60 -> 2.052 | F13: =(parametros_carros!$D$30*('Plan mensual'!H2+IF(parametros_carros!$H$30="Todos",'Plan mensual'!H6,0))+parametros_carros!$E$30*('Plan mensual'!H3+IF(parametros_carros!$H$30="Todos",'Plan mensual'!H7,0))+parametros_carros!$F$30*('Plan mensual'!H4+IF(parametros_carros!$H$30="Todos",'Plan mensual'!H8,0))+parametros_carros!$G$30*('Plan mensual'!H5+IF(parametros_carros!$H$30="Todos",'Plan mensual'!H9,0)))/60 -> 2.052 | G13: =(parametros_carros!$D$30*('Plan mensual'!I2+IF(parametros_carros!$H$30="Todos",'Plan mensual'!I6,0))+parametros_carros!$E$30*('Plan mensual'!I3+IF(parametros_carros!$H$30="Todos",'Plan mensual'!I7,0))+parametros_carros!$F$30*('Plan mensual'!I4+IF(parametros_carros!$H$30="Todos",'Plan mensual'!I8,0))+parametros_carros!$G$30*('Plan mensual'!I5+IF(parametros_carros!$H$30="Todos",'Plan mensual'!I9,0)))/60 -> 1.824 | H13: =(parametros_carros!$D$30*('Plan mensual'!J2+IF(parametros_carros!$H$30="Todos",'Plan mensual'!J6,0))+parametros_carros!$E$30*('Plan mensual'!J3+IF(parametros_carros!$H$30="Todos",'Plan mensual'!J7,0))+parametros_carros!$F$30*('Plan mensual'!J4+IF(parametros_carros!$H$30="Todos",'Plan mensual'!J8,0))+parametros_carros!$G$30*('Plan mensual'!J5+IF(parametros_carros!$H$30="Todos",'Plan mensual'!J9,0)))/60 -> 2.052 | I13: =(parametros_carros!$D$30*('Plan mensual'!K2+IF(parametros_carros!$H$30="Todos",'Plan mensual'!K6,0))+parametros_carros!$E$30*('Plan mensual'!K3+IF(parametros_carros!$H$30="Todos",'Plan mensual'!K7,0))+parametros_carros!$F$30*('Plan mensual'!K4+IF(parametros_carros!$H$30="Todos",'Plan mensual'!K8,0))+parametros_carros!$G$30*('Plan mensual'!K5+IF(parametros_carros!$H$30="Todos",'Plan mensual'!K9,0)))/60 -> 2.052 | ... M13: =(parametros_carros!$D$30*('Plan mensual'!O2+IF(parametros_carros!$H$30="Todos",'Plan mensual'!O6,0))+parametros_carros!$E$30*('Plan mensual'!O3+IF(parametros_carros!$H$30="Todos",'Plan mensual'!O7,0))+parametros_carros!$F$30*('Plan mensual'!O4+IF(parametros_carros!$H$30="Todos",'Plan mensual'!O8,0))+parametros_carros!$G$30*('Plan mensual'!O5+IF(parametros_carros!$H$30="Todos",'Plan mensual'!O9,0)))/60 -> 1.824 | N13: =SUM(B13:M13) -> 22.8 | O13: =MAX(B13:M13) -> 2.052 | P13: =IF(parametros_carros!$B$7=0,0,(O13+parametros_carros!$G$56)/parametros_carros!$B$7) -> 0.01368 | Q13: =IF(O13=0,"-",INDEX($B$1:$M$1,MATCH(O13,B13:M13,0))) -> Mar
A14: =parametros_carros!$B$31 -> Pulmón de despacho y carga a pintura | B14: =(parametros_carros!$D$31*('Plan mensual'!D2+IF(parametros_carros!$H$31="Todos",'Plan mensual'!D6,0))+parametros_carros!$E$31*('Plan mensual'!D3+IF(parametros_carros!$H$31="Todos",'Plan mensual'!D7,0))+parametros_carros!$F$31*('Plan mensual'!D4+IF(parametros_carros!$H$31="Todos",'Plan mensual'!D8,0))+parametros_carros!$G$31*('Plan mensual'!D5+IF(parametros_carros!$H$31="Todos",'Plan mensual'!D9,0)))/60 -> 0.30805417 | C14: =(parametros_carros!$D$31*('Plan mensual'!E2+IF(parametros_carros!$H$31="Todos",'Plan mensual'!E6,0))+parametros_carros!$E$31*('Plan mensual'!E3+IF(parametros_carros!$H$31="Todos",'Plan mensual'!E7,0))+parametros_carros!$F$31*('Plan mensual'!E4+IF(parametros_carros!$H$31="Todos",'Plan mensual'!E8,0))+parametros_carros!$G$31*('Plan mensual'!E5+IF(parametros_carros!$H$31="Todos",'Plan mensual'!E9,0)))/60 -> 0.2718125 | D14: =(parametros_carros!$D$31*('Plan mensual'!F2+IF(parametros_carros!$H$31="Todos",'Plan mensual'!F6,0))+parametros_carros!$E$31*('Plan mensual'!F3+IF(parametros_carros!$H$31="Todos",'Plan mensual'!F7,0))+parametros_carros!$F$31*('Plan mensual'!F4+IF(parametros_carros!$H$31="Todos",'Plan mensual'!F8,0))+parametros_carros!$G$31*('Plan mensual'!F5+IF(parametros_carros!$H$31="Todos",'Plan mensual'!F9,0)))/60 -> 0.326175 | E14: =(parametros_carros!$D$31*('Plan mensual'!G2+IF(parametros_carros!$H$31="Todos",'Plan mensual'!G6,0))+parametros_carros!$E$31*('Plan mensual'!G3+IF(parametros_carros!$H$31="Todos",'Plan mensual'!G7,0))+parametros_carros!$F$31*('Plan mensual'!G4+IF(parametros_carros!$H$31="Todos",'Plan mensual'!G8,0))+parametros_carros!$G$31*('Plan mensual'!G5+IF(parametros_carros!$H$31="Todos",'Plan mensual'!G9,0)))/60 -> 0.326175 | F14: =(parametros_carros!$D$31*('Plan mensual'!H2+IF(parametros_carros!$H$31="Todos",'Plan mensual'!H6,0))+parametros_carros!$E$31*('Plan mensual'!H3+IF(parametros_carros!$H$31="Todos",'Plan mensual'!H7,0))+parametros_carros!$F$31*('Plan mensual'!H4+IF(parametros_carros!$H$31="Todos",'Plan mensual'!H8,0))+parametros_carros!$G$31*('Plan mensual'!H5+IF(parametros_carros!$H$31="Todos",'Plan mensual'!H9,0)))/60 -> 0.326175 | G14: =(parametros_carros!$D$31*('Plan mensual'!I2+IF(parametros_carros!$H$31="Todos",'Plan mensual'!I6,0))+parametros_carros!$E$31*('Plan mensual'!I3+IF(parametros_carros!$H$31="Todos",'Plan mensual'!I7,0))+parametros_carros!$F$31*('Plan mensual'!I4+IF(parametros_carros!$H$31="Todos",'Plan mensual'!I8,0))+parametros_carros!$G$31*('Plan mensual'!I5+IF(parametros_carros!$H$31="Todos",'Plan mensual'!I9,0)))/60 -> 0.28993333 | H14: =(parametros_carros!$D$31*('Plan mensual'!J2+IF(parametros_carros!$H$31="Todos",'Plan mensual'!J6,0))+parametros_carros!$E$31*('Plan mensual'!J3+IF(parametros_carros!$H$31="Todos",'Plan mensual'!J7,0))+parametros_carros!$F$31*('Plan mensual'!J4+IF(parametros_carros!$H$31="Todos",'Plan mensual'!J8,0))+parametros_carros!$G$31*('Plan mensual'!J5+IF(parametros_carros!$H$31="Todos",'Plan mensual'!J9,0)))/60 -> 0.326175 | I14: =(parametros_carros!$D$31*('Plan mensual'!K2+IF(parametros_carros!$H$31="Todos",'Plan mensual'!K6,0))+parametros_carros!$E$31*('Plan mensual'!K3+IF(parametros_carros!$H$31="Todos",'Plan mensual'!K7,0))+parametros_carros!$F$31*('Plan mensual'!K4+IF(parametros_carros!$H$31="Todos",'Plan mensual'!K8,0))+parametros_carros!$G$31*('Plan mensual'!K5+IF(parametros_carros!$H$31="Todos",'Plan mensual'!K9,0)))/60 -> 0.326175 | ... M14: =(parametros_carros!$D$31*('Plan mensual'!O2+IF(parametros_carros!$H$31="Todos",'Plan mensual'!O6,0))+parametros_carros!$E$31*('Plan mensual'!O3+IF(parametros_carros!$H$31="Todos",'Plan mensual'!O7,0))+parametros_carros!$F$31*('Plan mensual'!O4+IF(parametros_carros!$H$31="Todos",'Plan mensual'!O8,0))+parametros_carros!$G$31*('Plan mensual'!O5+IF(parametros_carros!$H$31="Todos",'Plan mensual'!O9,0)))/60 -> 0.28993333 | N14: =SUM(B14:M14) -> 3.6241667 | O14: =MAX(B14:M14) -> 0.326175 | P14: =IF(parametros_carros!$B$7=0,0,(O14+parametros_carros!$G$57)/parametros_carros!$B$7) -> 0.011063389 | Q14: =IF(O14=0,"-",INDEX($B$1:$M$1,MATCH(O14,B14:M14,0))) -> Mar
A15: =parametros_carros!$B$32 -> Recepción de pintados y cambio de juego | B15: =(parametros_carros!$D$32*('Plan mensual'!D2+IF(parametros_carros!$H$32="Todos",'Plan mensual'!D6,0))+parametros_carros!$E$32*('Plan mensual'!D3+IF(parametros_carros!$H$32="Todos",'Plan mensual'!D7,0))+parametros_carros!$F$32*('Plan mensual'!D4+IF(parametros_carros!$H$32="Todos",'Plan mensual'!D8,0))+parametros_carros!$G$32*('Plan mensual'!D5+IF(parametros_carros!$H$32="Todos",'Plan mensual'!D9,0)))/60 -> 0.60279167 | C15: =(parametros_carros!$D$32*('Plan mensual'!E2+IF(parametros_carros!$H$32="Todos",'Plan mensual'!E6,0))+parametros_carros!$E$32*('Plan mensual'!E3+IF(parametros_carros!$H$32="Todos",'Plan mensual'!E7,0))+parametros_carros!$F$32*('Plan mensual'!E4+IF(parametros_carros!$H$32="Todos",'Plan mensual'!E8,0))+parametros_carros!$G$32*('Plan mensual'!E5+IF(parametros_carros!$H$32="Todos",'Plan mensual'!E9,0)))/60 -> 0.531875 | D15: =(parametros_carros!$D$32*('Plan mensual'!F2+IF(parametros_carros!$H$32="Todos",'Plan mensual'!F6,0))+parametros_carros!$E$32*('Plan mensual'!F3+IF(parametros_carros!$H$32="Todos",'Plan mensual'!F7,0))+parametros_carros!$F$32*('Plan mensual'!F4+IF(parametros_carros!$H$32="Todos",'Plan mensual'!F8,0))+parametros_carros!$G$32*('Plan mensual'!F5+IF(parametros_carros!$H$32="Todos",'Plan mensual'!F9,0)))/60 -> 0.63825 | E15: =(parametros_carros!$D$32*('Plan mensual'!G2+IF(parametros_carros!$H$32="Todos",'Plan mensual'!G6,0))+parametros_carros!$E$32*('Plan mensual'!G3+IF(parametros_carros!$H$32="Todos",'Plan mensual'!G7,0))+parametros_carros!$F$32*('Plan mensual'!G4+IF(parametros_carros!$H$32="Todos",'Plan mensual'!G8,0))+parametros_carros!$G$32*('Plan mensual'!G5+IF(parametros_carros!$H$32="Todos",'Plan mensual'!G9,0)))/60 -> 0.63825 | F15: =(parametros_carros!$D$32*('Plan mensual'!H2+IF(parametros_carros!$H$32="Todos",'Plan mensual'!H6,0))+parametros_carros!$E$32*('Plan mensual'!H3+IF(parametros_carros!$H$32="Todos",'Plan mensual'!H7,0))+parametros_carros!$F$32*('Plan mensual'!H4+IF(parametros_carros!$H$32="Todos",'Plan mensual'!H8,0))+parametros_carros!$G$32*('Plan mensual'!H5+IF(parametros_carros!$H$32="Todos",'Plan mensual'!H9,0)))/60 -> 0.63825 | G15: =(parametros_carros!$D$32*('Plan mensual'!I2+IF(parametros_carros!$H$32="Todos",'Plan mensual'!I6,0))+parametros_carros!$E$32*('Plan mensual'!I3+IF(parametros_carros!$H$32="Todos",'Plan mensual'!I7,0))+parametros_carros!$F$32*('Plan mensual'!I4+IF(parametros_carros!$H$32="Todos",'Plan mensual'!I8,0))+parametros_carros!$G$32*('Plan mensual'!I5+IF(parametros_carros!$H$32="Todos",'Plan mensual'!I9,0)))/60 -> 0.56733333 | H15: =(parametros_carros!$D$32*('Plan mensual'!J2+IF(parametros_carros!$H$32="Todos",'Plan mensual'!J6,0))+parametros_carros!$E$32*('Plan mensual'!J3+IF(parametros_carros!$H$32="Todos",'Plan mensual'!J7,0))+parametros_carros!$F$32*('Plan mensual'!J4+IF(parametros_carros!$H$32="Todos",'Plan mensual'!J8,0))+parametros_carros!$G$32*('Plan mensual'!J5+IF(parametros_carros!$H$32="Todos",'Plan mensual'!J9,0)))/60 -> 0.63825 | I15: =(parametros_carros!$D$32*('Plan mensual'!K2+IF(parametros_carros!$H$32="Todos",'Plan mensual'!K6,0))+parametros_carros!$E$32*('Plan mensual'!K3+IF(parametros_carros!$H$32="Todos",'Plan mensual'!K7,0))+parametros_carros!$F$32*('Plan mensual'!K4+IF(parametros_carros!$H$32="Todos",'Plan mensual'!K8,0))+parametros_carros!$G$32*('Plan mensual'!K5+IF(parametros_carros!$H$32="Todos",'Plan mensual'!K9,0)))/60 -> 0.63825 | ... M15: =(parametros_carros!$D$32*('Plan mensual'!O2+IF(parametros_carros!$H$32="Todos",'Plan mensual'!O6,0))+parametros_carros!$E$32*('Plan mensual'!O3+IF(parametros_carros!$H$32="Todos",'Plan mensual'!O7,0))+parametros_carros!$F$32*('Plan mensual'!O4+IF(parametros_carros!$H$32="Todos",'Plan mensual'!O8,0))+parametros_carros!$G$32*('Plan mensual'!O5+IF(parametros_carros!$H$32="Todos",'Plan mensual'!O9,0)))/60 -> 0.56733333 | N15: =SUM(B15:M15) -> 7.0916667 | O15: =MAX(B15:M15) -> 0.63825 | P15: =IF(parametros_carros!$B$7=0,0,(O15+parametros_carros!$G$58)/parametros_carros!$B$7) -> 0.013143889 | Q15: =IF(O15=0,"-",INDEX($B$1:$M$1,MATCH(O15,B15:M15,0))) -> Mar
A16: =parametros_carros!$B$33 -> Carga de polvo y presurización | B16: =(parametros_carros!$D$33*('Plan mensual'!D2+IF(parametros_carros!$H$33="Todos",'Plan mensual'!D6,0))+parametros_carros!$E$33*('Plan mensual'!D3+IF(parametros_carros!$H$33="Todos",'Plan mensual'!D7,0))+parametros_carros!$F$33*('Plan mensual'!D4+IF(parametros_carros!$H$33="Todos",'Plan mensual'!D8,0))+parametros_carros!$G$33*('Plan mensual'!D5+IF(parametros_carros!$H$33="Todos",'Plan mensual'!D9,0)))/60 -> 2.1828 | C16: =(parametros_carros!$D$33*('Plan mensual'!E2+IF(parametros_carros!$H$33="Todos",'Plan mensual'!E6,0))+parametros_carros!$E$33*('Plan mensual'!E3+IF(parametros_carros!$H$33="Todos",'Plan mensual'!E7,0))+parametros_carros!$F$33*('Plan mensual'!E4+IF(parametros_carros!$H$33="Todos",'Plan mensual'!E8,0))+parametros_carros!$G$33*('Plan mensual'!E5+IF(parametros_carros!$H$33="Todos",'Plan mensual'!E9,0)))/60 -> 1.926 | D16: =(parametros_carros!$D$33*('Plan mensual'!F2+IF(parametros_carros!$H$33="Todos",'Plan mensual'!F6,0))+parametros_carros!$E$33*('Plan mensual'!F3+IF(parametros_carros!$H$33="Todos",'Plan mensual'!F7,0))+parametros_carros!$F$33*('Plan mensual'!F4+IF(parametros_carros!$H$33="Todos",'Plan mensual'!F8,0))+parametros_carros!$G$33*('Plan mensual'!F5+IF(parametros_carros!$H$33="Todos",'Plan mensual'!F9,0)))/60 -> 2.3112 | E16: =(parametros_carros!$D$33*('Plan mensual'!G2+IF(parametros_carros!$H$33="Todos",'Plan mensual'!G6,0))+parametros_carros!$E$33*('Plan mensual'!G3+IF(parametros_carros!$H$33="Todos",'Plan mensual'!G7,0))+parametros_carros!$F$33*('Plan mensual'!G4+IF(parametros_carros!$H$33="Todos",'Plan mensual'!G8,0))+parametros_carros!$G$33*('Plan mensual'!G5+IF(parametros_carros!$H$33="Todos",'Plan mensual'!G9,0)))/60 -> 2.3112 | F16: =(parametros_carros!$D$33*('Plan mensual'!H2+IF(parametros_carros!$H$33="Todos",'Plan mensual'!H6,0))+parametros_carros!$E$33*('Plan mensual'!H3+IF(parametros_carros!$H$33="Todos",'Plan mensual'!H7,0))+parametros_carros!$F$33*('Plan mensual'!H4+IF(parametros_carros!$H$33="Todos",'Plan mensual'!H8,0))+parametros_carros!$G$33*('Plan mensual'!H5+IF(parametros_carros!$H$33="Todos",'Plan mensual'!H9,0)))/60 -> 2.3112 | G16: =(parametros_carros!$D$33*('Plan mensual'!I2+IF(parametros_carros!$H$33="Todos",'Plan mensual'!I6,0))+parametros_carros!$E$33*('Plan mensual'!I3+IF(parametros_carros!$H$33="Todos",'Plan mensual'!I7,0))+parametros_carros!$F$33*('Plan mensual'!I4+IF(parametros_carros!$H$33="Todos",'Plan mensual'!I8,0))+parametros_carros!$G$33*('Plan mensual'!I5+IF(parametros_carros!$H$33="Todos",'Plan mensual'!I9,0)))/60 -> 2.0544 | H16: =(parametros_carros!$D$33*('Plan mensual'!J2+IF(parametros_carros!$H$33="Todos",'Plan mensual'!J6,0))+parametros_carros!$E$33*('Plan mensual'!J3+IF(parametros_carros!$H$33="Todos",'Plan mensual'!J7,0))+parametros_carros!$F$33*('Plan mensual'!J4+IF(parametros_carros!$H$33="Todos",'Plan mensual'!J8,0))+parametros_carros!$G$33*('Plan mensual'!J5+IF(parametros_carros!$H$33="Todos",'Plan mensual'!J9,0)))/60 -> 2.3112 | I16: =(parametros_carros!$D$33*('Plan mensual'!K2+IF(parametros_carros!$H$33="Todos",'Plan mensual'!K6,0))+parametros_carros!$E$33*('Plan mensual'!K3+IF(parametros_carros!$H$33="Todos",'Plan mensual'!K7,0))+parametros_carros!$F$33*('Plan mensual'!K4+IF(parametros_carros!$H$33="Todos",'Plan mensual'!K8,0))+parametros_carros!$G$33*('Plan mensual'!K5+IF(parametros_carros!$H$33="Todos",'Plan mensual'!K9,0)))/60 -> 2.3112 | ... M16: =(parametros_carros!$D$33*('Plan mensual'!O2+IF(parametros_carros!$H$33="Todos",'Plan mensual'!O6,0))+parametros_carros!$E$33*('Plan mensual'!O3+IF(parametros_carros!$H$33="Todos",'Plan mensual'!O7,0))+parametros_carros!$F$33*('Plan mensual'!O4+IF(parametros_carros!$H$33="Todos",'Plan mensual'!O8,0))+parametros_carros!$G$33*('Plan mensual'!O5+IF(parametros_carros!$H$33="Todos",'Plan mensual'!O9,0)))/60 -> 2.0544 | N16: =SUM(B16:M16) -> 25.68 | O16: =MAX(B16:M16) -> 2.3112 | P16: =IF(parametros_carros!$B$7=0,0,(O16+parametros_carros!$G$59)/parametros_carros!$B$7) -> 0.12207467 | Q16: =IF(O16=0,"-",INDEX($B$1:$M$1,MATCH(O16,B16:M16,0))) -> Mar
A17: =parametros_carros!$B$34 -> Montaje, manga, precinto y etiquetado | B17: =(parametros_carros!$D$34*('Plan mensual'!D2+IF(parametros_carros!$H$34="Todos",'Plan mensual'!D6,0))+parametros_carros!$E$34*('Plan mensual'!D3+IF(parametros_carros!$H$34="Todos",'Plan mensual'!D7,0))+parametros_carros!$F$34*('Plan mensual'!D4+IF(parametros_carros!$H$34="Todos",'Plan mensual'!D8,0))+parametros_carros!$G$34*('Plan mensual'!D5+IF(parametros_carros!$H$34="Todos",'Plan mensual'!D9,0)))/60 -> 1.217625 | C17: =(parametros_carros!$D$34*('Plan mensual'!E2+IF(parametros_carros!$H$34="Todos",'Plan mensual'!E6,0))+parametros_carros!$E$34*('Plan mensual'!E3+IF(parametros_carros!$H$34="Todos",'Plan mensual'!E7,0))+parametros_carros!$F$34*('Plan mensual'!E4+IF(parametros_carros!$H$34="Todos",'Plan mensual'!E8,0))+parametros_carros!$G$34*('Plan mensual'!E5+IF(parametros_carros!$H$34="Todos",'Plan mensual'!E9,0)))/60 -> 1.074375 | D17: =(parametros_carros!$D$34*('Plan mensual'!F2+IF(parametros_carros!$H$34="Todos",'Plan mensual'!F6,0))+parametros_carros!$E$34*('Plan mensual'!F3+IF(parametros_carros!$H$34="Todos",'Plan mensual'!F7,0))+parametros_carros!$F$34*('Plan mensual'!F4+IF(parametros_carros!$H$34="Todos",'Plan mensual'!F8,0))+parametros_carros!$G$34*('Plan mensual'!F5+IF(parametros_carros!$H$34="Todos",'Plan mensual'!F9,0)))/60 -> 1.28925 | E17: =(parametros_carros!$D$34*('Plan mensual'!G2+IF(parametros_carros!$H$34="Todos",'Plan mensual'!G6,0))+parametros_carros!$E$34*('Plan mensual'!G3+IF(parametros_carros!$H$34="Todos",'Plan mensual'!G7,0))+parametros_carros!$F$34*('Plan mensual'!G4+IF(parametros_carros!$H$34="Todos",'Plan mensual'!G8,0))+parametros_carros!$G$34*('Plan mensual'!G5+IF(parametros_carros!$H$34="Todos",'Plan mensual'!G9,0)))/60 -> 1.28925 | F17: =(parametros_carros!$D$34*('Plan mensual'!H2+IF(parametros_carros!$H$34="Todos",'Plan mensual'!H6,0))+parametros_carros!$E$34*('Plan mensual'!H3+IF(parametros_carros!$H$34="Todos",'Plan mensual'!H7,0))+parametros_carros!$F$34*('Plan mensual'!H4+IF(parametros_carros!$H$34="Todos",'Plan mensual'!H8,0))+parametros_carros!$G$34*('Plan mensual'!H5+IF(parametros_carros!$H$34="Todos",'Plan mensual'!H9,0)))/60 -> 1.28925 | G17: =(parametros_carros!$D$34*('Plan mensual'!I2+IF(parametros_carros!$H$34="Todos",'Plan mensual'!I6,0))+parametros_carros!$E$34*('Plan mensual'!I3+IF(parametros_carros!$H$34="Todos",'Plan mensual'!I7,0))+parametros_carros!$F$34*('Plan mensual'!I4+IF(parametros_carros!$H$34="Todos",'Plan mensual'!I8,0))+parametros_carros!$G$34*('Plan mensual'!I5+IF(parametros_carros!$H$34="Todos",'Plan mensual'!I9,0)))/60 -> 1.146 | H17: =(parametros_carros!$D$34*('Plan mensual'!J2+IF(parametros_carros!$H$34="Todos",'Plan mensual'!J6,0))+parametros_carros!$E$34*('Plan mensual'!J3+IF(parametros_carros!$H$34="Todos",'Plan mensual'!J7,0))+parametros_carros!$F$34*('Plan mensual'!J4+IF(parametros_carros!$H$34="Todos",'Plan mensual'!J8,0))+parametros_carros!$G$34*('Plan mensual'!J5+IF(parametros_carros!$H$34="Todos",'Plan mensual'!J9,0)))/60 -> 1.28925 | I17: =(parametros_carros!$D$34*('Plan mensual'!K2+IF(parametros_carros!$H$34="Todos",'Plan mensual'!K6,0))+parametros_carros!$E$34*('Plan mensual'!K3+IF(parametros_carros!$H$34="Todos",'Plan mensual'!K7,0))+parametros_carros!$F$34*('Plan mensual'!K4+IF(parametros_carros!$H$34="Todos",'Plan mensual'!K8,0))+parametros_carros!$G$34*('Plan mensual'!K5+IF(parametros_carros!$H$34="Todos",'Plan mensual'!K9,0)))/60 -> 1.28925 | ... M17: =(parametros_carros!$D$34*('Plan mensual'!O2+IF(parametros_carros!$H$34="Todos",'Plan mensual'!O6,0))+parametros_carros!$E$34*('Plan mensual'!O3+IF(parametros_carros!$H$34="Todos",'Plan mensual'!O7,0))+parametros_carros!$F$34*('Plan mensual'!O4+IF(parametros_carros!$H$34="Todos",'Plan mensual'!O8,0))+parametros_carros!$G$34*('Plan mensual'!O5+IF(parametros_carros!$H$34="Todos",'Plan mensual'!O9,0)))/60 -> 1.146 | N17: =SUM(B17:M17) -> 14.325 | O17: =MAX(B17:M17) -> 1.28925 | P17: =IF(parametros_carros!$B$7=0,0,(O17+parametros_carros!$G$60)/parametros_carros!$B$7) -> 0.055261667 | Q17: =IF(O17=0,"-",INDEX($B$1:$M$1,MATCH(O17,B17:M17,0))) -> Mar
A18: =parametros_carros!$B$35 -> Calidad: pérdidas, inspección final, liberación y ensayos de lote | B18: =(parametros_carros!$D$35*('Plan mensual'!D2+IF(parametros_carros!$H$35="Todos",'Plan mensual'!D6,0))+parametros_carros!$E$35*('Plan mensual'!D3+IF(parametros_carros!$H$35="Todos",'Plan mensual'!D7,0))+parametros_carros!$F$35*('Plan mensual'!D4+IF(parametros_carros!$H$35="Todos",'Plan mensual'!D8,0))+parametros_carros!$G$35*('Plan mensual'!D5+IF(parametros_carros!$H$35="Todos",'Plan mensual'!D9,0)))/60 -> 0.92287333 | C18: =(parametros_carros!$D$35*('Plan mensual'!E2+IF(parametros_carros!$H$35="Todos",'Plan mensual'!E6,0))+parametros_carros!$E$35*('Plan mensual'!E3+IF(parametros_carros!$H$35="Todos",'Plan mensual'!E7,0))+parametros_carros!$F$35*('Plan mensual'!E4+IF(parametros_carros!$H$35="Todos",'Plan mensual'!E8,0))+parametros_carros!$G$35*('Plan mensual'!E5+IF(parametros_carros!$H$35="Todos",'Plan mensual'!E9,0)))/60 -> 0.8143 | D18: =(parametros_carros!$D$35*('Plan mensual'!F2+IF(parametros_carros!$H$35="Todos",'Plan mensual'!F6,0))+parametros_carros!$E$35*('Plan mensual'!F3+IF(parametros_carros!$H$35="Todos",'Plan mensual'!F7,0))+parametros_carros!$F$35*('Plan mensual'!F4+IF(parametros_carros!$H$35="Todos",'Plan mensual'!F8,0))+parametros_carros!$G$35*('Plan mensual'!F5+IF(parametros_carros!$H$35="Todos",'Plan mensual'!F9,0)))/60 -> 0.97716 | E18: =(parametros_carros!$D$35*('Plan mensual'!G2+IF(parametros_carros!$H$35="Todos",'Plan mensual'!G6,0))+parametros_carros!$E$35*('Plan mensual'!G3+IF(parametros_carros!$H$35="Todos",'Plan mensual'!G7,0))+parametros_carros!$F$35*('Plan mensual'!G4+IF(parametros_carros!$H$35="Todos",'Plan mensual'!G8,0))+parametros_carros!$G$35*('Plan mensual'!G5+IF(parametros_carros!$H$35="Todos",'Plan mensual'!G9,0)))/60 -> 0.97716 | F18: =(parametros_carros!$D$35*('Plan mensual'!H2+IF(parametros_carros!$H$35="Todos",'Plan mensual'!H6,0))+parametros_carros!$E$35*('Plan mensual'!H3+IF(parametros_carros!$H$35="Todos",'Plan mensual'!H7,0))+parametros_carros!$F$35*('Plan mensual'!H4+IF(parametros_carros!$H$35="Todos",'Plan mensual'!H8,0))+parametros_carros!$G$35*('Plan mensual'!H5+IF(parametros_carros!$H$35="Todos",'Plan mensual'!H9,0)))/60 -> 0.97716 | G18: =(parametros_carros!$D$35*('Plan mensual'!I2+IF(parametros_carros!$H$35="Todos",'Plan mensual'!I6,0))+parametros_carros!$E$35*('Plan mensual'!I3+IF(parametros_carros!$H$35="Todos",'Plan mensual'!I7,0))+parametros_carros!$F$35*('Plan mensual'!I4+IF(parametros_carros!$H$35="Todos",'Plan mensual'!I8,0))+parametros_carros!$G$35*('Plan mensual'!I5+IF(parametros_carros!$H$35="Todos",'Plan mensual'!I9,0)))/60 -> 0.86858667 | H18: =(parametros_carros!$D$35*('Plan mensual'!J2+IF(parametros_carros!$H$35="Todos",'Plan mensual'!J6,0))+parametros_carros!$E$35*('Plan mensual'!J3+IF(parametros_carros!$H$35="Todos",'Plan mensual'!J7,0))+parametros_carros!$F$35*('Plan mensual'!J4+IF(parametros_carros!$H$35="Todos",'Plan mensual'!J8,0))+parametros_carros!$G$35*('Plan mensual'!J5+IF(parametros_carros!$H$35="Todos",'Plan mensual'!J9,0)))/60 -> 0.97716 | I18: =(parametros_carros!$D$35*('Plan mensual'!K2+IF(parametros_carros!$H$35="Todos",'Plan mensual'!K6,0))+parametros_carros!$E$35*('Plan mensual'!K3+IF(parametros_carros!$H$35="Todos",'Plan mensual'!K7,0))+parametros_carros!$F$35*('Plan mensual'!K4+IF(parametros_carros!$H$35="Todos",'Plan mensual'!K8,0))+parametros_carros!$G$35*('Plan mensual'!K5+IF(parametros_carros!$H$35="Todos",'Plan mensual'!K9,0)))/60 -> 0.97716 | ... M18: =(parametros_carros!$D$35*('Plan mensual'!O2+IF(parametros_carros!$H$35="Todos",'Plan mensual'!O6,0))+parametros_carros!$E$35*('Plan mensual'!O3+IF(parametros_carros!$H$35="Todos",'Plan mensual'!O7,0))+parametros_carros!$F$35*('Plan mensual'!O4+IF(parametros_carros!$H$35="Todos",'Plan mensual'!O8,0))+parametros_carros!$G$35*('Plan mensual'!O5+IF(parametros_carros!$H$35="Todos",'Plan mensual'!O9,0)))/60 -> 0.86858667 | N18: =SUM(B18:M18) -> 10.857333 | O18: =MAX(B18:M18) -> 0.97716 | P18: =IF(parametros_carros!$B$7=0,0,(O18+parametros_carros!$G$61)/parametros_carros!$B$7) -> 0.37673662 | Q18: =IF(O18=0,"-",INDEX($B$1:$M$1,MATCH(O18,B18:M18,0))) -> Mar
A19: =parametros_carros!$B$36 -> Depósito de producto terminado y despacho | B19: =(parametros_carros!$D$36*('Plan mensual'!D2+IF(parametros_carros!$H$36="Todos",'Plan mensual'!D6,0))+parametros_carros!$E$36*('Plan mensual'!D3+IF(parametros_carros!$H$36="Todos",'Plan mensual'!D7,0))+parametros_carros!$F$36*('Plan mensual'!D4+IF(parametros_carros!$H$36="Todos",'Plan mensual'!D8,0))+parametros_carros!$G$36*('Plan mensual'!D5+IF(parametros_carros!$H$36="Todos",'Plan mensual'!D9,0)))/60 -> 0.2618 | C19: =(parametros_carros!$D$36*('Plan mensual'!E2+IF(parametros_carros!$H$36="Todos",'Plan mensual'!E6,0))+parametros_carros!$E$36*('Plan mensual'!E3+IF(parametros_carros!$H$36="Todos",'Plan mensual'!E7,0))+parametros_carros!$F$36*('Plan mensual'!E4+IF(parametros_carros!$H$36="Todos",'Plan mensual'!E8,0))+parametros_carros!$G$36*('Plan mensual'!E5+IF(parametros_carros!$H$36="Todos",'Plan mensual'!E9,0)))/60 -> 0.231 | D19: =(parametros_carros!$D$36*('Plan mensual'!F2+IF(parametros_carros!$H$36="Todos",'Plan mensual'!F6,0))+parametros_carros!$E$36*('Plan mensual'!F3+IF(parametros_carros!$H$36="Todos",'Plan mensual'!F7,0))+parametros_carros!$F$36*('Plan mensual'!F4+IF(parametros_carros!$H$36="Todos",'Plan mensual'!F8,0))+parametros_carros!$G$36*('Plan mensual'!F5+IF(parametros_carros!$H$36="Todos",'Plan mensual'!F9,0)))/60 -> 0.2772 | E19: =(parametros_carros!$D$36*('Plan mensual'!G2+IF(parametros_carros!$H$36="Todos",'Plan mensual'!G6,0))+parametros_carros!$E$36*('Plan mensual'!G3+IF(parametros_carros!$H$36="Todos",'Plan mensual'!G7,0))+parametros_carros!$F$36*('Plan mensual'!G4+IF(parametros_carros!$H$36="Todos",'Plan mensual'!G8,0))+parametros_carros!$G$36*('Plan mensual'!G5+IF(parametros_carros!$H$36="Todos",'Plan mensual'!G9,0)))/60 -> 0.2772 | F19: =(parametros_carros!$D$36*('Plan mensual'!H2+IF(parametros_carros!$H$36="Todos",'Plan mensual'!H6,0))+parametros_carros!$E$36*('Plan mensual'!H3+IF(parametros_carros!$H$36="Todos",'Plan mensual'!H7,0))+parametros_carros!$F$36*('Plan mensual'!H4+IF(parametros_carros!$H$36="Todos",'Plan mensual'!H8,0))+parametros_carros!$G$36*('Plan mensual'!H5+IF(parametros_carros!$H$36="Todos",'Plan mensual'!H9,0)))/60 -> 0.2772 | G19: =(parametros_carros!$D$36*('Plan mensual'!I2+IF(parametros_carros!$H$36="Todos",'Plan mensual'!I6,0))+parametros_carros!$E$36*('Plan mensual'!I3+IF(parametros_carros!$H$36="Todos",'Plan mensual'!I7,0))+parametros_carros!$F$36*('Plan mensual'!I4+IF(parametros_carros!$H$36="Todos",'Plan mensual'!I8,0))+parametros_carros!$G$36*('Plan mensual'!I5+IF(parametros_carros!$H$36="Todos",'Plan mensual'!I9,0)))/60 -> 0.2464 | H19: =(parametros_carros!$D$36*('Plan mensual'!J2+IF(parametros_carros!$H$36="Todos",'Plan mensual'!J6,0))+parametros_carros!$E$36*('Plan mensual'!J3+IF(parametros_carros!$H$36="Todos",'Plan mensual'!J7,0))+parametros_carros!$F$36*('Plan mensual'!J4+IF(parametros_carros!$H$36="Todos",'Plan mensual'!J8,0))+parametros_carros!$G$36*('Plan mensual'!J5+IF(parametros_carros!$H$36="Todos",'Plan mensual'!J9,0)))/60 -> 0.2772 | I19: =(parametros_carros!$D$36*('Plan mensual'!K2+IF(parametros_carros!$H$36="Todos",'Plan mensual'!K6,0))+parametros_carros!$E$36*('Plan mensual'!K3+IF(parametros_carros!$H$36="Todos",'Plan mensual'!K7,0))+parametros_carros!$F$36*('Plan mensual'!K4+IF(parametros_carros!$H$36="Todos",'Plan mensual'!K8,0))+parametros_carros!$G$36*('Plan mensual'!K5+IF(parametros_carros!$H$36="Todos",'Plan mensual'!K9,0)))/60 -> 0.2772 | ... M19: =(parametros_carros!$D$36*('Plan mensual'!O2+IF(parametros_carros!$H$36="Todos",'Plan mensual'!O6,0))+parametros_carros!$E$36*('Plan mensual'!O3+IF(parametros_carros!$H$36="Todos",'Plan mensual'!O7,0))+parametros_carros!$F$36*('Plan mensual'!O4+IF(parametros_carros!$H$36="Todos",'Plan mensual'!O8,0))+parametros_carros!$G$36*('Plan mensual'!O5+IF(parametros_carros!$H$36="Todos",'Plan mensual'!O9,0)))/60 -> 0.2464 | N19: =SUM(B19:M19) -> 3.08 | O19: =MAX(B19:M19) -> 0.2772 | P19: =IF(parametros_carros!$B$7=0,0,(O19+parametros_carros!$G$62)/parametros_carros!$B$7) -> 0.024070222 | Q19: =IF(O19=0,"-",INDEX($B$1:$M$1,MATCH(O19,B19:M19,0))) -> Mar
A21: Año 2027 — carga (h/mes) | B21: Ene | C21: Feb | D21: Mar | E21: Abr | F21: May | G21: Jun | H21: Jul | I21: Ago | J21: Sep | K21: Oct | L21: Nov | M21: Dic | N21: Total anual (h) | O21: Mes pico (h/mes) | P21: Ocupación pico (1 puesto, 1 turno, con fijos) | Q21: Mes pico
A22: =parametros_carros!$B$19 -> Recepción de materia prima | B22: =(parametros_carros!$D$19*('Plan mensual'!D13+IF(parametros_carros!$H$19="Todos",'Plan mensual'!D17,0))+parametros_carros!$E$19*('Plan mensual'!D14+IF(parametros_carros!$H$19="Todos",'Plan mensual'!D18,0))+parametros_carros!$F$19*('Plan mensual'!D15+IF(parametros_carros!$H$19="Todos",'Plan mensual'!D19,0))+parametros_carros!$G$19*('Plan mensual'!D16+IF(parametros_carros!$H$19="Todos",'Plan mensual'!D20,0)))/60 -> 0.58837354 | C22: =(parametros_carros!$D$19*('Plan mensual'!E13+IF(parametros_carros!$H$19="Todos",'Plan mensual'!E17,0))+parametros_carros!$E$19*('Plan mensual'!E14+IF(parametros_carros!$H$19="Todos",'Plan mensual'!E18,0))+parametros_carros!$F$19*('Plan mensual'!E15+IF(parametros_carros!$H$19="Todos",'Plan mensual'!E19,0))+parametros_carros!$G$19*('Plan mensual'!E16+IF(parametros_carros!$H$19="Todos",'Plan mensual'!E20,0)))/60 -> 0.51915312 | D22: =(parametros_carros!$D$19*('Plan mensual'!F13+IF(parametros_carros!$H$19="Todos",'Plan mensual'!F17,0))+parametros_carros!$E$19*('Plan mensual'!F14+IF(parametros_carros!$H$19="Todos",'Plan mensual'!F18,0))+parametros_carros!$F$19*('Plan mensual'!F15+IF(parametros_carros!$H$19="Todos",'Plan mensual'!F19,0))+parametros_carros!$G$19*('Plan mensual'!F16+IF(parametros_carros!$H$19="Todos",'Plan mensual'!F20,0)))/60 -> 0.62298375 | E22: =(parametros_carros!$D$19*('Plan mensual'!G13+IF(parametros_carros!$H$19="Todos",'Plan mensual'!G17,0))+parametros_carros!$E$19*('Plan mensual'!G14+IF(parametros_carros!$H$19="Todos",'Plan mensual'!G18,0))+parametros_carros!$F$19*('Plan mensual'!G15+IF(parametros_carros!$H$19="Todos",'Plan mensual'!G19,0))+parametros_carros!$G$19*('Plan mensual'!G16+IF(parametros_carros!$H$19="Todos",'Plan mensual'!G20,0)))/60 -> 0.62298375 | F22: =(parametros_carros!$D$19*('Plan mensual'!H13+IF(parametros_carros!$H$19="Todos",'Plan mensual'!H17,0))+parametros_carros!$E$19*('Plan mensual'!H14+IF(parametros_carros!$H$19="Todos",'Plan mensual'!H18,0))+parametros_carros!$F$19*('Plan mensual'!H15+IF(parametros_carros!$H$19="Todos",'Plan mensual'!H19,0))+parametros_carros!$G$19*('Plan mensual'!H16+IF(parametros_carros!$H$19="Todos",'Plan mensual'!H20,0)))/60 -> 0.62298375 | G22: =(parametros_carros!$D$19*('Plan mensual'!I13+IF(parametros_carros!$H$19="Todos",'Plan mensual'!I17,0))+parametros_carros!$E$19*('Plan mensual'!I14+IF(parametros_carros!$H$19="Todos",'Plan mensual'!I18,0))+parametros_carros!$F$19*('Plan mensual'!I15+IF(parametros_carros!$H$19="Todos",'Plan mensual'!I19,0))+parametros_carros!$G$19*('Plan mensual'!I16+IF(parametros_carros!$H$19="Todos",'Plan mensual'!I20,0)))/60 -> 0.55376333 | H22: =(parametros_carros!$D$19*('Plan mensual'!J13+IF(parametros_carros!$H$19="Todos",'Plan mensual'!J17,0))+parametros_carros!$E$19*('Plan mensual'!J14+IF(parametros_carros!$H$19="Todos",'Plan mensual'!J18,0))+parametros_carros!$F$19*('Plan mensual'!J15+IF(parametros_carros!$H$19="Todos",'Plan mensual'!J19,0))+parametros_carros!$G$19*('Plan mensual'!J16+IF(parametros_carros!$H$19="Todos",'Plan mensual'!J20,0)))/60 -> 0.62298375 | I22: =(parametros_carros!$D$19*('Plan mensual'!K13+IF(parametros_carros!$H$19="Todos",'Plan mensual'!K17,0))+parametros_carros!$E$19*('Plan mensual'!K14+IF(parametros_carros!$H$19="Todos",'Plan mensual'!K18,0))+parametros_carros!$F$19*('Plan mensual'!K15+IF(parametros_carros!$H$19="Todos",'Plan mensual'!K19,0))+parametros_carros!$G$19*('Plan mensual'!K16+IF(parametros_carros!$H$19="Todos",'Plan mensual'!K20,0)))/60 -> 0.62298375 | ... M22: =(parametros_carros!$D$19*('Plan mensual'!O13+IF(parametros_carros!$H$19="Todos",'Plan mensual'!O17,0))+parametros_carros!$E$19*('Plan mensual'!O14+IF(parametros_carros!$H$19="Todos",'Plan mensual'!O18,0))+parametros_carros!$F$19*('Plan mensual'!O15+IF(parametros_carros!$H$19="Todos",'Plan mensual'!O19,0))+parametros_carros!$G$19*('Plan mensual'!O16+IF(parametros_carros!$H$19="Todos",'Plan mensual'!O20,0)))/60 -> 0.55376333 | N22: =SUM(B22:M22) -> 6.9220417 | O22: =MAX(B22:M22) -> 0.62298375 | P22: =IF(parametros_carros!$B$7=0,0,(O22+parametros_carros!$G$45)/parametros_carros!$B$7) -> 0.052264336 | Q22: =IF(O22=0,"-",INDEX($B$21:$M$21,MATCH(O22,B22:M22,0))) -> Mar
A23: =parametros_carros!$B$20 -> Corte de chapa (guillotina) | B23: =(parametros_carros!$D$20*('Plan mensual'!D13+IF(parametros_carros!$H$20="Todos",'Plan mensual'!D17,0))+parametros_carros!$E$20*('Plan mensual'!D14+IF(parametros_carros!$H$20="Todos",'Plan mensual'!D18,0))+parametros_carros!$F$20*('Plan mensual'!D15+IF(parametros_carros!$H$20="Todos",'Plan mensual'!D19,0))+parametros_carros!$G$20*('Plan mensual'!D16+IF(parametros_carros!$H$20="Todos",'Plan mensual'!D20,0)))/60 -> 1.2955791 | C23: =(parametros_carros!$D$20*('Plan mensual'!E13+IF(parametros_carros!$H$20="Todos",'Plan mensual'!E17,0))+parametros_carros!$E$20*('Plan mensual'!E14+IF(parametros_carros!$H$20="Todos",'Plan mensual'!E18,0))+parametros_carros!$F$20*('Plan mensual'!E15+IF(parametros_carros!$H$20="Todos",'Plan mensual'!E19,0))+parametros_carros!$G$20*('Plan mensual'!E16+IF(parametros_carros!$H$20="Todos",'Plan mensual'!E20,0)))/60 -> 1.1431581 | D23: =(parametros_carros!$D$20*('Plan mensual'!F13+IF(parametros_carros!$H$20="Todos",'Plan mensual'!F17,0))+parametros_carros!$E$20*('Plan mensual'!F14+IF(parametros_carros!$H$20="Todos",'Plan mensual'!F18,0))+parametros_carros!$F$20*('Plan mensual'!F15+IF(parametros_carros!$H$20="Todos",'Plan mensual'!F19,0))+parametros_carros!$G$20*('Plan mensual'!F16+IF(parametros_carros!$H$20="Todos",'Plan mensual'!F20,0)))/60 -> 1.3717897 | E23: =(parametros_carros!$D$20*('Plan mensual'!G13+IF(parametros_carros!$H$20="Todos",'Plan mensual'!G17,0))+parametros_carros!$E$20*('Plan mensual'!G14+IF(parametros_carros!$H$20="Todos",'Plan mensual'!G18,0))+parametros_carros!$F$20*('Plan mensual'!G15+IF(parametros_carros!$H$20="Todos",'Plan mensual'!G19,0))+parametros_carros!$G$20*('Plan mensual'!G16+IF(parametros_carros!$H$20="Todos",'Plan mensual'!G20,0)))/60 -> 1.3717897 | F23: =(parametros_carros!$D$20*('Plan mensual'!H13+IF(parametros_carros!$H$20="Todos",'Plan mensual'!H17,0))+parametros_carros!$E$20*('Plan mensual'!H14+IF(parametros_carros!$H$20="Todos",'Plan mensual'!H18,0))+parametros_carros!$F$20*('Plan mensual'!H15+IF(parametros_carros!$H$20="Todos",'Plan mensual'!H19,0))+parametros_carros!$G$20*('Plan mensual'!H16+IF(parametros_carros!$H$20="Todos",'Plan mensual'!H20,0)))/60 -> 1.3717897 | G23: =(parametros_carros!$D$20*('Plan mensual'!I13+IF(parametros_carros!$H$20="Todos",'Plan mensual'!I17,0))+parametros_carros!$E$20*('Plan mensual'!I14+IF(parametros_carros!$H$20="Todos",'Plan mensual'!I18,0))+parametros_carros!$F$20*('Plan mensual'!I15+IF(parametros_carros!$H$20="Todos",'Plan mensual'!I19,0))+parametros_carros!$G$20*('Plan mensual'!I16+IF(parametros_carros!$H$20="Todos",'Plan mensual'!I20,0)))/60 -> 1.2193686 | H23: =(parametros_carros!$D$20*('Plan mensual'!J13+IF(parametros_carros!$H$20="Todos",'Plan mensual'!J17,0))+parametros_carros!$E$20*('Plan mensual'!J14+IF(parametros_carros!$H$20="Todos",'Plan mensual'!J18,0))+parametros_carros!$F$20*('Plan mensual'!J15+IF(parametros_carros!$H$20="Todos",'Plan mensual'!J19,0))+parametros_carros!$G$20*('Plan mensual'!J16+IF(parametros_carros!$H$20="Todos",'Plan mensual'!J20,0)))/60 -> 1.3717897 | I23: =(parametros_carros!$D$20*('Plan mensual'!K13+IF(parametros_carros!$H$20="Todos",'Plan mensual'!K17,0))+parametros_carros!$E$20*('Plan mensual'!K14+IF(parametros_carros!$H$20="Todos",'Plan mensual'!K18,0))+parametros_carros!$F$20*('Plan mensual'!K15+IF(parametros_carros!$H$20="Todos",'Plan mensual'!K19,0))+parametros_carros!$G$20*('Plan mensual'!K16+IF(parametros_carros!$H$20="Todos",'Plan mensual'!K20,0)))/60 -> 1.3717897 | ... M23: =(parametros_carros!$D$20*('Plan mensual'!O13+IF(parametros_carros!$H$20="Todos",'Plan mensual'!O17,0))+parametros_carros!$E$20*('Plan mensual'!O14+IF(parametros_carros!$H$20="Todos",'Plan mensual'!O18,0))+parametros_carros!$F$20*('Plan mensual'!O15+IF(parametros_carros!$H$20="Todos",'Plan mensual'!O19,0))+parametros_carros!$G$20*('Plan mensual'!O16+IF(parametros_carros!$H$20="Todos",'Plan mensual'!O20,0)))/60 -> 1.2193686 | N23: =SUM(B23:M23) -> 15.242107 | O23: =MAX(B23:M23) -> 1.3717897 | P23: =IF(parametros_carros!$B$7=0,0,(O23+parametros_carros!$G$46)/parametros_carros!$B$7) -> 0.071367487 | Q23: =IF(O23=0,"-",INDEX($B$21:$M$21,MATCH(O23,B23:M23,0))) -> Mar
A24: =parametros_carros!$B$21 -> Marcado del cuerpo | B24: =(parametros_carros!$D$21*('Plan mensual'!D13+IF(parametros_carros!$H$21="Todos",'Plan mensual'!D17,0))+parametros_carros!$E$21*('Plan mensual'!D14+IF(parametros_carros!$H$21="Todos",'Plan mensual'!D18,0))+parametros_carros!$F$21*('Plan mensual'!D15+IF(parametros_carros!$H$21="Todos",'Plan mensual'!D19,0))+parametros_carros!$G$21*('Plan mensual'!D16+IF(parametros_carros!$H$21="Todos",'Plan mensual'!D20,0)))/60 -> 0.5151 | C24: =(parametros_carros!$D$21*('Plan mensual'!E13+IF(parametros_carros!$H$21="Todos",'Plan mensual'!E17,0))+parametros_carros!$E$21*('Plan mensual'!E14+IF(parametros_carros!$H$21="Todos",'Plan mensual'!E18,0))+parametros_carros!$F$21*('Plan mensual'!E15+IF(parametros_carros!$H$21="Todos",'Plan mensual'!E19,0))+parametros_carros!$G$21*('Plan mensual'!E16+IF(parametros_carros!$H$21="Todos",'Plan mensual'!E20,0)))/60 -> 0.4545 | D24: =(parametros_carros!$D$21*('Plan mensual'!F13+IF(parametros_carros!$H$21="Todos",'Plan mensual'!F17,0))+parametros_carros!$E$21*('Plan mensual'!F14+IF(parametros_carros!$H$21="Todos",'Plan mensual'!F18,0))+parametros_carros!$F$21*('Plan mensual'!F15+IF(parametros_carros!$H$21="Todos",'Plan mensual'!F19,0))+parametros_carros!$G$21*('Plan mensual'!F16+IF(parametros_carros!$H$21="Todos",'Plan mensual'!F20,0)))/60 -> 0.5454 | E24: =(parametros_carros!$D$21*('Plan mensual'!G13+IF(parametros_carros!$H$21="Todos",'Plan mensual'!G17,0))+parametros_carros!$E$21*('Plan mensual'!G14+IF(parametros_carros!$H$21="Todos",'Plan mensual'!G18,0))+parametros_carros!$F$21*('Plan mensual'!G15+IF(parametros_carros!$H$21="Todos",'Plan mensual'!G19,0))+parametros_carros!$G$21*('Plan mensual'!G16+IF(parametros_carros!$H$21="Todos",'Plan mensual'!G20,0)))/60 -> 0.5454 | F24: =(parametros_carros!$D$21*('Plan mensual'!H13+IF(parametros_carros!$H$21="Todos",'Plan mensual'!H17,0))+parametros_carros!$E$21*('Plan mensual'!H14+IF(parametros_carros!$H$21="Todos",'Plan mensual'!H18,0))+parametros_carros!$F$21*('Plan mensual'!H15+IF(parametros_carros!$H$21="Todos",'Plan mensual'!H19,0))+parametros_carros!$G$21*('Plan mensual'!H16+IF(parametros_carros!$H$21="Todos",'Plan mensual'!H20,0)))/60 -> 0.5454 | G24: =(parametros_carros!$D$21*('Plan mensual'!I13+IF(parametros_carros!$H$21="Todos",'Plan mensual'!I17,0))+parametros_carros!$E$21*('Plan mensual'!I14+IF(parametros_carros!$H$21="Todos",'Plan mensual'!I18,0))+parametros_carros!$F$21*('Plan mensual'!I15+IF(parametros_carros!$H$21="Todos",'Plan mensual'!I19,0))+parametros_carros!$G$21*('Plan mensual'!I16+IF(parametros_carros!$H$21="Todos",'Plan mensual'!I20,0)))/60 -> 0.4848 | H24: =(parametros_carros!$D$21*('Plan mensual'!J13+IF(parametros_carros!$H$21="Todos",'Plan mensual'!J17,0))+parametros_carros!$E$21*('Plan mensual'!J14+IF(parametros_carros!$H$21="Todos",'Plan mensual'!J18,0))+parametros_carros!$F$21*('Plan mensual'!J15+IF(parametros_carros!$H$21="Todos",'Plan mensual'!J19,0))+parametros_carros!$G$21*('Plan mensual'!J16+IF(parametros_carros!$H$21="Todos",'Plan mensual'!J20,0)))/60 -> 0.5454 | I24: =(parametros_carros!$D$21*('Plan mensual'!K13+IF(parametros_carros!$H$21="Todos",'Plan mensual'!K17,0))+parametros_carros!$E$21*('Plan mensual'!K14+IF(parametros_carros!$H$21="Todos",'Plan mensual'!K18,0))+parametros_carros!$F$21*('Plan mensual'!K15+IF(parametros_carros!$H$21="Todos",'Plan mensual'!K19,0))+parametros_carros!$G$21*('Plan mensual'!K16+IF(parametros_carros!$H$21="Todos",'Plan mensual'!K20,0)))/60 -> 0.5454 | ... M24: =(parametros_carros!$D$21*('Plan mensual'!O13+IF(parametros_carros!$H$21="Todos",'Plan mensual'!O17,0))+parametros_carros!$E$21*('Plan mensual'!O14+IF(parametros_carros!$H$21="Todos",'Plan mensual'!O18,0))+parametros_carros!$F$21*('Plan mensual'!O15+IF(parametros_carros!$H$21="Todos",'Plan mensual'!O19,0))+parametros_carros!$G$21*('Plan mensual'!O16+IF(parametros_carros!$H$21="Todos",'Plan mensual'!O20,0)))/60 -> 0.4848 | N24: =SUM(B24:M24) -> 6.06 | O24: =MAX(B24:M24) -> 0.5454 | P24: =IF(parametros_carros!$B$7=0,0,(O24+parametros_carros!$G$47)/parametros_carros!$B$7) -> 0.015858222 | Q24: =IF(O24=0,"-",INDEX($B$21:$M$21,MATCH(O24,B24:M24,0))) -> Mar
A25: =parametros_carros!$B$22 -> Cilindrado | B25: =(parametros_carros!$D$22*('Plan mensual'!D13+IF(parametros_carros!$H$22="Todos",'Plan mensual'!D17,0))+parametros_carros!$E$22*('Plan mensual'!D14+IF(parametros_carros!$H$22="Todos",'Plan mensual'!D18,0))+parametros_carros!$F$22*('Plan mensual'!D15+IF(parametros_carros!$H$22="Todos",'Plan mensual'!D19,0))+parametros_carros!$G$22*('Plan mensual'!D16+IF(parametros_carros!$H$22="Todos",'Plan mensual'!D20,0)))/60 -> 1.1032199 | C25: =(parametros_carros!$D$22*('Plan mensual'!E13+IF(parametros_carros!$H$22="Todos",'Plan mensual'!E17,0))+parametros_carros!$E$22*('Plan mensual'!E14+IF(parametros_carros!$H$22="Todos",'Plan mensual'!E18,0))+parametros_carros!$F$22*('Plan mensual'!E15+IF(parametros_carros!$H$22="Todos",'Plan mensual'!E19,0))+parametros_carros!$G$22*('Plan mensual'!E16+IF(parametros_carros!$H$22="Todos",'Plan mensual'!E20,0)))/60 -> 0.97342935 | D25: =(parametros_carros!$D$22*('Plan mensual'!F13+IF(parametros_carros!$H$22="Todos",'Plan mensual'!F17,0))+parametros_carros!$E$22*('Plan mensual'!F14+IF(parametros_carros!$H$22="Todos",'Plan mensual'!F18,0))+parametros_carros!$F$22*('Plan mensual'!F15+IF(parametros_carros!$H$22="Todos",'Plan mensual'!F19,0))+parametros_carros!$G$22*('Plan mensual'!F16+IF(parametros_carros!$H$22="Todos",'Plan mensual'!F20,0)))/60 -> 1.1681152 | E25: =(parametros_carros!$D$22*('Plan mensual'!G13+IF(parametros_carros!$H$22="Todos",'Plan mensual'!G17,0))+parametros_carros!$E$22*('Plan mensual'!G14+IF(parametros_carros!$H$22="Todos",'Plan mensual'!G18,0))+parametros_carros!$F$22*('Plan mensual'!G15+IF(parametros_carros!$H$22="Todos",'Plan mensual'!G19,0))+parametros_carros!$G$22*('Plan mensual'!G16+IF(parametros_carros!$H$22="Todos",'Plan mensual'!G20,0)))/60 -> 1.1681152 | F25: =(parametros_carros!$D$22*('Plan mensual'!H13+IF(parametros_carros!$H$22="Todos",'Plan mensual'!H17,0))+parametros_carros!$E$22*('Plan mensual'!H14+IF(parametros_carros!$H$22="Todos",'Plan mensual'!H18,0))+parametros_carros!$F$22*('Plan mensual'!H15+IF(parametros_carros!$H$22="Todos",'Plan mensual'!H19,0))+parametros_carros!$G$22*('Plan mensual'!H16+IF(parametros_carros!$H$22="Todos",'Plan mensual'!H20,0)))/60 -> 1.1681152 | G25: =(parametros_carros!$D$22*('Plan mensual'!I13+IF(parametros_carros!$H$22="Todos",'Plan mensual'!I17,0))+parametros_carros!$E$22*('Plan mensual'!I14+IF(parametros_carros!$H$22="Todos",'Plan mensual'!I18,0))+parametros_carros!$F$22*('Plan mensual'!I15+IF(parametros_carros!$H$22="Todos",'Plan mensual'!I19,0))+parametros_carros!$G$22*('Plan mensual'!I16+IF(parametros_carros!$H$22="Todos",'Plan mensual'!I20,0)))/60 -> 1.0383246 | H25: =(parametros_carros!$D$22*('Plan mensual'!J13+IF(parametros_carros!$H$22="Todos",'Plan mensual'!J17,0))+parametros_carros!$E$22*('Plan mensual'!J14+IF(parametros_carros!$H$22="Todos",'Plan mensual'!J18,0))+parametros_carros!$F$22*('Plan mensual'!J15+IF(parametros_carros!$H$22="Todos",'Plan mensual'!J19,0))+parametros_carros!$G$22*('Plan mensual'!J16+IF(parametros_carros!$H$22="Todos",'Plan mensual'!J20,0)))/60 -> 1.1681152 | I25: =(parametros_carros!$D$22*('Plan mensual'!K13+IF(parametros_carros!$H$22="Todos",'Plan mensual'!K17,0))+parametros_carros!$E$22*('Plan mensual'!K14+IF(parametros_carros!$H$22="Todos",'Plan mensual'!K18,0))+parametros_carros!$F$22*('Plan mensual'!K15+IF(parametros_carros!$H$22="Todos",'Plan mensual'!K19,0))+parametros_carros!$G$22*('Plan mensual'!K16+IF(parametros_carros!$H$22="Todos",'Plan mensual'!K20,0)))/60 -> 1.1681152 | ... M25: =(parametros_carros!$D$22*('Plan mensual'!O13+IF(parametros_carros!$H$22="Todos",'Plan mensual'!O17,0))+parametros_carros!$E$22*('Plan mensual'!O14+IF(parametros_carros!$H$22="Todos",'Plan mensual'!O18,0))+parametros_carros!$F$22*('Plan mensual'!O15+IF(parametros_carros!$H$22="Todos",'Plan mensual'!O19,0))+parametros_carros!$G$22*('Plan mensual'!O16+IF(parametros_carros!$H$22="Todos",'Plan mensual'!O20,0)))/60 -> 1.0383246 | N25: =SUM(B25:M25) -> 12.979058 | O25: =MAX(B25:M25) -> 1.1681152 | P25: =IF(parametros_carros!$B$7=0,0,(O25+parametros_carros!$G$48)/parametros_carros!$B$7) -> 0.047787435 | Q25: =IF(O25=0,"-",INDEX($B$21:$M$21,MATCH(O25,B25:M25,0))) -> Mar
A26: =parametros_carros!$B$23 -> Punteo del cuerpo | B26: =(parametros_carros!$D$23*('Plan mensual'!D13+IF(parametros_carros!$H$23="Todos",'Plan mensual'!D17,0))+parametros_carros!$E$23*('Plan mensual'!D14+IF(parametros_carros!$H$23="Todos",'Plan mensual'!D18,0))+parametros_carros!$F$23*('Plan mensual'!D15+IF(parametros_carros!$H$23="Todos",'Plan mensual'!D19,0))+parametros_carros!$G$23*('Plan mensual'!D16+IF(parametros_carros!$H$23="Todos",'Plan mensual'!D20,0)))/60 -> 1.6385783 | C26: =(parametros_carros!$D$23*('Plan mensual'!E13+IF(parametros_carros!$H$23="Todos",'Plan mensual'!E17,0))+parametros_carros!$E$23*('Plan mensual'!E14+IF(parametros_carros!$H$23="Todos",'Plan mensual'!E18,0))+parametros_carros!$F$23*('Plan mensual'!E15+IF(parametros_carros!$H$23="Todos",'Plan mensual'!E19,0))+parametros_carros!$G$23*('Plan mensual'!E16+IF(parametros_carros!$H$23="Todos",'Plan mensual'!E20,0)))/60 -> 1.4458043 | D26: =(parametros_carros!$D$23*('Plan mensual'!F13+IF(parametros_carros!$H$23="Todos",'Plan mensual'!F17,0))+parametros_carros!$E$23*('Plan mensual'!F14+IF(parametros_carros!$H$23="Todos",'Plan mensual'!F18,0))+parametros_carros!$F$23*('Plan mensual'!F15+IF(parametros_carros!$H$23="Todos",'Plan mensual'!F19,0))+parametros_carros!$G$23*('Plan mensual'!F16+IF(parametros_carros!$H$23="Todos",'Plan mensual'!F20,0)))/60 -> 1.7349652 | E26: =(parametros_carros!$D$23*('Plan mensual'!G13+IF(parametros_carros!$H$23="Todos",'Plan mensual'!G17,0))+parametros_carros!$E$23*('Plan mensual'!G14+IF(parametros_carros!$H$23="Todos",'Plan mensual'!G18,0))+parametros_carros!$F$23*('Plan mensual'!G15+IF(parametros_carros!$H$23="Todos",'Plan mensual'!G19,0))+parametros_carros!$G$23*('Plan mensual'!G16+IF(parametros_carros!$H$23="Todos",'Plan mensual'!G20,0)))/60 -> 1.7349652 | F26: =(parametros_carros!$D$23*('Plan mensual'!H13+IF(parametros_carros!$H$23="Todos",'Plan mensual'!H17,0))+parametros_carros!$E$23*('Plan mensual'!H14+IF(parametros_carros!$H$23="Todos",'Plan mensual'!H18,0))+parametros_carros!$F$23*('Plan mensual'!H15+IF(parametros_carros!$H$23="Todos",'Plan mensual'!H19,0))+parametros_carros!$G$23*('Plan mensual'!H16+IF(parametros_carros!$H$23="Todos",'Plan mensual'!H20,0)))/60 -> 1.7349652 | G26: =(parametros_carros!$D$23*('Plan mensual'!I13+IF(parametros_carros!$H$23="Todos",'Plan mensual'!I17,0))+parametros_carros!$E$23*('Plan mensual'!I14+IF(parametros_carros!$H$23="Todos",'Plan mensual'!I18,0))+parametros_carros!$F$23*('Plan mensual'!I15+IF(parametros_carros!$H$23="Todos",'Plan mensual'!I19,0))+parametros_carros!$G$23*('Plan mensual'!I16+IF(parametros_carros!$H$23="Todos",'Plan mensual'!I20,0)))/60 -> 1.5421913 | H26: =(parametros_carros!$D$23*('Plan mensual'!J13+IF(parametros_carros!$H$23="Todos",'Plan mensual'!J17,0))+parametros_carros!$E$23*('Plan mensual'!J14+IF(parametros_carros!$H$23="Todos",'Plan mensual'!J18,0))+parametros_carros!$F$23*('Plan mensual'!J15+IF(parametros_carros!$H$23="Todos",'Plan mensual'!J19,0))+parametros_carros!$G$23*('Plan mensual'!J16+IF(parametros_carros!$H$23="Todos",'Plan mensual'!J20,0)))/60 -> 1.7349652 | I26: =(parametros_carros!$D$23*('Plan mensual'!K13+IF(parametros_carros!$H$23="Todos",'Plan mensual'!K17,0))+parametros_carros!$E$23*('Plan mensual'!K14+IF(parametros_carros!$H$23="Todos",'Plan mensual'!K18,0))+parametros_carros!$F$23*('Plan mensual'!K15+IF(parametros_carros!$H$23="Todos",'Plan mensual'!K19,0))+parametros_carros!$G$23*('Plan mensual'!K16+IF(parametros_carros!$H$23="Todos",'Plan mensual'!K20,0)))/60 -> 1.7349652 | ... M26: =(parametros_carros!$D$23*('Plan mensual'!O13+IF(parametros_carros!$H$23="Todos",'Plan mensual'!O17,0))+parametros_carros!$E$23*('Plan mensual'!O14+IF(parametros_carros!$H$23="Todos",'Plan mensual'!O18,0))+parametros_carros!$F$23*('Plan mensual'!O15+IF(parametros_carros!$H$23="Todos",'Plan mensual'!O19,0))+parametros_carros!$G$23*('Plan mensual'!O16+IF(parametros_carros!$H$23="Todos",'Plan mensual'!O20,0)))/60 -> 1.5421913 | N26: =SUM(B26:M26) -> 19.277391 | O26: =MAX(B26:M26) -> 1.7349652 | P26: =IF(parametros_carros!$B$7=0,0,(O26+parametros_carros!$G$49)/parametros_carros!$B$7) -> 0.022677546 | Q26: =IF(O26=0,"-",INDEX($B$21:$M$21,MATCH(O26,B26:M26,0))) -> Mar
A27: =parametros_carros!$B$24 -> Soldadura longitudinal | B27: =(parametros_carros!$D$24*('Plan mensual'!D13+IF(parametros_carros!$H$24="Todos",'Plan mensual'!D17,0))+parametros_carros!$E$24*('Plan mensual'!D14+IF(parametros_carros!$H$24="Todos",'Plan mensual'!D18,0))+parametros_carros!$F$24*('Plan mensual'!D15+IF(parametros_carros!$H$24="Todos",'Plan mensual'!D19,0))+parametros_carros!$G$24*('Plan mensual'!D16+IF(parametros_carros!$H$24="Todos",'Plan mensual'!D20,0)))/60 -> 1.122425 | C27: =(parametros_carros!$D$24*('Plan mensual'!E13+IF(parametros_carros!$H$24="Todos",'Plan mensual'!E17,0))+parametros_carros!$E$24*('Plan mensual'!E14+IF(parametros_carros!$H$24="Todos",'Plan mensual'!E18,0))+parametros_carros!$F$24*('Plan mensual'!E15+IF(parametros_carros!$H$24="Todos",'Plan mensual'!E19,0))+parametros_carros!$G$24*('Plan mensual'!E16+IF(parametros_carros!$H$24="Todos",'Plan mensual'!E20,0)))/60 -> 0.990375 | D27: =(parametros_carros!$D$24*('Plan mensual'!F13+IF(parametros_carros!$H$24="Todos",'Plan mensual'!F17,0))+parametros_carros!$E$24*('Plan mensual'!F14+IF(parametros_carros!$H$24="Todos",'Plan mensual'!F18,0))+parametros_carros!$F$24*('Plan mensual'!F15+IF(parametros_carros!$H$24="Todos",'Plan mensual'!F19,0))+parametros_carros!$G$24*('Plan mensual'!F16+IF(parametros_carros!$H$24="Todos",'Plan mensual'!F20,0)))/60 -> 1.18845 | E27: =(parametros_carros!$D$24*('Plan mensual'!G13+IF(parametros_carros!$H$24="Todos",'Plan mensual'!G17,0))+parametros_carros!$E$24*('Plan mensual'!G14+IF(parametros_carros!$H$24="Todos",'Plan mensual'!G18,0))+parametros_carros!$F$24*('Plan mensual'!G15+IF(parametros_carros!$H$24="Todos",'Plan mensual'!G19,0))+parametros_carros!$G$24*('Plan mensual'!G16+IF(parametros_carros!$H$24="Todos",'Plan mensual'!G20,0)))/60 -> 1.18845 | F27: =(parametros_carros!$D$24*('Plan mensual'!H13+IF(parametros_carros!$H$24="Todos",'Plan mensual'!H17,0))+parametros_carros!$E$24*('Plan mensual'!H14+IF(parametros_carros!$H$24="Todos",'Plan mensual'!H18,0))+parametros_carros!$F$24*('Plan mensual'!H15+IF(parametros_carros!$H$24="Todos",'Plan mensual'!H19,0))+parametros_carros!$G$24*('Plan mensual'!H16+IF(parametros_carros!$H$24="Todos",'Plan mensual'!H20,0)))/60 -> 1.18845 | G27: =(parametros_carros!$D$24*('Plan mensual'!I13+IF(parametros_carros!$H$24="Todos",'Plan mensual'!I17,0))+parametros_carros!$E$24*('Plan mensual'!I14+IF(parametros_carros!$H$24="Todos",'Plan mensual'!I18,0))+parametros_carros!$F$24*('Plan mensual'!I15+IF(parametros_carros!$H$24="Todos",'Plan mensual'!I19,0))+parametros_carros!$G$24*('Plan mensual'!I16+IF(parametros_carros!$H$24="Todos",'Plan mensual'!I20,0)))/60 -> 1.0564 | H27: =(parametros_carros!$D$24*('Plan mensual'!J13+IF(parametros_carros!$H$24="Todos",'Plan mensual'!J17,0))+parametros_carros!$E$24*('Plan mensual'!J14+IF(parametros_carros!$H$24="Todos",'Plan mensual'!J18,0))+parametros_carros!$F$24*('Plan mensual'!J15+IF(parametros_carros!$H$24="Todos",'Plan mensual'!J19,0))+parametros_carros!$G$24*('Plan mensual'!J16+IF(parametros_carros!$H$24="Todos",'Plan mensual'!J20,0)))/60 -> 1.18845 | I27: =(parametros_carros!$D$24*('Plan mensual'!K13+IF(parametros_carros!$H$24="Todos",'Plan mensual'!K17,0))+parametros_carros!$E$24*('Plan mensual'!K14+IF(parametros_carros!$H$24="Todos",'Plan mensual'!K18,0))+parametros_carros!$F$24*('Plan mensual'!K15+IF(parametros_carros!$H$24="Todos",'Plan mensual'!K19,0))+parametros_carros!$G$24*('Plan mensual'!K16+IF(parametros_carros!$H$24="Todos",'Plan mensual'!K20,0)))/60 -> 1.18845 | ... M27: =(parametros_carros!$D$24*('Plan mensual'!O13+IF(parametros_carros!$H$24="Todos",'Plan mensual'!O17,0))+parametros_carros!$E$24*('Plan mensual'!O14+IF(parametros_carros!$H$24="Todos",'Plan mensual'!O18,0))+parametros_carros!$F$24*('Plan mensual'!O15+IF(parametros_carros!$H$24="Todos",'Plan mensual'!O19,0))+parametros_carros!$G$24*('Plan mensual'!O16+IF(parametros_carros!$H$24="Todos",'Plan mensual'!O20,0)))/60 -> 1.0564 | N27: =SUM(B27:M27) -> 13.205 | O27: =MAX(B27:M27) -> 1.18845 | P27: =IF(parametros_carros!$B$7=0,0,(O27+parametros_carros!$G$50)/parametros_carros!$B$7) -> 0.025700778 | Q27: =IF(O27=0,"-",INDEX($B$21:$M$21,MATCH(O27,B27:M27,0))) -> Mar
A28: =parametros_carros!$B$25 -> Soldadura de cupla en la cúpula | B28: =(parametros_carros!$D$25*('Plan mensual'!D13+IF(parametros_carros!$H$25="Todos",'Plan mensual'!D17,0))+parametros_carros!$E$25*('Plan mensual'!D14+IF(parametros_carros!$H$25="Todos",'Plan mensual'!D18,0))+parametros_carros!$F$25*('Plan mensual'!D15+IF(parametros_carros!$H$25="Todos",'Plan mensual'!D19,0))+parametros_carros!$G$25*('Plan mensual'!D16+IF(parametros_carros!$H$25="Todos",'Plan mensual'!D20,0)))/60 -> 1.1095333 | C28: =(parametros_carros!$D$25*('Plan mensual'!E13+IF(parametros_carros!$H$25="Todos",'Plan mensual'!E17,0))+parametros_carros!$E$25*('Plan mensual'!E14+IF(parametros_carros!$H$25="Todos",'Plan mensual'!E18,0))+parametros_carros!$F$25*('Plan mensual'!E15+IF(parametros_carros!$H$25="Todos",'Plan mensual'!E19,0))+parametros_carros!$G$25*('Plan mensual'!E16+IF(parametros_carros!$H$25="Todos",'Plan mensual'!E20,0)))/60 -> 0.979 | D28: =(parametros_carros!$D$25*('Plan mensual'!F13+IF(parametros_carros!$H$25="Todos",'Plan mensual'!F17,0))+parametros_carros!$E$25*('Plan mensual'!F14+IF(parametros_carros!$H$25="Todos",'Plan mensual'!F18,0))+parametros_carros!$F$25*('Plan mensual'!F15+IF(parametros_carros!$H$25="Todos",'Plan mensual'!F19,0))+parametros_carros!$G$25*('Plan mensual'!F16+IF(parametros_carros!$H$25="Todos",'Plan mensual'!F20,0)))/60 -> 1.1748 | E28: =(parametros_carros!$D$25*('Plan mensual'!G13+IF(parametros_carros!$H$25="Todos",'Plan mensual'!G17,0))+parametros_carros!$E$25*('Plan mensual'!G14+IF(parametros_carros!$H$25="Todos",'Plan mensual'!G18,0))+parametros_carros!$F$25*('Plan mensual'!G15+IF(parametros_carros!$H$25="Todos",'Plan mensual'!G19,0))+parametros_carros!$G$25*('Plan mensual'!G16+IF(parametros_carros!$H$25="Todos",'Plan mensual'!G20,0)))/60 -> 1.1748 | F28: =(parametros_carros!$D$25*('Plan mensual'!H13+IF(parametros_carros!$H$25="Todos",'Plan mensual'!H17,0))+parametros_carros!$E$25*('Plan mensual'!H14+IF(parametros_carros!$H$25="Todos",'Plan mensual'!H18,0))+parametros_carros!$F$25*('Plan mensual'!H15+IF(parametros_carros!$H$25="Todos",'Plan mensual'!H19,0))+parametros_carros!$G$25*('Plan mensual'!H16+IF(parametros_carros!$H$25="Todos",'Plan mensual'!H20,0)))/60 -> 1.1748 | G28: =(parametros_carros!$D$25*('Plan mensual'!I13+IF(parametros_carros!$H$25="Todos",'Plan mensual'!I17,0))+parametros_carros!$E$25*('Plan mensual'!I14+IF(parametros_carros!$H$25="Todos",'Plan mensual'!I18,0))+parametros_carros!$F$25*('Plan mensual'!I15+IF(parametros_carros!$H$25="Todos",'Plan mensual'!I19,0))+parametros_carros!$G$25*('Plan mensual'!I16+IF(parametros_carros!$H$25="Todos",'Plan mensual'!I20,0)))/60 -> 1.0442667 | H28: =(parametros_carros!$D$25*('Plan mensual'!J13+IF(parametros_carros!$H$25="Todos",'Plan mensual'!J17,0))+parametros_carros!$E$25*('Plan mensual'!J14+IF(parametros_carros!$H$25="Todos",'Plan mensual'!J18,0))+parametros_carros!$F$25*('Plan mensual'!J15+IF(parametros_carros!$H$25="Todos",'Plan mensual'!J19,0))+parametros_carros!$G$25*('Plan mensual'!J16+IF(parametros_carros!$H$25="Todos",'Plan mensual'!J20,0)))/60 -> 1.1748 | I28: =(parametros_carros!$D$25*('Plan mensual'!K13+IF(parametros_carros!$H$25="Todos",'Plan mensual'!K17,0))+parametros_carros!$E$25*('Plan mensual'!K14+IF(parametros_carros!$H$25="Todos",'Plan mensual'!K18,0))+parametros_carros!$F$25*('Plan mensual'!K15+IF(parametros_carros!$H$25="Todos",'Plan mensual'!K19,0))+parametros_carros!$G$25*('Plan mensual'!K16+IF(parametros_carros!$H$25="Todos",'Plan mensual'!K20,0)))/60 -> 1.1748 | ... M28: =(parametros_carros!$D$25*('Plan mensual'!O13+IF(parametros_carros!$H$25="Todos",'Plan mensual'!O17,0))+parametros_carros!$E$25*('Plan mensual'!O14+IF(parametros_carros!$H$25="Todos",'Plan mensual'!O18,0))+parametros_carros!$F$25*('Plan mensual'!O15+IF(parametros_carros!$H$25="Todos",'Plan mensual'!O19,0))+parametros_carros!$G$25*('Plan mensual'!O16+IF(parametros_carros!$H$25="Todos",'Plan mensual'!O20,0)))/60 -> 1.0442667 | N28: =SUM(B28:M28) -> 13.053333 | O28: =MAX(B28:M28) -> 1.1748 | P28: =IF(parametros_carros!$B$7=0,0,(O28+parametros_carros!$G$51)/parametros_carros!$B$7) -> 0.027832 | Q28: =IF(O28=0,"-",INDEX($B$21:$M$21,MATCH(O28,B28:M28,0))) -> Mar
A29: =parametros_carros!$B$26 -> Armado y soldadura circunferencial | B29: =(parametros_carros!$D$26*('Plan mensual'!D13+IF(parametros_carros!$H$26="Todos",'Plan mensual'!D17,0))+parametros_carros!$E$26*('Plan mensual'!D14+IF(parametros_carros!$H$26="Todos",'Plan mensual'!D18,0))+parametros_carros!$F$26*('Plan mensual'!D15+IF(parametros_carros!$H$26="Todos",'Plan mensual'!D19,0))+parametros_carros!$G$26*('Plan mensual'!D16+IF(parametros_carros!$H$26="Todos",'Plan mensual'!D20,0)))/60 -> 5.2476167 | C29: =(parametros_carros!$D$26*('Plan mensual'!E13+IF(parametros_carros!$H$26="Todos",'Plan mensual'!E17,0))+parametros_carros!$E$26*('Plan mensual'!E14+IF(parametros_carros!$H$26="Todos",'Plan mensual'!E18,0))+parametros_carros!$F$26*('Plan mensual'!E15+IF(parametros_carros!$H$26="Todos",'Plan mensual'!E19,0))+parametros_carros!$G$26*('Plan mensual'!E16+IF(parametros_carros!$H$26="Todos",'Plan mensual'!E20,0)))/60 -> 4.63025 | D29: =(parametros_carros!$D$26*('Plan mensual'!F13+IF(parametros_carros!$H$26="Todos",'Plan mensual'!F17,0))+parametros_carros!$E$26*('Plan mensual'!F14+IF(parametros_carros!$H$26="Todos",'Plan mensual'!F18,0))+parametros_carros!$F$26*('Plan mensual'!F15+IF(parametros_carros!$H$26="Todos",'Plan mensual'!F19,0))+parametros_carros!$G$26*('Plan mensual'!F16+IF(parametros_carros!$H$26="Todos",'Plan mensual'!F20,0)))/60 -> 5.5563 | E29: =(parametros_carros!$D$26*('Plan mensual'!G13+IF(parametros_carros!$H$26="Todos",'Plan mensual'!G17,0))+parametros_carros!$E$26*('Plan mensual'!G14+IF(parametros_carros!$H$26="Todos",'Plan mensual'!G18,0))+parametros_carros!$F$26*('Plan mensual'!G15+IF(parametros_carros!$H$26="Todos",'Plan mensual'!G19,0))+parametros_carros!$G$26*('Plan mensual'!G16+IF(parametros_carros!$H$26="Todos",'Plan mensual'!G20,0)))/60 -> 5.5563 | F29: =(parametros_carros!$D$26*('Plan mensual'!H13+IF(parametros_carros!$H$26="Todos",'Plan mensual'!H17,0))+parametros_carros!$E$26*('Plan mensual'!H14+IF(parametros_carros!$H$26="Todos",'Plan mensual'!H18,0))+parametros_carros!$F$26*('Plan mensual'!H15+IF(parametros_carros!$H$26="Todos",'Plan mensual'!H19,0))+parametros_carros!$G$26*('Plan mensual'!H16+IF(parametros_carros!$H$26="Todos",'Plan mensual'!H20,0)))/60 -> 5.5563 | G29: =(parametros_carros!$D$26*('Plan mensual'!I13+IF(parametros_carros!$H$26="Todos",'Plan mensual'!I17,0))+parametros_carros!$E$26*('Plan mensual'!I14+IF(parametros_carros!$H$26="Todos",'Plan mensual'!I18,0))+parametros_carros!$F$26*('Plan mensual'!I15+IF(parametros_carros!$H$26="Todos",'Plan mensual'!I19,0))+parametros_carros!$G$26*('Plan mensual'!I16+IF(parametros_carros!$H$26="Todos",'Plan mensual'!I20,0)))/60 -> 4.9389333 | H29: =(parametros_carros!$D$26*('Plan mensual'!J13+IF(parametros_carros!$H$26="Todos",'Plan mensual'!J17,0))+parametros_carros!$E$26*('Plan mensual'!J14+IF(parametros_carros!$H$26="Todos",'Plan mensual'!J18,0))+parametros_carros!$F$26*('Plan mensual'!J15+IF(parametros_carros!$H$26="Todos",'Plan mensual'!J19,0))+parametros_carros!$G$26*('Plan mensual'!J16+IF(parametros_carros!$H$26="Todos",'Plan mensual'!J20,0)))/60 -> 5.5563 | I29: =(parametros_carros!$D$26*('Plan mensual'!K13+IF(parametros_carros!$H$26="Todos",'Plan mensual'!K17,0))+parametros_carros!$E$26*('Plan mensual'!K14+IF(parametros_carros!$H$26="Todos",'Plan mensual'!K18,0))+parametros_carros!$F$26*('Plan mensual'!K15+IF(parametros_carros!$H$26="Todos",'Plan mensual'!K19,0))+parametros_carros!$G$26*('Plan mensual'!K16+IF(parametros_carros!$H$26="Todos",'Plan mensual'!K20,0)))/60 -> 5.5563 | ... M29: =(parametros_carros!$D$26*('Plan mensual'!O13+IF(parametros_carros!$H$26="Todos",'Plan mensual'!O17,0))+parametros_carros!$E$26*('Plan mensual'!O14+IF(parametros_carros!$H$26="Todos",'Plan mensual'!O18,0))+parametros_carros!$F$26*('Plan mensual'!O15+IF(parametros_carros!$H$26="Todos",'Plan mensual'!O19,0))+parametros_carros!$G$26*('Plan mensual'!O16+IF(parametros_carros!$H$26="Todos",'Plan mensual'!O20,0)))/60 -> 4.9389333 | N29: =SUM(B29:M29) -> 61.736667 | O29: =MAX(B29:M29) -> 5.5563 | P29: =IF(parametros_carros!$B$7=0,0,(O29+parametros_carros!$G$52)/parametros_carros!$B$7) -> 0.057042 | Q29: =IF(O29=0,"-",INDEX($B$21:$M$21,MATCH(O29,B29:M29,0))) -> Mar
A30: =parametros_carros!$B$27 -> Soldadura de accesorios | B30: =(parametros_carros!$D$27*('Plan mensual'!D13+IF(parametros_carros!$H$27="Todos",'Plan mensual'!D17,0))+parametros_carros!$E$27*('Plan mensual'!D14+IF(parametros_carros!$H$27="Todos",'Plan mensual'!D18,0))+parametros_carros!$F$27*('Plan mensual'!D15+IF(parametros_carros!$H$27="Todos",'Plan mensual'!D19,0))+parametros_carros!$G$27*('Plan mensual'!D16+IF(parametros_carros!$H$27="Todos",'Plan mensual'!D20,0)))/60 -> 5.3450833 | C30: =(parametros_carros!$D$27*('Plan mensual'!E13+IF(parametros_carros!$H$27="Todos",'Plan mensual'!E17,0))+parametros_carros!$E$27*('Plan mensual'!E14+IF(parametros_carros!$H$27="Todos",'Plan mensual'!E18,0))+parametros_carros!$F$27*('Plan mensual'!E15+IF(parametros_carros!$H$27="Todos",'Plan mensual'!E19,0))+parametros_carros!$G$27*('Plan mensual'!E16+IF(parametros_carros!$H$27="Todos",'Plan mensual'!E20,0)))/60 -> 4.71625 | D30: =(parametros_carros!$D$27*('Plan mensual'!F13+IF(parametros_carros!$H$27="Todos",'Plan mensual'!F17,0))+parametros_carros!$E$27*('Plan mensual'!F14+IF(parametros_carros!$H$27="Todos",'Plan mensual'!F18,0))+parametros_carros!$F$27*('Plan mensual'!F15+IF(parametros_carros!$H$27="Todos",'Plan mensual'!F19,0))+parametros_carros!$G$27*('Plan mensual'!F16+IF(parametros_carros!$H$27="Todos",'Plan mensual'!F20,0)))/60 -> 5.6595 | E30: =(parametros_carros!$D$27*('Plan mensual'!G13+IF(parametros_carros!$H$27="Todos",'Plan mensual'!G17,0))+parametros_carros!$E$27*('Plan mensual'!G14+IF(parametros_carros!$H$27="Todos",'Plan mensual'!G18,0))+parametros_carros!$F$27*('Plan mensual'!G15+IF(parametros_carros!$H$27="Todos",'Plan mensual'!G19,0))+parametros_carros!$G$27*('Plan mensual'!G16+IF(parametros_carros!$H$27="Todos",'Plan mensual'!G20,0)))/60 -> 5.6595 | F30: =(parametros_carros!$D$27*('Plan mensual'!H13+IF(parametros_carros!$H$27="Todos",'Plan mensual'!H17,0))+parametros_carros!$E$27*('Plan mensual'!H14+IF(parametros_carros!$H$27="Todos",'Plan mensual'!H18,0))+parametros_carros!$F$27*('Plan mensual'!H15+IF(parametros_carros!$H$27="Todos",'Plan mensual'!H19,0))+parametros_carros!$G$27*('Plan mensual'!H16+IF(parametros_carros!$H$27="Todos",'Plan mensual'!H20,0)))/60 -> 5.6595 | G30: =(parametros_carros!$D$27*('Plan mensual'!I13+IF(parametros_carros!$H$27="Todos",'Plan mensual'!I17,0))+parametros_carros!$E$27*('Plan mensual'!I14+IF(parametros_carros!$H$27="Todos",'Plan mensual'!I18,0))+parametros_carros!$F$27*('Plan mensual'!I15+IF(parametros_carros!$H$27="Todos",'Plan mensual'!I19,0))+parametros_carros!$G$27*('Plan mensual'!I16+IF(parametros_carros!$H$27="Todos",'Plan mensual'!I20,0)))/60 -> 5.0306667 | H30: =(parametros_carros!$D$27*('Plan mensual'!J13+IF(parametros_carros!$H$27="Todos",'Plan mensual'!J17,0))+parametros_carros!$E$27*('Plan mensual'!J14+IF(parametros_carros!$H$27="Todos",'Plan mensual'!J18,0))+parametros_carros!$F$27*('Plan mensual'!J15+IF(parametros_carros!$H$27="Todos",'Plan mensual'!J19,0))+parametros_carros!$G$27*('Plan mensual'!J16+IF(parametros_carros!$H$27="Todos",'Plan mensual'!J20,0)))/60 -> 5.6595 | I30: =(parametros_carros!$D$27*('Plan mensual'!K13+IF(parametros_carros!$H$27="Todos",'Plan mensual'!K17,0))+parametros_carros!$E$27*('Plan mensual'!K14+IF(parametros_carros!$H$27="Todos",'Plan mensual'!K18,0))+parametros_carros!$F$27*('Plan mensual'!K15+IF(parametros_carros!$H$27="Todos",'Plan mensual'!K19,0))+parametros_carros!$G$27*('Plan mensual'!K16+IF(parametros_carros!$H$27="Todos",'Plan mensual'!K20,0)))/60 -> 5.6595 | ... M30: =(parametros_carros!$D$27*('Plan mensual'!O13+IF(parametros_carros!$H$27="Todos",'Plan mensual'!O17,0))+parametros_carros!$E$27*('Plan mensual'!O14+IF(parametros_carros!$H$27="Todos",'Plan mensual'!O18,0))+parametros_carros!$F$27*('Plan mensual'!O15+IF(parametros_carros!$H$27="Todos",'Plan mensual'!O19,0))+parametros_carros!$G$27*('Plan mensual'!O16+IF(parametros_carros!$H$27="Todos",'Plan mensual'!O20,0)))/60 -> 5.0306667 | N30: =SUM(B30:M30) -> 62.883333 | O30: =MAX(B30:M30) -> 5.6595 | P30: =IF(parametros_carros!$B$7=0,0,(O30+parametros_carros!$G$53)/parametros_carros!$B$7) -> 0.05773 | Q30: =IF(O30=0,"-",INDEX($B$21:$M$21,MATCH(O30,B30:M30,0))) -> Mar
A31: =parametros_carros!$B$28 -> Fabricación de accesorios | B31: =(parametros_carros!$D$28*('Plan mensual'!D13+IF(parametros_carros!$H$28="Todos",'Plan mensual'!D17,0))+parametros_carros!$E$28*('Plan mensual'!D14+IF(parametros_carros!$H$28="Todos",'Plan mensual'!D18,0))+parametros_carros!$F$28*('Plan mensual'!D15+IF(parametros_carros!$H$28="Todos",'Plan mensual'!D19,0))+parametros_carros!$G$28*('Plan mensual'!D16+IF(parametros_carros!$H$28="Todos",'Plan mensual'!D20,0)))/60 -> 3.6309167 | C31: =(parametros_carros!$D$28*('Plan mensual'!E13+IF(parametros_carros!$H$28="Todos",'Plan mensual'!E17,0))+parametros_carros!$E$28*('Plan mensual'!E14+IF(parametros_carros!$H$28="Todos",'Plan mensual'!E18,0))+parametros_carros!$F$28*('Plan mensual'!E15+IF(parametros_carros!$H$28="Todos",'Plan mensual'!E19,0))+parametros_carros!$G$28*('Plan mensual'!E16+IF(parametros_carros!$H$28="Todos",'Plan mensual'!E20,0)))/60 -> 3.20375 | D31: =(parametros_carros!$D$28*('Plan mensual'!F13+IF(parametros_carros!$H$28="Todos",'Plan mensual'!F17,0))+parametros_carros!$E$28*('Plan mensual'!F14+IF(parametros_carros!$H$28="Todos",'Plan mensual'!F18,0))+parametros_carros!$F$28*('Plan mensual'!F15+IF(parametros_carros!$H$28="Todos",'Plan mensual'!F19,0))+parametros_carros!$G$28*('Plan mensual'!F16+IF(parametros_carros!$H$28="Todos",'Plan mensual'!F20,0)))/60 -> 3.8445 | E31: =(parametros_carros!$D$28*('Plan mensual'!G13+IF(parametros_carros!$H$28="Todos",'Plan mensual'!G17,0))+parametros_carros!$E$28*('Plan mensual'!G14+IF(parametros_carros!$H$28="Todos",'Plan mensual'!G18,0))+parametros_carros!$F$28*('Plan mensual'!G15+IF(parametros_carros!$H$28="Todos",'Plan mensual'!G19,0))+parametros_carros!$G$28*('Plan mensual'!G16+IF(parametros_carros!$H$28="Todos",'Plan mensual'!G20,0)))/60 -> 3.8445 | F31: =(parametros_carros!$D$28*('Plan mensual'!H13+IF(parametros_carros!$H$28="Todos",'Plan mensual'!H17,0))+parametros_carros!$E$28*('Plan mensual'!H14+IF(parametros_carros!$H$28="Todos",'Plan mensual'!H18,0))+parametros_carros!$F$28*('Plan mensual'!H15+IF(parametros_carros!$H$28="Todos",'Plan mensual'!H19,0))+parametros_carros!$G$28*('Plan mensual'!H16+IF(parametros_carros!$H$28="Todos",'Plan mensual'!H20,0)))/60 -> 3.8445 | G31: =(parametros_carros!$D$28*('Plan mensual'!I13+IF(parametros_carros!$H$28="Todos",'Plan mensual'!I17,0))+parametros_carros!$E$28*('Plan mensual'!I14+IF(parametros_carros!$H$28="Todos",'Plan mensual'!I18,0))+parametros_carros!$F$28*('Plan mensual'!I15+IF(parametros_carros!$H$28="Todos",'Plan mensual'!I19,0))+parametros_carros!$G$28*('Plan mensual'!I16+IF(parametros_carros!$H$28="Todos",'Plan mensual'!I20,0)))/60 -> 3.4173333 | H31: =(parametros_carros!$D$28*('Plan mensual'!J13+IF(parametros_carros!$H$28="Todos",'Plan mensual'!J17,0))+parametros_carros!$E$28*('Plan mensual'!J14+IF(parametros_carros!$H$28="Todos",'Plan mensual'!J18,0))+parametros_carros!$F$28*('Plan mensual'!J15+IF(parametros_carros!$H$28="Todos",'Plan mensual'!J19,0))+parametros_carros!$G$28*('Plan mensual'!J16+IF(parametros_carros!$H$28="Todos",'Plan mensual'!J20,0)))/60 -> 3.8445 | I31: =(parametros_carros!$D$28*('Plan mensual'!K13+IF(parametros_carros!$H$28="Todos",'Plan mensual'!K17,0))+parametros_carros!$E$28*('Plan mensual'!K14+IF(parametros_carros!$H$28="Todos",'Plan mensual'!K18,0))+parametros_carros!$F$28*('Plan mensual'!K15+IF(parametros_carros!$H$28="Todos",'Plan mensual'!K19,0))+parametros_carros!$G$28*('Plan mensual'!K16+IF(parametros_carros!$H$28="Todos",'Plan mensual'!K20,0)))/60 -> 3.8445 | ... M31: =(parametros_carros!$D$28*('Plan mensual'!O13+IF(parametros_carros!$H$28="Todos",'Plan mensual'!O17,0))+parametros_carros!$E$28*('Plan mensual'!O14+IF(parametros_carros!$H$28="Todos",'Plan mensual'!O18,0))+parametros_carros!$F$28*('Plan mensual'!O15+IF(parametros_carros!$H$28="Todos",'Plan mensual'!O19,0))+parametros_carros!$G$28*('Plan mensual'!O16+IF(parametros_carros!$H$28="Todos",'Plan mensual'!O20,0)))/60 -> 3.4173333 | N31: =SUM(B31:M31) -> 42.716667 | O31: =MAX(B31:M31) -> 3.8445 | P31: =IF(parametros_carros!$B$7=0,0,(O31+parametros_carros!$G$54)/parametros_carros!$B$7) -> 0.058963333 | Q31: =IF(O31=0,"-",INDEX($B$21:$M$21,MATCH(O31,B31:M31,0))) -> Mar
A32: =parametros_carros!$B$29 -> Prueba hidráulica | B32: =(parametros_carros!$D$29*('Plan mensual'!D13+IF(parametros_carros!$H$29="Todos",'Plan mensual'!D17,0))+parametros_carros!$E$29*('Plan mensual'!D14+IF(parametros_carros!$H$29="Todos",'Plan mensual'!D18,0))+parametros_carros!$F$29*('Plan mensual'!D15+IF(parametros_carros!$H$29="Todos",'Plan mensual'!D19,0))+parametros_carros!$G$29*('Plan mensual'!D16+IF(parametros_carros!$H$29="Todos",'Plan mensual'!D20,0)))/60 -> 2.9644317 | C32: =(parametros_carros!$D$29*('Plan mensual'!E13+IF(parametros_carros!$H$29="Todos",'Plan mensual'!E17,0))+parametros_carros!$E$29*('Plan mensual'!E14+IF(parametros_carros!$H$29="Todos",'Plan mensual'!E18,0))+parametros_carros!$F$29*('Plan mensual'!E15+IF(parametros_carros!$H$29="Todos",'Plan mensual'!E19,0))+parametros_carros!$G$29*('Plan mensual'!E16+IF(parametros_carros!$H$29="Todos",'Plan mensual'!E20,0)))/60 -> 2.615675 | D32: =(parametros_carros!$D$29*('Plan mensual'!F13+IF(parametros_carros!$H$29="Todos",'Plan mensual'!F17,0))+parametros_carros!$E$29*('Plan mensual'!F14+IF(parametros_carros!$H$29="Todos",'Plan mensual'!F18,0))+parametros_carros!$F$29*('Plan mensual'!F15+IF(parametros_carros!$H$29="Todos",'Plan mensual'!F19,0))+parametros_carros!$G$29*('Plan mensual'!F16+IF(parametros_carros!$H$29="Todos",'Plan mensual'!F20,0)))/60 -> 3.13881 | E32: =(parametros_carros!$D$29*('Plan mensual'!G13+IF(parametros_carros!$H$29="Todos",'Plan mensual'!G17,0))+parametros_carros!$E$29*('Plan mensual'!G14+IF(parametros_carros!$H$29="Todos",'Plan mensual'!G18,0))+parametros_carros!$F$29*('Plan mensual'!G15+IF(parametros_carros!$H$29="Todos",'Plan mensual'!G19,0))+parametros_carros!$G$29*('Plan mensual'!G16+IF(parametros_carros!$H$29="Todos",'Plan mensual'!G20,0)))/60 -> 3.13881 | F32: =(parametros_carros!$D$29*('Plan mensual'!H13+IF(parametros_carros!$H$29="Todos",'Plan mensual'!H17,0))+parametros_carros!$E$29*('Plan mensual'!H14+IF(parametros_carros!$H$29="Todos",'Plan mensual'!H18,0))+parametros_carros!$F$29*('Plan mensual'!H15+IF(parametros_carros!$H$29="Todos",'Plan mensual'!H19,0))+parametros_carros!$G$29*('Plan mensual'!H16+IF(parametros_carros!$H$29="Todos",'Plan mensual'!H20,0)))/60 -> 3.13881 | G32: =(parametros_carros!$D$29*('Plan mensual'!I13+IF(parametros_carros!$H$29="Todos",'Plan mensual'!I17,0))+parametros_carros!$E$29*('Plan mensual'!I14+IF(parametros_carros!$H$29="Todos",'Plan mensual'!I18,0))+parametros_carros!$F$29*('Plan mensual'!I15+IF(parametros_carros!$H$29="Todos",'Plan mensual'!I19,0))+parametros_carros!$G$29*('Plan mensual'!I16+IF(parametros_carros!$H$29="Todos",'Plan mensual'!I20,0)))/60 -> 2.7900533 | H32: =(parametros_carros!$D$29*('Plan mensual'!J13+IF(parametros_carros!$H$29="Todos",'Plan mensual'!J17,0))+parametros_carros!$E$29*('Plan mensual'!J14+IF(parametros_carros!$H$29="Todos",'Plan mensual'!J18,0))+parametros_carros!$F$29*('Plan mensual'!J15+IF(parametros_carros!$H$29="Todos",'Plan mensual'!J19,0))+parametros_carros!$G$29*('Plan mensual'!J16+IF(parametros_carros!$H$29="Todos",'Plan mensual'!J20,0)))/60 -> 3.13881 | I32: =(parametros_carros!$D$29*('Plan mensual'!K13+IF(parametros_carros!$H$29="Todos",'Plan mensual'!K17,0))+parametros_carros!$E$29*('Plan mensual'!K14+IF(parametros_carros!$H$29="Todos",'Plan mensual'!K18,0))+parametros_carros!$F$29*('Plan mensual'!K15+IF(parametros_carros!$H$29="Todos",'Plan mensual'!K19,0))+parametros_carros!$G$29*('Plan mensual'!K16+IF(parametros_carros!$H$29="Todos",'Plan mensual'!K20,0)))/60 -> 3.13881 | ... M32: =(parametros_carros!$D$29*('Plan mensual'!O13+IF(parametros_carros!$H$29="Todos",'Plan mensual'!O17,0))+parametros_carros!$E$29*('Plan mensual'!O14+IF(parametros_carros!$H$29="Todos",'Plan mensual'!O18,0))+parametros_carros!$F$29*('Plan mensual'!O15+IF(parametros_carros!$H$29="Todos",'Plan mensual'!O19,0))+parametros_carros!$G$29*('Plan mensual'!O16+IF(parametros_carros!$H$29="Todos",'Plan mensual'!O20,0)))/60 -> 2.7900533 | N32: =SUM(B32:M32) -> 34.875667 | O32: =MAX(B32:M32) -> 3.13881 | P32: =IF(parametros_carros!$B$7=0,0,(O32+parametros_carros!$G$55)/parametros_carros!$B$7) -> 0.043147622 | Q32: =IF(O32=0,"-",INDEX($B$21:$M$21,MATCH(O32,B32:M32,0))) -> Mar
